ISO-10303-21;
HEADER;
/* Generated by software containing ST-Developer
 * from STEP Tools, Inc. (www.steptools.com) 
 */

FILE_DESCRIPTION(
/* description */ (''),
/* implementation_level */ '2;1');

FILE_NAME(
/* name */ 'BlastGate.step',
/* time_stamp */ '2026-08-20T20:08:59+10:00',
/* author */ (''),
/* organization */ (''),
/* preprocessor_version */ 'ST-DEVELOPER v20.1',
/* originating_system */ 'Autodesk Translation Framework v15.8.0.0',
/* authorisation */ '');

FILE_SCHEMA (('AUTOMOTIVE_DESIGN { 1 0 10303 214 3 1 1 }'));
ENDSEC;

DATA;
#10=MECHANICAL_DESIGN_GEOMETRIC_PRESENTATION_REPRESENTATION('',(#49,#50,
#51,#52,#53,#54),#7607);
#11=ITEM_DEFINED_TRANSFORMATION($,$,#4741,#4810);
#12=ITEM_DEFINED_TRANSFORMATION($,$,#4362,#4811);
#13=ITEM_DEFINED_TRANSFORMATION($,$,#4646,#4812);
#14=ITEM_DEFINED_TRANSFORMATION($,$,#4668,#4813);
#15=ITEM_DEFINED_TRANSFORMATION($,$,#4668,#4814);
#16=ITEM_DEFINED_TRANSFORMATION($,$,#4692,#4815);
#17=ITEM_DEFINED_TRANSFORMATION($,$,#4740,#4816);
#18=(
REPRESENTATION_RELATIONSHIP($,$,#7639,#7638)
REPRESENTATION_RELATIONSHIP_WITH_TRANSFORMATION(#11)
SHAPE_REPRESENTATION_RELATIONSHIP()
);
#19=(
REPRESENTATION_RELATIONSHIP($,$,#7634,#7633)
REPRESENTATION_RELATIONSHIP_WITH_TRANSFORMATION(#12)
SHAPE_REPRESENTATION_RELATIONSHIP()
);
#20=(
REPRESENTATION_RELATIONSHIP($,$,#7635,#7633)
REPRESENTATION_RELATIONSHIP_WITH_TRANSFORMATION(#13)
SHAPE_REPRESENTATION_RELATIONSHIP()
);
#21=(
REPRESENTATION_RELATIONSHIP($,$,#7636,#7633)
REPRESENTATION_RELATIONSHIP_WITH_TRANSFORMATION(#14)
SHAPE_REPRESENTATION_RELATIONSHIP()
);
#22=(
REPRESENTATION_RELATIONSHIP($,$,#7636,#7633)
REPRESENTATION_RELATIONSHIP_WITH_TRANSFORMATION(#15)
SHAPE_REPRESENTATION_RELATIONSHIP()
);
#23=(
REPRESENTATION_RELATIONSHIP($,$,#7637,#7633)
REPRESENTATION_RELATIONSHIP_WITH_TRANSFORMATION(#16)
SHAPE_REPRESENTATION_RELATIONSHIP()
);
#24=(
REPRESENTATION_RELATIONSHIP($,$,#7638,#7633)
REPRESENTATION_RELATIONSHIP_WITH_TRANSFORMATION(#17)
SHAPE_REPRESENTATION_RELATIONSHIP()
);
#25=CONTEXT_DEPENDENT_SHAPE_REPRESENTATION(#18,#7626);
#26=CONTEXT_DEPENDENT_SHAPE_REPRESENTATION(#19,#7627);
#27=CONTEXT_DEPENDENT_SHAPE_REPRESENTATION(#20,#7628);
#28=CONTEXT_DEPENDENT_SHAPE_REPRESENTATION(#21,#7629);
#29=CONTEXT_DEPENDENT_SHAPE_REPRESENTATION(#22,#7630);
#30=CONTEXT_DEPENDENT_SHAPE_REPRESENTATION(#23,#7631);
#31=CONTEXT_DEPENDENT_SHAPE_REPRESENTATION(#24,#7632);
#32=NEXT_ASSEMBLY_USAGE_OCCURRENCE('Drive Adapter:1','Drive Adapter:1',
'Drive Adapter:1',#7646,#7647,'Drive Adapter:1');
#33=NEXT_ASSEMBLY_USAGE_OCCURRENCE('Housing:1','Housing:1','Housing:1',
#7641,#7642,'Housing:1');
#34=NEXT_ASSEMBLY_USAGE_OCCURRENCE('Ball:1','Ball:1','Ball:1',#7641,#7643,
'Ball:1');
#35=NEXT_ASSEMBLY_USAGE_OCCURRENCE('Hinge:1','Hinge:1','Hinge:1',#7641,
#7644,'Hinge:1');
#36=NEXT_ASSEMBLY_USAGE_OCCURRENCE('Hinge:3','Hinge:3','Hinge:3',#7641,
#7644,'Hinge:3');
#37=NEXT_ASSEMBLY_USAGE_OCCURRENCE('Handle:1','Handle:1','Handle:1',#7641,
#7645,'Handle:1');
#38=NEXT_ASSEMBLY_USAGE_OCCURRENCE('BrainsCase:1','BrainsCase:1',
'BrainsCase:1',#7641,#7646,'BrainsCase:1');
#39=SHAPE_REPRESENTATION_RELATIONSHIP('SRR','None',#7634,#44);
#40=SHAPE_REPRESENTATION_RELATIONSHIP('SRR','None',#7635,#45);
#41=SHAPE_REPRESENTATION_RELATIONSHIP('SRR','None',#7636,#46);
#42=SHAPE_REPRESENTATION_RELATIONSHIP('SRR','None',#7637,#47);
#43=SHAPE_REPRESENTATION_RELATIONSHIP('SRR','None',#7639,#48);
#44=ADVANCED_BREP_SHAPE_REPRESENTATION('',(#55,#56),#7601);
#45=ADVANCED_BREP_SHAPE_REPRESENTATION('',(#57),#7602);
#46=ADVANCED_BREP_SHAPE_REPRESENTATION('',(#58),#7603);
#47=ADVANCED_BREP_SHAPE_REPRESENTATION('',(#59),#7604);
#48=ADVANCED_BREP_SHAPE_REPRESENTATION('',(#60),#7606);
#49=STYLED_ITEM('',(#7673),#55);
#50=STYLED_ITEM('',(#7673),#56);
#51=STYLED_ITEM('',(#7674),#57);
#52=STYLED_ITEM('',(#7673),#58);
#53=STYLED_ITEM('',(#7673),#59);
#54=STYLED_ITEM('',(#7673),#60);
#55=MANIFOLD_SOLID_BREP('HousingLeft',#4299);
#56=MANIFOLD_SOLID_BREP('HousingRight',#4300);
#57=MANIFOLD_SOLID_BREP('Left',#4301);
#58=MANIFOLD_SOLID_BREP('Body1',#4302);
#59=MANIFOLD_SOLID_BREP('Body1',#4303);
#60=MANIFOLD_SOLID_BREP('Body1',#4304);
#61=TOROIDAL_SURFACE('',#4478,67.94,5.);
#62=TOROIDAL_SURFACE('',#4627,67.94,5.);
#63=TOROIDAL_SURFACE('',#4710,10.5,0.5);
#64=TOROIDAL_SURFACE('',#4717,10.5,0.5);
#65=SPHERICAL_SURFACE('',#4466,104.41);
#66=SPHERICAL_SURFACE('',#4507,95.41);
#67=SPHERICAL_SURFACE('',#4595,95.41);
#68=SPHERICAL_SURFACE('',#4643,104.41);
#69=SPHERICAL_SURFACE('',#4665,94.91);
#70=FACE_BOUND('',#649,.T.);
#71=FACE_BOUND('',#650,.T.);
#72=FACE_BOUND('',#661,.T.);
#73=FACE_BOUND('',#662,.T.);
#74=FACE_BOUND('',#667,.T.);
#75=FACE_BOUND('',#668,.T.);
#76=FACE_BOUND('',#690,.T.);
#77=FACE_BOUND('',#696,.T.);
#78=FACE_BOUND('',#697,.T.);
#79=FACE_BOUND('',#698,.T.);
#80=FACE_BOUND('',#700,.T.);
#81=FACE_BOUND('',#702,.T.);
#82=FACE_BOUND('',#703,.T.);
#83=FACE_BOUND('',#704,.T.);
#84=FACE_BOUND('',#707,.T.);
#85=FACE_BOUND('',#708,.T.);
#86=FACE_BOUND('',#712,.T.);
#87=FACE_BOUND('',#713,.T.);
#88=FACE_BOUND('',#721,.T.);
#89=FACE_BOUND('',#725,.T.);
#90=FACE_BOUND('',#726,.T.);
#91=FACE_BOUND('',#731,.T.);
#92=FACE_BOUND('',#732,.T.);
#93=FACE_BOUND('',#769,.T.);
#94=FACE_BOUND('',#771,.T.);
#95=FACE_BOUND('',#772,.T.);
#96=FACE_BOUND('',#786,.T.);
#97=FACE_BOUND('',#792,.T.);
#98=FACE_BOUND('',#793,.T.);
#99=FACE_BOUND('',#798,.T.);
#100=FACE_BOUND('',#799,.T.);
#101=FACE_BOUND('',#801,.T.);
#102=FACE_BOUND('',#816,.T.);
#103=FACE_BOUND('',#818,.T.);
#104=FACE_BOUND('',#820,.T.);
#105=FACE_BOUND('',#821,.T.);
#106=FACE_BOUND('',#822,.T.);
#107=FACE_BOUND('',#839,.T.);
#108=FACE_BOUND('',#845,.T.);
#109=FACE_BOUND('',#870,.T.);
#110=FACE_BOUND('',#878,.T.);
#111=FACE_BOUND('',#885,.T.);
#112=FACE_BOUND('',#910,.T.);
#113=FACE_BOUND('',#921,.T.);
#114=CYLINDRICAL_SURFACE('',#4385,10.25);
#115=CYLINDRICAL_SURFACE('',#4392,5.);
#116=CYLINDRICAL_SURFACE('',#4395,5.);
#117=CYLINDRICAL_SURFACE('',#4407,3.105);
#118=CYLINDRICAL_SURFACE('',#4411,3.105);
#119=CYLINDRICAL_SURFACE('',#4413,2.);
#120=CYLINDRICAL_SURFACE('',#4414,2.);
#121=CYLINDRICAL_SURFACE('',#4415,2.);
#122=CYLINDRICAL_SURFACE('',#4416,5.);
#123=CYLINDRICAL_SURFACE('',#4424,5.);
#124=CYLINDRICAL_SURFACE('',#4434,3.105);
#125=CYLINDRICAL_SURFACE('',#4438,3.105);
#126=CYLINDRICAL_SURFACE('',#4457,5.);
#127=CYLINDRICAL_SURFACE('',#4460,5.);
#128=CYLINDRICAL_SURFACE('',#4470,66.94);
#129=CYLINDRICAL_SURFACE('',#4473,62.94);
#130=CYLINDRICAL_SURFACE('',#4481,10.25);
#131=CYLINDRICAL_SURFACE('',#4502,3.105);
#132=CYLINDRICAL_SURFACE('',#4503,3.105);
#133=CYLINDRICAL_SURFACE('',#4511,5.);
#134=CYLINDRICAL_SURFACE('',#4520,5.);
#135=CYLINDRICAL_SURFACE('',#4530,3.105);
#136=CYLINDRICAL_SURFACE('',#4534,3.105);
#137=CYLINDRICAL_SURFACE('',#4555,5.);
#138=CYLINDRICAL_SURFACE('',#4558,5.);
#139=CYLINDRICAL_SURFACE('',#4563,10.25);
#140=CYLINDRICAL_SURFACE('',#4590,10.25);
#141=CYLINDRICAL_SURFACE('',#4604,3.105);
#142=CYLINDRICAL_SURFACE('',#4608,3.105);
#143=CYLINDRICAL_SURFACE('',#4613,3.105);
#144=CYLINDRICAL_SURFACE('',#4615,3.105);
#145=CYLINDRICAL_SURFACE('',#4631,62.94);
#146=CYLINDRICAL_SURFACE('',#4632,66.94);
#147=CYLINDRICAL_SURFACE('',#4636,5.);
#148=CYLINDRICAL_SURFACE('',#4639,5.);
#149=CYLINDRICAL_SURFACE('',#4657,64.44);
#150=CYLINDRICAL_SURFACE('',#4689,9.75);
#151=CYLINDRICAL_SURFACE('',#4715,0.5);
#152=CYLINDRICAL_SURFACE('',#4721,0.5);
#153=CYLINDRICAL_SURFACE('',#4723,11.);
#154=CYLINDRICAL_SURFACE('',#4733,11.);
#155=CYLINDRICAL_SURFACE('',#4737,1.);
#156=CYLINDRICAL_SURFACE('',#4742,4.3);
#157=CYLINDRICAL_SURFACE('',#4746,5.6);
#158=CYLINDRICAL_SURFACE('',#4772,1.);
#159=CYLINDRICAL_SURFACE('',#4775,1.);
#160=CYLINDRICAL_SURFACE('',#4779,1.);
#161=CYLINDRICAL_SURFACE('',#4781,1.);
#162=CYLINDRICAL_SURFACE('',#4784,5.65);
#163=CYLINDRICAL_SURFACE('',#4788,2.6);
#164=CYLINDRICAL_SURFACE('',#4795,2.6);
#165=CYLINDRICAL_SURFACE('',#4798,7.6);
#166=CYLINDRICAL_SURFACE('',#4801,4.55);
#167=CYLINDRICAL_SURFACE('',#4804,7.6);
#168=CYLINDRICAL_SURFACE('',#4807,4.55);
#169=CIRCLE('',#4370,4.5);
#170=CIRCLE('',#4371,5.);
#171=CIRCLE('',#4374,4.5);
#172=CIRCLE('',#4375,5.);
#173=CIRCLE('',#4383,95.91);
#174=CIRCLE('',#4384,95.408689864794);
#175=CIRCLE('',#4386,10.25);
#176=CIRCLE('',#4389,10.25);
#177=CIRCLE('',#4391,73.7178709676291);
#178=CIRCLE('',#4393,5.);
#179=CIRCLE('',#4396,5.);
#180=CIRCLE('',#4398,5.);
#181=CIRCLE('',#4399,5.);
#182=CIRCLE('',#4400,73.7178709676291);
#183=CIRCLE('',#4403,3.605);
#184=CIRCLE('',#4404,3.605);
#185=CIRCLE('',#4406,3.105);
#186=CIRCLE('',#4408,3.105);
#187=CIRCLE('',#4410,3.105);
#188=CIRCLE('',#4412,3.105);
#189=CIRCLE('',#4417,5.);
#190=CIRCLE('',#4420,10.25);
#191=CIRCLE('',#4421,5.);
#192=CIRCLE('',#4422,3.105);
#193=CIRCLE('',#4423,3.105);
#194=CIRCLE('',#4427,3.605);
#195=CIRCLE('',#4428,3.105);
#196=CIRCLE('',#4430,4.5);
#197=CIRCLE('',#4431,4.5);
#198=CIRCLE('',#4432,95.91);
#199=CIRCLE('',#4433,3.605);
#200=CIRCLE('',#4435,3.105);
#201=CIRCLE('',#4437,3.105);
#202=CIRCLE('',#4439,3.105);
#203=CIRCLE('',#4446,5.);
#204=CIRCLE('',#4449,5.);
#205=CIRCLE('',#4454,95.408689864794);
#206=CIRCLE('',#4458,5.);
#207=CIRCLE('',#4461,5.);
#208=CIRCLE('',#4463,71.7051218533237);
#209=CIRCLE('',#4465,71.7051218533237);
#210=CIRCLE('',#4467,104.290210950022);
#211=CIRCLE('',#4468,104.290210950022);
#212=CIRCLE('',#4469,66.94);
#213=CIRCLE('',#4471,66.94);
#214=CIRCLE('',#4472,66.94);
#215=CIRCLE('',#4474,62.94);
#216=CIRCLE('',#4475,62.94);
#217=CIRCLE('',#4476,62.94);
#218=CIRCLE('',#4477,62.94);
#219=CIRCLE('',#4479,5.);
#220=CIRCLE('',#4480,65.2176241517582);
#221=CIRCLE('',#4482,10.25);
#222=CIRCLE('',#4484,67.69);
#223=CIRCLE('',#4486,63.69);
#224=CIRCLE('',#4489,5.605);
#225=CIRCLE('',#4491,5.605);
#226=CIRCLE('',#4494,5.605);
#227=CIRCLE('',#4496,5.605);
#228=CIRCLE('',#4499,3.105);
#229=CIRCLE('',#4501,3.105);
#230=CIRCLE('',#4505,64.8957972445059);
#231=CIRCLE('',#4506,64.8957972445059);
#232=CIRCLE('',#4508,64.8957972445059);
#233=CIRCLE('',#4509,64.8957972445059);
#234=CIRCLE('',#4512,5.);
#235=CIRCLE('',#4513,5.);
#236=CIRCLE('',#4515,5.);
#237=CIRCLE('',#4516,10.25);
#238=CIRCLE('',#4517,3.105);
#239=CIRCLE('',#4518,3.105);
#240=CIRCLE('',#4521,5.);
#241=CIRCLE('',#4523,3.105);
#242=CIRCLE('',#4524,3.605);
#243=CIRCLE('',#4526,95.91);
#244=CIRCLE('',#4527,4.5);
#245=CIRCLE('',#4528,4.5);
#246=CIRCLE('',#4529,3.605);
#247=CIRCLE('',#4531,3.105);
#248=CIRCLE('',#4533,3.105);
#249=CIRCLE('',#4535,3.105);
#250=CIRCLE('',#4543,5.);
#251=CIRCLE('',#4546,5.);
#252=CIRCLE('',#4554,95.408689864794);
#253=CIRCLE('',#4556,5.);
#254=CIRCLE('',#4559,5.);
#255=CIRCLE('',#4561,10.25);
#256=CIRCLE('',#4562,73.7178709676291);
#257=CIRCLE('',#4564,10.25);
#258=CIRCLE('',#4568,64.8957972445059);
#259=CIRCLE('',#4569,64.8957972445059);
#260=CIRCLE('',#4576,5.);
#261=CIRCLE('',#4577,4.5);
#262=CIRCLE('',#4580,5.);
#263=CIRCLE('',#4581,4.5);
#264=CIRCLE('',#4586,95.91);
#265=CIRCLE('',#4587,95.408689864794);
#266=CIRCLE('',#4591,10.25);
#267=CIRCLE('',#4593,64.8957972445059);
#268=CIRCLE('',#4594,64.8957972445059);
#269=CIRCLE('',#4596,71.7051218533237);
#270=CIRCLE('',#4597,71.7051218533237);
#271=CIRCLE('',#4598,64.8957972445057);
#272=CIRCLE('',#4600,3.605);
#273=CIRCLE('',#4601,3.605);
#274=CIRCLE('',#4603,3.105);
#275=CIRCLE('',#4605,3.105);
#276=CIRCLE('',#4607,3.105);
#277=CIRCLE('',#4609,3.105);
#278=CIRCLE('',#4612,73.7178709676291);
#279=CIRCLE('',#4614,3.105);
#280=CIRCLE('',#4616,3.105);
#281=CIRCLE('',#4621,63.69);
#282=CIRCLE('',#4622,62.94);
#283=CIRCLE('',#4624,68.69);
#284=CIRCLE('',#4626,66.94);
#285=CIRCLE('',#4628,62.94);
#286=CIRCLE('',#4629,62.94);
#287=CIRCLE('',#4630,5.);
#288=CIRCLE('',#4633,66.94);
#289=CIRCLE('',#4635,104.290210950022);
#290=CIRCLE('',#4637,5.);
#291=CIRCLE('',#4640,5.);
#292=CIRCLE('',#4642,104.290210950022);
#293=CIRCLE('',#4658,64.44);
#294=CIRCLE('',#4659,64.44);
#295=CIRCLE('',#4661,65.2317752326273);
#296=CIRCLE('',#4662,65.2317752326273);
#297=CIRCLE('',#4664,65.2317752326273);
#298=CIRCLE('',#4666,94.91);
#299=CIRCLE('',#4667,94.91);
#300=CIRCLE('',#4685,9.75);
#301=CIRCLE('',#4690,9.75);
#302=CIRCLE('',#4711,0.500000000000003);
#303=CIRCLE('',#4712,10.5);
#304=CIRCLE('',#4713,0.499999999999998);
#305=CIRCLE('',#4714,11.);
#306=CIRCLE('',#4716,0.499999999999998);
#307=CIRCLE('',#4718,0.499999999999998);
#308=CIRCLE('',#4719,11.);
#309=CIRCLE('',#4720,10.5);
#310=CIRCLE('',#4724,11.);
#311=CIRCLE('',#4728,10.5);
#312=CIRCLE('',#4729,11.);
#313=CIRCLE('',#4732,10.5);
#314=CIRCLE('',#4736,1.);
#315=CIRCLE('',#4738,1.);
#316=CIRCLE('',#4743,4.3);
#317=CIRCLE('',#4744,4.3);
#318=CIRCLE('',#4747,5.6);
#319=CIRCLE('',#4748,5.6);
#320=CIRCLE('',#4750,2.6);
#321=CIRCLE('',#4751,5.65);
#322=CIRCLE('',#4752,2.6);
#323=CIRCLE('',#4756,1.);
#324=CIRCLE('',#4757,0.499999999999999);
#325=CIRCLE('',#4760,1.);
#326=CIRCLE('',#4761,0.499999999999999);
#327=CIRCLE('',#4764,1.);
#328=CIRCLE('',#4765,0.499999999999999);
#329=CIRCLE('',#4768,1.);
#330=CIRCLE('',#4769,0.499999999999999);
#331=CIRCLE('',#4773,1.);
#332=CIRCLE('',#4776,1.);
#333=CIRCLE('',#4780,1.);
#334=CIRCLE('',#4782,1.);
#335=CIRCLE('',#4785,5.65);
#336=CIRCLE('',#4789,2.6);
#337=CIRCLE('',#4791,7.6);
#338=CIRCLE('',#4792,4.55);
#339=CIRCLE('',#4793,7.6);
#340=CIRCLE('',#4794,4.55);
#341=CIRCLE('',#4796,2.6);
#342=CIRCLE('',#4799,7.6);
#343=CIRCLE('',#4802,4.55);
#344=CIRCLE('',#4805,7.6);
#345=CIRCLE('',#4808,4.55);
#346=CONICAL_SURFACE('',#4369,4.75,0.785398163397447);
#347=CONICAL_SURFACE('',#4373,4.75,0.785398163397447);
#348=CONICAL_SURFACE('',#4382,95.659344932397,0.786708300102628);
#349=CONICAL_SURFACE('',#4405,3.355,0.785398163397447);
#350=CONICAL_SURFACE('',#4409,3.355,0.785398163397447);
#351=CONICAL_SURFACE('',#4426,3.355,0.785398163397447);
#352=CONICAL_SURFACE('',#4436,3.355,0.785398163397447);
#353=CONICAL_SURFACE('',#4445,4.75,0.785398163397447);
#354=CONICAL_SURFACE('',#4448,4.75,0.785398163397447);
#355=CONICAL_SURFACE('',#4453,95.659344932397,0.786708300102628);
#356=CONICAL_SURFACE('',#4483,67.69,0.0249947936189202);
#357=CONICAL_SURFACE('',#4487,63.69,0.0249947936189202);
#358=CONICAL_SURFACE('',#4488,4.355,0.785398163397448);
#359=CONICAL_SURFACE('',#4492,4.355,0.785398163397448);
#360=CONICAL_SURFACE('',#4493,4.355,0.785398163397448);
#361=CONICAL_SURFACE('',#4497,4.355,0.785398163397448);
#362=CONICAL_SURFACE('',#4522,3.355,0.785398163397447);
#363=CONICAL_SURFACE('',#4532,3.355,0.785398163397447);
#364=CONICAL_SURFACE('',#4542,4.75,0.785398163397447);
#365=CONICAL_SURFACE('',#4545,4.75,0.785398163397447);
#366=CONICAL_SURFACE('',#4553,95.659344932397,0.786708300102628);
#367=CONICAL_SURFACE('',#4575,4.75,0.785398163397447);
#368=CONICAL_SURFACE('',#4579,4.75,0.785398163397447);
#369=CONICAL_SURFACE('',#4585,95.659344932397,0.786708300102628);
#370=CONICAL_SURFACE('',#4602,3.355,0.785398163397447);
#371=CONICAL_SURFACE('',#4606,3.355,0.785398163397447);
#372=CONICAL_SURFACE('',#4620,63.69,0.0249947936189202);
#373=CONICAL_SURFACE('',#4625,68.69,0.0582673029695333);
#374=CONICAL_SURFACE('',#4727,10.75,0.785398163397437);
#375=CONICAL_SURFACE('',#4731,10.75,0.785398163397437);
#376=CONICAL_SURFACE('',#4755,0.75,0.785398163397449);
#377=CONICAL_SURFACE('',#4759,0.75,0.785398163397449);
#378=CONICAL_SURFACE('',#4763,0.75,0.785398163397449);
#379=CONICAL_SURFACE('',#4767,0.75,0.785398163397449);
#380=FACE_OUTER_BOUND('',#629,.T.);
#381=FACE_OUTER_BOUND('',#630,.T.);
#382=FACE_OUTER_BOUND('',#631,.T.);
#383=FACE_OUTER_BOUND('',#632,.T.);
#384=FACE_OUTER_BOUND('',#633,.T.);
#385=FACE_OUTER_BOUND('',#634,.T.);
#386=FACE_OUTER_BOUND('',#635,.T.);
#387=FACE_OUTER_BOUND('',#636,.T.);
#388=FACE_OUTER_BOUND('',#637,.T.);
#389=FACE_OUTER_BOUND('',#638,.T.);
#390=FACE_OUTER_BOUND('',#639,.T.);
#391=FACE_OUTER_BOUND('',#640,.T.);
#392=FACE_OUTER_BOUND('',#641,.T.);
#393=FACE_OUTER_BOUND('',#642,.T.);
#394=FACE_OUTER_BOUND('',#643,.T.);
#395=FACE_OUTER_BOUND('',#644,.T.);
#396=FACE_OUTER_BOUND('',#645,.T.);
#397=FACE_OUTER_BOUND('',#646,.T.);
#398=FACE_OUTER_BOUND('',#647,.T.);
#399=FACE_OUTER_BOUND('',#648,.T.);
#400=FACE_OUTER_BOUND('',#651,.T.);
#401=FACE_OUTER_BOUND('',#652,.T.);
#402=FACE_OUTER_BOUND('',#653,.T.);
#403=FACE_OUTER_BOUND('',#654,.T.);
#404=FACE_OUTER_BOUND('',#655,.T.);
#405=FACE_OUTER_BOUND('',#656,.T.);
#406=FACE_OUTER_BOUND('',#657,.T.);
#407=FACE_OUTER_BOUND('',#658,.T.);
#408=FACE_OUTER_BOUND('',#659,.T.);
#409=FACE_OUTER_BOUND('',#660,.T.);
#410=FACE_OUTER_BOUND('',#663,.T.);
#411=FACE_OUTER_BOUND('',#664,.T.);
#412=FACE_OUTER_BOUND('',#665,.T.);
#413=FACE_OUTER_BOUND('',#666,.T.);
#414=FACE_OUTER_BOUND('',#669,.T.);
#415=FACE_OUTER_BOUND('',#670,.T.);
#416=FACE_OUTER_BOUND('',#671,.T.);
#417=FACE_OUTER_BOUND('',#672,.T.);
#418=FACE_OUTER_BOUND('',#673,.T.);
#419=FACE_OUTER_BOUND('',#674,.T.);
#420=FACE_OUTER_BOUND('',#675,.T.);
#421=FACE_OUTER_BOUND('',#676,.T.);
#422=FACE_OUTER_BOUND('',#677,.T.);
#423=FACE_OUTER_BOUND('',#678,.T.);
#424=FACE_OUTER_BOUND('',#679,.T.);
#425=FACE_OUTER_BOUND('',#680,.T.);
#426=FACE_OUTER_BOUND('',#681,.T.);
#427=FACE_OUTER_BOUND('',#682,.T.);
#428=FACE_OUTER_BOUND('',#683,.T.);
#429=FACE_OUTER_BOUND('',#684,.T.);
#430=FACE_OUTER_BOUND('',#685,.T.);
#431=FACE_OUTER_BOUND('',#686,.T.);
#432=FACE_OUTER_BOUND('',#687,.T.);
#433=FACE_OUTER_BOUND('',#688,.T.);
#434=FACE_OUTER_BOUND('',#689,.T.);
#435=FACE_OUTER_BOUND('',#691,.T.);
#436=FACE_OUTER_BOUND('',#692,.T.);
#437=FACE_OUTER_BOUND('',#693,.T.);
#438=FACE_OUTER_BOUND('',#694,.T.);
#439=FACE_OUTER_BOUND('',#695,.T.);
#440=FACE_OUTER_BOUND('',#699,.T.);
#441=FACE_OUTER_BOUND('',#701,.T.);
#442=FACE_OUTER_BOUND('',#705,.T.);
#443=FACE_OUTER_BOUND('',#706,.T.);
#444=FACE_OUTER_BOUND('',#709,.T.);
#445=FACE_OUTER_BOUND('',#710,.T.);
#446=FACE_OUTER_BOUND('',#711,.T.);
#447=FACE_OUTER_BOUND('',#714,.T.);
#448=FACE_OUTER_BOUND('',#715,.T.);
#449=FACE_OUTER_BOUND('',#716,.T.);
#450=FACE_OUTER_BOUND('',#717,.T.);
#451=FACE_OUTER_BOUND('',#718,.T.);
#452=FACE_OUTER_BOUND('',#719,.T.);
#453=FACE_OUTER_BOUND('',#720,.T.);
#454=FACE_OUTER_BOUND('',#722,.T.);
#455=FACE_OUTER_BOUND('',#723,.T.);
#456=FACE_OUTER_BOUND('',#724,.T.);
#457=FACE_OUTER_BOUND('',#727,.T.);
#458=FACE_OUTER_BOUND('',#728,.T.);
#459=FACE_OUTER_BOUND('',#729,.T.);
#460=FACE_OUTER_BOUND('',#730,.T.);
#461=FACE_OUTER_BOUND('',#733,.T.);
#462=FACE_OUTER_BOUND('',#734,.T.);
#463=FACE_OUTER_BOUND('',#735,.T.);
#464=FACE_OUTER_BOUND('',#736,.T.);
#465=FACE_OUTER_BOUND('',#737,.T.);
#466=FACE_OUTER_BOUND('',#738,.T.);
#467=FACE_OUTER_BOUND('',#739,.T.);
#468=FACE_OUTER_BOUND('',#740,.T.);
#469=FACE_OUTER_BOUND('',#741,.T.);
#470=FACE_OUTER_BOUND('',#742,.T.);
#471=FACE_OUTER_BOUND('',#743,.T.);
#472=FACE_OUTER_BOUND('',#744,.T.);
#473=FACE_OUTER_BOUND('',#745,.T.);
#474=FACE_OUTER_BOUND('',#746,.T.);
#475=FACE_OUTER_BOUND('',#747,.T.);
#476=FACE_OUTER_BOUND('',#748,.T.);
#477=FACE_OUTER_BOUND('',#749,.T.);
#478=FACE_OUTER_BOUND('',#750,.T.);
#479=FACE_OUTER_BOUND('',#751,.T.);
#480=FACE_OUTER_BOUND('',#752,.T.);
#481=FACE_OUTER_BOUND('',#753,.T.);
#482=FACE_OUTER_BOUND('',#754,.T.);
#483=FACE_OUTER_BOUND('',#755,.T.);
#484=FACE_OUTER_BOUND('',#756,.T.);
#485=FACE_OUTER_BOUND('',#757,.T.);
#486=FACE_OUTER_BOUND('',#758,.T.);
#487=FACE_OUTER_BOUND('',#759,.T.);
#488=FACE_OUTER_BOUND('',#760,.T.);
#489=FACE_OUTER_BOUND('',#761,.T.);
#490=FACE_OUTER_BOUND('',#762,.T.);
#491=FACE_OUTER_BOUND('',#763,.T.);
#492=FACE_OUTER_BOUND('',#764,.T.);
#493=FACE_OUTER_BOUND('',#765,.T.);
#494=FACE_OUTER_BOUND('',#766,.T.);
#495=FACE_OUTER_BOUND('',#767,.T.);
#496=FACE_OUTER_BOUND('',#768,.T.);
#497=FACE_OUTER_BOUND('',#770,.T.);
#498=FACE_OUTER_BOUND('',#773,.T.);
#499=FACE_OUTER_BOUND('',#774,.T.);
#500=FACE_OUTER_BOUND('',#775,.T.);
#501=FACE_OUTER_BOUND('',#776,.T.);
#502=FACE_OUTER_BOUND('',#777,.T.);
#503=FACE_OUTER_BOUND('',#778,.T.);
#504=FACE_OUTER_BOUND('',#779,.T.);
#505=FACE_OUTER_BOUND('',#780,.T.);
#506=FACE_OUTER_BOUND('',#781,.T.);
#507=FACE_OUTER_BOUND('',#782,.T.);
#508=FACE_OUTER_BOUND('',#783,.T.);
#509=FACE_OUTER_BOUND('',#784,.T.);
#510=FACE_OUTER_BOUND('',#785,.T.);
#511=FACE_OUTER_BOUND('',#787,.T.);
#512=FACE_OUTER_BOUND('',#788,.T.);
#513=FACE_OUTER_BOUND('',#789,.T.);
#514=FACE_OUTER_BOUND('',#790,.T.);
#515=FACE_OUTER_BOUND('',#791,.T.);
#516=FACE_OUTER_BOUND('',#794,.T.);
#517=FACE_OUTER_BOUND('',#795,.T.);
#518=FACE_OUTER_BOUND('',#796,.T.);
#519=FACE_OUTER_BOUND('',#797,.T.);
#520=FACE_OUTER_BOUND('',#800,.T.);
#521=FACE_OUTER_BOUND('',#802,.T.);
#522=FACE_OUTER_BOUND('',#803,.T.);
#523=FACE_OUTER_BOUND('',#804,.T.);
#524=FACE_OUTER_BOUND('',#805,.T.);
#525=FACE_OUTER_BOUND('',#806,.T.);
#526=FACE_OUTER_BOUND('',#807,.T.);
#527=FACE_OUTER_BOUND('',#808,.T.);
#528=FACE_OUTER_BOUND('',#809,.T.);
#529=FACE_OUTER_BOUND('',#810,.T.);
#530=FACE_OUTER_BOUND('',#811,.T.);
#531=FACE_OUTER_BOUND('',#812,.T.);
#532=FACE_OUTER_BOUND('',#813,.T.);
#533=FACE_OUTER_BOUND('',#814,.T.);
#534=FACE_OUTER_BOUND('',#815,.T.);
#535=FACE_OUTER_BOUND('',#817,.T.);
#536=FACE_OUTER_BOUND('',#819,.T.);
#537=FACE_OUTER_BOUND('',#823,.T.);
#538=FACE_OUTER_BOUND('',#824,.T.);
#539=FACE_OUTER_BOUND('',#825,.T.);
#540=FACE_OUTER_BOUND('',#826,.T.);
#541=FACE_OUTER_BOUND('',#827,.T.);
#542=FACE_OUTER_BOUND('',#828,.T.);
#543=FACE_OUTER_BOUND('',#829,.T.);
#544=FACE_OUTER_BOUND('',#830,.T.);
#545=FACE_OUTER_BOUND('',#831,.T.);
#546=FACE_OUTER_BOUND('',#832,.T.);
#547=FACE_OUTER_BOUND('',#833,.T.);
#548=FACE_OUTER_BOUND('',#834,.T.);
#549=FACE_OUTER_BOUND('',#835,.T.);
#550=FACE_OUTER_BOUND('',#836,.T.);
#551=FACE_OUTER_BOUND('',#837,.T.);
#552=FACE_OUTER_BOUND('',#838,.T.);
#553=FACE_OUTER_BOUND('',#840,.T.);
#554=FACE_OUTER_BOUND('',#841,.T.);
#555=FACE_OUTER_BOUND('',#842,.T.);
#556=FACE_OUTER_BOUND('',#843,.T.);
#557=FACE_OUTER_BOUND('',#844,.T.);
#558=FACE_OUTER_BOUND('',#846,.T.);
#559=FACE_OUTER_BOUND('',#847,.T.);
#560=FACE_OUTER_BOUND('',#848,.T.);
#561=FACE_OUTER_BOUND('',#849,.T.);
#562=FACE_OUTER_BOUND('',#850,.T.);
#563=FACE_OUTER_BOUND('',#851,.T.);
#564=FACE_OUTER_BOUND('',#852,.T.);
#565=FACE_OUTER_BOUND('',#853,.T.);
#566=FACE_OUTER_BOUND('',#854,.T.);
#567=FACE_OUTER_BOUND('',#855,.T.);
#568=FACE_OUTER_BOUND('',#856,.T.);
#569=FACE_OUTER_BOUND('',#857,.T.);
#570=FACE_OUTER_BOUND('',#858,.T.);
#571=FACE_OUTER_BOUND('',#859,.T.);
#572=FACE_OUTER_BOUND('',#860,.T.);
#573=FACE_OUTER_BOUND('',#861,.T.);
#574=FACE_OUTER_BOUND('',#862,.T.);
#575=FACE_OUTER_BOUND('',#863,.T.);
#576=FACE_OUTER_BOUND('',#864,.T.);
#577=FACE_OUTER_BOUND('',#865,.T.);
#578=FACE_OUTER_BOUND('',#866,.T.);
#579=FACE_OUTER_BOUND('',#867,.T.);
#580=FACE_OUTER_BOUND('',#868,.T.);
#581=FACE_OUTER_BOUND('',#869,.T.);
#582=FACE_OUTER_BOUND('',#871,.T.);
#583=FACE_OUTER_BOUND('',#872,.T.);
#584=FACE_OUTER_BOUND('',#873,.T.);
#585=FACE_OUTER_BOUND('',#874,.T.);
#586=FACE_OUTER_BOUND('',#875,.T.);
#587=FACE_OUTER_BOUND('',#876,.T.);
#588=FACE_OUTER_BOUND('',#877,.T.);
#589=FACE_OUTER_BOUND('',#879,.T.);
#590=FACE_OUTER_BOUND('',#880,.T.);
#591=FACE_OUTER_BOUND('',#881,.T.);
#592=FACE_OUTER_BOUND('',#882,.T.);
#593=FACE_OUTER_BOUND('',#883,.T.);
#594=FACE_OUTER_BOUND('',#884,.T.);
#595=FACE_OUTER_BOUND('',#886,.T.);
#596=FACE_OUTER_BOUND('',#887,.T.);
#597=FACE_OUTER_BOUND('',#888,.T.);
#598=FACE_OUTER_BOUND('',#889,.T.);
#599=FACE_OUTER_BOUND('',#890,.T.);
#600=FACE_OUTER_BOUND('',#891,.T.);
#601=FACE_OUTER_BOUND('',#892,.T.);
#602=FACE_OUTER_BOUND('',#893,.T.);
#603=FACE_OUTER_BOUND('',#894,.T.);
#604=FACE_OUTER_BOUND('',#895,.T.);
#605=FACE_OUTER_BOUND('',#896,.T.);
#606=FACE_OUTER_BOUND('',#897,.T.);
#607=FACE_OUTER_BOUND('',#898,.T.);
#608=FACE_OUTER_BOUND('',#899,.T.);
#609=FACE_OUTER_BOUND('',#900,.T.);
#610=FACE_OUTER_BOUND('',#901,.T.);
#611=FACE_OUTER_BOUND('',#902,.T.);
#612=FACE_OUTER_BOUND('',#903,.T.);
#613=FACE_OUTER_BOUND('',#904,.T.);
#614=FACE_OUTER_BOUND('',#905,.T.);
#615=FACE_OUTER_BOUND('',#906,.T.);
#616=FACE_OUTER_BOUND('',#907,.T.);
#617=FACE_OUTER_BOUND('',#908,.T.);
#618=FACE_OUTER_BOUND('',#909,.T.);
#619=FACE_OUTER_BOUND('',#911,.T.);
#620=FACE_OUTER_BOUND('',#912,.T.);
#621=FACE_OUTER_BOUND('',#913,.T.);
#622=FACE_OUTER_BOUND('',#914,.T.);
#623=FACE_OUTER_BOUND('',#915,.T.);
#624=FACE_OUTER_BOUND('',#916,.T.);
#625=FACE_OUTER_BOUND('',#917,.T.);
#626=FACE_OUTER_BOUND('',#918,.T.);
#627=FACE_OUTER_BOUND('',#919,.T.);
#628=FACE_OUTER_BOUND('',#920,.T.);
#629=EDGE_LOOP('',(#2703,#2704,#2705,#2706,#2707));
#630=EDGE_LOOP('',(#2708,#2709,#2710,#2711));
#631=EDGE_LOOP('',(#2712,#2713,#2714,#2715));
#632=EDGE_LOOP('',(#2716,#2717,#2718,#2719));
#633=EDGE_LOOP('',(#2720,#2721,#2722,#2723));
#634=EDGE_LOOP('',(#2724,#2725,#2726,#2727));
#635=EDGE_LOOP('',(#2728,#2729,#2730,#2731));
#636=EDGE_LOOP('',(#2732,#2733,#2734,#2735));
#637=EDGE_LOOP('',(#2736,#2737,#2738,#2739,#2740));
#638=EDGE_LOOP('',(#2741,#2742,#2743,#2744,#2745));
#639=EDGE_LOOP('',(#2746,#2747,#2748,#2749,#2750));
#640=EDGE_LOOP('',(#2751,#2752,#2753,#2754));
#641=EDGE_LOOP('',(#2755,#2756,#2757,#2758,#2759,#2760,#2761,#2762));
#642=EDGE_LOOP('',(#2763,#2764,#2765,#2766,#2767,#2768,#2769,#2770));
#643=EDGE_LOOP('',(#2771,#2772,#2773,#2774));
#644=EDGE_LOOP('',(#2775,#2776,#2777,#2778));
#645=EDGE_LOOP('',(#2779,#2780,#2781,#2782));
#646=EDGE_LOOP('',(#2783,#2784,#2785,#2786,#2787,#2788,#2789,#2790,#2791,
#2792,#2793,#2794));
#647=EDGE_LOOP('',(#2795,#2796,#2797,#2798));
#648=EDGE_LOOP('',(#2799,#2800,#2801,#2802,#2803,#2804,#2805,#2806,#2807,
#2808,#2809,#2810));
#649=EDGE_LOOP('',(#2811));
#650=EDGE_LOOP('',(#2812));
#651=EDGE_LOOP('',(#2813,#2814,#2815,#2816));
#652=EDGE_LOOP('',(#2817,#2818,#2819,#2820));
#653=EDGE_LOOP('',(#2821,#2822,#2823,#2824));
#654=EDGE_LOOP('',(#2825,#2826,#2827,#2828));
#655=EDGE_LOOP('',(#2829,#2830,#2831,#2832,#2833,#2834));
#656=EDGE_LOOP('',(#2835,#2836,#2837,#2838,#2839,#2840));
#657=EDGE_LOOP('',(#2841,#2842,#2843,#2844,#2845,#2846));
#658=EDGE_LOOP('',(#2847,#2848,#2849,#2850));
#659=EDGE_LOOP('',(#2851,#2852,#2853,#2854));
#660=EDGE_LOOP('',(#2855,#2856,#2857,#2858,#2859,#2860,#2861,#2862));
#661=EDGE_LOOP('',(#2863));
#662=EDGE_LOOP('',(#2864));
#663=EDGE_LOOP('',(#2865,#2866,#2867,#2868));
#664=EDGE_LOOP('',(#2869,#2870,#2871,#2872));
#665=EDGE_LOOP('',(#2873,#2874,#2875,#2876));
#666=EDGE_LOOP('',(#2877,#2878,#2879,#2880,#2881,#2882,#2883,#2884,#2885,
#2886,#2887,#2888));
#667=EDGE_LOOP('',(#2889));
#668=EDGE_LOOP('',(#2890));
#669=EDGE_LOOP('',(#2891,#2892,#2893,#2894));
#670=EDGE_LOOP('',(#2895,#2896,#2897,#2898));
#671=EDGE_LOOP('',(#2899,#2900,#2901,#2902));
#672=EDGE_LOOP('',(#2903,#2904,#2905,#2906));
#673=EDGE_LOOP('',(#2907,#2908,#2909,#2910,#2911));
#674=EDGE_LOOP('',(#2912,#2913,#2914,#2915));
#675=EDGE_LOOP('',(#2916,#2917,#2918,#2919,#2920));
#676=EDGE_LOOP('',(#2921,#2922,#2923,#2924));
#677=EDGE_LOOP('',(#2925,#2926,#2927,#2928));
#678=EDGE_LOOP('',(#2929,#2930,#2931,#2932));
#679=EDGE_LOOP('',(#2933,#2934,#2935,#2936));
#680=EDGE_LOOP('',(#2937,#2938,#2939,#2940));
#681=EDGE_LOOP('',(#2941,#2942,#2943,#2944,#2945));
#682=EDGE_LOOP('',(#2946,#2947,#2948,#2949));
#683=EDGE_LOOP('',(#2950,#2951,#2952,#2953,#2954));
#684=EDGE_LOOP('',(#2955,#2956,#2957,#2958));
#685=EDGE_LOOP('',(#2959,#2960,#2961,#2962));
#686=EDGE_LOOP('',(#2963,#2964,#2965,#2966));
#687=EDGE_LOOP('',(#2967,#2968));
#688=EDGE_LOOP('',(#2969,#2970));
#689=EDGE_LOOP('',(#2971,#2972,#2973,#2974));
#690=EDGE_LOOP('',(#2975));
#691=EDGE_LOOP('',(#2976,#2977,#2978,#2979,#2980));
#692=EDGE_LOOP('',(#2981,#2982,#2983,#2984,#2985,#2986));
#693=EDGE_LOOP('',(#2987,#2988,#2989,#2990,#2991));
#694=EDGE_LOOP('',(#2992,#2993,#2994,#2995,#2996,#2997,#2998,#2999));
#695=EDGE_LOOP('',(#3000,#3001,#3002,#3003,#3004));
#696=EDGE_LOOP('',(#3005,#3006));
#697=EDGE_LOOP('',(#3007,#3008));
#698=EDGE_LOOP('',(#3009,#3010));
#699=EDGE_LOOP('',(#3011));
#700=EDGE_LOOP('',(#3012));
#701=EDGE_LOOP('',(#3013,#3014,#3015,#3016,#3017));
#702=EDGE_LOOP('',(#3018,#3019));
#703=EDGE_LOOP('',(#3020,#3021));
#704=EDGE_LOOP('',(#3022,#3023));
#705=EDGE_LOOP('',(#3024,#3025,#3026,#3027));
#706=EDGE_LOOP('',(#3028,#3029,#3030,#3031,#3032,#3033));
#707=EDGE_LOOP('',(#3034));
#708=EDGE_LOOP('',(#3035));
#709=EDGE_LOOP('',(#3036,#3037,#3038,#3039));
#710=EDGE_LOOP('',(#3040,#3041,#3042,#3043));
#711=EDGE_LOOP('',(#3044,#3045,#3046,#3047,#3048,#3049));
#712=EDGE_LOOP('',(#3050));
#713=EDGE_LOOP('',(#3051));
#714=EDGE_LOOP('',(#3052,#3053,#3054,#3055));
#715=EDGE_LOOP('',(#3056));
#716=EDGE_LOOP('',(#3057));
#717=EDGE_LOOP('',(#3058,#3059,#3060,#3061));
#718=EDGE_LOOP('',(#3062,#3063,#3064,#3065));
#719=EDGE_LOOP('',(#3066,#3067,#3068,#3069,#3070,#3071));
#720=EDGE_LOOP('',(#3072,#3073,#3074,#3075,#3076,#3077,#3078,#3079));
#721=EDGE_LOOP('',(#3080));
#722=EDGE_LOOP('',(#3081,#3082,#3083,#3084,#3085,#3086));
#723=EDGE_LOOP('',(#3087,#3088,#3089,#3090));
#724=EDGE_LOOP('',(#3091,#3092,#3093,#3094,#3095,#3096,#3097,#3098));
#725=EDGE_LOOP('',(#3099));
#726=EDGE_LOOP('',(#3100));
#727=EDGE_LOOP('',(#3101,#3102,#3103,#3104));
#728=EDGE_LOOP('',(#3105,#3106,#3107,#3108));
#729=EDGE_LOOP('',(#3109,#3110,#3111,#3112));
#730=EDGE_LOOP('',(#3113,#3114,#3115,#3116,#3117,#3118,#3119,#3120,#3121,
#3122,#3123,#3124));
#731=EDGE_LOOP('',(#3125));
#732=EDGE_LOOP('',(#3126));
#733=EDGE_LOOP('',(#3127,#3128,#3129,#3130));
#734=EDGE_LOOP('',(#3131,#3132,#3133,#3134));
#735=EDGE_LOOP('',(#3135,#3136,#3137,#3138));
#736=EDGE_LOOP('',(#3139,#3140,#3141,#3142,#3143));
#737=EDGE_LOOP('',(#3144,#3145,#3146,#3147));
#738=EDGE_LOOP('',(#3148,#3149,#3150,#3151));
#739=EDGE_LOOP('',(#3152,#3153,#3154,#3155));
#740=EDGE_LOOP('',(#3156,#3157,#3158,#3159));
#741=EDGE_LOOP('',(#3160,#3161,#3162,#3163));
#742=EDGE_LOOP('',(#3164,#3165,#3166,#3167));
#743=EDGE_LOOP('',(#3168,#3169,#3170,#3171));
#744=EDGE_LOOP('',(#3172,#3173,#3174,#3175,#3176));
#745=EDGE_LOOP('',(#3177,#3178,#3179,#3180,#3181));
#746=EDGE_LOOP('',(#3182,#3183,#3184,#3185,#3186));
#747=EDGE_LOOP('',(#3187,#3188,#3189,#3190));
#748=EDGE_LOOP('',(#3191,#3192,#3193,#3194));
#749=EDGE_LOOP('',(#3195,#3196,#3197,#3198));
#750=EDGE_LOOP('',(#3199,#3200,#3201,#3202));
#751=EDGE_LOOP('',(#3203,#3204,#3205,#3206,#3207,#3208,#3209,#3210));
#752=EDGE_LOOP('',(#3211,#3212,#3213,#3214,#3215,#3216,#3217,#3218));
#753=EDGE_LOOP('',(#3219,#3220,#3221,#3222,#3223,#3224));
#754=EDGE_LOOP('',(#3225,#3226,#3227,#3228));
#755=EDGE_LOOP('',(#3229,#3230,#3231,#3232,#3233));
#756=EDGE_LOOP('',(#3234,#3235,#3236,#3237));
#757=EDGE_LOOP('',(#3238,#3239,#3240,#3241,#3242));
#758=EDGE_LOOP('',(#3243,#3244,#3245,#3246));
#759=EDGE_LOOP('',(#3247,#3248,#3249,#3250));
#760=EDGE_LOOP('',(#3251,#3252,#3253,#3254));
#761=EDGE_LOOP('',(#3255,#3256,#3257,#3258));
#762=EDGE_LOOP('',(#3259,#3260,#3261,#3262));
#763=EDGE_LOOP('',(#3263,#3264,#3265,#3266,#3267));
#764=EDGE_LOOP('',(#3268,#3269,#3270,#3271));
#765=EDGE_LOOP('',(#3272,#3273,#3274,#3275,#3276));
#766=EDGE_LOOP('',(#3277,#3278,#3279,#3280,#3281,#3282,#3283,#3284));
#767=EDGE_LOOP('',(#3285,#3286,#3287,#3288,#3289,#3290));
#768=EDGE_LOOP('',(#3291,#3292,#3293,#3294,#3295,#3296,#3297,#3298));
#769=EDGE_LOOP('',(#3299));
#770=EDGE_LOOP('',(#3300,#3301,#3302,#3303,#3304,#3305,#3306,#3307,#3308,
#3309,#3310,#3311));
#771=EDGE_LOOP('',(#3312));
#772=EDGE_LOOP('',(#3313));
#773=EDGE_LOOP('',(#3314,#3315,#3316,#3317));
#774=EDGE_LOOP('',(#3318,#3319,#3320,#3321));
#775=EDGE_LOOP('',(#3322,#3323,#3324,#3325));
#776=EDGE_LOOP('',(#3326,#3327,#3328,#3329));
#777=EDGE_LOOP('',(#3330,#3331,#3332,#3333));
#778=EDGE_LOOP('',(#3334,#3335,#3336,#3337,#3338,#3339,#3340,#3341,#3342,
#3343,#3344,#3345));
#779=EDGE_LOOP('',(#3346,#3347,#3348,#3349));
#780=EDGE_LOOP('',(#3350,#3351,#3352,#3353));
#781=EDGE_LOOP('',(#3354,#3355,#3356,#3357));
#782=EDGE_LOOP('',(#3358));
#783=EDGE_LOOP('',(#3359));
#784=EDGE_LOOP('',(#3360,#3361,#3362,#3363));
#785=EDGE_LOOP('',(#3364));
#786=EDGE_LOOP('',(#3365));
#787=EDGE_LOOP('',(#3366,#3367,#3368,#3369));
#788=EDGE_LOOP('',(#3370,#3371,#3372,#3373,#3374));
#789=EDGE_LOOP('',(#3375,#3376,#3377,#3378,#3379));
#790=EDGE_LOOP('',(#3380,#3381,#3382,#3383));
#791=EDGE_LOOP('',(#3384,#3385,#3386,#3387,#3388,#3389));
#792=EDGE_LOOP('',(#3390));
#793=EDGE_LOOP('',(#3391));
#794=EDGE_LOOP('',(#3392,#3393,#3394,#3395));
#795=EDGE_LOOP('',(#3396,#3397,#3398,#3399));
#796=EDGE_LOOP('',(#3400,#3401,#3402,#3403));
#797=EDGE_LOOP('',(#3404,#3405,#3406,#3407,#3408,#3409));
#798=EDGE_LOOP('',(#3410));
#799=EDGE_LOOP('',(#3411));
#800=EDGE_LOOP('',(#3412,#3413,#3414,#3415));
#801=EDGE_LOOP('',(#3416));
#802=EDGE_LOOP('',(#3417,#3418));
#803=EDGE_LOOP('',(#3419,#3420));
#804=EDGE_LOOP('',(#3421,#3422,#3423,#3424));
#805=EDGE_LOOP('',(#3425,#3426,#3427,#3428));
#806=EDGE_LOOP('',(#3429,#3430,#3431,#3432));
#807=EDGE_LOOP('',(#3433,#3434,#3435,#3436));
#808=EDGE_LOOP('',(#3437,#3438,#3439,#3440));
#809=EDGE_LOOP('',(#3441,#3442,#3443,#3444));
#810=EDGE_LOOP('',(#3445,#3446,#3447,#3448));
#811=EDGE_LOOP('',(#3449,#3450,#3451,#3452));
#812=EDGE_LOOP('',(#3453,#3454,#3455,#3456));
#813=EDGE_LOOP('',(#3457,#3458,#3459,#3460));
#814=EDGE_LOOP('',(#3461,#3462,#3463,#3464));
#815=EDGE_LOOP('',(#3465,#3466));
#816=EDGE_LOOP('',(#3467,#3468,#3469,#3470));
#817=EDGE_LOOP('',(#3471));
#818=EDGE_LOOP('',(#3472,#3473,#3474,#3475));
#819=EDGE_LOOP('',(#3476,#3477,#3478,#3479,#3480,#3481));
#820=EDGE_LOOP('',(#3482));
#821=EDGE_LOOP('',(#3483));
#822=EDGE_LOOP('',(#3484));
#823=EDGE_LOOP('',(#3485,#3486,#3487,#3488));
#824=EDGE_LOOP('',(#3489,#3490,#3491,#3492));
#825=EDGE_LOOP('',(#3493,#3494,#3495,#3496));
#826=EDGE_LOOP('',(#3497,#3498,#3499,#3500));
#827=EDGE_LOOP('',(#3501,#3502,#3503,#3504));
#828=EDGE_LOOP('',(#3505,#3506,#3507,#3508));
#829=EDGE_LOOP('',(#3509,#3510,#3511,#3512));
#830=EDGE_LOOP('',(#3513,#3514,#3515,#3516));
#831=EDGE_LOOP('',(#3517,#3518,#3519,#3520));
#832=EDGE_LOOP('',(#3521,#3522,#3523,#3524));
#833=EDGE_LOOP('',(#3525,#3526,#3527,#3528));
#834=EDGE_LOOP('',(#3529,#3530,#3531,#3532));
#835=EDGE_LOOP('',(#3533,#3534,#3535,#3536));
#836=EDGE_LOOP('',(#3537,#3538,#3539,#3540));
#837=EDGE_LOOP('',(#3541,#3542,#3543,#3544));
#838=EDGE_LOOP('',(#3545));
#839=EDGE_LOOP('',(#3546,#3547,#3548,#3549));
#840=EDGE_LOOP('',(#3550,#3551,#3552,#3553));
#841=EDGE_LOOP('',(#3554,#3555,#3556,#3557));
#842=EDGE_LOOP('',(#3558,#3559,#3560,#3561));
#843=EDGE_LOOP('',(#3562,#3563,#3564,#3565));
#844=EDGE_LOOP('',(#3566,#3567,#3568,#3569));
#845=EDGE_LOOP('',(#3570));
#846=EDGE_LOOP('',(#3571,#3572,#3573,#3574));
#847=EDGE_LOOP('',(#3575,#3576,#3577,#3578));
#848=EDGE_LOOP('',(#3579,#3580,#3581,#3582));
#849=EDGE_LOOP('',(#3583,#3584,#3585,#3586));
#850=EDGE_LOOP('',(#3587,#3588,#3589,#3590));
#851=EDGE_LOOP('',(#3591,#3592,#3593,#3594));
#852=EDGE_LOOP('',(#3595,#3596,#3597,#3598));
#853=EDGE_LOOP('',(#3599,#3600,#3601,#3602));
#854=EDGE_LOOP('',(#3603,#3604,#3605,#3606));
#855=EDGE_LOOP('',(#3607,#3608,#3609,#3610));
#856=EDGE_LOOP('',(#3611,#3612,#3613,#3614));
#857=EDGE_LOOP('',(#3615,#3616,#3617,#3618));
#858=EDGE_LOOP('',(#3619,#3620,#3621,#3622,#3623,#3624,#3625,#3626));
#859=EDGE_LOOP('',(#3627,#3628,#3629,#3630));
#860=EDGE_LOOP('',(#3631,#3632,#3633,#3634));
#861=EDGE_LOOP('',(#3635,#3636,#3637,#3638));
#862=EDGE_LOOP('',(#3639,#3640,#3641,#3642));
#863=EDGE_LOOP('',(#3643,#3644,#3645,#3646));
#864=EDGE_LOOP('',(#3647,#3648,#3649,#3650));
#865=EDGE_LOOP('',(#3651,#3652,#3653,#3654));
#866=EDGE_LOOP('',(#3655,#3656,#3657,#3658));
#867=EDGE_LOOP('',(#3659,#3660,#3661,#3662));
#868=EDGE_LOOP('',(#3663,#3664,#3665,#3666));
#869=EDGE_LOOP('',(#3667,#3668,#3669,#3670));
#870=EDGE_LOOP('',(#3671,#3672,#3673,#3674,#3675,#3676,#3677,#3678));
#871=EDGE_LOOP('',(#3679,#3680,#3681,#3682));
#872=EDGE_LOOP('',(#3683,#3684,#3685,#3686));
#873=EDGE_LOOP('',(#3687,#3688,#3689,#3690));
#874=EDGE_LOOP('',(#3691,#3692,#3693,#3694));
#875=EDGE_LOOP('',(#3695,#3696,#3697,#3698));
#876=EDGE_LOOP('',(#3699,#3700,#3701,#3702));
#877=EDGE_LOOP('',(#3703,#3704,#3705,#3706));
#878=EDGE_LOOP('',(#3707));
#879=EDGE_LOOP('',(#3708,#3709,#3710,#3711));
#880=EDGE_LOOP('',(#3712));
#881=EDGE_LOOP('',(#3713,#3714,#3715,#3716));
#882=EDGE_LOOP('',(#3717));
#883=EDGE_LOOP('',(#3718,#3719,#3720,#3721));
#884=EDGE_LOOP('',(#3722,#3723,#3724,#3725,#3726,#3727,#3728,#3729));
#885=EDGE_LOOP('',(#3730));
#886=EDGE_LOOP('',(#3731,#3732,#3733,#3734));
#887=EDGE_LOOP('',(#3735,#3736,#3737,#3738));
#888=EDGE_LOOP('',(#3739,#3740,#3741,#3742));
#889=EDGE_LOOP('',(#3743,#3744,#3745,#3746));
#890=EDGE_LOOP('',(#3747,#3748,#3749,#3750));
#891=EDGE_LOOP('',(#3751,#3752,#3753,#3754));
#892=EDGE_LOOP('',(#3755,#3756,#3757,#3758));
#893=EDGE_LOOP('',(#3759,#3760,#3761,#3762));
#894=EDGE_LOOP('',(#3763,#3764,#3765,#3766));
#895=EDGE_LOOP('',(#3767,#3768,#3769,#3770));
#896=EDGE_LOOP('',(#3771,#3772,#3773,#3774));
#897=EDGE_LOOP('',(#3775,#3776,#3777,#3778));
#898=EDGE_LOOP('',(#3779,#3780,#3781,#3782));
#899=EDGE_LOOP('',(#3783,#3784,#3785,#3786));
#900=EDGE_LOOP('',(#3787,#3788,#3789,#3790,#3791,#3792,#3793,#3794));
#901=EDGE_LOOP('',(#3795,#3796,#3797,#3798));
#902=EDGE_LOOP('',(#3799,#3800,#3801,#3802));
#903=EDGE_LOOP('',(#3803,#3804,#3805,#3806));
#904=EDGE_LOOP('',(#3807,#3808,#3809,#3810));
#905=EDGE_LOOP('',(#3811,#3812,#3813,#3814));
#906=EDGE_LOOP('',(#3815,#3816,#3817,#3818));
#907=EDGE_LOOP('',(#3819,#3820,#3821,#3822));
#908=EDGE_LOOP('',(#3823,#3824,#3825,#3826));
#909=EDGE_LOOP('',(#3827,#3828,#3829,#3830,#3831,#3832,#3833,#3834));
#910=EDGE_LOOP('',(#3835,#3836,#3837,#3838,#3839,#3840,#3841,#3842));
#911=EDGE_LOOP('',(#3843,#3844,#3845,#3846));
#912=EDGE_LOOP('',(#3847,#3848,#3849,#3850,#3851));
#913=EDGE_LOOP('',(#3852,#3853,#3854,#3855));
#914=EDGE_LOOP('',(#3856,#3857,#3858,#3859,#3860));
#915=EDGE_LOOP('',(#3861,#3862,#3863,#3864,#3865));
#916=EDGE_LOOP('',(#3866,#3867,#3868,#3869));
#917=EDGE_LOOP('',(#3870,#3871,#3872,#3873));
#918=EDGE_LOOP('',(#3874,#3875,#3876,#3877));
#919=EDGE_LOOP('',(#3878,#3879,#3880,#3881,#3882));
#920=EDGE_LOOP('',(#3883,#3884,#3885,#3886,#3887,#3888,#3889,#3890));
#921=EDGE_LOOP('',(#3891,#3892,#3893,#3894,#3895,#3896,#3897,#3898));
#922=ELLIPSE('',#4364,14.4956890143242,10.25);
#923=ELLIPSE('',#4377,14.4956890143242,10.25);
#924=ELLIPSE('',#4379,14.4956890143242,10.25);
#925=ELLIPSE('',#4381,14.4956890143242,10.25);
#926=ELLIPSE('',#4387,14.4956890143242,10.25);
#927=ELLIPSE('',#4388,14.4956890143242,10.25);
#928=ELLIPSE('',#4442,14.4956890143242,10.25);
#929=ELLIPSE('',#4456,14.4956890143242,10.25);
#930=ELLIPSE('',#4537,14.4956890143242,10.25);
#931=ELLIPSE('',#4548,14.4956890143242,10.25);
#932=ELLIPSE('',#4550,14.4956890143242,10.25);
#933=ELLIPSE('',#4552,14.4956890143242,10.25);
#934=ELLIPSE('',#4565,14.4956890143242,10.25);
#935=ELLIPSE('',#4566,14.4956890143242,10.25);
#936=ELLIPSE('',#4572,14.4956890143242,10.25);
#937=ELLIPSE('',#4589,14.4956890143242,10.25);
#938=B_SPLINE_CURVE_WITH_KNOTS('',3,(#6121,#6122,#6123,#6124),
 .UNSPECIFIED.,.F.,.F.,(4,4),(-0.0742468978408912,0.),.UNSPECIFIED.);
#939=B_SPLINE_CURVE_WITH_KNOTS('',3,(#6195,#6196,#6197,#6198),
 .UNSPECIFIED.,.F.,.F.,(4,4),(-0.0717508427236731,0.),.UNSPECIFIED.);
#940=B_SPLINE_CURVE_WITH_KNOTS('',3,(#6284,#6285,#6286,#6287,#6288,#6289,
#6290,#6291,#6292,#6293,#6294,#6295,#6296,#6297,#6298,#6299,#6300,#6301,
#6302,#6303),.UNSPECIFIED.,.F.,.F.,(4,2,2,2,2,2,2,2,2,4),(0.,0.0753047344551266,
0.150609468910253,0.225909024516223,0.301208580122192,0.376508135728162,
0.451807691334132,0.527112425789259,0.602417160244386,0.602575095650909),
 .UNSPECIFIED.);
#941=B_SPLINE_CURVE_WITH_KNOTS('',3,(#6304,#6305,#6306,#6307,#6308,#6309,
#6310,#6311,#6312,#6313,#6314,#6315,#6316,#6317,#6318,#6319,#6320,#6321),
 .UNSPECIFIED.,.F.,.F.,(4,2,2,2,2,2,2,2,4),(0.602575095650909,0.677833447159269,
0.753249734074151,0.828647094578445,0.904044455082739,0.979441815587033,
1.05483917609133,1.13025546300621,1.20567174992109),.UNSPECIFIED.);
#942=B_SPLINE_CURVE_WITH_KNOTS('',3,(#6325,#6326,#6327,#6328,#6329,#6330,
#6331,#6332,#6333,#6334,#6335,#6336,#6337,#6338,#6339,#6340,#6341,#6342),
 .UNSPECIFIED.,.F.,.F.,(4,2,2,2,2,2,2,2,4),(0.,0.0754124015197561,0.150824803039512,
0.226218589536299,0.301612376033085,0.377006162529872,0.452399949026659,
0.527812350546415,0.603076198486598),.UNSPECIFIED.);
#943=B_SPLINE_CURVE_WITH_KNOTS('',3,(#6343,#6344,#6345,#6346,#6347,#6348,
#6349,#6350,#6351,#6352,#6353,#6354,#6355,#6356,#6357,#6358,#6359,#6360,
#6361,#6362),.UNSPECIFIED.,.F.,.F.,(4,2,2,2,2,2,2,2,2,4),(0.603076198486598,
0.603224752066171,0.678532595588477,0.753840439110782,0.829141865367211,
0.904443291623639,0.979744717880067,1.0550461441365,1.1303539876588,1.20566183118111),
 .UNSPECIFIED.);
#944=B_SPLINE_CURVE_WITH_KNOTS('',3,(#6366,#6367,#6368,#6369,#6370,#6371,
#6372,#6373,#6374,#6375,#6376,#6377,#6378,#6379,#6380,#6381,#6382,#6383,
#6384,#6385),.UNSPECIFIED.,.F.,.F.,(4,2,2,2,2,2,2,2,2,4),(0.,0.0753047344551269,
0.150609468910254,0.225909024516223,0.301208580122193,0.376508135728162,
0.451807691334132,0.527112425789259,0.602417160244386,0.602575095650909),
 .UNSPECIFIED.);
#945=B_SPLINE_CURVE_WITH_KNOTS('',3,(#6386,#6387,#6388,#6389,#6390,#6391,
#6392,#6393,#6394,#6395,#6396,#6397,#6398,#6399,#6400,#6401,#6402,#6403),
 .UNSPECIFIED.,.F.,.F.,(4,2,2,2,2,2,2,2,4),(0.602575095650909,0.677833447159268,
0.753249734074151,0.828647094578445,0.904044455082738,0.979441815587032,
1.05483917609133,1.13025546300621,1.20567174992109),.UNSPECIFIED.);
#946=B_SPLINE_CURVE_WITH_KNOTS('',3,(#6407,#6408,#6409,#6410,#6411,#6412,
#6413,#6414,#6415,#6416,#6417,#6418,#6419,#6420,#6421,#6422,#6423,#6424),
 .UNSPECIFIED.,.F.,.F.,(4,2,2,2,2,2,2,2,4),(0.,0.0754124015197561,0.150824803039512,
0.226218589536299,0.301612376033086,0.377006162529872,0.452399949026659,
0.527812350546415,0.603076198486598),.UNSPECIFIED.);
#947=B_SPLINE_CURVE_WITH_KNOTS('',3,(#6425,#6426,#6427,#6428,#6429,#6430,
#6431,#6432,#6433,#6434,#6435,#6436,#6437,#6438,#6439,#6440,#6441,#6442,
#6443,#6444),.UNSPECIFIED.,.F.,.F.,(4,2,2,2,2,2,2,2,2,4),(0.603076198486598,
0.603224752066171,0.678532595588477,0.753840439110782,0.829141865367211,
0.904443291623639,0.979744717880067,1.0550461441365,1.1303539876588,1.20566183118111),
 .UNSPECIFIED.);
#948=B_SPLINE_CURVE_WITH_KNOTS('',3,(#6448,#6449,#6450,#6451,#6452,#6453,
#6454,#6455,#6456,#6457,#6458,#6459,#6460,#6461,#6462,#6463,#6464,#6465,
#6466,#6467),.UNSPECIFIED.,.F.,.F.,(4,2,2,2,2,2,2,2,2,4),(0.,0.0753047344551268,
0.150609468910254,0.225909024516223,0.301208580122193,0.376508135728163,
0.451807691334132,0.527112425789259,0.602417160244386,0.602575095650909),
 .UNSPECIFIED.);
#949=B_SPLINE_CURVE_WITH_KNOTS('',3,(#6468,#6469,#6470,#6471,#6472,#6473,
#6474,#6475,#6476,#6477,#6478,#6479,#6480,#6481,#6482,#6483,#6484,#6485),
 .UNSPECIFIED.,.F.,.F.,(4,2,2,2,2,2,2,2,4),(0.602575095650909,0.677833447159268,
0.753249734074151,0.828647094578445,0.904044455082738,0.979441815587032,
1.05483917609133,1.13025546300621,1.20567174992109),.UNSPECIFIED.);
#950=B_SPLINE_CURVE_WITH_KNOTS('',3,(#6489,#6490,#6491,#6492,#6493,#6494,
#6495,#6496,#6497,#6498,#6499,#6500,#6501,#6502,#6503,#6504,#6505,#6506),
 .UNSPECIFIED.,.F.,.F.,(4,2,2,2,2,2,2,2,4),(0.,0.0754124015197561,0.150824803039512,
0.226218589536299,0.301612376033085,0.377006162529872,0.452399949026659,
0.527812350546415,0.6030761984866),.UNSPECIFIED.);
#951=B_SPLINE_CURVE_WITH_KNOTS('',3,(#6507,#6508,#6509,#6510,#6511,#6512,
#6513,#6514,#6515,#6516,#6517,#6518,#6519,#6520,#6521,#6522,#6523,#6524,
#6525,#6526),.UNSPECIFIED.,.F.,.F.,(4,2,2,2,2,2,2,2,2,4),(0.6030761984866,
0.603224752066171,0.678532595588477,0.753840439110782,0.82914186536721,
0.904443291623639,0.979744717880067,1.05504614413649,1.1303539876588,1.20566183118111),
 .UNSPECIFIED.);
#952=B_SPLINE_CURVE_WITH_KNOTS('',3,(#6627,#6628,#6629,#6630),
 .UNSPECIFIED.,.F.,.F.,(4,4),(-0.0742468978408912,0.),.UNSPECIFIED.);
#953=B_SPLINE_CURVE_WITH_KNOTS('',3,(#6634,#6635,#6636,#6637),
 .UNSPECIFIED.,.F.,.F.,(4,4),(-0.0717508427099841,0.),.UNSPECIFIED.);
#954=B_SPLINE_CURVE_WITH_KNOTS('',3,(#6817,#6818,#6819,#6820),
 .UNSPECIFIED.,.F.,.F.,(4,4),(-0.0717508427236761,0.),.UNSPECIFIED.);
#955=B_SPLINE_CURVE_WITH_KNOTS('',3,(#6866,#6867,#6868,#6869),
 .UNSPECIFIED.,.F.,.F.,(4,4),(-0.0742468978408883,0.),.UNSPECIFIED.);
#956=B_SPLINE_CURVE_WITH_KNOTS('',3,(#6968,#6969,#6970,#6971),
 .UNSPECIFIED.,.F.,.F.,(4,4),(-0.0717508427236835,0.),.UNSPECIFIED.);
#957=B_SPLINE_CURVE_WITH_KNOTS('',3,(#6977,#6978,#6979,#6980),
 .UNSPECIFIED.,.F.,.F.,(4,4),(-0.07424689784749,0.),.UNSPECIFIED.);
#958=LINE('',#6119,#1343);
#959=LINE('',#6126,#1344);
#960=LINE('',#6129,#1345);
#961=LINE('',#6132,#1346);
#962=LINE('',#6134,#1347);
#963=LINE('',#6135,#1348);
#964=LINE('',#6139,#1349);
#965=LINE('',#6141,#1350);
#966=LINE('',#6143,#1351);
#967=LINE('',#6144,#1352);
#968=LINE('',#6148,#1353);
#969=LINE('',#6150,#1354);
#970=LINE('',#6152,#1355);
#971=LINE('',#6153,#1356);
#972=LINE('',#6156,#1357);
#973=LINE('',#6158,#1358);
#974=LINE('',#6159,#1359);
#975=LINE('',#6163,#1360);
#976=LINE('',#6169,#1361);
#977=LINE('',#6170,#1362);
#978=LINE('',#6171,#1363);
#979=LINE('',#6175,#1364);
#980=LINE('',#6179,#1365);
#981=LINE('',#6181,#1366);
#982=LINE('',#6185,#1367);
#983=LINE('',#6186,#1368);
#984=LINE('',#6190,#1369);
#985=LINE('',#6194,#1370);
#986=LINE('',#6208,#1371);
#987=LINE('',#6214,#1372);
#988=LINE('',#6216,#1373);
#989=LINE('',#6220,#1374);
#990=LINE('',#6222,#1375);
#991=LINE('',#6223,#1376);
#992=LINE('',#6226,#1377);
#993=LINE('',#6230,#1378);
#994=LINE('',#6231,#1379);
#995=LINE('',#6234,#1380);
#996=LINE('',#6238,#1381);
#997=LINE('',#6242,#1382);
#998=LINE('',#6246,#1383);
#999=LINE('',#6248,#1384);
#1000=LINE('',#6250,#1385);
#1001=LINE('',#6252,#1386);
#1002=LINE('',#6255,#1387);
#1003=LINE('',#6258,#1388);
#1004=LINE('',#6259,#1389);
#1005=LINE('',#6267,#1390);
#1006=LINE('',#6272,#1391);
#1007=LINE('',#6275,#1392);
#1008=LINE('',#6280,#1393);
#1009=LINE('',#6323,#1394);
#1010=LINE('',#6405,#1395);
#1011=LINE('',#6487,#1396);
#1012=LINE('',#6530,#1397);
#1013=LINE('',#6533,#1398);
#1014=LINE('',#6534,#1399);
#1015=LINE('',#6539,#1400);
#1016=LINE('',#6541,#1401);
#1017=LINE('',#6548,#1402);
#1018=LINE('',#6550,#1403);
#1019=LINE('',#6555,#1404);
#1020=LINE('',#6560,#1405);
#1021=LINE('',#6562,#1406);
#1022=LINE('',#6566,#1407);
#1023=LINE('',#6570,#1408);
#1024=LINE('',#6572,#1409);
#1025=LINE('',#6574,#1410);
#1026=LINE('',#6576,#1411);
#1027=LINE('',#6578,#1412);
#1028=LINE('',#6581,#1413);
#1029=LINE('',#6587,#1414);
#1030=LINE('',#6590,#1415);
#1031=LINE('',#6595,#1416);
#1032=LINE('',#6598,#1417);
#1033=LINE('',#6600,#1418);
#1034=LINE('',#6601,#1419);
#1035=LINE('',#6603,#1420);
#1036=LINE('',#6606,#1421);
#1037=LINE('',#6607,#1422);
#1038=LINE('',#6609,#1423);
#1039=LINE('',#6612,#1424);
#1040=LINE('',#6616,#1425);
#1041=LINE('',#6617,#1426);
#1042=LINE('',#6619,#1427);
#1043=LINE('',#6622,#1428);
#1044=LINE('',#6626,#1429);
#1045=LINE('',#6641,#1430);
#1046=LINE('',#6644,#1431);
#1047=LINE('',#6648,#1432);
#1048=LINE('',#6649,#1433);
#1049=LINE('',#6656,#1434);
#1050=LINE('',#6661,#1435);
#1051=LINE('',#6671,#1436);
#1052=LINE('',#6678,#1437);
#1053=LINE('',#6691,#1438);
#1054=LINE('',#6697,#1439);
#1055=LINE('',#6701,#1440);
#1056=LINE('',#6706,#1441);
#1057=LINE('',#6710,#1442);
#1058=LINE('',#6715,#1443);
#1059=LINE('',#6723,#1444);
#1060=LINE('',#6725,#1445);
#1061=LINE('',#6738,#1446);
#1062=LINE('',#6741,#1447);
#1063=LINE('',#6744,#1448);
#1064=LINE('',#6748,#1449);
#1065=LINE('',#6750,#1450);
#1066=LINE('',#6754,#1451);
#1067=LINE('',#6755,#1452);
#1068=LINE('',#6762,#1453);
#1069=LINE('',#6763,#1454);
#1070=LINE('',#6767,#1455);
#1071=LINE('',#6772,#1456);
#1072=LINE('',#6777,#1457);
#1073=LINE('',#6779,#1458);
#1074=LINE('',#6781,#1459);
#1075=LINE('',#6783,#1460);
#1076=LINE('',#6787,#1461);
#1077=LINE('',#6789,#1462);
#1078=LINE('',#6791,#1463);
#1079=LINE('',#6795,#1464);
#1080=LINE('',#6798,#1465);
#1081=LINE('',#6803,#1466);
#1082=LINE('',#6808,#1467);
#1083=LINE('',#6811,#1468);
#1084=LINE('',#6816,#1469);
#1085=LINE('',#6822,#1470);
#1086=LINE('',#6826,#1471);
#1087=LINE('',#6827,#1472);
#1088=LINE('',#6831,#1473);
#1089=LINE('',#6832,#1474);
#1090=LINE('',#6833,#1475);
#1091=LINE('',#6836,#1476);
#1092=LINE('',#6837,#1477);
#1093=LINE('',#6838,#1478);
#1094=LINE('',#6841,#1479);
#1095=LINE('',#6842,#1480);
#1096=LINE('',#6845,#1481);
#1097=LINE('',#6849,#1482);
#1098=LINE('',#6850,#1483);
#1099=LINE('',#6853,#1484);
#1100=LINE('',#6857,#1485);
#1101=LINE('',#6864,#1486);
#1102=LINE('',#6874,#1487);
#1103=LINE('',#6877,#1488);
#1104=LINE('',#6880,#1489);
#1105=LINE('',#6881,#1490);
#1106=LINE('',#6884,#1491);
#1107=LINE('',#6890,#1492);
#1108=LINE('',#6892,#1493);
#1109=LINE('',#6894,#1494);
#1110=LINE('',#6897,#1495);
#1111=LINE('',#6904,#1496);
#1112=LINE('',#6910,#1497);
#1113=LINE('',#6913,#1498);
#1114=LINE('',#6917,#1499);
#1115=LINE('',#6919,#1500);
#1116=LINE('',#6921,#1501);
#1117=LINE('',#6922,#1502);
#1118=LINE('',#6925,#1503);
#1119=LINE('',#6926,#1504);
#1120=LINE('',#6931,#1505);
#1121=LINE('',#6932,#1506);
#1122=LINE('',#6933,#1507);
#1123=LINE('',#6936,#1508);
#1124=LINE('',#6937,#1509);
#1125=LINE('',#6941,#1510);
#1126=LINE('',#6947,#1511);
#1127=LINE('',#6948,#1512);
#1128=LINE('',#6949,#1513);
#1129=LINE('',#6953,#1514);
#1130=LINE('',#6958,#1515);
#1131=LINE('',#6960,#1516);
#1132=LINE('',#6961,#1517);
#1133=LINE('',#6963,#1518);
#1134=LINE('',#6964,#1519);
#1135=LINE('',#6967,#1520);
#1136=LINE('',#6983,#1521);
#1137=LINE('',#6985,#1522);
#1138=LINE('',#6992,#1523);
#1139=LINE('',#7007,#1524);
#1140=LINE('',#7010,#1525);
#1141=LINE('',#7015,#1526);
#1142=LINE('',#7018,#1527);
#1143=LINE('',#7021,#1528);
#1144=LINE('',#7024,#1529);
#1145=LINE('',#7028,#1530);
#1146=LINE('',#7029,#1531);
#1147=LINE('',#7030,#1532);
#1148=LINE('',#7033,#1533);
#1149=LINE('',#7037,#1534);
#1150=LINE('',#7046,#1535);
#1151=LINE('',#7054,#1536);
#1152=LINE('',#7062,#1537);
#1153=LINE('',#7065,#1538);
#1154=LINE('',#7071,#1539);
#1155=LINE('',#7075,#1540);
#1156=LINE('',#7076,#1541);
#1157=LINE('',#7088,#1542);
#1158=LINE('',#7090,#1543);
#1159=LINE('',#7092,#1544);
#1160=LINE('',#7093,#1545);
#1161=LINE('',#7096,#1546);
#1162=LINE('',#7098,#1547);
#1163=LINE('',#7099,#1548);
#1164=LINE('',#7102,#1549);
#1165=LINE('',#7104,#1550);
#1166=LINE('',#7105,#1551);
#1167=LINE('',#7107,#1552);
#1168=LINE('',#7108,#1553);
#1169=LINE('',#7113,#1554);
#1170=LINE('',#7115,#1555);
#1171=LINE('',#7117,#1556);
#1172=LINE('',#7118,#1557);
#1173=LINE('',#7121,#1558);
#1174=LINE('',#7123,#1559);
#1175=LINE('',#7124,#1560);
#1176=LINE('',#7127,#1561);
#1177=LINE('',#7129,#1562);
#1178=LINE('',#7130,#1563);
#1179=LINE('',#7132,#1564);
#1180=LINE('',#7133,#1565);
#1181=LINE('',#7139,#1566);
#1182=LINE('',#7158,#1567);
#1183=LINE('',#7160,#1568);
#1184=LINE('',#7162,#1569);
#1185=LINE('',#7163,#1570);
#1186=LINE('',#7166,#1571);
#1187=LINE('',#7168,#1572);
#1188=LINE('',#7169,#1573);
#1189=LINE('',#7172,#1574);
#1190=LINE('',#7174,#1575);
#1191=LINE('',#7175,#1576);
#1192=LINE('',#7177,#1577);
#1193=LINE('',#7178,#1578);
#1194=LINE('',#7181,#1579);
#1195=LINE('',#7183,#1580);
#1196=LINE('',#7184,#1581);
#1197=LINE('',#7187,#1582);
#1198=LINE('',#7188,#1583);
#1199=LINE('',#7192,#1584);
#1200=LINE('',#7193,#1585);
#1201=LINE('',#7195,#1586);
#1202=LINE('',#7199,#1587);
#1203=LINE('',#7201,#1588);
#1204=LINE('',#7203,#1589);
#1205=LINE('',#7204,#1590);
#1206=LINE('',#7208,#1591);
#1207=LINE('',#7210,#1592);
#1208=LINE('',#7212,#1593);
#1209=LINE('',#7213,#1594);
#1210=LINE('',#7215,#1595);
#1211=LINE('',#7216,#1596);
#1212=LINE('',#7218,#1597);
#1213=LINE('',#7219,#1598);
#1214=LINE('',#7222,#1599);
#1215=LINE('',#7224,#1600);
#1216=LINE('',#7225,#1601);
#1217=LINE('',#7228,#1602);
#1218=LINE('',#7229,#1603);
#1219=LINE('',#7235,#1604);
#1220=LINE('',#7236,#1605);
#1221=LINE('',#7238,#1606);
#1222=LINE('',#7242,#1607);
#1223=LINE('',#7249,#1608);
#1224=LINE('',#7251,#1609);
#1225=LINE('',#7253,#1610);
#1226=LINE('',#7254,#1611);
#1227=LINE('',#7257,#1612);
#1228=LINE('',#7259,#1613);
#1229=LINE('',#7260,#1614);
#1230=LINE('',#7263,#1615);
#1231=LINE('',#7265,#1616);
#1232=LINE('',#7266,#1617);
#1233=LINE('',#7269,#1618);
#1234=LINE('',#7271,#1619);
#1235=LINE('',#7272,#1620);
#1236=LINE('',#7275,#1621);
#1237=LINE('',#7277,#1622);
#1238=LINE('',#7278,#1623);
#1239=LINE('',#7281,#1624);
#1240=LINE('',#7283,#1625);
#1241=LINE('',#7284,#1626);
#1242=LINE('',#7287,#1627);
#1243=LINE('',#7289,#1628);
#1244=LINE('',#7290,#1629);
#1245=LINE('',#7292,#1630);
#1246=LINE('',#7293,#1631);
#1247=LINE('',#7296,#1632);
#1248=LINE('',#7298,#1633);
#1249=LINE('',#7299,#1634);
#1250=LINE('',#7302,#1635);
#1251=LINE('',#7303,#1636);
#1252=LINE('',#7306,#1637);
#1253=LINE('',#7307,#1638);
#1254=LINE('',#7310,#1639);
#1255=LINE('',#7311,#1640);
#1256=LINE('',#7315,#1641);
#1257=LINE('',#7317,#1642);
#1258=LINE('',#7318,#1643);
#1259=LINE('',#7320,#1644);
#1260=LINE('',#7323,#1645);
#1261=LINE('',#7324,#1646);
#1262=LINE('',#7326,#1647);
#1263=LINE('',#7340,#1648);
#1264=LINE('',#7341,#1649);
#1265=LINE('',#7349,#1650);
#1266=LINE('',#7350,#1651);
#1267=LINE('',#7353,#1652);
#1268=LINE('',#7355,#1653);
#1269=LINE('',#7356,#1654);
#1270=LINE('',#7359,#1655);
#1271=LINE('',#7365,#1656);
#1272=LINE('',#7367,#1657);
#1273=LINE('',#7368,#1658);
#1274=LINE('',#7369,#1659);
#1275=LINE('',#7372,#1660);
#1276=LINE('',#7377,#1661);
#1277=LINE('',#7378,#1662);
#1278=LINE('',#7382,#1663);
#1279=LINE('',#7389,#1664);
#1280=LINE('',#7398,#1665);
#1281=LINE('',#7406,#1666);
#1282=LINE('',#7409,#1667);
#1283=LINE('',#7412,#1668);
#1284=LINE('',#7416,#1669);
#1285=LINE('',#7420,#1670);
#1286=LINE('',#7423,#1671);
#1287=LINE('',#7426,#1672);
#1288=LINE('',#7427,#1673);
#1289=LINE('',#7430,#1674);
#1290=LINE('',#7431,#1675);
#1291=LINE('',#7435,#1676);
#1292=LINE('',#7439,#1677);
#1293=LINE('',#7443,#1678);
#1294=LINE('',#7445,#1679);
#1295=LINE('',#7446,#1680);
#1296=LINE('',#7450,#1681);
#1297=LINE('',#7455,#1682);
#1298=LINE('',#7457,#1683);
#1299=LINE('',#7458,#1684);
#1300=LINE('',#7462,#1685);
#1301=LINE('',#7467,#1686);
#1302=LINE('',#7469,#1687);
#1303=LINE('',#7470,#1688);
#1304=LINE('',#7474,#1689);
#1305=LINE('',#7478,#1690);
#1306=LINE('',#7479,#1691);
#1307=LINE('',#7482,#1692);
#1308=LINE('',#7484,#1693);
#1309=LINE('',#7485,#1694);
#1310=LINE('',#7488,#1695);
#1311=LINE('',#7492,#1696);
#1312=LINE('',#7493,#1697);
#1313=LINE('',#7496,#1698);
#1314=LINE('',#7501,#1699);
#1315=LINE('',#7502,#1700);
#1316=LINE('',#7505,#1701);
#1317=LINE('',#7510,#1702);
#1318=LINE('',#7512,#1703);
#1319=LINE('',#7515,#1704);
#1320=LINE('',#7518,#1705);
#1321=LINE('',#7521,#1706);
#1322=LINE('',#7522,#1707);
#1323=LINE('',#7525,#1708);
#1324=LINE('',#7526,#1709);
#1325=LINE('',#7534,#1710);
#1326=LINE('',#7538,#1711);
#1327=LINE('',#7542,#1712);
#1328=LINE('',#7545,#1713);
#1329=LINE('',#7550,#1714);
#1330=LINE('',#7552,#1715);
#1331=LINE('',#7554,#1716);
#1332=LINE('',#7555,#1717);
#1333=LINE('',#7559,#1718);
#1334=LINE('',#7562,#1719);
#1335=LINE('',#7564,#1720);
#1336=LINE('',#7565,#1721);
#1337=LINE('',#7569,#1722);
#1338=LINE('',#7572,#1723);
#1339=LINE('',#7573,#1724);
#1340=LINE('',#7577,#1725);
#1341=LINE('',#7580,#1726);
#1342=LINE('',#7581,#1727);
#1343=VECTOR('',#4823,10.);
#1344=VECTOR('',#4824,10.);
#1345=VECTOR('',#4827,10.);
#1346=VECTOR('',#4830,10.);
#1347=VECTOR('',#4831,10.);
#1348=VECTOR('',#4832,10.);
#1349=VECTOR('',#4835,10.);
#1350=VECTOR('',#4836,10.);
#1351=VECTOR('',#4837,10.);
#1352=VECTOR('',#4838,10.);
#1353=VECTOR('',#4841,10.);
#1354=VECTOR('',#4842,10.);
#1355=VECTOR('',#4843,10.);
#1356=VECTOR('',#4844,10.);
#1357=VECTOR('',#4847,10.);
#1358=VECTOR('',#4848,10.);
#1359=VECTOR('',#4849,10.);
#1360=VECTOR('',#4852,10.);
#1361=VECTOR('',#4859,10.);
#1362=VECTOR('',#4860,10.);
#1363=VECTOR('',#4861,10.);
#1364=VECTOR('',#4864,10.);
#1365=VECTOR('',#4871,10.);
#1366=VECTOR('',#4872,10.);
#1367=VECTOR('',#4877,10.);
#1368=VECTOR('',#4878,10.);
#1369=VECTOR('',#4883,10.);
#1370=VECTOR('',#4886,10.);
#1371=VECTOR('',#4899,10.);
#1372=VECTOR('',#4906,10.);
#1373=VECTOR('',#4907,10.);
#1374=VECTOR('',#4910,10.);
#1375=VECTOR('',#4911,10.);
#1376=VECTOR('',#4912,10.);
#1377=VECTOR('',#4915,10.);
#1378=VECTOR('',#4920,10.);
#1379=VECTOR('',#4921,10.);
#1380=VECTOR('',#4924,10.);
#1381=VECTOR('',#4929,10.);
#1382=VECTOR('',#4932,10.);
#1383=VECTOR('',#4935,10.);
#1384=VECTOR('',#4936,10.);
#1385=VECTOR('',#4937,10.);
#1386=VECTOR('',#4938,10.);
#1387=VECTOR('',#4941,10.);
#1388=VECTOR('',#4944,10.);
#1389=VECTOR('',#4945,10.);
#1390=VECTOR('',#4954,3.355);
#1391=VECTOR('',#4961,3.105);
#1392=VECTOR('',#4964,3.355);
#1393=VECTOR('',#4971,3.105);
#1394=VECTOR('',#4974,2.);
#1395=VECTOR('',#4977,2.);
#1396=VECTOR('',#4980,2.);
#1397=VECTOR('',#4985,10.);
#1398=VECTOR('',#4988,10.);
#1399=VECTOR('',#4989,10.);
#1400=VECTOR('',#4994,10.);
#1401=VECTOR('',#4995,10.);
#1402=VECTOR('',#5004,10.);
#1403=VECTOR('',#5007,10.);
#1404=VECTOR('',#5012,3.355);
#1405=VECTOR('',#5017,10.);
#1406=VECTOR('',#5018,10.);
#1407=VECTOR('',#5021,10.);
#1408=VECTOR('',#5024,10.);
#1409=VECTOR('',#5025,10.);
#1410=VECTOR('',#5026,10.);
#1411=VECTOR('',#5027,10.);
#1412=VECTOR('',#5028,10.);
#1413=VECTOR('',#5031,10.);
#1414=VECTOR('',#5038,3.105);
#1415=VECTOR('',#5041,3.355);
#1416=VECTOR('',#5048,3.105);
#1417=VECTOR('',#5051,10.);
#1418=VECTOR('',#5052,10.);
#1419=VECTOR('',#5053,10.);
#1420=VECTOR('',#5056,10.);
#1421=VECTOR('',#5061,10.);
#1422=VECTOR('',#5062,10.);
#1423=VECTOR('',#5065,10.);
#1424=VECTOR('',#5068,10.);
#1425=VECTOR('',#5073,10.);
#1426=VECTOR('',#5074,10.);
#1427=VECTOR('',#5077,10.);
#1428=VECTOR('',#5082,10.);
#1429=VECTOR('',#5087,10.);
#1430=VECTOR('',#5096,10.);
#1431=VECTOR('',#5099,10.);
#1432=VECTOR('',#5104,10.);
#1433=VECTOR('',#5105,10.);
#1434=VECTOR('',#5114,10.);
#1435=VECTOR('',#5119,10.);
#1436=VECTOR('',#5132,66.94);
#1437=VECTOR('',#5139,62.94);
#1438=VECTOR('',#5158,67.69);
#1439=VECTOR('',#5167,63.69);
#1440=VECTOR('',#5172,4.355);
#1441=VECTOR('',#5179,4.355);
#1442=VECTOR('',#5184,4.355);
#1443=VECTOR('',#5191,4.355);
#1444=VECTOR('',#5202,3.105);
#1445=VECTOR('',#5205,3.105);
#1446=VECTOR('',#5224,10.);
#1447=VECTOR('',#5227,10.);
#1448=VECTOR('',#5230,10.);
#1449=VECTOR('',#5233,10.);
#1450=VECTOR('',#5234,10.);
#1451=VECTOR('',#5237,10.);
#1452=VECTOR('',#5238,10.);
#1453=VECTOR('',#5245,10.);
#1454=VECTOR('',#5246,10.);
#1455=VECTOR('',#5251,10.);
#1456=VECTOR('',#5256,3.355);
#1457=VECTOR('',#5261,10.);
#1458=VECTOR('',#5262,10.);
#1459=VECTOR('',#5263,10.);
#1460=VECTOR('',#5264,10.);
#1461=VECTOR('',#5267,10.);
#1462=VECTOR('',#5268,10.);
#1463=VECTOR('',#5269,10.);
#1464=VECTOR('',#5272,10.);
#1465=VECTOR('',#5275,10.);
#1466=VECTOR('',#5280,3.105);
#1467=VECTOR('',#5287,3.355);
#1468=VECTOR('',#5290,3.105);
#1469=VECTOR('',#5295,10.);
#1470=VECTOR('',#5296,10.);
#1471=VECTOR('',#5301,10.);
#1472=VECTOR('',#5302,10.);
#1473=VECTOR('',#5305,10.);
#1474=VECTOR('',#5306,10.);
#1475=VECTOR('',#5307,10.);
#1476=VECTOR('',#5310,10.);
#1477=VECTOR('',#5311,10.);
#1478=VECTOR('',#5312,10.);
#1479=VECTOR('',#5315,10.);
#1480=VECTOR('',#5316,10.);
#1481=VECTOR('',#5319,10.);
#1482=VECTOR('',#5324,10.);
#1483=VECTOR('',#5325,10.);
#1484=VECTOR('',#5328,10.);
#1485=VECTOR('',#5333,10.);
#1486=VECTOR('',#5342,10.);
#1487=VECTOR('',#5351,10.);
#1488=VECTOR('',#5354,10.);
#1489=VECTOR('',#5357,10.);
#1490=VECTOR('',#5358,10.);
#1491=VECTOR('',#5361,10.);
#1492=VECTOR('',#5368,10.);
#1493=VECTOR('',#5369,10.);
#1494=VECTOR('',#5370,10.);
#1495=VECTOR('',#5373,10.);
#1496=VECTOR('',#5380,10.);
#1497=VECTOR('',#5387,10.);
#1498=VECTOR('',#5390,10.);
#1499=VECTOR('',#5393,10.);
#1500=VECTOR('',#5394,10.);
#1501=VECTOR('',#5395,10.);
#1502=VECTOR('',#5396,10.);
#1503=VECTOR('',#5399,10.);
#1504=VECTOR('',#5400,10.);
#1505=VECTOR('',#5405,10.);
#1506=VECTOR('',#5406,10.);
#1507=VECTOR('',#5407,10.);
#1508=VECTOR('',#5410,10.);
#1509=VECTOR('',#5411,10.);
#1510=VECTOR('',#5414,10.);
#1511=VECTOR('',#5421,10.);
#1512=VECTOR('',#5422,10.);
#1513=VECTOR('',#5423,10.);
#1514=VECTOR('',#5426,10.);
#1515=VECTOR('',#5433,10.);
#1516=VECTOR('',#5434,10.);
#1517=VECTOR('',#5435,10.);
#1518=VECTOR('',#5438,10.);
#1519=VECTOR('',#5439,10.);
#1520=VECTOR('',#5442,10.);
#1521=VECTOR('',#5451,10.);
#1522=VECTOR('',#5454,10.);
#1523=VECTOR('',#5463,10.);
#1524=VECTOR('',#5484,3.355);
#1525=VECTOR('',#5487,3.105);
#1526=VECTOR('',#5494,3.355);
#1527=VECTOR('',#5497,3.105);
#1528=VECTOR('',#5502,10.);
#1529=VECTOR('',#5505,10.);
#1530=VECTOR('',#5508,10.);
#1531=VECTOR('',#5509,10.);
#1532=VECTOR('',#5510,10.);
#1533=VECTOR('',#5513,3.105);
#1534=VECTOR('',#5518,3.105);
#1535=VECTOR('',#5531,63.69);
#1536=VECTOR('',#5542,68.69);
#1537=VECTOR('',#5553,62.94);
#1538=VECTOR('',#5556,66.94);
#1539=VECTOR('',#5565,10.);
#1540=VECTOR('',#5570,10.);
#1541=VECTOR('',#5571,10.);
#1542=VECTOR('',#5590,10.);
#1543=VECTOR('',#5591,10.);
#1544=VECTOR('',#5592,10.);
#1545=VECTOR('',#5593,10.);
#1546=VECTOR('',#5596,10.);
#1547=VECTOR('',#5597,10.);
#1548=VECTOR('',#5598,10.);
#1549=VECTOR('',#5601,10.);
#1550=VECTOR('',#5602,10.);
#1551=VECTOR('',#5603,10.);
#1552=VECTOR('',#5606,10.);
#1553=VECTOR('',#5607,10.);
#1554=VECTOR('',#5612,10.);
#1555=VECTOR('',#5613,10.);
#1556=VECTOR('',#5614,10.);
#1557=VECTOR('',#5615,10.);
#1558=VECTOR('',#5618,10.);
#1559=VECTOR('',#5619,10.);
#1560=VECTOR('',#5620,10.);
#1561=VECTOR('',#5623,10.);
#1562=VECTOR('',#5624,10.);
#1563=VECTOR('',#5625,10.);
#1564=VECTOR('',#5628,10.);
#1565=VECTOR('',#5629,10.);
#1566=VECTOR('',#5636,64.44);
#1567=VECTOR('',#5659,10.);
#1568=VECTOR('',#5660,10.);
#1569=VECTOR('',#5661,10.);
#1570=VECTOR('',#5662,10.);
#1571=VECTOR('',#5665,10.);
#1572=VECTOR('',#5666,10.);
#1573=VECTOR('',#5667,10.);
#1574=VECTOR('',#5670,10.);
#1575=VECTOR('',#5671,10.);
#1576=VECTOR('',#5672,10.);
#1577=VECTOR('',#5675,10.);
#1578=VECTOR('',#5676,10.);
#1579=VECTOR('',#5679,10.);
#1580=VECTOR('',#5680,10.);
#1581=VECTOR('',#5681,10.);
#1582=VECTOR('',#5684,10.);
#1583=VECTOR('',#5685,10.);
#1584=VECTOR('',#5690,10.);
#1585=VECTOR('',#5691,10.);
#1586=VECTOR('',#5694,10.);
#1587=VECTOR('',#5697,10.);
#1588=VECTOR('',#5698,10.);
#1589=VECTOR('',#5699,10.);
#1590=VECTOR('',#5700,10.);
#1591=VECTOR('',#5703,10.);
#1592=VECTOR('',#5704,10.);
#1593=VECTOR('',#5705,10.);
#1594=VECTOR('',#5706,10.);
#1595=VECTOR('',#5709,10.);
#1596=VECTOR('',#5710,10.);
#1597=VECTOR('',#5713,10.);
#1598=VECTOR('',#5714,10.);
#1599=VECTOR('',#5717,10.);
#1600=VECTOR('',#5718,10.);
#1601=VECTOR('',#5719,10.);
#1602=VECTOR('',#5722,10.);
#1603=VECTOR('',#5723,10.);
#1604=VECTOR('',#5730,10.);
#1605=VECTOR('',#5731,10.);
#1606=VECTOR('',#5734,10.);
#1607=VECTOR('',#5739,10.25);
#1608=VECTOR('',#5748,10.);
#1609=VECTOR('',#5749,10.);
#1610=VECTOR('',#5750,10.);
#1611=VECTOR('',#5751,10.);
#1612=VECTOR('',#5754,10.);
#1613=VECTOR('',#5755,10.);
#1614=VECTOR('',#5756,10.);
#1615=VECTOR('',#5759,10.);
#1616=VECTOR('',#5760,10.);
#1617=VECTOR('',#5761,10.);
#1618=VECTOR('',#5764,10.);
#1619=VECTOR('',#5765,10.);
#1620=VECTOR('',#5766,10.);
#1621=VECTOR('',#5769,10.);
#1622=VECTOR('',#5770,10.);
#1623=VECTOR('',#5771,10.);
#1624=VECTOR('',#5774,10.);
#1625=VECTOR('',#5775,10.);
#1626=VECTOR('',#5776,10.);
#1627=VECTOR('',#5779,10.);
#1628=VECTOR('',#5780,10.);
#1629=VECTOR('',#5781,10.);
#1630=VECTOR('',#5784,10.);
#1631=VECTOR('',#5785,10.);
#1632=VECTOR('',#5788,10.);
#1633=VECTOR('',#5789,10.);
#1634=VECTOR('',#5790,10.);
#1635=VECTOR('',#5793,10.);
#1636=VECTOR('',#5794,10.);
#1637=VECTOR('',#5797,10.);
#1638=VECTOR('',#5798,10.);
#1639=VECTOR('',#5801,10.);
#1640=VECTOR('',#5802,10.);
#1641=VECTOR('',#5807,10.);
#1642=VECTOR('',#5808,10.);
#1643=VECTOR('',#5809,10.);
#1644=VECTOR('',#5812,10.);
#1645=VECTOR('',#5815,10.);
#1646=VECTOR('',#5816,10.);
#1647=VECTOR('',#5819,10.);
#1648=VECTOR('',#5834,10.);
#1649=VECTOR('',#5835,10.);
#1650=VECTOR('',#5846,10.);
#1651=VECTOR('',#5847,10.);
#1652=VECTOR('',#5850,10.);
#1653=VECTOR('',#5851,10.);
#1654=VECTOR('',#5852,10.);
#1655=VECTOR('',#5855,10.);
#1656=VECTOR('',#5862,10.);
#1657=VECTOR('',#5863,10.);
#1658=VECTOR('',#5864,10.);
#1659=VECTOR('',#5865,10.);
#1660=VECTOR('',#5868,10.);
#1661=VECTOR('',#5875,10.);
#1662=VECTOR('',#5876,10.);
#1663=VECTOR('',#5883,10.);
#1664=VECTOR('',#5892,1.);
#1665=VECTOR('',#5905,4.3);
#1666=VECTOR('',#5914,10.);
#1667=VECTOR('',#5917,10.);
#1668=VECTOR('',#5920,10.);
#1669=VECTOR('',#5923,10.);
#1670=VECTOR('',#5926,10.);
#1671=VECTOR('',#5929,10.);
#1672=VECTOR('',#5932,10.);
#1673=VECTOR('',#5933,10.);
#1674=VECTOR('',#5936,10.);
#1675=VECTOR('',#5937,10.);
#1676=VECTOR('',#5940,10.);
#1677=VECTOR('',#5943,10.);
#1678=VECTOR('',#5948,10.);
#1679=VECTOR('',#5949,10.);
#1680=VECTOR('',#5950,10.);
#1681=VECTOR('',#5953,10.);
#1682=VECTOR('',#5960,10.);
#1683=VECTOR('',#5961,10.);
#1684=VECTOR('',#5962,10.);
#1685=VECTOR('',#5965,10.);
#1686=VECTOR('',#5972,10.);
#1687=VECTOR('',#5973,10.);
#1688=VECTOR('',#5974,10.);
#1689=VECTOR('',#5977,10.);
#1690=VECTOR('',#5984,10.);
#1691=VECTOR('',#5985,10.);
#1692=VECTOR('',#5988,10.);
#1693=VECTOR('',#5989,10.);
#1694=VECTOR('',#5990,10.);
#1695=VECTOR('',#5993,10.);
#1696=VECTOR('',#5998,10.);
#1697=VECTOR('',#5999,10.);
#1698=VECTOR('',#6002,10.);
#1699=VECTOR('',#6009,10.);
#1700=VECTOR('',#6010,10.);
#1701=VECTOR('',#6013,10.);
#1702=VECTOR('',#6020,10.);
#1703=VECTOR('',#6023,10.);
#1704=VECTOR('',#6026,10.);
#1705=VECTOR('',#6029,10.);
#1706=VECTOR('',#6032,10.);
#1707=VECTOR('',#6033,10.);
#1708=VECTOR('',#6036,10.);
#1709=VECTOR('',#6037,10.);
#1710=VECTOR('',#6046,10.);
#1711=VECTOR('',#6049,10.);
#1712=VECTOR('',#6052,10.);
#1713=VECTOR('',#6055,10.);
#1714=VECTOR('',#6062,10.);
#1715=VECTOR('',#6063,10.);
#1716=VECTOR('',#6064,10.);
#1717=VECTOR('',#6065,10.);
#1718=VECTOR('',#6070,10.);
#1719=VECTOR('',#6073,10.);
#1720=VECTOR('',#6074,10.);
#1721=VECTOR('',#6075,10.);
#1722=VECTOR('',#6080,10.);
#1723=VECTOR('',#6083,10.);
#1724=VECTOR('',#6084,10.);
#1725=VECTOR('',#6089,10.);
#1726=VECTOR('',#6092,10.);
#1727=VECTOR('',#6093,10.);
#1728=VERTEX_POINT('',#6117);
#1729=VERTEX_POINT('',#6118);
#1730=VERTEX_POINT('',#6120);
#1731=VERTEX_POINT('',#6125);
#1732=VERTEX_POINT('',#6127);
#1733=VERTEX_POINT('',#6131);
#1734=VERTEX_POINT('',#6133);
#1735=VERTEX_POINT('',#6137);
#1736=VERTEX_POINT('',#6138);
#1737=VERTEX_POINT('',#6140);
#1738=VERTEX_POINT('',#6142);
#1739=VERTEX_POINT('',#6146);
#1740=VERTEX_POINT('',#6147);
#1741=VERTEX_POINT('',#6149);
#1742=VERTEX_POINT('',#6151);
#1743=VERTEX_POINT('',#6155);
#1744=VERTEX_POINT('',#6157);
#1745=VERTEX_POINT('',#6161);
#1746=VERTEX_POINT('',#6162);
#1747=VERTEX_POINT('',#6167);
#1748=VERTEX_POINT('',#6168);
#1749=VERTEX_POINT('',#6173);
#1750=VERTEX_POINT('',#6174);
#1751=VERTEX_POINT('',#6180);
#1752=VERTEX_POINT('',#6184);
#1753=VERTEX_POINT('',#6189);
#1754=VERTEX_POINT('',#6191);
#1755=VERTEX_POINT('',#6193);
#1756=VERTEX_POINT('',#6203);
#1757=VERTEX_POINT('',#6205);
#1758=VERTEX_POINT('',#6207);
#1759=VERTEX_POINT('',#6209);
#1760=VERTEX_POINT('',#6213);
#1761=VERTEX_POINT('',#6215);
#1762=VERTEX_POINT('',#6217);
#1763=VERTEX_POINT('',#6219);
#1764=VERTEX_POINT('',#6221);
#1765=VERTEX_POINT('',#6225);
#1766=VERTEX_POINT('',#6229);
#1767=VERTEX_POINT('',#6233);
#1768=VERTEX_POINT('',#6237);
#1769=VERTEX_POINT('',#6239);
#1770=VERTEX_POINT('',#6241);
#1771=VERTEX_POINT('',#6243);
#1772=VERTEX_POINT('',#6245);
#1773=VERTEX_POINT('',#6247);
#1774=VERTEX_POINT('',#6249);
#1775=VERTEX_POINT('',#6251);
#1776=VERTEX_POINT('',#6253);
#1777=VERTEX_POINT('',#6257);
#1778=VERTEX_POINT('',#6261);
#1779=VERTEX_POINT('',#6263);
#1780=VERTEX_POINT('',#6266);
#1781=VERTEX_POINT('',#6270);
#1782=VERTEX_POINT('',#6274);
#1783=VERTEX_POINT('',#6278);
#1784=VERTEX_POINT('',#6282);
#1785=VERTEX_POINT('',#6283);
#1786=VERTEX_POINT('',#6322);
#1787=VERTEX_POINT('',#6324);
#1788=VERTEX_POINT('',#6364);
#1789=VERTEX_POINT('',#6365);
#1790=VERTEX_POINT('',#6404);
#1791=VERTEX_POINT('',#6406);
#1792=VERTEX_POINT('',#6446);
#1793=VERTEX_POINT('',#6447);
#1794=VERTEX_POINT('',#6486);
#1795=VERTEX_POINT('',#6488);
#1796=VERTEX_POINT('',#6528);
#1797=VERTEX_POINT('',#6532);
#1798=VERTEX_POINT('',#6536);
#1799=VERTEX_POINT('',#6538);
#1800=VERTEX_POINT('',#6540);
#1801=VERTEX_POINT('',#6543);
#1802=VERTEX_POINT('',#6545);
#1803=VERTEX_POINT('',#6552);
#1804=VERTEX_POINT('',#6554);
#1805=VERTEX_POINT('',#6558);
#1806=VERTEX_POINT('',#6559);
#1807=VERTEX_POINT('',#6561);
#1808=VERTEX_POINT('',#6563);
#1809=VERTEX_POINT('',#6565);
#1810=VERTEX_POINT('',#6567);
#1811=VERTEX_POINT('',#6569);
#1812=VERTEX_POINT('',#6571);
#1813=VERTEX_POINT('',#6573);
#1814=VERTEX_POINT('',#6575);
#1815=VERTEX_POINT('',#6577);
#1816=VERTEX_POINT('',#6579);
#1817=VERTEX_POINT('',#6582);
#1818=VERTEX_POINT('',#6585);
#1819=VERTEX_POINT('',#6589);
#1820=VERTEX_POINT('',#6593);
#1821=VERTEX_POINT('',#6597);
#1822=VERTEX_POINT('',#6599);
#1823=VERTEX_POINT('',#6611);
#1824=VERTEX_POINT('',#6615);
#1825=VERTEX_POINT('',#6625);
#1826=VERTEX_POINT('',#6632);
#1827=VERTEX_POINT('',#6639);
#1828=VERTEX_POINT('',#6643);
#1829=VERTEX_POINT('',#6647);
#1830=VERTEX_POINT('',#6653);
#1831=VERTEX_POINT('',#6654);
#1832=VERTEX_POINT('',#6658);
#1833=VERTEX_POINT('',#6659);
#1834=VERTEX_POINT('',#6665);
#1835=VERTEX_POINT('',#6668);
#1836=VERTEX_POINT('',#6669);
#1837=VERTEX_POINT('',#6674);
#1838=VERTEX_POINT('',#6675);
#1839=VERTEX_POINT('',#6677);
#1840=VERTEX_POINT('',#6679);
#1841=VERTEX_POINT('',#6684);
#1842=VERTEX_POINT('',#6690);
#1843=VERTEX_POINT('',#6694);
#1844=VERTEX_POINT('',#6699);
#1845=VERTEX_POINT('',#6703);
#1846=VERTEX_POINT('',#6708);
#1847=VERTEX_POINT('',#6712);
#1848=VERTEX_POINT('',#6717);
#1849=VERTEX_POINT('',#6720);
#1850=VERTEX_POINT('',#6734);
#1851=VERTEX_POINT('',#6735);
#1852=VERTEX_POINT('',#6737);
#1853=VERTEX_POINT('',#6739);
#1854=VERTEX_POINT('',#6743);
#1855=VERTEX_POINT('',#6745);
#1856=VERTEX_POINT('',#6747);
#1857=VERTEX_POINT('',#6749);
#1858=VERTEX_POINT('',#6751);
#1859=VERTEX_POINT('',#6753);
#1860=VERTEX_POINT('',#6756);
#1861=VERTEX_POINT('',#6758);
#1862=VERTEX_POINT('',#6761);
#1863=VERTEX_POINT('',#6765);
#1864=VERTEX_POINT('',#6769);
#1865=VERTEX_POINT('',#6771);
#1866=VERTEX_POINT('',#6775);
#1867=VERTEX_POINT('',#6776);
#1868=VERTEX_POINT('',#6778);
#1869=VERTEX_POINT('',#6780);
#1870=VERTEX_POINT('',#6782);
#1871=VERTEX_POINT('',#6784);
#1872=VERTEX_POINT('',#6786);
#1873=VERTEX_POINT('',#6788);
#1874=VERTEX_POINT('',#6790);
#1875=VERTEX_POINT('',#6792);
#1876=VERTEX_POINT('',#6794);
#1877=VERTEX_POINT('',#6796);
#1878=VERTEX_POINT('',#6799);
#1879=VERTEX_POINT('',#6802);
#1880=VERTEX_POINT('',#6806);
#1881=VERTEX_POINT('',#6810);
#1882=VERTEX_POINT('',#6814);
#1883=VERTEX_POINT('',#6815);
#1884=VERTEX_POINT('',#6821);
#1885=VERTEX_POINT('',#6825);
#1886=VERTEX_POINT('',#6829);
#1887=VERTEX_POINT('',#6830);
#1888=VERTEX_POINT('',#6835);
#1889=VERTEX_POINT('',#6840);
#1890=VERTEX_POINT('',#6844);
#1891=VERTEX_POINT('',#6848);
#1892=VERTEX_POINT('',#6852);
#1893=VERTEX_POINT('',#6856);
#1894=VERTEX_POINT('',#6862);
#1895=VERTEX_POINT('',#6863);
#1896=VERTEX_POINT('',#6873);
#1897=VERTEX_POINT('',#6875);
#1898=VERTEX_POINT('',#6879);
#1899=VERTEX_POINT('',#6883);
#1900=VERTEX_POINT('',#6887);
#1901=VERTEX_POINT('',#6889);
#1902=VERTEX_POINT('',#6891);
#1903=VERTEX_POINT('',#6893);
#1904=VERTEX_POINT('',#6895);
#1905=VERTEX_POINT('',#6899);
#1906=VERTEX_POINT('',#6901);
#1907=VERTEX_POINT('',#6903);
#1908=VERTEX_POINT('',#6907);
#1909=VERTEX_POINT('',#6909);
#1910=VERTEX_POINT('',#6911);
#1911=VERTEX_POINT('',#6915);
#1912=VERTEX_POINT('',#6916);
#1913=VERTEX_POINT('',#6918);
#1914=VERTEX_POINT('',#6920);
#1915=VERTEX_POINT('',#6924);
#1916=VERTEX_POINT('',#6929);
#1917=VERTEX_POINT('',#6930);
#1918=VERTEX_POINT('',#6935);
#1919=VERTEX_POINT('',#6939);
#1920=VERTEX_POINT('',#6940);
#1921=VERTEX_POINT('',#6945);
#1922=VERTEX_POINT('',#6946);
#1923=VERTEX_POINT('',#6951);
#1924=VERTEX_POINT('',#6952);
#1925=VERTEX_POINT('',#6957);
#1926=VERTEX_POINT('',#6959);
#1927=VERTEX_POINT('',#6966);
#1928=VERTEX_POINT('',#6973);
#1929=VERTEX_POINT('',#6975);
#1930=VERTEX_POINT('',#6982);
#1931=VERTEX_POINT('',#6989);
#1932=VERTEX_POINT('',#6991);
#1933=VERTEX_POINT('',#6997);
#1934=VERTEX_POINT('',#7000);
#1935=VERTEX_POINT('',#7002);
#1936=VERTEX_POINT('',#7005);
#1937=VERTEX_POINT('',#7009);
#1938=VERTEX_POINT('',#7013);
#1939=VERTEX_POINT('',#7017);
#1940=VERTEX_POINT('',#7023);
#1941=VERTEX_POINT('',#7025);
#1942=VERTEX_POINT('',#7027);
#1943=VERTEX_POINT('',#7032);
#1944=VERTEX_POINT('',#7036);
#1945=VERTEX_POINT('',#7043);
#1946=VERTEX_POINT('',#7045);
#1947=VERTEX_POINT('',#7049);
#1948=VERTEX_POINT('',#7052);
#1949=VERTEX_POINT('',#7056);
#1950=VERTEX_POINT('',#7057);
#1951=VERTEX_POINT('',#7064);
#1952=VERTEX_POINT('',#7070);
#1953=VERTEX_POINT('',#7074);
#1954=VERTEX_POINT('',#7086);
#1955=VERTEX_POINT('',#7087);
#1956=VERTEX_POINT('',#7089);
#1957=VERTEX_POINT('',#7091);
#1958=VERTEX_POINT('',#7095);
#1959=VERTEX_POINT('',#7097);
#1960=VERTEX_POINT('',#7101);
#1961=VERTEX_POINT('',#7103);
#1962=VERTEX_POINT('',#7111);
#1963=VERTEX_POINT('',#7112);
#1964=VERTEX_POINT('',#7114);
#1965=VERTEX_POINT('',#7116);
#1966=VERTEX_POINT('',#7120);
#1967=VERTEX_POINT('',#7122);
#1968=VERTEX_POINT('',#7126);
#1969=VERTEX_POINT('',#7128);
#1970=VERTEX_POINT('',#7136);
#1971=VERTEX_POINT('',#7138);
#1972=VERTEX_POINT('',#7142);
#1973=VERTEX_POINT('',#7143);
#1974=VERTEX_POINT('',#7147);
#1975=VERTEX_POINT('',#7150);
#1976=VERTEX_POINT('',#7152);
#1977=VERTEX_POINT('',#7156);
#1978=VERTEX_POINT('',#7157);
#1979=VERTEX_POINT('',#7159);
#1980=VERTEX_POINT('',#7161);
#1981=VERTEX_POINT('',#7165);
#1982=VERTEX_POINT('',#7167);
#1983=VERTEX_POINT('',#7171);
#1984=VERTEX_POINT('',#7173);
#1985=VERTEX_POINT('',#7180);
#1986=VERTEX_POINT('',#7182);
#1987=VERTEX_POINT('',#7186);
#1988=VERTEX_POINT('',#7191);
#1989=VERTEX_POINT('',#7197);
#1990=VERTEX_POINT('',#7198);
#1991=VERTEX_POINT('',#7200);
#1992=VERTEX_POINT('',#7202);
#1993=VERTEX_POINT('',#7206);
#1994=VERTEX_POINT('',#7207);
#1995=VERTEX_POINT('',#7209);
#1996=VERTEX_POINT('',#7211);
#1997=VERTEX_POINT('',#7221);
#1998=VERTEX_POINT('',#7223);
#1999=VERTEX_POINT('',#7227);
#2000=VERTEX_POINT('',#7231);
#2001=VERTEX_POINT('',#7234);
#2002=VERTEX_POINT('',#7241);
#2003=VERTEX_POINT('',#7247);
#2004=VERTEX_POINT('',#7248);
#2005=VERTEX_POINT('',#7250);
#2006=VERTEX_POINT('',#7252);
#2007=VERTEX_POINT('',#7256);
#2008=VERTEX_POINT('',#7258);
#2009=VERTEX_POINT('',#7262);
#2010=VERTEX_POINT('',#7264);
#2011=VERTEX_POINT('',#7268);
#2012=VERTEX_POINT('',#7270);
#2013=VERTEX_POINT('',#7274);
#2014=VERTEX_POINT('',#7276);
#2015=VERTEX_POINT('',#7280);
#2016=VERTEX_POINT('',#7282);
#2017=VERTEX_POINT('',#7286);
#2018=VERTEX_POINT('',#7288);
#2019=VERTEX_POINT('',#7295);
#2020=VERTEX_POINT('',#7297);
#2021=VERTEX_POINT('',#7301);
#2022=VERTEX_POINT('',#7305);
#2023=VERTEX_POINT('',#7309);
#2024=VERTEX_POINT('',#7314);
#2025=VERTEX_POINT('',#7316);
#2026=VERTEX_POINT('',#7322);
#2027=VERTEX_POINT('',#7328);
#2028=VERTEX_POINT('',#7329);
#2029=VERTEX_POINT('',#7331);
#2030=VERTEX_POINT('',#7333);
#2031=VERTEX_POINT('',#7337);
#2032=VERTEX_POINT('',#7338);
#2033=VERTEX_POINT('',#7343);
#2034=VERTEX_POINT('',#7344);
#2035=VERTEX_POINT('',#7352);
#2036=VERTEX_POINT('',#7354);
#2037=VERTEX_POINT('',#7358);
#2038=VERTEX_POINT('',#7363);
#2039=VERTEX_POINT('',#7364);
#2040=VERTEX_POINT('',#7366);
#2041=VERTEX_POINT('',#7371);
#2042=VERTEX_POINT('',#7376);
#2043=VERTEX_POINT('',#7385);
#2044=VERTEX_POINT('',#7388);
#2045=VERTEX_POINT('',#7395);
#2046=VERTEX_POINT('',#7397);
#2047=VERTEX_POINT('',#7402);
#2048=VERTEX_POINT('',#7403);
#2049=VERTEX_POINT('',#7405);
#2050=VERTEX_POINT('',#7407);
#2051=VERTEX_POINT('',#7411);
#2052=VERTEX_POINT('',#7413);
#2053=VERTEX_POINT('',#7415);
#2054=VERTEX_POINT('',#7417);
#2055=VERTEX_POINT('',#7419);
#2056=VERTEX_POINT('',#7421);
#2057=VERTEX_POINT('',#7425);
#2058=VERTEX_POINT('',#7429);
#2059=VERTEX_POINT('',#7433);
#2060=VERTEX_POINT('',#7434);
#2061=VERTEX_POINT('',#7436);
#2062=VERTEX_POINT('',#7438);
#2063=VERTEX_POINT('',#7442);
#2064=VERTEX_POINT('',#7444);
#2065=VERTEX_POINT('',#7448);
#2066=VERTEX_POINT('',#7449);
#2067=VERTEX_POINT('',#7454);
#2068=VERTEX_POINT('',#7456);
#2069=VERTEX_POINT('',#7460);
#2070=VERTEX_POINT('',#7461);
#2071=VERTEX_POINT('',#7466);
#2072=VERTEX_POINT('',#7468);
#2073=VERTEX_POINT('',#7472);
#2074=VERTEX_POINT('',#7473);
#2075=VERTEX_POINT('',#7481);
#2076=VERTEX_POINT('',#7483);
#2077=VERTEX_POINT('',#7487);
#2078=VERTEX_POINT('',#7491);
#2079=VERTEX_POINT('',#7495);
#2080=VERTEX_POINT('',#7500);
#2081=VERTEX_POINT('',#7504);
#2082=VERTEX_POINT('',#7508);
#2083=VERTEX_POINT('',#7514);
#2084=VERTEX_POINT('',#7516);
#2085=VERTEX_POINT('',#7520);
#2086=VERTEX_POINT('',#7524);
#2087=VERTEX_POINT('',#7530);
#2088=VERTEX_POINT('',#7531);
#2089=VERTEX_POINT('',#7533);
#2090=VERTEX_POINT('',#7535);
#2091=VERTEX_POINT('',#7537);
#2092=VERTEX_POINT('',#7539);
#2093=VERTEX_POINT('',#7541);
#2094=VERTEX_POINT('',#7543);
#2095=VERTEX_POINT('',#7549);
#2096=VERTEX_POINT('',#7551);
#2097=VERTEX_POINT('',#7553);
#2098=VERTEX_POINT('',#7557);
#2099=VERTEX_POINT('',#7561);
#2100=VERTEX_POINT('',#7563);
#2101=VERTEX_POINT('',#7567);
#2102=VERTEX_POINT('',#7571);
#2103=VERTEX_POINT('',#7575);
#2104=VERTEX_POINT('',#7579);
#2105=EDGE_CURVE('',#1728,#1729,#958,.T.);
#2106=EDGE_CURVE('',#1729,#1730,#938,.T.);
#2107=EDGE_CURVE('',#1730,#1731,#959,.T.);
#2108=EDGE_CURVE('',#1731,#1732,#922,.T.);
#2109=EDGE_CURVE('',#1728,#1732,#960,.T.);
#2110=EDGE_CURVE('',#1732,#1733,#961,.T.);
#2111=EDGE_CURVE('',#1733,#1734,#962,.T.);
#2112=EDGE_CURVE('',#1734,#1728,#963,.T.);
#2113=EDGE_CURVE('',#1735,#1736,#964,.T.);
#2114=EDGE_CURVE('',#1736,#1737,#965,.T.);
#2115=EDGE_CURVE('',#1737,#1738,#966,.T.);
#2116=EDGE_CURVE('',#1738,#1735,#967,.T.);
#2117=EDGE_CURVE('',#1739,#1740,#968,.T.);
#2118=EDGE_CURVE('',#1740,#1741,#969,.T.);
#2119=EDGE_CURVE('',#1741,#1742,#970,.T.);
#2120=EDGE_CURVE('',#1742,#1739,#971,.T.);
#2121=EDGE_CURVE('',#1740,#1743,#972,.T.);
#2122=EDGE_CURVE('',#1743,#1744,#973,.T.);
#2123=EDGE_CURVE('',#1744,#1741,#974,.T.);
#2124=EDGE_CURVE('',#1745,#1746,#975,.T.);
#2125=EDGE_CURVE('',#1746,#1744,#169,.T.);
#2126=EDGE_CURVE('',#1743,#1745,#170,.T.);
#2127=EDGE_CURVE('',#1747,#1748,#976,.T.);
#2128=EDGE_CURVE('',#1748,#1746,#977,.T.);
#2129=EDGE_CURVE('',#1745,#1747,#978,.T.);
#2130=EDGE_CURVE('',#1749,#1750,#979,.T.);
#2131=EDGE_CURVE('',#1750,#1748,#171,.T.);
#2132=EDGE_CURVE('',#1747,#1749,#172,.T.);
#2133=EDGE_CURVE('',#1736,#1750,#980,.T.);
#2134=EDGE_CURVE('',#1749,#1751,#981,.T.);
#2135=EDGE_CURVE('',#1751,#1737,#923,.T.);
#2136=EDGE_CURVE('',#1752,#1739,#982,.T.);
#2137=EDGE_CURVE('',#1742,#1734,#983,.T.);
#2138=EDGE_CURVE('',#1733,#1752,#924,.T.);
#2139=EDGE_CURVE('',#1753,#1735,#984,.T.);
#2140=EDGE_CURVE('',#1738,#1754,#925,.T.);
#2141=EDGE_CURVE('',#1754,#1755,#985,.T.);
#2142=EDGE_CURVE('',#1755,#1753,#939,.T.);
#2143=EDGE_CURVE('',#1729,#1753,#173,.T.);
#2144=EDGE_CURVE('',#1755,#1730,#174,.T.);
#2145=EDGE_CURVE('',#1756,#1751,#175,.T.);
#2146=EDGE_CURVE('',#1757,#1756,#926,.T.);
#2147=EDGE_CURVE('',#1758,#1757,#986,.T.);
#2148=EDGE_CURVE('',#1759,#1758,#927,.T.);
#2149=EDGE_CURVE('',#1754,#1759,#176,.T.);
#2150=EDGE_CURVE('',#1760,#1749,#987,.T.);
#2151=EDGE_CURVE('',#1761,#1760,#988,.T.);
#2152=EDGE_CURVE('',#1762,#1761,#177,.T.);
#2153=EDGE_CURVE('',#1763,#1762,#989,.T.);
#2154=EDGE_CURVE('',#1764,#1763,#990,.T.);
#2155=EDGE_CURVE('',#1756,#1764,#991,.T.);
#2156=EDGE_CURVE('',#1747,#1765,#992,.T.);
#2157=EDGE_CURVE('',#1765,#1760,#178,.T.);
#2158=EDGE_CURVE('',#1766,#1745,#993,.T.);
#2159=EDGE_CURVE('',#1765,#1766,#994,.T.);
#2160=EDGE_CURVE('',#1743,#1767,#995,.T.);
#2161=EDGE_CURVE('',#1767,#1766,#179,.T.);
#2162=EDGE_CURVE('',#1740,#1768,#996,.T.);
#2163=EDGE_CURVE('',#1769,#1768,#180,.F.);
#2164=EDGE_CURVE('',#1769,#1770,#997,.T.);
#2165=EDGE_CURVE('',#1771,#1770,#181,.F.);
#2166=EDGE_CURVE('',#1771,#1772,#998,.T.);
#2167=EDGE_CURVE('',#1773,#1772,#999,.T.);
#2168=EDGE_CURVE('',#1774,#1773,#1000,.T.);
#2169=EDGE_CURVE('',#1775,#1774,#1001,.T.);
#2170=EDGE_CURVE('',#1776,#1775,#182,.T.);
#2171=EDGE_CURVE('',#1767,#1776,#1002,.T.);
#2172=EDGE_CURVE('',#1777,#1739,#1003,.T.);
#2173=EDGE_CURVE('',#1768,#1777,#1004,.T.);
#2174=EDGE_CURVE('',#1778,#1778,#183,.T.);
#2175=EDGE_CURVE('',#1779,#1779,#184,.T.);
#2176=EDGE_CURVE('',#1778,#1780,#1005,.T.);
#2177=EDGE_CURVE('',#1780,#1780,#185,.T.);
#2178=EDGE_CURVE('',#1781,#1781,#186,.T.);
#2179=EDGE_CURVE('',#1781,#1780,#1006,.T.);
#2180=EDGE_CURVE('',#1779,#1782,#1007,.T.);
#2181=EDGE_CURVE('',#1782,#1782,#187,.T.);
#2182=EDGE_CURVE('',#1783,#1783,#188,.T.);
#2183=EDGE_CURVE('',#1783,#1782,#1008,.T.);
#2184=EDGE_CURVE('',#1784,#1785,#940,.T.);
#2185=EDGE_CURVE('',#1785,#1784,#941,.T.);
#2186=EDGE_CURVE('',#1785,#1786,#1009,.T.);
#2187=EDGE_CURVE('',#1787,#1786,#942,.T.);
#2188=EDGE_CURVE('',#1786,#1787,#943,.T.);
#2189=EDGE_CURVE('',#1788,#1789,#944,.T.);
#2190=EDGE_CURVE('',#1789,#1788,#945,.T.);
#2191=EDGE_CURVE('',#1789,#1790,#1010,.T.);
#2192=EDGE_CURVE('',#1791,#1790,#946,.T.);
#2193=EDGE_CURVE('',#1790,#1791,#947,.T.);
#2194=EDGE_CURVE('',#1792,#1793,#948,.T.);
#2195=EDGE_CURVE('',#1793,#1792,#949,.T.);
#2196=EDGE_CURVE('',#1793,#1794,#1011,.T.);
#2197=EDGE_CURVE('',#1795,#1794,#950,.T.);
#2198=EDGE_CURVE('',#1794,#1795,#951,.T.);
#2199=EDGE_CURVE('',#1777,#1796,#189,.T.);
#2200=EDGE_CURVE('',#1796,#1769,#1012,.T.);
#2201=EDGE_CURVE('',#1797,#1796,#1013,.T.);
#2202=EDGE_CURVE('',#1770,#1797,#1014,.T.);
#2203=EDGE_CURVE('',#1752,#1798,#190,.T.);
#2204=EDGE_CURVE('',#1799,#1798,#1015,.T.);
#2205=EDGE_CURVE('',#1799,#1800,#1016,.T.);
#2206=EDGE_CURVE('',#1797,#1800,#191,.T.);
#2207=EDGE_CURVE('',#1801,#1801,#192,.T.);
#2208=EDGE_CURVE('',#1802,#1802,#193,.T.);
#2209=EDGE_CURVE('',#1800,#1771,#1017,.T.);
#2210=EDGE_CURVE('',#1772,#1799,#1018,.T.);
#2211=EDGE_CURVE('',#1803,#1803,#194,.T.);
#2212=EDGE_CURVE('',#1803,#1804,#1019,.T.);
#2213=EDGE_CURVE('',#1804,#1804,#195,.T.);
#2214=EDGE_CURVE('',#1805,#1806,#1020,.T.);
#2215=EDGE_CURVE('',#1807,#1805,#1021,.T.);
#2216=EDGE_CURVE('',#1808,#1807,#196,.T.);
#2217=EDGE_CURVE('',#1809,#1808,#1022,.T.);
#2218=EDGE_CURVE('',#1810,#1809,#197,.T.);
#2219=EDGE_CURVE('',#1811,#1810,#1023,.T.);
#2220=EDGE_CURVE('',#1812,#1811,#1024,.T.);
#2221=EDGE_CURVE('',#1813,#1812,#1025,.T.);
#2222=EDGE_CURVE('',#1814,#1813,#1026,.T.);
#2223=EDGE_CURVE('',#1815,#1814,#1027,.T.);
#2224=EDGE_CURVE('',#1816,#1815,#198,.T.);
#2225=EDGE_CURVE('',#1806,#1816,#1028,.T.);
#2226=EDGE_CURVE('',#1817,#1817,#199,.T.);
#2227=EDGE_CURVE('',#1818,#1818,#200,.T.);
#2228=EDGE_CURVE('',#1818,#1804,#1029,.T.);
#2229=EDGE_CURVE('',#1817,#1819,#1030,.T.);
#2230=EDGE_CURVE('',#1819,#1819,#201,.T.);
#2231=EDGE_CURVE('',#1820,#1820,#202,.T.);
#2232=EDGE_CURVE('',#1820,#1819,#1031,.T.);
#2233=EDGE_CURVE('',#1813,#1821,#1032,.T.);
#2234=EDGE_CURVE('',#1821,#1822,#1033,.T.);
#2235=EDGE_CURVE('',#1822,#1814,#1034,.T.);
#2236=EDGE_CURVE('',#1812,#1799,#1035,.T.);
#2237=EDGE_CURVE('',#1798,#1821,#928,.T.);
#2238=EDGE_CURVE('',#1757,#1805,#1036,.T.);
#2239=EDGE_CURVE('',#1806,#1758,#1037,.T.);
#2240=EDGE_CURVE('',#1764,#1807,#1038,.T.);
#2241=EDGE_CURVE('',#1823,#1808,#1039,.T.);
#2242=EDGE_CURVE('',#1764,#1823,#203,.T.);
#2243=EDGE_CURVE('',#1824,#1809,#1040,.T.);
#2244=EDGE_CURVE('',#1823,#1824,#1041,.T.);
#2245=EDGE_CURVE('',#1773,#1810,#1042,.T.);
#2246=EDGE_CURVE('',#1824,#1773,#204,.T.);
#2247=EDGE_CURVE('',#1772,#1811,#1043,.T.);
#2248=EDGE_CURVE('',#1825,#1759,#1044,.T.);
#2249=EDGE_CURVE('',#1816,#1825,#952,.T.);
#2250=EDGE_CURVE('',#1826,#1825,#205,.T.);
#2251=EDGE_CURVE('',#1826,#1815,#953,.T.);
#2252=EDGE_CURVE('',#1822,#1827,#929,.T.);
#2253=EDGE_CURVE('',#1827,#1826,#1045,.T.);
#2254=EDGE_CURVE('',#1824,#1828,#1046,.T.);
#2255=EDGE_CURVE('',#1828,#1774,#206,.T.);
#2256=EDGE_CURVE('',#1829,#1823,#1047,.T.);
#2257=EDGE_CURVE('',#1828,#1829,#1048,.T.);
#2258=EDGE_CURVE('',#1763,#1829,#207,.T.);
#2259=EDGE_CURVE('',#1830,#1831,#208,.T.);
#2260=EDGE_CURVE('',#1830,#1831,#1049,.T.);
#2261=EDGE_CURVE('',#1832,#1833,#209,.T.);
#2262=EDGE_CURVE('',#1832,#1833,#1050,.T.);
#2263=EDGE_CURVE('',#1761,#1776,#210,.T.);
#2264=EDGE_CURVE('',#1775,#1762,#211,.T.);
#2265=EDGE_CURVE('',#1834,#1834,#212,.T.);
#2266=EDGE_CURVE('',#1835,#1836,#213,.T.);
#2267=EDGE_CURVE('',#1835,#1834,#1051,.T.);
#2268=EDGE_CURVE('',#1836,#1835,#214,.T.);
#2269=EDGE_CURVE('',#1837,#1838,#215,.T.);
#2270=EDGE_CURVE('',#1837,#1839,#1052,.T.);
#2271=EDGE_CURVE('',#1840,#1839,#216,.T.);
#2272=EDGE_CURVE('',#1839,#1840,#217,.T.);
#2273=EDGE_CURVE('',#1838,#1837,#218,.T.);
#2274=EDGE_CURVE('',#1840,#1841,#219,.T.);
#2275=EDGE_CURVE('',#1841,#1841,#220,.T.);
#2276=EDGE_CURVE('',#1827,#1731,#221,.T.);
#2277=EDGE_CURVE('',#1836,#1842,#1053,.T.);
#2278=EDGE_CURVE('',#1842,#1842,#222,.T.);
#2279=EDGE_CURVE('',#1843,#1843,#223,.T.);
#2280=EDGE_CURVE('',#1843,#1838,#1054,.T.);
#2281=EDGE_CURVE('',#1844,#1844,#224,.T.);
#2282=EDGE_CURVE('',#1844,#1781,#1055,.T.);
#2283=EDGE_CURVE('',#1845,#1845,#225,.T.);
#2284=EDGE_CURVE('',#1845,#1783,#1056,.T.);
#2285=EDGE_CURVE('',#1846,#1846,#226,.T.);
#2286=EDGE_CURVE('',#1846,#1820,#1057,.T.);
#2287=EDGE_CURVE('',#1847,#1847,#227,.T.);
#2288=EDGE_CURVE('',#1847,#1818,#1058,.T.);
#2289=EDGE_CURVE('',#1848,#1848,#228,.T.);
#2290=EDGE_CURVE('',#1849,#1849,#229,.T.);
#2291=EDGE_CURVE('',#1802,#1849,#1059,.T.);
#2292=EDGE_CURVE('',#1801,#1848,#1060,.T.);
#2293=EDGE_CURVE('',#1831,#1825,#230,.T.);
#2294=EDGE_CURVE('',#1755,#1830,#231,.T.);
#2295=EDGE_CURVE('',#1826,#1832,#232,.T.);
#2296=EDGE_CURVE('',#1833,#1730,#233,.T.);
#2297=EDGE_CURVE('',#1850,#1851,#234,.T.);
#2298=EDGE_CURVE('',#1851,#1852,#1061,.T.);
#2299=EDGE_CURVE('',#1852,#1853,#235,.F.);
#2300=EDGE_CURVE('',#1853,#1850,#1062,.T.);
#2301=EDGE_CURVE('',#1850,#1854,#1063,.T.);
#2302=EDGE_CURVE('',#1855,#1854,#236,.T.);
#2303=EDGE_CURVE('',#1855,#1856,#1064,.T.);
#2304=EDGE_CURVE('',#1857,#1856,#1065,.T.);
#2305=EDGE_CURVE('',#1857,#1858,#237,.T.);
#2306=EDGE_CURVE('',#1859,#1858,#1066,.T.);
#2307=EDGE_CURVE('',#1859,#1851,#1067,.T.);
#2308=EDGE_CURVE('',#1860,#1860,#238,.T.);
#2309=EDGE_CURVE('',#1861,#1861,#239,.T.);
#2310=EDGE_CURVE('',#1862,#1853,#1068,.T.);
#2311=EDGE_CURVE('',#1854,#1862,#1069,.T.);
#2312=EDGE_CURVE('',#1862,#1863,#240,.F.);
#2313=EDGE_CURVE('',#1863,#1855,#1070,.T.);
#2314=EDGE_CURVE('',#1864,#1864,#241,.T.);
#2315=EDGE_CURVE('',#1864,#1865,#1071,.T.);
#2316=EDGE_CURVE('',#1865,#1865,#242,.T.);
#2317=EDGE_CURVE('',#1866,#1867,#1072,.T.);
#2318=EDGE_CURVE('',#1868,#1866,#1073,.T.);
#2319=EDGE_CURVE('',#1869,#1868,#1074,.T.);
#2320=EDGE_CURVE('',#1870,#1869,#1075,.T.);
#2321=EDGE_CURVE('',#1871,#1870,#243,.T.);
#2322=EDGE_CURVE('',#1872,#1871,#1076,.T.);
#2323=EDGE_CURVE('',#1873,#1872,#1077,.T.);
#2324=EDGE_CURVE('',#1874,#1873,#1078,.T.);
#2325=EDGE_CURVE('',#1875,#1874,#244,.T.);
#2326=EDGE_CURVE('',#1876,#1875,#1079,.T.);
#2327=EDGE_CURVE('',#1877,#1876,#245,.T.);
#2328=EDGE_CURVE('',#1867,#1877,#1080,.T.);
#2329=EDGE_CURVE('',#1878,#1878,#246,.T.);
#2330=EDGE_CURVE('',#1864,#1879,#1081,.T.);
#2331=EDGE_CURVE('',#1879,#1879,#247,.T.);
#2332=EDGE_CURVE('',#1880,#1880,#248,.T.);
#2333=EDGE_CURVE('',#1880,#1878,#1082,.T.);
#2334=EDGE_CURVE('',#1880,#1881,#1083,.T.);
#2335=EDGE_CURVE('',#1881,#1881,#249,.T.);
#2336=EDGE_CURVE('',#1882,#1883,#1084,.T.);
#2337=EDGE_CURVE('',#1883,#1870,#954,.T.);
#2338=EDGE_CURVE('',#1884,#1869,#1085,.T.);
#2339=EDGE_CURVE('',#1884,#1882,#930,.T.);
#2340=EDGE_CURVE('',#1868,#1885,#1086,.T.);
#2341=EDGE_CURVE('',#1885,#1884,#1087,.T.);
#2342=EDGE_CURVE('',#1886,#1887,#1088,.T.);
#2343=EDGE_CURVE('',#1887,#1873,#1089,.T.);
#2344=EDGE_CURVE('',#1872,#1886,#1090,.T.);
#2345=EDGE_CURVE('',#1867,#1888,#1091,.T.);
#2346=EDGE_CURVE('',#1888,#1859,#1092,.T.);
#2347=EDGE_CURVE('',#1859,#1866,#1093,.T.);
#2348=EDGE_CURVE('',#1877,#1889,#1094,.T.);
#2349=EDGE_CURVE('',#1889,#1888,#1095,.T.);
#2350=EDGE_CURVE('',#1876,#1890,#1096,.T.);
#2351=EDGE_CURVE('',#1890,#1889,#250,.T.);
#2352=EDGE_CURVE('',#1875,#1891,#1097,.T.);
#2353=EDGE_CURVE('',#1891,#1890,#1098,.T.);
#2354=EDGE_CURVE('',#1874,#1892,#1099,.T.);
#2355=EDGE_CURVE('',#1892,#1891,#251,.T.);
#2356=EDGE_CURVE('',#1893,#1892,#1100,.T.);
#2357=EDGE_CURVE('',#1887,#1893,#931,.T.);
#2358=EDGE_CURVE('',#1858,#1885,#932,.T.);
#2359=EDGE_CURVE('',#1894,#1895,#1101,.T.);
#2360=EDGE_CURVE('',#1895,#1886,#933,.T.);
#2361=EDGE_CURVE('',#1871,#1894,#955,.T.);
#2362=EDGE_CURVE('',#1883,#1894,#252,.T.);
#2363=EDGE_CURVE('',#1890,#1896,#1102,.T.);
#2364=EDGE_CURVE('',#1896,#1897,#253,.T.);
#2365=EDGE_CURVE('',#1897,#1889,#1103,.T.);
#2366=EDGE_CURVE('',#1898,#1891,#1104,.T.);
#2367=EDGE_CURVE('',#1896,#1898,#1105,.T.);
#2368=EDGE_CURVE('',#1892,#1899,#1106,.T.);
#2369=EDGE_CURVE('',#1899,#1898,#254,.T.);
#2370=EDGE_CURVE('',#1893,#1900,#255,.T.);
#2371=EDGE_CURVE('',#1901,#1900,#1107,.T.);
#2372=EDGE_CURVE('',#1902,#1901,#1108,.T.);
#2373=EDGE_CURVE('',#1903,#1902,#1109,.T.);
#2374=EDGE_CURVE('',#1904,#1903,#256,.T.);
#2375=EDGE_CURVE('',#1899,#1904,#1110,.T.);
#2376=EDGE_CURVE('',#1905,#1895,#257,.T.);
#2377=EDGE_CURVE('',#1906,#1905,#934,.T.);
#2378=EDGE_CURVE('',#1907,#1906,#1111,.T.);
#2379=EDGE_CURVE('',#1900,#1907,#935,.T.);
#2380=EDGE_CURVE('',#1908,#1894,#258,.T.);
#2381=EDGE_CURVE('',#1909,#1908,#1112,.T.);
#2382=EDGE_CURVE('',#1910,#1909,#259,.T.);
#2383=EDGE_CURVE('',#1905,#1910,#1113,.T.);
#2384=EDGE_CURVE('',#1911,#1912,#1114,.T.);
#2385=EDGE_CURVE('',#1912,#1913,#1115,.T.);
#2386=EDGE_CURVE('',#1913,#1914,#1116,.T.);
#2387=EDGE_CURVE('',#1914,#1911,#1117,.T.);
#2388=EDGE_CURVE('',#1856,#1915,#1118,.T.);
#2389=EDGE_CURVE('',#1915,#1913,#1119,.T.);
#2390=EDGE_CURVE('',#1912,#1857,#936,.T.);
#2391=EDGE_CURVE('',#1916,#1917,#1120,.T.);
#2392=EDGE_CURVE('',#1917,#1907,#1121,.T.);
#2393=EDGE_CURVE('',#1906,#1916,#1122,.T.);
#2394=EDGE_CURVE('',#1917,#1918,#1123,.T.);
#2395=EDGE_CURVE('',#1918,#1901,#1124,.T.);
#2396=EDGE_CURVE('',#1919,#1920,#1125,.T.);
#2397=EDGE_CURVE('',#1920,#1901,#260,.T.);
#2398=EDGE_CURVE('',#1918,#1919,#261,.T.);
#2399=EDGE_CURVE('',#1921,#1922,#1126,.T.);
#2400=EDGE_CURVE('',#1922,#1920,#1127,.T.);
#2401=EDGE_CURVE('',#1919,#1921,#1128,.T.);
#2402=EDGE_CURVE('',#1923,#1924,#1129,.T.);
#2403=EDGE_CURVE('',#1924,#1922,#262,.T.);
#2404=EDGE_CURVE('',#1921,#1923,#263,.T.);
#2405=EDGE_CURVE('',#1925,#1924,#1130,.T.);
#2406=EDGE_CURVE('',#1923,#1926,#1131,.T.);
#2407=EDGE_CURVE('',#1926,#1925,#1132,.T.);
#2408=EDGE_CURVE('',#1856,#1925,#1133,.T.);
#2409=EDGE_CURVE('',#1926,#1915,#1134,.T.);
#2410=EDGE_CURVE('',#1927,#1916,#1135,.T.);
#2411=EDGE_CURVE('',#1910,#1927,#956,.T.);
#2412=EDGE_CURVE('',#1928,#1927,#264,.T.);
#2413=EDGE_CURVE('',#1910,#1929,#265,.T.);
#2414=EDGE_CURVE('',#1928,#1929,#957,.T.);
#2415=EDGE_CURVE('',#1929,#1930,#1136,.T.);
#2416=EDGE_CURVE('',#1930,#1911,#937,.T.);
#2417=EDGE_CURVE('',#1914,#1928,#1137,.T.);
#2418=EDGE_CURVE('',#1882,#1930,#266,.T.);
#2419=EDGE_CURVE('',#1931,#1929,#267,.T.);
#2420=EDGE_CURVE('',#1932,#1931,#1138,.T.);
#2421=EDGE_CURVE('',#1883,#1932,#268,.T.);
#2422=EDGE_CURVE('',#1932,#1931,#269,.T.);
#2423=EDGE_CURVE('',#1909,#1908,#270,.T.);
#2424=EDGE_CURVE('',#1933,#1933,#271,.T.);
#2425=EDGE_CURVE('',#1934,#1934,#272,.T.);
#2426=EDGE_CURVE('',#1935,#1935,#273,.T.);
#2427=EDGE_CURVE('',#1936,#1936,#274,.T.);
#2428=EDGE_CURVE('',#1936,#1934,#1139,.T.);
#2429=EDGE_CURVE('',#1936,#1937,#1140,.T.);
#2430=EDGE_CURVE('',#1937,#1937,#275,.T.);
#2431=EDGE_CURVE('',#1938,#1938,#276,.T.);
#2432=EDGE_CURVE('',#1938,#1935,#1141,.T.);
#2433=EDGE_CURVE('',#1938,#1939,#1142,.T.);
#2434=EDGE_CURVE('',#1939,#1939,#277,.T.);
#2435=EDGE_CURVE('',#1852,#1888,#1143,.T.);
#2436=EDGE_CURVE('',#1940,#1897,#1144,.T.);
#2437=EDGE_CURVE('',#1941,#1940,#278,.T.);
#2438=EDGE_CURVE('',#1942,#1941,#1145,.T.);
#2439=EDGE_CURVE('',#1924,#1942,#1146,.T.);
#2440=EDGE_CURVE('',#1925,#1863,#1147,.T.);
#2441=EDGE_CURVE('',#1860,#1943,#1148,.T.);
#2442=EDGE_CURVE('',#1943,#1943,#279,.T.);
#2443=EDGE_CURVE('',#1861,#1944,#1149,.T.);
#2444=EDGE_CURVE('',#1944,#1944,#280,.T.);
#2445=EDGE_CURVE('',#1945,#1945,#281,.T.);
#2446=EDGE_CURVE('',#1945,#1946,#1150,.T.);
#2447=EDGE_CURVE('',#1946,#1946,#282,.T.);
#2448=EDGE_CURVE('',#1947,#1947,#283,.T.);
#2449=EDGE_CURVE('',#1948,#1948,#284,.T.);
#2450=EDGE_CURVE('',#1948,#1947,#1151,.T.);
#2451=EDGE_CURVE('',#1949,#1950,#285,.T.);
#2452=EDGE_CURVE('',#1950,#1949,#286,.T.);
#2453=EDGE_CURVE('',#1949,#1933,#287,.T.);
#2454=EDGE_CURVE('',#1946,#1950,#1152,.T.);
#2455=EDGE_CURVE('',#1948,#1951,#1153,.T.);
#2456=EDGE_CURVE('',#1951,#1951,#288,.T.);
#2457=EDGE_CURVE('',#1940,#1904,#289,.T.);
#2458=EDGE_CURVE('',#1920,#1952,#1154,.T.);
#2459=EDGE_CURVE('',#1952,#1902,#290,.T.);
#2460=EDGE_CURVE('',#1953,#1922,#1155,.T.);
#2461=EDGE_CURVE('',#1952,#1953,#1156,.T.);
#2462=EDGE_CURVE('',#1942,#1953,#291,.T.);
#2463=EDGE_CURVE('',#1903,#1941,#292,.T.);
#2464=EDGE_CURVE('',#1954,#1955,#1157,.T.);
#2465=EDGE_CURVE('',#1954,#1956,#1158,.T.);
#2466=EDGE_CURVE('',#1956,#1957,#1159,.T.);
#2467=EDGE_CURVE('',#1955,#1957,#1160,.T.);
#2468=EDGE_CURVE('',#1958,#1954,#1161,.T.);
#2469=EDGE_CURVE('',#1958,#1959,#1162,.T.);
#2470=EDGE_CURVE('',#1959,#1956,#1163,.T.);
#2471=EDGE_CURVE('',#1960,#1958,#1164,.T.);
#2472=EDGE_CURVE('',#1960,#1961,#1165,.T.);
#2473=EDGE_CURVE('',#1961,#1959,#1166,.T.);
#2474=EDGE_CURVE('',#1955,#1960,#1167,.T.);
#2475=EDGE_CURVE('',#1957,#1961,#1168,.T.);
#2476=EDGE_CURVE('',#1962,#1963,#1169,.T.);
#2477=EDGE_CURVE('',#1962,#1964,#1170,.T.);
#2478=EDGE_CURVE('',#1964,#1965,#1171,.T.);
#2479=EDGE_CURVE('',#1963,#1965,#1172,.T.);
#2480=EDGE_CURVE('',#1963,#1966,#1173,.T.);
#2481=EDGE_CURVE('',#1965,#1967,#1174,.T.);
#2482=EDGE_CURVE('',#1966,#1967,#1175,.T.);
#2483=EDGE_CURVE('',#1966,#1968,#1176,.T.);
#2484=EDGE_CURVE('',#1967,#1969,#1177,.T.);
#2485=EDGE_CURVE('',#1968,#1969,#1178,.T.);
#2486=EDGE_CURVE('',#1968,#1962,#1179,.T.);
#2487=EDGE_CURVE('',#1969,#1964,#1180,.T.);
#2488=EDGE_CURVE('',#1970,#1970,#293,.T.);
#2489=EDGE_CURVE('',#1970,#1971,#1181,.T.);
#2490=EDGE_CURVE('',#1971,#1971,#294,.T.);
#2491=EDGE_CURVE('',#1972,#1973,#295,.T.);
#2492=EDGE_CURVE('',#1973,#1972,#296,.T.);
#2493=EDGE_CURVE('',#1974,#1974,#297,.T.);
#2494=EDGE_CURVE('',#1973,#1975,#298,.T.);
#2495=EDGE_CURVE('',#1976,#1972,#299,.T.);
#2496=EDGE_CURVE('',#1977,#1978,#1182,.T.);
#2497=EDGE_CURVE('',#1978,#1979,#1183,.T.);
#2498=EDGE_CURVE('',#1979,#1980,#1184,.T.);
#2499=EDGE_CURVE('',#1977,#1980,#1185,.T.);
#2500=EDGE_CURVE('',#1978,#1981,#1186,.T.);
#2501=EDGE_CURVE('',#1981,#1982,#1187,.T.);
#2502=EDGE_CURVE('',#1982,#1979,#1188,.T.);
#2503=EDGE_CURVE('',#1983,#1982,#1189,.T.);
#2504=EDGE_CURVE('',#1981,#1984,#1190,.T.);
#2505=EDGE_CURVE('',#1984,#1983,#1191,.T.);
#2506=EDGE_CURVE('',#1980,#1983,#1192,.T.);
#2507=EDGE_CURVE('',#1984,#1977,#1193,.T.);
#2508=EDGE_CURVE('',#1980,#1985,#1194,.T.);
#2509=EDGE_CURVE('',#1986,#1985,#1195,.F.);
#2510=EDGE_CURVE('',#1983,#1986,#1196,.F.);
#2511=EDGE_CURVE('',#1979,#1987,#1197,.T.);
#2512=EDGE_CURVE('',#1985,#1987,#1198,.T.);
#2513=EDGE_CURVE('',#1982,#1988,#1199,.F.);
#2514=EDGE_CURVE('',#1987,#1988,#1200,.T.);
#2515=EDGE_CURVE('',#1988,#1986,#1201,.F.);
#2516=EDGE_CURVE('',#1989,#1990,#1202,.T.);
#2517=EDGE_CURVE('',#1990,#1991,#1203,.T.);
#2518=EDGE_CURVE('',#1991,#1992,#1204,.T.);
#2519=EDGE_CURVE('',#1989,#1992,#1205,.T.);
#2520=EDGE_CURVE('',#1993,#1994,#1206,.T.);
#2521=EDGE_CURVE('',#1994,#1995,#1207,.T.);
#2522=EDGE_CURVE('',#1995,#1996,#1208,.T.);
#2523=EDGE_CURVE('',#1996,#1993,#1209,.T.);
#2524=EDGE_CURVE('',#1992,#1995,#1210,.T.);
#2525=EDGE_CURVE('',#1994,#1989,#1211,.T.);
#2526=EDGE_CURVE('',#1990,#1993,#1212,.T.);
#2527=EDGE_CURVE('',#1996,#1991,#1213,.T.);
#2528=EDGE_CURVE('',#1996,#1997,#1214,.T.);
#2529=EDGE_CURVE('',#1997,#1998,#1215,.T.);
#2530=EDGE_CURVE('',#1991,#1998,#1216,.T.);
#2531=EDGE_CURVE('',#1995,#1999,#1217,.T.);
#2532=EDGE_CURVE('',#1999,#1997,#1218,.T.);
#2533=EDGE_CURVE('',#2000,#2000,#300,.F.);
#2534=EDGE_CURVE('',#1992,#2001,#1219,.T.);
#2535=EDGE_CURVE('',#2001,#1999,#1220,.T.);
#2536=EDGE_CURVE('',#1998,#2001,#1221,.T.);
#2537=EDGE_CURVE('',#2000,#2002,#1222,.T.);
#2538=EDGE_CURVE('',#2002,#2002,#301,.T.);
#2539=EDGE_CURVE('',#2003,#2004,#1223,.T.);
#2540=EDGE_CURVE('',#2004,#2005,#1224,.T.);
#2541=EDGE_CURVE('',#2005,#2006,#1225,.T.);
#2542=EDGE_CURVE('',#2003,#2006,#1226,.T.);
#2543=EDGE_CURVE('',#2004,#2007,#1227,.T.);
#2544=EDGE_CURVE('',#2007,#2008,#1228,.T.);
#2545=EDGE_CURVE('',#2008,#2005,#1229,.T.);
#2546=EDGE_CURVE('',#2007,#2009,#1230,.T.);
#2547=EDGE_CURVE('',#2009,#2010,#1231,.T.);
#2548=EDGE_CURVE('',#2010,#2008,#1232,.T.);
#2549=EDGE_CURVE('',#2011,#2010,#1233,.T.);
#2550=EDGE_CURVE('',#2009,#2012,#1234,.T.);
#2551=EDGE_CURVE('',#2012,#2011,#1235,.T.);
#2552=EDGE_CURVE('',#2013,#2011,#1236,.T.);
#2553=EDGE_CURVE('',#2012,#2014,#1237,.T.);
#2554=EDGE_CURVE('',#2014,#2013,#1238,.T.);
#2555=EDGE_CURVE('',#2015,#2013,#1239,.T.);
#2556=EDGE_CURVE('',#2014,#2016,#1240,.T.);
#2557=EDGE_CURVE('',#2016,#2015,#1241,.T.);
#2558=EDGE_CURVE('',#2017,#2015,#1242,.T.);
#2559=EDGE_CURVE('',#2016,#2018,#1243,.T.);
#2560=EDGE_CURVE('',#2018,#2017,#1244,.T.);
#2561=EDGE_CURVE('',#2006,#2017,#1245,.T.);
#2562=EDGE_CURVE('',#2018,#2003,#1246,.T.);
#2563=EDGE_CURVE('',#2015,#2019,#1247,.T.);
#2564=EDGE_CURVE('',#2019,#2020,#1248,.F.);
#2565=EDGE_CURVE('',#2020,#2013,#1249,.T.);
#2566=EDGE_CURVE('',#2021,#2017,#1250,.T.);
#2567=EDGE_CURVE('',#2021,#2019,#1251,.T.);
#2568=EDGE_CURVE('',#2006,#2022,#1252,.T.);
#2569=EDGE_CURVE('',#2022,#2021,#1253,.F.);
#2570=EDGE_CURVE('',#2023,#2005,#1254,.T.);
#2571=EDGE_CURVE('',#2023,#2022,#1255,.T.);
#2572=EDGE_CURVE('',#2011,#2024,#1256,.T.);
#2573=EDGE_CURVE('',#2024,#2025,#1257,.F.);
#2574=EDGE_CURVE('',#2025,#2010,#1258,.T.);
#2575=EDGE_CURVE('',#2020,#2024,#1259,.T.);
#2576=EDGE_CURVE('',#2008,#2026,#1260,.T.);
#2577=EDGE_CURVE('',#2026,#2023,#1261,.F.);
#2578=EDGE_CURVE('',#2025,#2026,#1262,.T.);
#2579=EDGE_CURVE('',#2027,#2028,#302,.T.);
#2580=EDGE_CURVE('',#2028,#2029,#303,.T.);
#2581=EDGE_CURVE('',#2029,#2030,#304,.T.);
#2582=EDGE_CURVE('',#2030,#2027,#305,.T.);
#2583=EDGE_CURVE('',#2031,#2032,#306,.T.);
#2584=EDGE_CURVE('',#2032,#2030,#1263,.T.);
#2585=EDGE_CURVE('',#2029,#2031,#1264,.T.);
#2586=EDGE_CURVE('',#2033,#2034,#307,.T.);
#2587=EDGE_CURVE('',#2034,#2032,#308,.T.);
#2588=EDGE_CURVE('',#2031,#2033,#309,.T.);
#2589=EDGE_CURVE('',#2033,#2028,#1265,.T.);
#2590=EDGE_CURVE('',#2027,#2034,#1266,.T.);
#2591=EDGE_CURVE('',#2027,#2035,#1267,.T.);
#2592=EDGE_CURVE('',#2036,#2035,#1268,.T.);
#2593=EDGE_CURVE('',#2034,#2036,#1269,.T.);
#2594=EDGE_CURVE('',#2030,#2037,#1270,.T.);
#2595=EDGE_CURVE('',#2035,#2037,#310,.T.);
#2596=EDGE_CURVE('',#2038,#2039,#1271,.T.);
#2597=EDGE_CURVE('',#2039,#2040,#1272,.T.);
#2598=EDGE_CURVE('',#2040,#2037,#1273,.T.);
#2599=EDGE_CURVE('',#2037,#2038,#1274,.T.);
#2600=EDGE_CURVE('',#2036,#2041,#1275,.T.);
#2601=EDGE_CURVE('',#2041,#2039,#311,.T.);
#2602=EDGE_CURVE('',#2038,#2036,#312,.T.);
#2603=EDGE_CURVE('',#2035,#2042,#1276,.T.);
#2604=EDGE_CURVE('',#2042,#2041,#1277,.T.);
#2605=EDGE_CURVE('',#2040,#2042,#313,.T.);
#2606=EDGE_CURVE('',#2032,#2038,#1278,.T.);
#2607=EDGE_CURVE('',#2043,#2043,#314,.T.);
#2608=EDGE_CURVE('',#2043,#2044,#1279,.T.);
#2609=EDGE_CURVE('',#2044,#2044,#315,.T.);
#2610=EDGE_CURVE('',#2045,#2045,#316,.T.);
#2611=EDGE_CURVE('',#2045,#2046,#1280,.T.);
#2612=EDGE_CURVE('',#2046,#2046,#317,.T.);
#2613=EDGE_CURVE('',#2047,#2048,#318,.T.);
#2614=EDGE_CURVE('',#2047,#2049,#1281,.T.);
#2615=EDGE_CURVE('',#2049,#2050,#319,.T.);
#2616=EDGE_CURVE('',#2050,#2048,#1282,.T.);
#2617=EDGE_CURVE('',#2051,#2048,#1283,.F.);
#2618=EDGE_CURVE('',#2052,#2051,#320,.F.);
#2619=EDGE_CURVE('',#2053,#2052,#1284,.F.);
#2620=EDGE_CURVE('',#2054,#2053,#321,.F.);
#2621=EDGE_CURVE('',#2055,#2054,#1285,.F.);
#2622=EDGE_CURVE('',#2056,#2055,#322,.F.);
#2623=EDGE_CURVE('',#2047,#2056,#1286,.F.);
#2624=EDGE_CURVE('',#2057,#2050,#1287,.F.);
#2625=EDGE_CURVE('',#2051,#2057,#1288,.T.);
#2626=EDGE_CURVE('',#2056,#2058,#1289,.T.);
#2627=EDGE_CURVE('',#2049,#2058,#1290,.F.);
#2628=EDGE_CURVE('',#2059,#2060,#1291,.T.);
#2629=EDGE_CURVE('',#2060,#2061,#323,.T.);
#2630=EDGE_CURVE('',#2061,#2062,#1292,.T.);
#2631=EDGE_CURVE('',#2062,#2059,#324,.T.);
#2632=EDGE_CURVE('',#2059,#2063,#1293,.T.);
#2633=EDGE_CURVE('',#2063,#2064,#1294,.T.);
#2634=EDGE_CURVE('',#2064,#2060,#1295,.T.);
#2635=EDGE_CURVE('',#2065,#2066,#1296,.T.);
#2636=EDGE_CURVE('',#2066,#2064,#325,.T.);
#2637=EDGE_CURVE('',#2063,#2065,#326,.T.);
#2638=EDGE_CURVE('',#2065,#2067,#1297,.T.);
#2639=EDGE_CURVE('',#2067,#2068,#1298,.T.);
#2640=EDGE_CURVE('',#2068,#2066,#1299,.T.);
#2641=EDGE_CURVE('',#2069,#2070,#1300,.T.);
#2642=EDGE_CURVE('',#2070,#2068,#327,.T.);
#2643=EDGE_CURVE('',#2067,#2069,#328,.T.);
#2644=EDGE_CURVE('',#2069,#2071,#1301,.T.);
#2645=EDGE_CURVE('',#2071,#2072,#1302,.T.);
#2646=EDGE_CURVE('',#2072,#2070,#1303,.T.);
#2647=EDGE_CURVE('',#2073,#2074,#1304,.T.);
#2648=EDGE_CURVE('',#2074,#2072,#329,.T.);
#2649=EDGE_CURVE('',#2071,#2073,#330,.T.);
#2650=EDGE_CURVE('',#2073,#2062,#1305,.T.);
#2651=EDGE_CURVE('',#2061,#2074,#1306,.T.);
#2652=EDGE_CURVE('',#2075,#2072,#1307,.T.);
#2653=EDGE_CURVE('',#2076,#2075,#1308,.T.);
#2654=EDGE_CURVE('',#2070,#2076,#1309,.T.);
#2655=EDGE_CURVE('',#2074,#2077,#1310,.T.);
#2656=EDGE_CURVE('',#2077,#2075,#331,.F.);
#2657=EDGE_CURVE('',#2078,#2061,#1311,.T.);
#2658=EDGE_CURVE('',#2077,#2078,#1312,.T.);
#2659=EDGE_CURVE('',#2060,#2079,#1313,.T.);
#2660=EDGE_CURVE('',#2079,#2078,#332,.F.);
#2661=EDGE_CURVE('',#2080,#2064,#1314,.T.);
#2662=EDGE_CURVE('',#2079,#2080,#1315,.T.);
#2663=EDGE_CURVE('',#2066,#2081,#1316,.T.);
#2664=EDGE_CURVE('',#2081,#2080,#333,.F.);
#2665=EDGE_CURVE('',#2076,#2082,#334,.F.);
#2666=EDGE_CURVE('',#2082,#2068,#1317,.T.);
#2667=EDGE_CURVE('',#2081,#2082,#1318,.T.);
#2668=EDGE_CURVE('',#2053,#2083,#1319,.T.);
#2669=EDGE_CURVE('',#2084,#2083,#335,.F.);
#2670=EDGE_CURVE('',#2054,#2084,#1320,.T.);
#2671=EDGE_CURVE('',#2085,#2084,#1321,.F.);
#2672=EDGE_CURVE('',#2055,#2085,#1322,.T.);
#2673=EDGE_CURVE('',#2052,#2086,#1323,.T.);
#2674=EDGE_CURVE('',#2083,#2086,#1324,.F.);
#2675=EDGE_CURVE('',#2086,#2057,#336,.F.);
#2676=EDGE_CURVE('',#2087,#2088,#337,.T.);
#2677=EDGE_CURVE('',#2089,#2087,#1325,.T.);
#2678=EDGE_CURVE('',#2090,#2089,#338,.T.);
#2679=EDGE_CURVE('',#2091,#2090,#1326,.T.);
#2680=EDGE_CURVE('',#2092,#2091,#339,.T.);
#2681=EDGE_CURVE('',#2092,#2093,#1327,.T.);
#2682=EDGE_CURVE('',#2094,#2093,#340,.T.);
#2683=EDGE_CURVE('',#2094,#2088,#1328,.T.);
#2684=EDGE_CURVE('',#2058,#2085,#341,.F.);
#2685=EDGE_CURVE('',#2094,#2095,#1329,.T.);
#2686=EDGE_CURVE('',#2095,#2096,#1330,.T.);
#2687=EDGE_CURVE('',#2097,#2096,#1331,.T.);
#2688=EDGE_CURVE('',#2088,#2097,#1332,.T.);
#2689=EDGE_CURVE('',#2098,#2097,#342,.T.);
#2690=EDGE_CURVE('',#2087,#2098,#1333,.T.);
#2691=EDGE_CURVE('',#2099,#2098,#1334,.T.);
#2692=EDGE_CURVE('',#2100,#2099,#1335,.T.);
#2693=EDGE_CURVE('',#2089,#2100,#1336,.T.);
#2694=EDGE_CURVE('',#2101,#2099,#343,.T.);
#2695=EDGE_CURVE('',#2090,#2101,#1337,.T.);
#2696=EDGE_CURVE('',#2102,#2101,#1338,.T.);
#2697=EDGE_CURVE('',#2091,#2102,#1339,.T.);
#2698=EDGE_CURVE('',#2103,#2102,#344,.T.);
#2699=EDGE_CURVE('',#2092,#2103,#1340,.T.);
#2700=EDGE_CURVE('',#2104,#2103,#1341,.T.);
#2701=EDGE_CURVE('',#2093,#2104,#1342,.T.);
#2702=EDGE_CURVE('',#2096,#2104,#345,.T.);
#2703=ORIENTED_EDGE('',*,*,#2105,.T.);
#2704=ORIENTED_EDGE('',*,*,#2106,.T.);
#2705=ORIENTED_EDGE('',*,*,#2107,.T.);
#2706=ORIENTED_EDGE('',*,*,#2108,.T.);
#2707=ORIENTED_EDGE('',*,*,#2109,.F.);
#2708=ORIENTED_EDGE('',*,*,#2110,.T.);
#2709=ORIENTED_EDGE('',*,*,#2111,.T.);
#2710=ORIENTED_EDGE('',*,*,#2112,.T.);
#2711=ORIENTED_EDGE('',*,*,#2109,.T.);
#2712=ORIENTED_EDGE('',*,*,#2113,.T.);
#2713=ORIENTED_EDGE('',*,*,#2114,.T.);
#2714=ORIENTED_EDGE('',*,*,#2115,.T.);
#2715=ORIENTED_EDGE('',*,*,#2116,.T.);
#2716=ORIENTED_EDGE('',*,*,#2117,.T.);
#2717=ORIENTED_EDGE('',*,*,#2118,.T.);
#2718=ORIENTED_EDGE('',*,*,#2119,.T.);
#2719=ORIENTED_EDGE('',*,*,#2120,.T.);
#2720=ORIENTED_EDGE('',*,*,#2121,.T.);
#2721=ORIENTED_EDGE('',*,*,#2122,.T.);
#2722=ORIENTED_EDGE('',*,*,#2123,.T.);
#2723=ORIENTED_EDGE('',*,*,#2118,.F.);
#2724=ORIENTED_EDGE('',*,*,#2124,.T.);
#2725=ORIENTED_EDGE('',*,*,#2125,.T.);
#2726=ORIENTED_EDGE('',*,*,#2122,.F.);
#2727=ORIENTED_EDGE('',*,*,#2126,.T.);
#2728=ORIENTED_EDGE('',*,*,#2127,.T.);
#2729=ORIENTED_EDGE('',*,*,#2128,.T.);
#2730=ORIENTED_EDGE('',*,*,#2124,.F.);
#2731=ORIENTED_EDGE('',*,*,#2129,.T.);
#2732=ORIENTED_EDGE('',*,*,#2130,.T.);
#2733=ORIENTED_EDGE('',*,*,#2131,.T.);
#2734=ORIENTED_EDGE('',*,*,#2127,.F.);
#2735=ORIENTED_EDGE('',*,*,#2132,.T.);
#2736=ORIENTED_EDGE('',*,*,#2133,.T.);
#2737=ORIENTED_EDGE('',*,*,#2130,.F.);
#2738=ORIENTED_EDGE('',*,*,#2134,.T.);
#2739=ORIENTED_EDGE('',*,*,#2135,.T.);
#2740=ORIENTED_EDGE('',*,*,#2114,.F.);
#2741=ORIENTED_EDGE('',*,*,#2136,.T.);
#2742=ORIENTED_EDGE('',*,*,#2120,.F.);
#2743=ORIENTED_EDGE('',*,*,#2137,.T.);
#2744=ORIENTED_EDGE('',*,*,#2111,.F.);
#2745=ORIENTED_EDGE('',*,*,#2138,.T.);
#2746=ORIENTED_EDGE('',*,*,#2139,.T.);
#2747=ORIENTED_EDGE('',*,*,#2116,.F.);
#2748=ORIENTED_EDGE('',*,*,#2140,.T.);
#2749=ORIENTED_EDGE('',*,*,#2141,.T.);
#2750=ORIENTED_EDGE('',*,*,#2142,.T.);
#2751=ORIENTED_EDGE('',*,*,#2143,.T.);
#2752=ORIENTED_EDGE('',*,*,#2142,.F.);
#2753=ORIENTED_EDGE('',*,*,#2144,.T.);
#2754=ORIENTED_EDGE('',*,*,#2106,.F.);
#2755=ORIENTED_EDGE('',*,*,#2140,.F.);
#2756=ORIENTED_EDGE('',*,*,#2115,.F.);
#2757=ORIENTED_EDGE('',*,*,#2135,.F.);
#2758=ORIENTED_EDGE('',*,*,#2145,.F.);
#2759=ORIENTED_EDGE('',*,*,#2146,.F.);
#2760=ORIENTED_EDGE('',*,*,#2147,.F.);
#2761=ORIENTED_EDGE('',*,*,#2148,.F.);
#2762=ORIENTED_EDGE('',*,*,#2149,.F.);
#2763=ORIENTED_EDGE('',*,*,#2134,.F.);
#2764=ORIENTED_EDGE('',*,*,#2150,.F.);
#2765=ORIENTED_EDGE('',*,*,#2151,.F.);
#2766=ORIENTED_EDGE('',*,*,#2152,.F.);
#2767=ORIENTED_EDGE('',*,*,#2153,.F.);
#2768=ORIENTED_EDGE('',*,*,#2154,.F.);
#2769=ORIENTED_EDGE('',*,*,#2155,.F.);
#2770=ORIENTED_EDGE('',*,*,#2145,.T.);
#2771=ORIENTED_EDGE('',*,*,#2132,.F.);
#2772=ORIENTED_EDGE('',*,*,#2156,.T.);
#2773=ORIENTED_EDGE('',*,*,#2157,.T.);
#2774=ORIENTED_EDGE('',*,*,#2150,.T.);
#2775=ORIENTED_EDGE('',*,*,#2129,.F.);
#2776=ORIENTED_EDGE('',*,*,#2158,.F.);
#2777=ORIENTED_EDGE('',*,*,#2159,.F.);
#2778=ORIENTED_EDGE('',*,*,#2156,.F.);
#2779=ORIENTED_EDGE('',*,*,#2126,.F.);
#2780=ORIENTED_EDGE('',*,*,#2160,.T.);
#2781=ORIENTED_EDGE('',*,*,#2161,.T.);
#2782=ORIENTED_EDGE('',*,*,#2158,.T.);
#2783=ORIENTED_EDGE('',*,*,#2121,.F.);
#2784=ORIENTED_EDGE('',*,*,#2162,.T.);
#2785=ORIENTED_EDGE('',*,*,#2163,.F.);
#2786=ORIENTED_EDGE('',*,*,#2164,.T.);
#2787=ORIENTED_EDGE('',*,*,#2165,.F.);
#2788=ORIENTED_EDGE('',*,*,#2166,.T.);
#2789=ORIENTED_EDGE('',*,*,#2167,.F.);
#2790=ORIENTED_EDGE('',*,*,#2168,.F.);
#2791=ORIENTED_EDGE('',*,*,#2169,.F.);
#2792=ORIENTED_EDGE('',*,*,#2170,.F.);
#2793=ORIENTED_EDGE('',*,*,#2171,.F.);
#2794=ORIENTED_EDGE('',*,*,#2160,.F.);
#2795=ORIENTED_EDGE('',*,*,#2117,.F.);
#2796=ORIENTED_EDGE('',*,*,#2172,.F.);
#2797=ORIENTED_EDGE('',*,*,#2173,.F.);
#2798=ORIENTED_EDGE('',*,*,#2162,.F.);
#2799=ORIENTED_EDGE('',*,*,#2119,.F.);
#2800=ORIENTED_EDGE('',*,*,#2123,.F.);
#2801=ORIENTED_EDGE('',*,*,#2125,.F.);
#2802=ORIENTED_EDGE('',*,*,#2128,.F.);
#2803=ORIENTED_EDGE('',*,*,#2131,.F.);
#2804=ORIENTED_EDGE('',*,*,#2133,.F.);
#2805=ORIENTED_EDGE('',*,*,#2113,.F.);
#2806=ORIENTED_EDGE('',*,*,#2139,.F.);
#2807=ORIENTED_EDGE('',*,*,#2143,.F.);
#2808=ORIENTED_EDGE('',*,*,#2105,.F.);
#2809=ORIENTED_EDGE('',*,*,#2112,.F.);
#2810=ORIENTED_EDGE('',*,*,#2137,.F.);
#2811=ORIENTED_EDGE('',*,*,#2174,.F.);
#2812=ORIENTED_EDGE('',*,*,#2175,.F.);
#2813=ORIENTED_EDGE('',*,*,#2174,.T.);
#2814=ORIENTED_EDGE('',*,*,#2176,.T.);
#2815=ORIENTED_EDGE('',*,*,#2177,.T.);
#2816=ORIENTED_EDGE('',*,*,#2176,.F.);
#2817=ORIENTED_EDGE('',*,*,#2178,.F.);
#2818=ORIENTED_EDGE('',*,*,#2179,.T.);
#2819=ORIENTED_EDGE('',*,*,#2177,.F.);
#2820=ORIENTED_EDGE('',*,*,#2179,.F.);
#2821=ORIENTED_EDGE('',*,*,#2175,.T.);
#2822=ORIENTED_EDGE('',*,*,#2180,.T.);
#2823=ORIENTED_EDGE('',*,*,#2181,.T.);
#2824=ORIENTED_EDGE('',*,*,#2180,.F.);
#2825=ORIENTED_EDGE('',*,*,#2182,.F.);
#2826=ORIENTED_EDGE('',*,*,#2183,.T.);
#2827=ORIENTED_EDGE('',*,*,#2181,.F.);
#2828=ORIENTED_EDGE('',*,*,#2183,.F.);
#2829=ORIENTED_EDGE('',*,*,#2184,.F.);
#2830=ORIENTED_EDGE('',*,*,#2185,.F.);
#2831=ORIENTED_EDGE('',*,*,#2186,.T.);
#2832=ORIENTED_EDGE('',*,*,#2187,.F.);
#2833=ORIENTED_EDGE('',*,*,#2188,.F.);
#2834=ORIENTED_EDGE('',*,*,#2186,.F.);
#2835=ORIENTED_EDGE('',*,*,#2189,.F.);
#2836=ORIENTED_EDGE('',*,*,#2190,.F.);
#2837=ORIENTED_EDGE('',*,*,#2191,.T.);
#2838=ORIENTED_EDGE('',*,*,#2192,.F.);
#2839=ORIENTED_EDGE('',*,*,#2193,.F.);
#2840=ORIENTED_EDGE('',*,*,#2191,.F.);
#2841=ORIENTED_EDGE('',*,*,#2194,.F.);
#2842=ORIENTED_EDGE('',*,*,#2195,.F.);
#2843=ORIENTED_EDGE('',*,*,#2196,.T.);
#2844=ORIENTED_EDGE('',*,*,#2197,.F.);
#2845=ORIENTED_EDGE('',*,*,#2198,.F.);
#2846=ORIENTED_EDGE('',*,*,#2196,.F.);
#2847=ORIENTED_EDGE('',*,*,#2199,.T.);
#2848=ORIENTED_EDGE('',*,*,#2200,.T.);
#2849=ORIENTED_EDGE('',*,*,#2163,.T.);
#2850=ORIENTED_EDGE('',*,*,#2173,.T.);
#2851=ORIENTED_EDGE('',*,*,#2200,.F.);
#2852=ORIENTED_EDGE('',*,*,#2201,.F.);
#2853=ORIENTED_EDGE('',*,*,#2202,.F.);
#2854=ORIENTED_EDGE('',*,*,#2164,.F.);
#2855=ORIENTED_EDGE('',*,*,#2136,.F.);
#2856=ORIENTED_EDGE('',*,*,#2203,.T.);
#2857=ORIENTED_EDGE('',*,*,#2204,.F.);
#2858=ORIENTED_EDGE('',*,*,#2205,.T.);
#2859=ORIENTED_EDGE('',*,*,#2206,.F.);
#2860=ORIENTED_EDGE('',*,*,#2201,.T.);
#2861=ORIENTED_EDGE('',*,*,#2199,.F.);
#2862=ORIENTED_EDGE('',*,*,#2172,.T.);
#2863=ORIENTED_EDGE('',*,*,#2207,.T.);
#2864=ORIENTED_EDGE('',*,*,#2208,.T.);
#2865=ORIENTED_EDGE('',*,*,#2206,.T.);
#2866=ORIENTED_EDGE('',*,*,#2209,.T.);
#2867=ORIENTED_EDGE('',*,*,#2165,.T.);
#2868=ORIENTED_EDGE('',*,*,#2202,.T.);
#2869=ORIENTED_EDGE('',*,*,#2209,.F.);
#2870=ORIENTED_EDGE('',*,*,#2205,.F.);
#2871=ORIENTED_EDGE('',*,*,#2210,.F.);
#2872=ORIENTED_EDGE('',*,*,#2166,.F.);
#2873=ORIENTED_EDGE('',*,*,#2211,.T.);
#2874=ORIENTED_EDGE('',*,*,#2212,.T.);
#2875=ORIENTED_EDGE('',*,*,#2213,.T.);
#2876=ORIENTED_EDGE('',*,*,#2212,.F.);
#2877=ORIENTED_EDGE('',*,*,#2214,.F.);
#2878=ORIENTED_EDGE('',*,*,#2215,.F.);
#2879=ORIENTED_EDGE('',*,*,#2216,.F.);
#2880=ORIENTED_EDGE('',*,*,#2217,.F.);
#2881=ORIENTED_EDGE('',*,*,#2218,.F.);
#2882=ORIENTED_EDGE('',*,*,#2219,.F.);
#2883=ORIENTED_EDGE('',*,*,#2220,.F.);
#2884=ORIENTED_EDGE('',*,*,#2221,.F.);
#2885=ORIENTED_EDGE('',*,*,#2222,.F.);
#2886=ORIENTED_EDGE('',*,*,#2223,.F.);
#2887=ORIENTED_EDGE('',*,*,#2224,.F.);
#2888=ORIENTED_EDGE('',*,*,#2225,.F.);
#2889=ORIENTED_EDGE('',*,*,#2226,.F.);
#2890=ORIENTED_EDGE('',*,*,#2211,.F.);
#2891=ORIENTED_EDGE('',*,*,#2227,.F.);
#2892=ORIENTED_EDGE('',*,*,#2228,.T.);
#2893=ORIENTED_EDGE('',*,*,#2213,.F.);
#2894=ORIENTED_EDGE('',*,*,#2228,.F.);
#2895=ORIENTED_EDGE('',*,*,#2226,.T.);
#2896=ORIENTED_EDGE('',*,*,#2229,.T.);
#2897=ORIENTED_EDGE('',*,*,#2230,.T.);
#2898=ORIENTED_EDGE('',*,*,#2229,.F.);
#2899=ORIENTED_EDGE('',*,*,#2231,.F.);
#2900=ORIENTED_EDGE('',*,*,#2232,.T.);
#2901=ORIENTED_EDGE('',*,*,#2230,.F.);
#2902=ORIENTED_EDGE('',*,*,#2232,.F.);
#2903=ORIENTED_EDGE('',*,*,#2222,.T.);
#2904=ORIENTED_EDGE('',*,*,#2233,.T.);
#2905=ORIENTED_EDGE('',*,*,#2234,.T.);
#2906=ORIENTED_EDGE('',*,*,#2235,.T.);
#2907=ORIENTED_EDGE('',*,*,#2221,.T.);
#2908=ORIENTED_EDGE('',*,*,#2236,.T.);
#2909=ORIENTED_EDGE('',*,*,#2204,.T.);
#2910=ORIENTED_EDGE('',*,*,#2237,.T.);
#2911=ORIENTED_EDGE('',*,*,#2233,.F.);
#2912=ORIENTED_EDGE('',*,*,#2147,.T.);
#2913=ORIENTED_EDGE('',*,*,#2238,.T.);
#2914=ORIENTED_EDGE('',*,*,#2214,.T.);
#2915=ORIENTED_EDGE('',*,*,#2239,.T.);
#2916=ORIENTED_EDGE('',*,*,#2155,.T.);
#2917=ORIENTED_EDGE('',*,*,#2240,.T.);
#2918=ORIENTED_EDGE('',*,*,#2215,.T.);
#2919=ORIENTED_EDGE('',*,*,#2238,.F.);
#2920=ORIENTED_EDGE('',*,*,#2146,.T.);
#2921=ORIENTED_EDGE('',*,*,#2241,.T.);
#2922=ORIENTED_EDGE('',*,*,#2216,.T.);
#2923=ORIENTED_EDGE('',*,*,#2240,.F.);
#2924=ORIENTED_EDGE('',*,*,#2242,.T.);
#2925=ORIENTED_EDGE('',*,*,#2243,.T.);
#2926=ORIENTED_EDGE('',*,*,#2217,.T.);
#2927=ORIENTED_EDGE('',*,*,#2241,.F.);
#2928=ORIENTED_EDGE('',*,*,#2244,.T.);
#2929=ORIENTED_EDGE('',*,*,#2245,.T.);
#2930=ORIENTED_EDGE('',*,*,#2218,.T.);
#2931=ORIENTED_EDGE('',*,*,#2243,.F.);
#2932=ORIENTED_EDGE('',*,*,#2246,.T.);
#2933=ORIENTED_EDGE('',*,*,#2219,.T.);
#2934=ORIENTED_EDGE('',*,*,#2245,.F.);
#2935=ORIENTED_EDGE('',*,*,#2167,.T.);
#2936=ORIENTED_EDGE('',*,*,#2247,.T.);
#2937=ORIENTED_EDGE('',*,*,#2220,.T.);
#2938=ORIENTED_EDGE('',*,*,#2247,.F.);
#2939=ORIENTED_EDGE('',*,*,#2210,.T.);
#2940=ORIENTED_EDGE('',*,*,#2236,.F.);
#2941=ORIENTED_EDGE('',*,*,#2248,.T.);
#2942=ORIENTED_EDGE('',*,*,#2148,.T.);
#2943=ORIENTED_EDGE('',*,*,#2239,.F.);
#2944=ORIENTED_EDGE('',*,*,#2225,.T.);
#2945=ORIENTED_EDGE('',*,*,#2249,.T.);
#2946=ORIENTED_EDGE('',*,*,#2250,.T.);
#2947=ORIENTED_EDGE('',*,*,#2249,.F.);
#2948=ORIENTED_EDGE('',*,*,#2224,.T.);
#2949=ORIENTED_EDGE('',*,*,#2251,.F.);
#2950=ORIENTED_EDGE('',*,*,#2223,.T.);
#2951=ORIENTED_EDGE('',*,*,#2235,.F.);
#2952=ORIENTED_EDGE('',*,*,#2252,.T.);
#2953=ORIENTED_EDGE('',*,*,#2253,.T.);
#2954=ORIENTED_EDGE('',*,*,#2251,.T.);
#2955=ORIENTED_EDGE('',*,*,#2246,.F.);
#2956=ORIENTED_EDGE('',*,*,#2254,.T.);
#2957=ORIENTED_EDGE('',*,*,#2255,.T.);
#2958=ORIENTED_EDGE('',*,*,#2168,.T.);
#2959=ORIENTED_EDGE('',*,*,#2244,.F.);
#2960=ORIENTED_EDGE('',*,*,#2256,.F.);
#2961=ORIENTED_EDGE('',*,*,#2257,.F.);
#2962=ORIENTED_EDGE('',*,*,#2254,.F.);
#2963=ORIENTED_EDGE('',*,*,#2242,.F.);
#2964=ORIENTED_EDGE('',*,*,#2154,.T.);
#2965=ORIENTED_EDGE('',*,*,#2258,.T.);
#2966=ORIENTED_EDGE('',*,*,#2256,.T.);
#2967=ORIENTED_EDGE('',*,*,#2259,.F.);
#2968=ORIENTED_EDGE('',*,*,#2260,.T.);
#2969=ORIENTED_EDGE('',*,*,#2261,.F.);
#2970=ORIENTED_EDGE('',*,*,#2262,.T.);
#2971=ORIENTED_EDGE('',*,*,#2263,.T.);
#2972=ORIENTED_EDGE('',*,*,#2170,.T.);
#2973=ORIENTED_EDGE('',*,*,#2264,.T.);
#2974=ORIENTED_EDGE('',*,*,#2152,.T.);
#2975=ORIENTED_EDGE('',*,*,#2265,.T.);
#2976=ORIENTED_EDGE('',*,*,#2266,.F.);
#2977=ORIENTED_EDGE('',*,*,#2267,.T.);
#2978=ORIENTED_EDGE('',*,*,#2265,.F.);
#2979=ORIENTED_EDGE('',*,*,#2267,.F.);
#2980=ORIENTED_EDGE('',*,*,#2268,.F.);
#2981=ORIENTED_EDGE('',*,*,#2269,.F.);
#2982=ORIENTED_EDGE('',*,*,#2270,.T.);
#2983=ORIENTED_EDGE('',*,*,#2271,.F.);
#2984=ORIENTED_EDGE('',*,*,#2272,.F.);
#2985=ORIENTED_EDGE('',*,*,#2270,.F.);
#2986=ORIENTED_EDGE('',*,*,#2273,.F.);
#2987=ORIENTED_EDGE('',*,*,#2271,.T.);
#2988=ORIENTED_EDGE('',*,*,#2272,.T.);
#2989=ORIENTED_EDGE('',*,*,#2274,.T.);
#2990=ORIENTED_EDGE('',*,*,#2275,.F.);
#2991=ORIENTED_EDGE('',*,*,#2274,.F.);
#2992=ORIENTED_EDGE('',*,*,#2108,.F.);
#2993=ORIENTED_EDGE('',*,*,#2276,.F.);
#2994=ORIENTED_EDGE('',*,*,#2252,.F.);
#2995=ORIENTED_EDGE('',*,*,#2234,.F.);
#2996=ORIENTED_EDGE('',*,*,#2237,.F.);
#2997=ORIENTED_EDGE('',*,*,#2203,.F.);
#2998=ORIENTED_EDGE('',*,*,#2138,.F.);
#2999=ORIENTED_EDGE('',*,*,#2110,.F.);
#3000=ORIENTED_EDGE('',*,*,#2266,.T.);
#3001=ORIENTED_EDGE('',*,*,#2277,.T.);
#3002=ORIENTED_EDGE('',*,*,#2278,.T.);
#3003=ORIENTED_EDGE('',*,*,#2277,.F.);
#3004=ORIENTED_EDGE('',*,*,#2268,.T.);
#3005=ORIENTED_EDGE('',*,*,#2187,.T.);
#3006=ORIENTED_EDGE('',*,*,#2188,.T.);
#3007=ORIENTED_EDGE('',*,*,#2192,.T.);
#3008=ORIENTED_EDGE('',*,*,#2193,.T.);
#3009=ORIENTED_EDGE('',*,*,#2197,.T.);
#3010=ORIENTED_EDGE('',*,*,#2198,.T.);
#3011=ORIENTED_EDGE('',*,*,#2278,.F.);
#3012=ORIENTED_EDGE('',*,*,#2279,.T.);
#3013=ORIENTED_EDGE('',*,*,#2279,.F.);
#3014=ORIENTED_EDGE('',*,*,#2280,.T.);
#3015=ORIENTED_EDGE('',*,*,#2273,.T.);
#3016=ORIENTED_EDGE('',*,*,#2269,.T.);
#3017=ORIENTED_EDGE('',*,*,#2280,.F.);
#3018=ORIENTED_EDGE('',*,*,#2184,.T.);
#3019=ORIENTED_EDGE('',*,*,#2185,.T.);
#3020=ORIENTED_EDGE('',*,*,#2189,.T.);
#3021=ORIENTED_EDGE('',*,*,#2190,.T.);
#3022=ORIENTED_EDGE('',*,*,#2194,.T.);
#3023=ORIENTED_EDGE('',*,*,#2195,.T.);
#3024=ORIENTED_EDGE('',*,*,#2281,.T.);
#3025=ORIENTED_EDGE('',*,*,#2282,.T.);
#3026=ORIENTED_EDGE('',*,*,#2178,.T.);
#3027=ORIENTED_EDGE('',*,*,#2282,.F.);
#3028=ORIENTED_EDGE('',*,*,#2157,.F.);
#3029=ORIENTED_EDGE('',*,*,#2159,.T.);
#3030=ORIENTED_EDGE('',*,*,#2161,.F.);
#3031=ORIENTED_EDGE('',*,*,#2171,.T.);
#3032=ORIENTED_EDGE('',*,*,#2263,.F.);
#3033=ORIENTED_EDGE('',*,*,#2151,.T.);
#3034=ORIENTED_EDGE('',*,*,#2281,.F.);
#3035=ORIENTED_EDGE('',*,*,#2283,.F.);
#3036=ORIENTED_EDGE('',*,*,#2283,.T.);
#3037=ORIENTED_EDGE('',*,*,#2284,.T.);
#3038=ORIENTED_EDGE('',*,*,#2182,.T.);
#3039=ORIENTED_EDGE('',*,*,#2284,.F.);
#3040=ORIENTED_EDGE('',*,*,#2285,.T.);
#3041=ORIENTED_EDGE('',*,*,#2286,.T.);
#3042=ORIENTED_EDGE('',*,*,#2231,.T.);
#3043=ORIENTED_EDGE('',*,*,#2286,.F.);
#3044=ORIENTED_EDGE('',*,*,#2258,.F.);
#3045=ORIENTED_EDGE('',*,*,#2153,.T.);
#3046=ORIENTED_EDGE('',*,*,#2264,.F.);
#3047=ORIENTED_EDGE('',*,*,#2169,.T.);
#3048=ORIENTED_EDGE('',*,*,#2255,.F.);
#3049=ORIENTED_EDGE('',*,*,#2257,.T.);
#3050=ORIENTED_EDGE('',*,*,#2285,.F.);
#3051=ORIENTED_EDGE('',*,*,#2287,.F.);
#3052=ORIENTED_EDGE('',*,*,#2287,.T.);
#3053=ORIENTED_EDGE('',*,*,#2288,.T.);
#3054=ORIENTED_EDGE('',*,*,#2227,.T.);
#3055=ORIENTED_EDGE('',*,*,#2288,.F.);
#3056=ORIENTED_EDGE('',*,*,#2289,.T.);
#3057=ORIENTED_EDGE('',*,*,#2290,.T.);
#3058=ORIENTED_EDGE('',*,*,#2208,.F.);
#3059=ORIENTED_EDGE('',*,*,#2291,.T.);
#3060=ORIENTED_EDGE('',*,*,#2290,.F.);
#3061=ORIENTED_EDGE('',*,*,#2291,.F.);
#3062=ORIENTED_EDGE('',*,*,#2207,.F.);
#3063=ORIENTED_EDGE('',*,*,#2292,.T.);
#3064=ORIENTED_EDGE('',*,*,#2289,.F.);
#3065=ORIENTED_EDGE('',*,*,#2292,.F.);
#3066=ORIENTED_EDGE('',*,*,#2141,.F.);
#3067=ORIENTED_EDGE('',*,*,#2149,.T.);
#3068=ORIENTED_EDGE('',*,*,#2248,.F.);
#3069=ORIENTED_EDGE('',*,*,#2293,.F.);
#3070=ORIENTED_EDGE('',*,*,#2260,.F.);
#3071=ORIENTED_EDGE('',*,*,#2294,.F.);
#3072=ORIENTED_EDGE('',*,*,#2144,.F.);
#3073=ORIENTED_EDGE('',*,*,#2294,.T.);
#3074=ORIENTED_EDGE('',*,*,#2259,.T.);
#3075=ORIENTED_EDGE('',*,*,#2293,.T.);
#3076=ORIENTED_EDGE('',*,*,#2250,.F.);
#3077=ORIENTED_EDGE('',*,*,#2295,.T.);
#3078=ORIENTED_EDGE('',*,*,#2261,.T.);
#3079=ORIENTED_EDGE('',*,*,#2296,.T.);
#3080=ORIENTED_EDGE('',*,*,#2275,.T.);
#3081=ORIENTED_EDGE('',*,*,#2107,.F.);
#3082=ORIENTED_EDGE('',*,*,#2296,.F.);
#3083=ORIENTED_EDGE('',*,*,#2262,.F.);
#3084=ORIENTED_EDGE('',*,*,#2295,.F.);
#3085=ORIENTED_EDGE('',*,*,#2253,.F.);
#3086=ORIENTED_EDGE('',*,*,#2276,.T.);
#3087=ORIENTED_EDGE('',*,*,#2297,.T.);
#3088=ORIENTED_EDGE('',*,*,#2298,.T.);
#3089=ORIENTED_EDGE('',*,*,#2299,.T.);
#3090=ORIENTED_EDGE('',*,*,#2300,.T.);
#3091=ORIENTED_EDGE('',*,*,#2297,.F.);
#3092=ORIENTED_EDGE('',*,*,#2301,.T.);
#3093=ORIENTED_EDGE('',*,*,#2302,.F.);
#3094=ORIENTED_EDGE('',*,*,#2303,.T.);
#3095=ORIENTED_EDGE('',*,*,#2304,.F.);
#3096=ORIENTED_EDGE('',*,*,#2305,.T.);
#3097=ORIENTED_EDGE('',*,*,#2306,.F.);
#3098=ORIENTED_EDGE('',*,*,#2307,.T.);
#3099=ORIENTED_EDGE('',*,*,#2308,.T.);
#3100=ORIENTED_EDGE('',*,*,#2309,.T.);
#3101=ORIENTED_EDGE('',*,*,#2300,.F.);
#3102=ORIENTED_EDGE('',*,*,#2310,.F.);
#3103=ORIENTED_EDGE('',*,*,#2311,.F.);
#3104=ORIENTED_EDGE('',*,*,#2301,.F.);
#3105=ORIENTED_EDGE('',*,*,#2302,.T.);
#3106=ORIENTED_EDGE('',*,*,#2311,.T.);
#3107=ORIENTED_EDGE('',*,*,#2312,.T.);
#3108=ORIENTED_EDGE('',*,*,#2313,.T.);
#3109=ORIENTED_EDGE('',*,*,#2314,.T.);
#3110=ORIENTED_EDGE('',*,*,#2315,.T.);
#3111=ORIENTED_EDGE('',*,*,#2316,.T.);
#3112=ORIENTED_EDGE('',*,*,#2315,.F.);
#3113=ORIENTED_EDGE('',*,*,#2317,.F.);
#3114=ORIENTED_EDGE('',*,*,#2318,.F.);
#3115=ORIENTED_EDGE('',*,*,#2319,.F.);
#3116=ORIENTED_EDGE('',*,*,#2320,.F.);
#3117=ORIENTED_EDGE('',*,*,#2321,.F.);
#3118=ORIENTED_EDGE('',*,*,#2322,.F.);
#3119=ORIENTED_EDGE('',*,*,#2323,.F.);
#3120=ORIENTED_EDGE('',*,*,#2324,.F.);
#3121=ORIENTED_EDGE('',*,*,#2325,.F.);
#3122=ORIENTED_EDGE('',*,*,#2326,.F.);
#3123=ORIENTED_EDGE('',*,*,#2327,.F.);
#3124=ORIENTED_EDGE('',*,*,#2328,.F.);
#3125=ORIENTED_EDGE('',*,*,#2329,.F.);
#3126=ORIENTED_EDGE('',*,*,#2316,.F.);
#3127=ORIENTED_EDGE('',*,*,#2314,.F.);
#3128=ORIENTED_EDGE('',*,*,#2330,.T.);
#3129=ORIENTED_EDGE('',*,*,#2331,.F.);
#3130=ORIENTED_EDGE('',*,*,#2330,.F.);
#3131=ORIENTED_EDGE('',*,*,#2332,.T.);
#3132=ORIENTED_EDGE('',*,*,#2333,.T.);
#3133=ORIENTED_EDGE('',*,*,#2329,.T.);
#3134=ORIENTED_EDGE('',*,*,#2333,.F.);
#3135=ORIENTED_EDGE('',*,*,#2332,.F.);
#3136=ORIENTED_EDGE('',*,*,#2334,.T.);
#3137=ORIENTED_EDGE('',*,*,#2335,.F.);
#3138=ORIENTED_EDGE('',*,*,#2334,.F.);
#3139=ORIENTED_EDGE('',*,*,#2336,.T.);
#3140=ORIENTED_EDGE('',*,*,#2337,.T.);
#3141=ORIENTED_EDGE('',*,*,#2320,.T.);
#3142=ORIENTED_EDGE('',*,*,#2338,.F.);
#3143=ORIENTED_EDGE('',*,*,#2339,.T.);
#3144=ORIENTED_EDGE('',*,*,#2319,.T.);
#3145=ORIENTED_EDGE('',*,*,#2340,.T.);
#3146=ORIENTED_EDGE('',*,*,#2341,.T.);
#3147=ORIENTED_EDGE('',*,*,#2338,.T.);
#3148=ORIENTED_EDGE('',*,*,#2342,.T.);
#3149=ORIENTED_EDGE('',*,*,#2343,.T.);
#3150=ORIENTED_EDGE('',*,*,#2323,.T.);
#3151=ORIENTED_EDGE('',*,*,#2344,.T.);
#3152=ORIENTED_EDGE('',*,*,#2317,.T.);
#3153=ORIENTED_EDGE('',*,*,#2345,.T.);
#3154=ORIENTED_EDGE('',*,*,#2346,.T.);
#3155=ORIENTED_EDGE('',*,*,#2347,.T.);
#3156=ORIENTED_EDGE('',*,*,#2328,.T.);
#3157=ORIENTED_EDGE('',*,*,#2348,.T.);
#3158=ORIENTED_EDGE('',*,*,#2349,.T.);
#3159=ORIENTED_EDGE('',*,*,#2345,.F.);
#3160=ORIENTED_EDGE('',*,*,#2350,.T.);
#3161=ORIENTED_EDGE('',*,*,#2351,.T.);
#3162=ORIENTED_EDGE('',*,*,#2348,.F.);
#3163=ORIENTED_EDGE('',*,*,#2327,.T.);
#3164=ORIENTED_EDGE('',*,*,#2352,.T.);
#3165=ORIENTED_EDGE('',*,*,#2353,.T.);
#3166=ORIENTED_EDGE('',*,*,#2350,.F.);
#3167=ORIENTED_EDGE('',*,*,#2326,.T.);
#3168=ORIENTED_EDGE('',*,*,#2354,.T.);
#3169=ORIENTED_EDGE('',*,*,#2355,.T.);
#3170=ORIENTED_EDGE('',*,*,#2352,.F.);
#3171=ORIENTED_EDGE('',*,*,#2325,.T.);
#3172=ORIENTED_EDGE('',*,*,#2356,.T.);
#3173=ORIENTED_EDGE('',*,*,#2354,.F.);
#3174=ORIENTED_EDGE('',*,*,#2324,.T.);
#3175=ORIENTED_EDGE('',*,*,#2343,.F.);
#3176=ORIENTED_EDGE('',*,*,#2357,.T.);
#3177=ORIENTED_EDGE('',*,*,#2318,.T.);
#3178=ORIENTED_EDGE('',*,*,#2347,.F.);
#3179=ORIENTED_EDGE('',*,*,#2306,.T.);
#3180=ORIENTED_EDGE('',*,*,#2358,.T.);
#3181=ORIENTED_EDGE('',*,*,#2340,.F.);
#3182=ORIENTED_EDGE('',*,*,#2359,.T.);
#3183=ORIENTED_EDGE('',*,*,#2360,.T.);
#3184=ORIENTED_EDGE('',*,*,#2344,.F.);
#3185=ORIENTED_EDGE('',*,*,#2322,.T.);
#3186=ORIENTED_EDGE('',*,*,#2361,.T.);
#3187=ORIENTED_EDGE('',*,*,#2362,.T.);
#3188=ORIENTED_EDGE('',*,*,#2361,.F.);
#3189=ORIENTED_EDGE('',*,*,#2321,.T.);
#3190=ORIENTED_EDGE('',*,*,#2337,.F.);
#3191=ORIENTED_EDGE('',*,*,#2351,.F.);
#3192=ORIENTED_EDGE('',*,*,#2363,.T.);
#3193=ORIENTED_EDGE('',*,*,#2364,.T.);
#3194=ORIENTED_EDGE('',*,*,#2365,.T.);
#3195=ORIENTED_EDGE('',*,*,#2353,.F.);
#3196=ORIENTED_EDGE('',*,*,#2366,.F.);
#3197=ORIENTED_EDGE('',*,*,#2367,.F.);
#3198=ORIENTED_EDGE('',*,*,#2363,.F.);
#3199=ORIENTED_EDGE('',*,*,#2355,.F.);
#3200=ORIENTED_EDGE('',*,*,#2368,.T.);
#3201=ORIENTED_EDGE('',*,*,#2369,.T.);
#3202=ORIENTED_EDGE('',*,*,#2366,.T.);
#3203=ORIENTED_EDGE('',*,*,#2356,.F.);
#3204=ORIENTED_EDGE('',*,*,#2370,.T.);
#3205=ORIENTED_EDGE('',*,*,#2371,.F.);
#3206=ORIENTED_EDGE('',*,*,#2372,.F.);
#3207=ORIENTED_EDGE('',*,*,#2373,.F.);
#3208=ORIENTED_EDGE('',*,*,#2374,.F.);
#3209=ORIENTED_EDGE('',*,*,#2375,.F.);
#3210=ORIENTED_EDGE('',*,*,#2368,.F.);
#3211=ORIENTED_EDGE('',*,*,#2357,.F.);
#3212=ORIENTED_EDGE('',*,*,#2342,.F.);
#3213=ORIENTED_EDGE('',*,*,#2360,.F.);
#3214=ORIENTED_EDGE('',*,*,#2376,.F.);
#3215=ORIENTED_EDGE('',*,*,#2377,.F.);
#3216=ORIENTED_EDGE('',*,*,#2378,.F.);
#3217=ORIENTED_EDGE('',*,*,#2379,.F.);
#3218=ORIENTED_EDGE('',*,*,#2370,.F.);
#3219=ORIENTED_EDGE('',*,*,#2359,.F.);
#3220=ORIENTED_EDGE('',*,*,#2380,.F.);
#3221=ORIENTED_EDGE('',*,*,#2381,.F.);
#3222=ORIENTED_EDGE('',*,*,#2382,.F.);
#3223=ORIENTED_EDGE('',*,*,#2383,.F.);
#3224=ORIENTED_EDGE('',*,*,#2376,.T.);
#3225=ORIENTED_EDGE('',*,*,#2384,.T.);
#3226=ORIENTED_EDGE('',*,*,#2385,.T.);
#3227=ORIENTED_EDGE('',*,*,#2386,.T.);
#3228=ORIENTED_EDGE('',*,*,#2387,.T.);
#3229=ORIENTED_EDGE('',*,*,#2304,.T.);
#3230=ORIENTED_EDGE('',*,*,#2388,.T.);
#3231=ORIENTED_EDGE('',*,*,#2389,.T.);
#3232=ORIENTED_EDGE('',*,*,#2385,.F.);
#3233=ORIENTED_EDGE('',*,*,#2390,.T.);
#3234=ORIENTED_EDGE('',*,*,#2391,.T.);
#3235=ORIENTED_EDGE('',*,*,#2392,.T.);
#3236=ORIENTED_EDGE('',*,*,#2378,.T.);
#3237=ORIENTED_EDGE('',*,*,#2393,.T.);
#3238=ORIENTED_EDGE('',*,*,#2394,.T.);
#3239=ORIENTED_EDGE('',*,*,#2395,.T.);
#3240=ORIENTED_EDGE('',*,*,#2371,.T.);
#3241=ORIENTED_EDGE('',*,*,#2379,.T.);
#3242=ORIENTED_EDGE('',*,*,#2392,.F.);
#3243=ORIENTED_EDGE('',*,*,#2396,.T.);
#3244=ORIENTED_EDGE('',*,*,#2397,.T.);
#3245=ORIENTED_EDGE('',*,*,#2395,.F.);
#3246=ORIENTED_EDGE('',*,*,#2398,.T.);
#3247=ORIENTED_EDGE('',*,*,#2399,.T.);
#3248=ORIENTED_EDGE('',*,*,#2400,.T.);
#3249=ORIENTED_EDGE('',*,*,#2396,.F.);
#3250=ORIENTED_EDGE('',*,*,#2401,.T.);
#3251=ORIENTED_EDGE('',*,*,#2402,.T.);
#3252=ORIENTED_EDGE('',*,*,#2403,.T.);
#3253=ORIENTED_EDGE('',*,*,#2399,.F.);
#3254=ORIENTED_EDGE('',*,*,#2404,.T.);
#3255=ORIENTED_EDGE('',*,*,#2405,.T.);
#3256=ORIENTED_EDGE('',*,*,#2402,.F.);
#3257=ORIENTED_EDGE('',*,*,#2406,.T.);
#3258=ORIENTED_EDGE('',*,*,#2407,.T.);
#3259=ORIENTED_EDGE('',*,*,#2408,.T.);
#3260=ORIENTED_EDGE('',*,*,#2407,.F.);
#3261=ORIENTED_EDGE('',*,*,#2409,.T.);
#3262=ORIENTED_EDGE('',*,*,#2388,.F.);
#3263=ORIENTED_EDGE('',*,*,#2410,.T.);
#3264=ORIENTED_EDGE('',*,*,#2393,.F.);
#3265=ORIENTED_EDGE('',*,*,#2377,.T.);
#3266=ORIENTED_EDGE('',*,*,#2383,.T.);
#3267=ORIENTED_EDGE('',*,*,#2411,.T.);
#3268=ORIENTED_EDGE('',*,*,#2412,.T.);
#3269=ORIENTED_EDGE('',*,*,#2411,.F.);
#3270=ORIENTED_EDGE('',*,*,#2413,.T.);
#3271=ORIENTED_EDGE('',*,*,#2414,.F.);
#3272=ORIENTED_EDGE('',*,*,#2415,.T.);
#3273=ORIENTED_EDGE('',*,*,#2416,.T.);
#3274=ORIENTED_EDGE('',*,*,#2387,.F.);
#3275=ORIENTED_EDGE('',*,*,#2417,.T.);
#3276=ORIENTED_EDGE('',*,*,#2414,.T.);
#3277=ORIENTED_EDGE('',*,*,#2358,.F.);
#3278=ORIENTED_EDGE('',*,*,#2305,.F.);
#3279=ORIENTED_EDGE('',*,*,#2390,.F.);
#3280=ORIENTED_EDGE('',*,*,#2384,.F.);
#3281=ORIENTED_EDGE('',*,*,#2416,.F.);
#3282=ORIENTED_EDGE('',*,*,#2418,.F.);
#3283=ORIENTED_EDGE('',*,*,#2339,.F.);
#3284=ORIENTED_EDGE('',*,*,#2341,.F.);
#3285=ORIENTED_EDGE('',*,*,#2336,.F.);
#3286=ORIENTED_EDGE('',*,*,#2418,.T.);
#3287=ORIENTED_EDGE('',*,*,#2415,.F.);
#3288=ORIENTED_EDGE('',*,*,#2419,.F.);
#3289=ORIENTED_EDGE('',*,*,#2420,.F.);
#3290=ORIENTED_EDGE('',*,*,#2421,.F.);
#3291=ORIENTED_EDGE('',*,*,#2362,.F.);
#3292=ORIENTED_EDGE('',*,*,#2421,.T.);
#3293=ORIENTED_EDGE('',*,*,#2422,.T.);
#3294=ORIENTED_EDGE('',*,*,#2419,.T.);
#3295=ORIENTED_EDGE('',*,*,#2413,.F.);
#3296=ORIENTED_EDGE('',*,*,#2382,.T.);
#3297=ORIENTED_EDGE('',*,*,#2423,.T.);
#3298=ORIENTED_EDGE('',*,*,#2380,.T.);
#3299=ORIENTED_EDGE('',*,*,#2424,.T.);
#3300=ORIENTED_EDGE('',*,*,#2391,.F.);
#3301=ORIENTED_EDGE('',*,*,#2410,.F.);
#3302=ORIENTED_EDGE('',*,*,#2412,.F.);
#3303=ORIENTED_EDGE('',*,*,#2417,.F.);
#3304=ORIENTED_EDGE('',*,*,#2386,.F.);
#3305=ORIENTED_EDGE('',*,*,#2389,.F.);
#3306=ORIENTED_EDGE('',*,*,#2409,.F.);
#3307=ORIENTED_EDGE('',*,*,#2406,.F.);
#3308=ORIENTED_EDGE('',*,*,#2404,.F.);
#3309=ORIENTED_EDGE('',*,*,#2401,.F.);
#3310=ORIENTED_EDGE('',*,*,#2398,.F.);
#3311=ORIENTED_EDGE('',*,*,#2394,.F.);
#3312=ORIENTED_EDGE('',*,*,#2425,.F.);
#3313=ORIENTED_EDGE('',*,*,#2426,.F.);
#3314=ORIENTED_EDGE('',*,*,#2427,.T.);
#3315=ORIENTED_EDGE('',*,*,#2428,.T.);
#3316=ORIENTED_EDGE('',*,*,#2425,.T.);
#3317=ORIENTED_EDGE('',*,*,#2428,.F.);
#3318=ORIENTED_EDGE('',*,*,#2427,.F.);
#3319=ORIENTED_EDGE('',*,*,#2429,.T.);
#3320=ORIENTED_EDGE('',*,*,#2430,.F.);
#3321=ORIENTED_EDGE('',*,*,#2429,.F.);
#3322=ORIENTED_EDGE('',*,*,#2431,.T.);
#3323=ORIENTED_EDGE('',*,*,#2432,.T.);
#3324=ORIENTED_EDGE('',*,*,#2426,.T.);
#3325=ORIENTED_EDGE('',*,*,#2432,.F.);
#3326=ORIENTED_EDGE('',*,*,#2431,.F.);
#3327=ORIENTED_EDGE('',*,*,#2433,.T.);
#3328=ORIENTED_EDGE('',*,*,#2434,.F.);
#3329=ORIENTED_EDGE('',*,*,#2433,.F.);
#3330=ORIENTED_EDGE('',*,*,#2298,.F.);
#3331=ORIENTED_EDGE('',*,*,#2307,.F.);
#3332=ORIENTED_EDGE('',*,*,#2346,.F.);
#3333=ORIENTED_EDGE('',*,*,#2435,.F.);
#3334=ORIENTED_EDGE('',*,*,#2349,.F.);
#3335=ORIENTED_EDGE('',*,*,#2365,.F.);
#3336=ORIENTED_EDGE('',*,*,#2436,.F.);
#3337=ORIENTED_EDGE('',*,*,#2437,.F.);
#3338=ORIENTED_EDGE('',*,*,#2438,.F.);
#3339=ORIENTED_EDGE('',*,*,#2439,.F.);
#3340=ORIENTED_EDGE('',*,*,#2405,.F.);
#3341=ORIENTED_EDGE('',*,*,#2440,.T.);
#3342=ORIENTED_EDGE('',*,*,#2312,.F.);
#3343=ORIENTED_EDGE('',*,*,#2310,.T.);
#3344=ORIENTED_EDGE('',*,*,#2299,.F.);
#3345=ORIENTED_EDGE('',*,*,#2435,.T.);
#3346=ORIENTED_EDGE('',*,*,#2308,.F.);
#3347=ORIENTED_EDGE('',*,*,#2441,.T.);
#3348=ORIENTED_EDGE('',*,*,#2442,.F.);
#3349=ORIENTED_EDGE('',*,*,#2441,.F.);
#3350=ORIENTED_EDGE('',*,*,#2309,.F.);
#3351=ORIENTED_EDGE('',*,*,#2443,.T.);
#3352=ORIENTED_EDGE('',*,*,#2444,.F.);
#3353=ORIENTED_EDGE('',*,*,#2443,.F.);
#3354=ORIENTED_EDGE('',*,*,#2313,.F.);
#3355=ORIENTED_EDGE('',*,*,#2440,.F.);
#3356=ORIENTED_EDGE('',*,*,#2408,.F.);
#3357=ORIENTED_EDGE('',*,*,#2303,.F.);
#3358=ORIENTED_EDGE('',*,*,#2444,.T.);
#3359=ORIENTED_EDGE('',*,*,#2442,.T.);
#3360=ORIENTED_EDGE('',*,*,#2445,.F.);
#3361=ORIENTED_EDGE('',*,*,#2446,.T.);
#3362=ORIENTED_EDGE('',*,*,#2447,.T.);
#3363=ORIENTED_EDGE('',*,*,#2446,.F.);
#3364=ORIENTED_EDGE('',*,*,#2448,.F.);
#3365=ORIENTED_EDGE('',*,*,#2445,.T.);
#3366=ORIENTED_EDGE('',*,*,#2449,.T.);
#3367=ORIENTED_EDGE('',*,*,#2450,.T.);
#3368=ORIENTED_EDGE('',*,*,#2448,.T.);
#3369=ORIENTED_EDGE('',*,*,#2450,.F.);
#3370=ORIENTED_EDGE('',*,*,#2451,.T.);
#3371=ORIENTED_EDGE('',*,*,#2452,.T.);
#3372=ORIENTED_EDGE('',*,*,#2453,.T.);
#3373=ORIENTED_EDGE('',*,*,#2424,.F.);
#3374=ORIENTED_EDGE('',*,*,#2453,.F.);
#3375=ORIENTED_EDGE('',*,*,#2447,.F.);
#3376=ORIENTED_EDGE('',*,*,#2454,.T.);
#3377=ORIENTED_EDGE('',*,*,#2451,.F.);
#3378=ORIENTED_EDGE('',*,*,#2452,.F.);
#3379=ORIENTED_EDGE('',*,*,#2454,.F.);
#3380=ORIENTED_EDGE('',*,*,#2449,.F.);
#3381=ORIENTED_EDGE('',*,*,#2455,.T.);
#3382=ORIENTED_EDGE('',*,*,#2456,.F.);
#3383=ORIENTED_EDGE('',*,*,#2455,.F.);
#3384=ORIENTED_EDGE('',*,*,#2369,.F.);
#3385=ORIENTED_EDGE('',*,*,#2375,.T.);
#3386=ORIENTED_EDGE('',*,*,#2457,.F.);
#3387=ORIENTED_EDGE('',*,*,#2436,.T.);
#3388=ORIENTED_EDGE('',*,*,#2364,.F.);
#3389=ORIENTED_EDGE('',*,*,#2367,.T.);
#3390=ORIENTED_EDGE('',*,*,#2331,.T.);
#3391=ORIENTED_EDGE('',*,*,#2335,.T.);
#3392=ORIENTED_EDGE('',*,*,#2397,.F.);
#3393=ORIENTED_EDGE('',*,*,#2458,.T.);
#3394=ORIENTED_EDGE('',*,*,#2459,.T.);
#3395=ORIENTED_EDGE('',*,*,#2372,.T.);
#3396=ORIENTED_EDGE('',*,*,#2400,.F.);
#3397=ORIENTED_EDGE('',*,*,#2460,.F.);
#3398=ORIENTED_EDGE('',*,*,#2461,.F.);
#3399=ORIENTED_EDGE('',*,*,#2458,.F.);
#3400=ORIENTED_EDGE('',*,*,#2403,.F.);
#3401=ORIENTED_EDGE('',*,*,#2439,.T.);
#3402=ORIENTED_EDGE('',*,*,#2462,.T.);
#3403=ORIENTED_EDGE('',*,*,#2460,.T.);
#3404=ORIENTED_EDGE('',*,*,#2459,.F.);
#3405=ORIENTED_EDGE('',*,*,#2461,.T.);
#3406=ORIENTED_EDGE('',*,*,#2462,.F.);
#3407=ORIENTED_EDGE('',*,*,#2438,.T.);
#3408=ORIENTED_EDGE('',*,*,#2463,.F.);
#3409=ORIENTED_EDGE('',*,*,#2373,.T.);
#3410=ORIENTED_EDGE('',*,*,#2434,.T.);
#3411=ORIENTED_EDGE('',*,*,#2430,.T.);
#3412=ORIENTED_EDGE('',*,*,#2457,.T.);
#3413=ORIENTED_EDGE('',*,*,#2374,.T.);
#3414=ORIENTED_EDGE('',*,*,#2463,.T.);
#3415=ORIENTED_EDGE('',*,*,#2437,.T.);
#3416=ORIENTED_EDGE('',*,*,#2456,.T.);
#3417=ORIENTED_EDGE('',*,*,#2422,.F.);
#3418=ORIENTED_EDGE('',*,*,#2420,.T.);
#3419=ORIENTED_EDGE('',*,*,#2423,.F.);
#3420=ORIENTED_EDGE('',*,*,#2381,.T.);
#3421=ORIENTED_EDGE('',*,*,#2464,.F.);
#3422=ORIENTED_EDGE('',*,*,#2465,.T.);
#3423=ORIENTED_EDGE('',*,*,#2466,.T.);
#3424=ORIENTED_EDGE('',*,*,#2467,.F.);
#3425=ORIENTED_EDGE('',*,*,#2468,.F.);
#3426=ORIENTED_EDGE('',*,*,#2469,.T.);
#3427=ORIENTED_EDGE('',*,*,#2470,.T.);
#3428=ORIENTED_EDGE('',*,*,#2465,.F.);
#3429=ORIENTED_EDGE('',*,*,#2471,.F.);
#3430=ORIENTED_EDGE('',*,*,#2472,.T.);
#3431=ORIENTED_EDGE('',*,*,#2473,.T.);
#3432=ORIENTED_EDGE('',*,*,#2469,.F.);
#3433=ORIENTED_EDGE('',*,*,#2474,.F.);
#3434=ORIENTED_EDGE('',*,*,#2467,.T.);
#3435=ORIENTED_EDGE('',*,*,#2475,.T.);
#3436=ORIENTED_EDGE('',*,*,#2472,.F.);
#3437=ORIENTED_EDGE('',*,*,#2475,.F.);
#3438=ORIENTED_EDGE('',*,*,#2466,.F.);
#3439=ORIENTED_EDGE('',*,*,#2470,.F.);
#3440=ORIENTED_EDGE('',*,*,#2473,.F.);
#3441=ORIENTED_EDGE('',*,*,#2476,.F.);
#3442=ORIENTED_EDGE('',*,*,#2477,.T.);
#3443=ORIENTED_EDGE('',*,*,#2478,.T.);
#3444=ORIENTED_EDGE('',*,*,#2479,.F.);
#3445=ORIENTED_EDGE('',*,*,#2480,.F.);
#3446=ORIENTED_EDGE('',*,*,#2479,.T.);
#3447=ORIENTED_EDGE('',*,*,#2481,.T.);
#3448=ORIENTED_EDGE('',*,*,#2482,.F.);
#3449=ORIENTED_EDGE('',*,*,#2483,.F.);
#3450=ORIENTED_EDGE('',*,*,#2482,.T.);
#3451=ORIENTED_EDGE('',*,*,#2484,.T.);
#3452=ORIENTED_EDGE('',*,*,#2485,.F.);
#3453=ORIENTED_EDGE('',*,*,#2486,.F.);
#3454=ORIENTED_EDGE('',*,*,#2485,.T.);
#3455=ORIENTED_EDGE('',*,*,#2487,.T.);
#3456=ORIENTED_EDGE('',*,*,#2477,.F.);
#3457=ORIENTED_EDGE('',*,*,#2487,.F.);
#3458=ORIENTED_EDGE('',*,*,#2484,.F.);
#3459=ORIENTED_EDGE('',*,*,#2481,.F.);
#3460=ORIENTED_EDGE('',*,*,#2478,.F.);
#3461=ORIENTED_EDGE('',*,*,#2488,.F.);
#3462=ORIENTED_EDGE('',*,*,#2489,.T.);
#3463=ORIENTED_EDGE('',*,*,#2490,.F.);
#3464=ORIENTED_EDGE('',*,*,#2489,.F.);
#3465=ORIENTED_EDGE('',*,*,#2491,.F.);
#3466=ORIENTED_EDGE('',*,*,#2492,.F.);
#3467=ORIENTED_EDGE('',*,*,#2464,.T.);
#3468=ORIENTED_EDGE('',*,*,#2474,.T.);
#3469=ORIENTED_EDGE('',*,*,#2471,.T.);
#3470=ORIENTED_EDGE('',*,*,#2468,.T.);
#3471=ORIENTED_EDGE('',*,*,#2493,.F.);
#3472=ORIENTED_EDGE('',*,*,#2483,.T.);
#3473=ORIENTED_EDGE('',*,*,#2486,.T.);
#3474=ORIENTED_EDGE('',*,*,#2476,.T.);
#3475=ORIENTED_EDGE('',*,*,#2480,.T.);
#3476=ORIENTED_EDGE('',*,*,#2491,.T.);
#3477=ORIENTED_EDGE('',*,*,#2494,.T.);
#3478=ORIENTED_EDGE('',*,*,#2494,.F.);
#3479=ORIENTED_EDGE('',*,*,#2492,.T.);
#3480=ORIENTED_EDGE('',*,*,#2495,.F.);
#3481=ORIENTED_EDGE('',*,*,#2495,.T.);
#3482=ORIENTED_EDGE('',*,*,#2490,.T.);
#3483=ORIENTED_EDGE('',*,*,#2488,.T.);
#3484=ORIENTED_EDGE('',*,*,#2493,.T.);
#3485=ORIENTED_EDGE('',*,*,#2496,.T.);
#3486=ORIENTED_EDGE('',*,*,#2497,.T.);
#3487=ORIENTED_EDGE('',*,*,#2498,.T.);
#3488=ORIENTED_EDGE('',*,*,#2499,.F.);
#3489=ORIENTED_EDGE('',*,*,#2500,.T.);
#3490=ORIENTED_EDGE('',*,*,#2501,.T.);
#3491=ORIENTED_EDGE('',*,*,#2502,.T.);
#3492=ORIENTED_EDGE('',*,*,#2497,.F.);
#3493=ORIENTED_EDGE('',*,*,#2503,.T.);
#3494=ORIENTED_EDGE('',*,*,#2501,.F.);
#3495=ORIENTED_EDGE('',*,*,#2504,.T.);
#3496=ORIENTED_EDGE('',*,*,#2505,.T.);
#3497=ORIENTED_EDGE('',*,*,#2506,.T.);
#3498=ORIENTED_EDGE('',*,*,#2505,.F.);
#3499=ORIENTED_EDGE('',*,*,#2507,.T.);
#3500=ORIENTED_EDGE('',*,*,#2499,.T.);
#3501=ORIENTED_EDGE('',*,*,#2506,.F.);
#3502=ORIENTED_EDGE('',*,*,#2508,.T.);
#3503=ORIENTED_EDGE('',*,*,#2509,.F.);
#3504=ORIENTED_EDGE('',*,*,#2510,.F.);
#3505=ORIENTED_EDGE('',*,*,#2498,.F.);
#3506=ORIENTED_EDGE('',*,*,#2511,.T.);
#3507=ORIENTED_EDGE('',*,*,#2512,.F.);
#3508=ORIENTED_EDGE('',*,*,#2508,.F.);
#3509=ORIENTED_EDGE('',*,*,#2496,.F.);
#3510=ORIENTED_EDGE('',*,*,#2507,.F.);
#3511=ORIENTED_EDGE('',*,*,#2504,.F.);
#3512=ORIENTED_EDGE('',*,*,#2500,.F.);
#3513=ORIENTED_EDGE('',*,*,#2502,.F.);
#3514=ORIENTED_EDGE('',*,*,#2513,.T.);
#3515=ORIENTED_EDGE('',*,*,#2514,.F.);
#3516=ORIENTED_EDGE('',*,*,#2511,.F.);
#3517=ORIENTED_EDGE('',*,*,#2503,.F.);
#3518=ORIENTED_EDGE('',*,*,#2510,.T.);
#3519=ORIENTED_EDGE('',*,*,#2515,.F.);
#3520=ORIENTED_EDGE('',*,*,#2513,.F.);
#3521=ORIENTED_EDGE('',*,*,#2516,.T.);
#3522=ORIENTED_EDGE('',*,*,#2517,.T.);
#3523=ORIENTED_EDGE('',*,*,#2518,.T.);
#3524=ORIENTED_EDGE('',*,*,#2519,.F.);
#3525=ORIENTED_EDGE('',*,*,#2520,.T.);
#3526=ORIENTED_EDGE('',*,*,#2521,.T.);
#3527=ORIENTED_EDGE('',*,*,#2522,.T.);
#3528=ORIENTED_EDGE('',*,*,#2523,.T.);
#3529=ORIENTED_EDGE('',*,*,#2524,.T.);
#3530=ORIENTED_EDGE('',*,*,#2521,.F.);
#3531=ORIENTED_EDGE('',*,*,#2525,.T.);
#3532=ORIENTED_EDGE('',*,*,#2519,.T.);
#3533=ORIENTED_EDGE('',*,*,#2526,.T.);
#3534=ORIENTED_EDGE('',*,*,#2523,.F.);
#3535=ORIENTED_EDGE('',*,*,#2527,.T.);
#3536=ORIENTED_EDGE('',*,*,#2517,.F.);
#3537=ORIENTED_EDGE('',*,*,#2527,.F.);
#3538=ORIENTED_EDGE('',*,*,#2528,.T.);
#3539=ORIENTED_EDGE('',*,*,#2529,.T.);
#3540=ORIENTED_EDGE('',*,*,#2530,.F.);
#3541=ORIENTED_EDGE('',*,*,#2522,.F.);
#3542=ORIENTED_EDGE('',*,*,#2531,.T.);
#3543=ORIENTED_EDGE('',*,*,#2532,.T.);
#3544=ORIENTED_EDGE('',*,*,#2528,.F.);
#3545=ORIENTED_EDGE('',*,*,#2533,.T.);
#3546=ORIENTED_EDGE('',*,*,#2520,.F.);
#3547=ORIENTED_EDGE('',*,*,#2526,.F.);
#3548=ORIENTED_EDGE('',*,*,#2516,.F.);
#3549=ORIENTED_EDGE('',*,*,#2525,.F.);
#3550=ORIENTED_EDGE('',*,*,#2524,.F.);
#3551=ORIENTED_EDGE('',*,*,#2534,.T.);
#3552=ORIENTED_EDGE('',*,*,#2535,.T.);
#3553=ORIENTED_EDGE('',*,*,#2531,.F.);
#3554=ORIENTED_EDGE('',*,*,#2518,.F.);
#3555=ORIENTED_EDGE('',*,*,#2530,.T.);
#3556=ORIENTED_EDGE('',*,*,#2536,.T.);
#3557=ORIENTED_EDGE('',*,*,#2534,.F.);
#3558=ORIENTED_EDGE('',*,*,#2529,.F.);
#3559=ORIENTED_EDGE('',*,*,#2532,.F.);
#3560=ORIENTED_EDGE('',*,*,#2535,.F.);
#3561=ORIENTED_EDGE('',*,*,#2536,.F.);
#3562=ORIENTED_EDGE('',*,*,#2533,.F.);
#3563=ORIENTED_EDGE('',*,*,#2537,.T.);
#3564=ORIENTED_EDGE('',*,*,#2538,.F.);
#3565=ORIENTED_EDGE('',*,*,#2537,.F.);
#3566=ORIENTED_EDGE('',*,*,#2515,.T.);
#3567=ORIENTED_EDGE('',*,*,#2509,.T.);
#3568=ORIENTED_EDGE('',*,*,#2512,.T.);
#3569=ORIENTED_EDGE('',*,*,#2514,.T.);
#3570=ORIENTED_EDGE('',*,*,#2538,.T.);
#3571=ORIENTED_EDGE('',*,*,#2539,.T.);
#3572=ORIENTED_EDGE('',*,*,#2540,.T.);
#3573=ORIENTED_EDGE('',*,*,#2541,.T.);
#3574=ORIENTED_EDGE('',*,*,#2542,.F.);
#3575=ORIENTED_EDGE('',*,*,#2543,.T.);
#3576=ORIENTED_EDGE('',*,*,#2544,.T.);
#3577=ORIENTED_EDGE('',*,*,#2545,.T.);
#3578=ORIENTED_EDGE('',*,*,#2540,.F.);
#3579=ORIENTED_EDGE('',*,*,#2546,.T.);
#3580=ORIENTED_EDGE('',*,*,#2547,.T.);
#3581=ORIENTED_EDGE('',*,*,#2548,.T.);
#3582=ORIENTED_EDGE('',*,*,#2544,.F.);
#3583=ORIENTED_EDGE('',*,*,#2549,.T.);
#3584=ORIENTED_EDGE('',*,*,#2547,.F.);
#3585=ORIENTED_EDGE('',*,*,#2550,.T.);
#3586=ORIENTED_EDGE('',*,*,#2551,.T.);
#3587=ORIENTED_EDGE('',*,*,#2552,.T.);
#3588=ORIENTED_EDGE('',*,*,#2551,.F.);
#3589=ORIENTED_EDGE('',*,*,#2553,.T.);
#3590=ORIENTED_EDGE('',*,*,#2554,.T.);
#3591=ORIENTED_EDGE('',*,*,#2555,.T.);
#3592=ORIENTED_EDGE('',*,*,#2554,.F.);
#3593=ORIENTED_EDGE('',*,*,#2556,.T.);
#3594=ORIENTED_EDGE('',*,*,#2557,.T.);
#3595=ORIENTED_EDGE('',*,*,#2558,.T.);
#3596=ORIENTED_EDGE('',*,*,#2557,.F.);
#3597=ORIENTED_EDGE('',*,*,#2559,.T.);
#3598=ORIENTED_EDGE('',*,*,#2560,.T.);
#3599=ORIENTED_EDGE('',*,*,#2561,.T.);
#3600=ORIENTED_EDGE('',*,*,#2560,.F.);
#3601=ORIENTED_EDGE('',*,*,#2562,.T.);
#3602=ORIENTED_EDGE('',*,*,#2542,.T.);
#3603=ORIENTED_EDGE('',*,*,#2555,.F.);
#3604=ORIENTED_EDGE('',*,*,#2563,.T.);
#3605=ORIENTED_EDGE('',*,*,#2564,.T.);
#3606=ORIENTED_EDGE('',*,*,#2565,.T.);
#3607=ORIENTED_EDGE('',*,*,#2558,.F.);
#3608=ORIENTED_EDGE('',*,*,#2566,.F.);
#3609=ORIENTED_EDGE('',*,*,#2567,.T.);
#3610=ORIENTED_EDGE('',*,*,#2563,.F.);
#3611=ORIENTED_EDGE('',*,*,#2561,.F.);
#3612=ORIENTED_EDGE('',*,*,#2568,.T.);
#3613=ORIENTED_EDGE('',*,*,#2569,.T.);
#3614=ORIENTED_EDGE('',*,*,#2566,.T.);
#3615=ORIENTED_EDGE('',*,*,#2541,.F.);
#3616=ORIENTED_EDGE('',*,*,#2570,.F.);
#3617=ORIENTED_EDGE('',*,*,#2571,.T.);
#3618=ORIENTED_EDGE('',*,*,#2568,.F.);
#3619=ORIENTED_EDGE('',*,*,#2539,.F.);
#3620=ORIENTED_EDGE('',*,*,#2562,.F.);
#3621=ORIENTED_EDGE('',*,*,#2559,.F.);
#3622=ORIENTED_EDGE('',*,*,#2556,.F.);
#3623=ORIENTED_EDGE('',*,*,#2553,.F.);
#3624=ORIENTED_EDGE('',*,*,#2550,.F.);
#3625=ORIENTED_EDGE('',*,*,#2546,.F.);
#3626=ORIENTED_EDGE('',*,*,#2543,.F.);
#3627=ORIENTED_EDGE('',*,*,#2549,.F.);
#3628=ORIENTED_EDGE('',*,*,#2572,.T.);
#3629=ORIENTED_EDGE('',*,*,#2573,.T.);
#3630=ORIENTED_EDGE('',*,*,#2574,.T.);
#3631=ORIENTED_EDGE('',*,*,#2552,.F.);
#3632=ORIENTED_EDGE('',*,*,#2565,.F.);
#3633=ORIENTED_EDGE('',*,*,#2575,.T.);
#3634=ORIENTED_EDGE('',*,*,#2572,.F.);
#3635=ORIENTED_EDGE('',*,*,#2545,.F.);
#3636=ORIENTED_EDGE('',*,*,#2576,.T.);
#3637=ORIENTED_EDGE('',*,*,#2577,.T.);
#3638=ORIENTED_EDGE('',*,*,#2570,.T.);
#3639=ORIENTED_EDGE('',*,*,#2548,.F.);
#3640=ORIENTED_EDGE('',*,*,#2574,.F.);
#3641=ORIENTED_EDGE('',*,*,#2578,.T.);
#3642=ORIENTED_EDGE('',*,*,#2576,.F.);
#3643=ORIENTED_EDGE('',*,*,#2579,.T.);
#3644=ORIENTED_EDGE('',*,*,#2580,.T.);
#3645=ORIENTED_EDGE('',*,*,#2581,.T.);
#3646=ORIENTED_EDGE('',*,*,#2582,.T.);
#3647=ORIENTED_EDGE('',*,*,#2583,.T.);
#3648=ORIENTED_EDGE('',*,*,#2584,.T.);
#3649=ORIENTED_EDGE('',*,*,#2581,.F.);
#3650=ORIENTED_EDGE('',*,*,#2585,.T.);
#3651=ORIENTED_EDGE('',*,*,#2586,.T.);
#3652=ORIENTED_EDGE('',*,*,#2587,.T.);
#3653=ORIENTED_EDGE('',*,*,#2583,.F.);
#3654=ORIENTED_EDGE('',*,*,#2588,.T.);
#3655=ORIENTED_EDGE('',*,*,#2586,.F.);
#3656=ORIENTED_EDGE('',*,*,#2589,.T.);
#3657=ORIENTED_EDGE('',*,*,#2579,.F.);
#3658=ORIENTED_EDGE('',*,*,#2590,.T.);
#3659=ORIENTED_EDGE('',*,*,#2590,.F.);
#3660=ORIENTED_EDGE('',*,*,#2591,.T.);
#3661=ORIENTED_EDGE('',*,*,#2592,.F.);
#3662=ORIENTED_EDGE('',*,*,#2593,.F.);
#3663=ORIENTED_EDGE('',*,*,#2582,.F.);
#3664=ORIENTED_EDGE('',*,*,#2594,.T.);
#3665=ORIENTED_EDGE('',*,*,#2595,.F.);
#3666=ORIENTED_EDGE('',*,*,#2591,.F.);
#3667=ORIENTED_EDGE('',*,*,#2580,.F.);
#3668=ORIENTED_EDGE('',*,*,#2589,.F.);
#3669=ORIENTED_EDGE('',*,*,#2588,.F.);
#3670=ORIENTED_EDGE('',*,*,#2585,.F.);
#3671=ORIENTED_EDGE('',*,*,#2575,.F.);
#3672=ORIENTED_EDGE('',*,*,#2564,.F.);
#3673=ORIENTED_EDGE('',*,*,#2567,.F.);
#3674=ORIENTED_EDGE('',*,*,#2569,.F.);
#3675=ORIENTED_EDGE('',*,*,#2571,.F.);
#3676=ORIENTED_EDGE('',*,*,#2577,.F.);
#3677=ORIENTED_EDGE('',*,*,#2578,.F.);
#3678=ORIENTED_EDGE('',*,*,#2573,.F.);
#3679=ORIENTED_EDGE('',*,*,#2596,.T.);
#3680=ORIENTED_EDGE('',*,*,#2597,.T.);
#3681=ORIENTED_EDGE('',*,*,#2598,.T.);
#3682=ORIENTED_EDGE('',*,*,#2599,.T.);
#3683=ORIENTED_EDGE('',*,*,#2600,.T.);
#3684=ORIENTED_EDGE('',*,*,#2601,.T.);
#3685=ORIENTED_EDGE('',*,*,#2596,.F.);
#3686=ORIENTED_EDGE('',*,*,#2602,.T.);
#3687=ORIENTED_EDGE('',*,*,#2603,.T.);
#3688=ORIENTED_EDGE('',*,*,#2604,.T.);
#3689=ORIENTED_EDGE('',*,*,#2600,.F.);
#3690=ORIENTED_EDGE('',*,*,#2592,.T.);
#3691=ORIENTED_EDGE('',*,*,#2598,.F.);
#3692=ORIENTED_EDGE('',*,*,#2605,.T.);
#3693=ORIENTED_EDGE('',*,*,#2603,.F.);
#3694=ORIENTED_EDGE('',*,*,#2595,.T.);
#3695=ORIENTED_EDGE('',*,*,#2587,.F.);
#3696=ORIENTED_EDGE('',*,*,#2593,.T.);
#3697=ORIENTED_EDGE('',*,*,#2602,.F.);
#3698=ORIENTED_EDGE('',*,*,#2606,.F.);
#3699=ORIENTED_EDGE('',*,*,#2584,.F.);
#3700=ORIENTED_EDGE('',*,*,#2606,.T.);
#3701=ORIENTED_EDGE('',*,*,#2599,.F.);
#3702=ORIENTED_EDGE('',*,*,#2594,.F.);
#3703=ORIENTED_EDGE('',*,*,#2597,.F.);
#3704=ORIENTED_EDGE('',*,*,#2601,.F.);
#3705=ORIENTED_EDGE('',*,*,#2604,.F.);
#3706=ORIENTED_EDGE('',*,*,#2605,.F.);
#3707=ORIENTED_EDGE('',*,*,#2607,.T.);
#3708=ORIENTED_EDGE('',*,*,#2607,.F.);
#3709=ORIENTED_EDGE('',*,*,#2608,.T.);
#3710=ORIENTED_EDGE('',*,*,#2609,.F.);
#3711=ORIENTED_EDGE('',*,*,#2608,.F.);
#3712=ORIENTED_EDGE('',*,*,#2609,.T.);
#3713=ORIENTED_EDGE('',*,*,#2610,.F.);
#3714=ORIENTED_EDGE('',*,*,#2611,.T.);
#3715=ORIENTED_EDGE('',*,*,#2612,.T.);
#3716=ORIENTED_EDGE('',*,*,#2611,.F.);
#3717=ORIENTED_EDGE('',*,*,#2612,.F.);
#3718=ORIENTED_EDGE('',*,*,#2613,.F.);
#3719=ORIENTED_EDGE('',*,*,#2614,.T.);
#3720=ORIENTED_EDGE('',*,*,#2615,.T.);
#3721=ORIENTED_EDGE('',*,*,#2616,.T.);
#3722=ORIENTED_EDGE('',*,*,#2613,.T.);
#3723=ORIENTED_EDGE('',*,*,#2617,.F.);
#3724=ORIENTED_EDGE('',*,*,#2618,.F.);
#3725=ORIENTED_EDGE('',*,*,#2619,.F.);
#3726=ORIENTED_EDGE('',*,*,#2620,.F.);
#3727=ORIENTED_EDGE('',*,*,#2621,.F.);
#3728=ORIENTED_EDGE('',*,*,#2622,.F.);
#3729=ORIENTED_EDGE('',*,*,#2623,.F.);
#3730=ORIENTED_EDGE('',*,*,#2610,.T.);
#3731=ORIENTED_EDGE('',*,*,#2616,.F.);
#3732=ORIENTED_EDGE('',*,*,#2624,.F.);
#3733=ORIENTED_EDGE('',*,*,#2625,.F.);
#3734=ORIENTED_EDGE('',*,*,#2617,.T.);
#3735=ORIENTED_EDGE('',*,*,#2614,.F.);
#3736=ORIENTED_EDGE('',*,*,#2623,.T.);
#3737=ORIENTED_EDGE('',*,*,#2626,.T.);
#3738=ORIENTED_EDGE('',*,*,#2627,.F.);
#3739=ORIENTED_EDGE('',*,*,#2628,.T.);
#3740=ORIENTED_EDGE('',*,*,#2629,.T.);
#3741=ORIENTED_EDGE('',*,*,#2630,.T.);
#3742=ORIENTED_EDGE('',*,*,#2631,.T.);
#3743=ORIENTED_EDGE('',*,*,#2628,.F.);
#3744=ORIENTED_EDGE('',*,*,#2632,.T.);
#3745=ORIENTED_EDGE('',*,*,#2633,.T.);
#3746=ORIENTED_EDGE('',*,*,#2634,.T.);
#3747=ORIENTED_EDGE('',*,*,#2635,.T.);
#3748=ORIENTED_EDGE('',*,*,#2636,.T.);
#3749=ORIENTED_EDGE('',*,*,#2633,.F.);
#3750=ORIENTED_EDGE('',*,*,#2637,.T.);
#3751=ORIENTED_EDGE('',*,*,#2635,.F.);
#3752=ORIENTED_EDGE('',*,*,#2638,.T.);
#3753=ORIENTED_EDGE('',*,*,#2639,.T.);
#3754=ORIENTED_EDGE('',*,*,#2640,.T.);
#3755=ORIENTED_EDGE('',*,*,#2641,.T.);
#3756=ORIENTED_EDGE('',*,*,#2642,.T.);
#3757=ORIENTED_EDGE('',*,*,#2639,.F.);
#3758=ORIENTED_EDGE('',*,*,#2643,.T.);
#3759=ORIENTED_EDGE('',*,*,#2641,.F.);
#3760=ORIENTED_EDGE('',*,*,#2644,.T.);
#3761=ORIENTED_EDGE('',*,*,#2645,.T.);
#3762=ORIENTED_EDGE('',*,*,#2646,.T.);
#3763=ORIENTED_EDGE('',*,*,#2647,.T.);
#3764=ORIENTED_EDGE('',*,*,#2648,.T.);
#3765=ORIENTED_EDGE('',*,*,#2645,.F.);
#3766=ORIENTED_EDGE('',*,*,#2649,.T.);
#3767=ORIENTED_EDGE('',*,*,#2647,.F.);
#3768=ORIENTED_EDGE('',*,*,#2650,.T.);
#3769=ORIENTED_EDGE('',*,*,#2630,.F.);
#3770=ORIENTED_EDGE('',*,*,#2651,.T.);
#3771=ORIENTED_EDGE('',*,*,#2646,.F.);
#3772=ORIENTED_EDGE('',*,*,#2652,.F.);
#3773=ORIENTED_EDGE('',*,*,#2653,.F.);
#3774=ORIENTED_EDGE('',*,*,#2654,.F.);
#3775=ORIENTED_EDGE('',*,*,#2648,.F.);
#3776=ORIENTED_EDGE('',*,*,#2655,.T.);
#3777=ORIENTED_EDGE('',*,*,#2656,.T.);
#3778=ORIENTED_EDGE('',*,*,#2652,.T.);
#3779=ORIENTED_EDGE('',*,*,#2651,.F.);
#3780=ORIENTED_EDGE('',*,*,#2657,.F.);
#3781=ORIENTED_EDGE('',*,*,#2658,.F.);
#3782=ORIENTED_EDGE('',*,*,#2655,.F.);
#3783=ORIENTED_EDGE('',*,*,#2629,.F.);
#3784=ORIENTED_EDGE('',*,*,#2659,.T.);
#3785=ORIENTED_EDGE('',*,*,#2660,.T.);
#3786=ORIENTED_EDGE('',*,*,#2657,.T.);
#3787=ORIENTED_EDGE('',*,*,#2631,.F.);
#3788=ORIENTED_EDGE('',*,*,#2650,.F.);
#3789=ORIENTED_EDGE('',*,*,#2649,.F.);
#3790=ORIENTED_EDGE('',*,*,#2644,.F.);
#3791=ORIENTED_EDGE('',*,*,#2643,.F.);
#3792=ORIENTED_EDGE('',*,*,#2638,.F.);
#3793=ORIENTED_EDGE('',*,*,#2637,.F.);
#3794=ORIENTED_EDGE('',*,*,#2632,.F.);
#3795=ORIENTED_EDGE('',*,*,#2634,.F.);
#3796=ORIENTED_EDGE('',*,*,#2661,.F.);
#3797=ORIENTED_EDGE('',*,*,#2662,.F.);
#3798=ORIENTED_EDGE('',*,*,#2659,.F.);
#3799=ORIENTED_EDGE('',*,*,#2636,.F.);
#3800=ORIENTED_EDGE('',*,*,#2663,.T.);
#3801=ORIENTED_EDGE('',*,*,#2664,.T.);
#3802=ORIENTED_EDGE('',*,*,#2661,.T.);
#3803=ORIENTED_EDGE('',*,*,#2642,.F.);
#3804=ORIENTED_EDGE('',*,*,#2654,.T.);
#3805=ORIENTED_EDGE('',*,*,#2665,.T.);
#3806=ORIENTED_EDGE('',*,*,#2666,.T.);
#3807=ORIENTED_EDGE('',*,*,#2640,.F.);
#3808=ORIENTED_EDGE('',*,*,#2666,.F.);
#3809=ORIENTED_EDGE('',*,*,#2667,.F.);
#3810=ORIENTED_EDGE('',*,*,#2663,.F.);
#3811=ORIENTED_EDGE('',*,*,#2620,.T.);
#3812=ORIENTED_EDGE('',*,*,#2668,.T.);
#3813=ORIENTED_EDGE('',*,*,#2669,.F.);
#3814=ORIENTED_EDGE('',*,*,#2670,.F.);
#3815=ORIENTED_EDGE('',*,*,#2621,.T.);
#3816=ORIENTED_EDGE('',*,*,#2670,.T.);
#3817=ORIENTED_EDGE('',*,*,#2671,.F.);
#3818=ORIENTED_EDGE('',*,*,#2672,.F.);
#3819=ORIENTED_EDGE('',*,*,#2619,.T.);
#3820=ORIENTED_EDGE('',*,*,#2673,.T.);
#3821=ORIENTED_EDGE('',*,*,#2674,.F.);
#3822=ORIENTED_EDGE('',*,*,#2668,.F.);
#3823=ORIENTED_EDGE('',*,*,#2618,.T.);
#3824=ORIENTED_EDGE('',*,*,#2625,.T.);
#3825=ORIENTED_EDGE('',*,*,#2675,.F.);
#3826=ORIENTED_EDGE('',*,*,#2673,.F.);
#3827=ORIENTED_EDGE('',*,*,#2676,.F.);
#3828=ORIENTED_EDGE('',*,*,#2677,.F.);
#3829=ORIENTED_EDGE('',*,*,#2678,.F.);
#3830=ORIENTED_EDGE('',*,*,#2679,.F.);
#3831=ORIENTED_EDGE('',*,*,#2680,.F.);
#3832=ORIENTED_EDGE('',*,*,#2681,.T.);
#3833=ORIENTED_EDGE('',*,*,#2682,.F.);
#3834=ORIENTED_EDGE('',*,*,#2683,.T.);
#3835=ORIENTED_EDGE('',*,*,#2653,.T.);
#3836=ORIENTED_EDGE('',*,*,#2656,.F.);
#3837=ORIENTED_EDGE('',*,*,#2658,.T.);
#3838=ORIENTED_EDGE('',*,*,#2660,.F.);
#3839=ORIENTED_EDGE('',*,*,#2662,.T.);
#3840=ORIENTED_EDGE('',*,*,#2664,.F.);
#3841=ORIENTED_EDGE('',*,*,#2667,.T.);
#3842=ORIENTED_EDGE('',*,*,#2665,.F.);
#3843=ORIENTED_EDGE('',*,*,#2622,.T.);
#3844=ORIENTED_EDGE('',*,*,#2672,.T.);
#3845=ORIENTED_EDGE('',*,*,#2684,.F.);
#3846=ORIENTED_EDGE('',*,*,#2626,.F.);
#3847=ORIENTED_EDGE('',*,*,#2683,.F.);
#3848=ORIENTED_EDGE('',*,*,#2685,.T.);
#3849=ORIENTED_EDGE('',*,*,#2686,.T.);
#3850=ORIENTED_EDGE('',*,*,#2687,.F.);
#3851=ORIENTED_EDGE('',*,*,#2688,.F.);
#3852=ORIENTED_EDGE('',*,*,#2688,.T.);
#3853=ORIENTED_EDGE('',*,*,#2689,.F.);
#3854=ORIENTED_EDGE('',*,*,#2690,.F.);
#3855=ORIENTED_EDGE('',*,*,#2676,.T.);
#3856=ORIENTED_EDGE('',*,*,#2690,.T.);
#3857=ORIENTED_EDGE('',*,*,#2691,.F.);
#3858=ORIENTED_EDGE('',*,*,#2692,.F.);
#3859=ORIENTED_EDGE('',*,*,#2693,.F.);
#3860=ORIENTED_EDGE('',*,*,#2677,.T.);
#3861=ORIENTED_EDGE('',*,*,#2692,.T.);
#3862=ORIENTED_EDGE('',*,*,#2694,.F.);
#3863=ORIENTED_EDGE('',*,*,#2695,.F.);
#3864=ORIENTED_EDGE('',*,*,#2678,.T.);
#3865=ORIENTED_EDGE('',*,*,#2693,.T.);
#3866=ORIENTED_EDGE('',*,*,#2695,.T.);
#3867=ORIENTED_EDGE('',*,*,#2696,.F.);
#3868=ORIENTED_EDGE('',*,*,#2697,.F.);
#3869=ORIENTED_EDGE('',*,*,#2679,.T.);
#3870=ORIENTED_EDGE('',*,*,#2697,.T.);
#3871=ORIENTED_EDGE('',*,*,#2698,.F.);
#3872=ORIENTED_EDGE('',*,*,#2699,.F.);
#3873=ORIENTED_EDGE('',*,*,#2680,.T.);
#3874=ORIENTED_EDGE('',*,*,#2699,.T.);
#3875=ORIENTED_EDGE('',*,*,#2700,.F.);
#3876=ORIENTED_EDGE('',*,*,#2701,.F.);
#3877=ORIENTED_EDGE('',*,*,#2681,.F.);
#3878=ORIENTED_EDGE('',*,*,#2701,.T.);
#3879=ORIENTED_EDGE('',*,*,#2702,.F.);
#3880=ORIENTED_EDGE('',*,*,#2686,.F.);
#3881=ORIENTED_EDGE('',*,*,#2685,.F.);
#3882=ORIENTED_EDGE('',*,*,#2682,.T.);
#3883=ORIENTED_EDGE('',*,*,#2702,.T.);
#3884=ORIENTED_EDGE('',*,*,#2700,.T.);
#3885=ORIENTED_EDGE('',*,*,#2698,.T.);
#3886=ORIENTED_EDGE('',*,*,#2696,.T.);
#3887=ORIENTED_EDGE('',*,*,#2694,.T.);
#3888=ORIENTED_EDGE('',*,*,#2691,.T.);
#3889=ORIENTED_EDGE('',*,*,#2689,.T.);
#3890=ORIENTED_EDGE('',*,*,#2687,.T.);
#3891=ORIENTED_EDGE('',*,*,#2624,.T.);
#3892=ORIENTED_EDGE('',*,*,#2615,.F.);
#3893=ORIENTED_EDGE('',*,*,#2627,.T.);
#3894=ORIENTED_EDGE('',*,*,#2684,.T.);
#3895=ORIENTED_EDGE('',*,*,#2671,.T.);
#3896=ORIENTED_EDGE('',*,*,#2669,.T.);
#3897=ORIENTED_EDGE('',*,*,#2674,.T.);
#3898=ORIENTED_EDGE('',*,*,#2675,.T.);
#3899=PLANE('',#4363);
#3900=PLANE('',#4365);
#3901=PLANE('',#4366);
#3902=PLANE('',#4367);
#3903=PLANE('',#4368);
#3904=PLANE('',#4372);
#3905=PLANE('',#4376);
#3906=PLANE('',#4378);
#3907=PLANE('',#4380);
#3908=PLANE('',#4390);
#3909=PLANE('',#4394);
#3910=PLANE('',#4397);
#3911=PLANE('',#4401);
#3912=PLANE('',#4402);
#3913=PLANE('',#4418);
#3914=PLANE('',#4419);
#3915=PLANE('',#4425);
#3916=PLANE('',#4429);
#3917=PLANE('',#4440);
#3918=PLANE('',#4441);
#3919=PLANE('',#4443);
#3920=PLANE('',#4444);
#3921=PLANE('',#4447);
#3922=PLANE('',#4450);
#3923=PLANE('',#4451);
#3924=PLANE('',#4452);
#3925=PLANE('',#4455);
#3926=PLANE('',#4459);
#3927=PLANE('',#4462);
#3928=PLANE('',#4464);
#3929=PLANE('',#4485);
#3930=PLANE('',#4490);
#3931=PLANE('',#4495);
#3932=PLANE('',#4498);
#3933=PLANE('',#4500);
#3934=PLANE('',#4504);
#3935=PLANE('',#4510);
#3936=PLANE('',#4514);
#3937=PLANE('',#4519);
#3938=PLANE('',#4525);
#3939=PLANE('',#4536);
#3940=PLANE('',#4538);
#3941=PLANE('',#4539);
#3942=PLANE('',#4540);
#3943=PLANE('',#4541);
#3944=PLANE('',#4544);
#3945=PLANE('',#4547);
#3946=PLANE('',#4549);
#3947=PLANE('',#4551);
#3948=PLANE('',#4557);
#3949=PLANE('',#4560);
#3950=PLANE('',#4567);
#3951=PLANE('',#4570);
#3952=PLANE('',#4571);
#3953=PLANE('',#4573);
#3954=PLANE('',#4574);
#3955=PLANE('',#4578);
#3956=PLANE('',#4582);
#3957=PLANE('',#4583);
#3958=PLANE('',#4584);
#3959=PLANE('',#4588);
#3960=PLANE('',#4592);
#3961=PLANE('',#4599);
#3962=PLANE('',#4610);
#3963=PLANE('',#4611);
#3964=PLANE('',#4617);
#3965=PLANE('',#4618);
#3966=PLANE('',#4619);
#3967=PLANE('',#4623);
#3968=PLANE('',#4634);
#3969=PLANE('',#4638);
#3970=PLANE('',#4641);
#3971=PLANE('',#4644);
#3972=PLANE('',#4645);
#3973=PLANE('',#4647);
#3974=PLANE('',#4648);
#3975=PLANE('',#4649);
#3976=PLANE('',#4650);
#3977=PLANE('',#4651);
#3978=PLANE('',#4652);
#3979=PLANE('',#4653);
#3980=PLANE('',#4654);
#3981=PLANE('',#4655);
#3982=PLANE('',#4656);
#3983=PLANE('',#4660);
#3984=PLANE('',#4663);
#3985=PLANE('',#4669);
#3986=PLANE('',#4670);
#3987=PLANE('',#4671);
#3988=PLANE('',#4672);
#3989=PLANE('',#4673);
#3990=PLANE('',#4674);
#3991=PLANE('',#4675);
#3992=PLANE('',#4676);
#3993=PLANE('',#4677);
#3994=PLANE('',#4678);
#3995=PLANE('',#4679);
#3996=PLANE('',#4680);
#3997=PLANE('',#4681);
#3998=PLANE('',#4682);
#3999=PLANE('',#4683);
#4000=PLANE('',#4684);
#4001=PLANE('',#4686);
#4002=PLANE('',#4687);
#4003=PLANE('',#4688);
#4004=PLANE('',#4691);
#4005=PLANE('',#4693);
#4006=PLANE('',#4694);
#4007=PLANE('',#4695);
#4008=PLANE('',#4696);
#4009=PLANE('',#4697);
#4010=PLANE('',#4698);
#4011=PLANE('',#4699);
#4012=PLANE('',#4700);
#4013=PLANE('',#4701);
#4014=PLANE('',#4702);
#4015=PLANE('',#4703);
#4016=PLANE('',#4704);
#4017=PLANE('',#4705);
#4018=PLANE('',#4706);
#4019=PLANE('',#4707);
#4020=PLANE('',#4708);
#4021=PLANE('',#4709);
#4022=PLANE('',#4722);
#4023=PLANE('',#4725);
#4024=PLANE('',#4726);
#4025=PLANE('',#4730);
#4026=PLANE('',#4734);
#4027=PLANE('',#4735);
#4028=PLANE('',#4739);
#4029=PLANE('',#4745);
#4030=PLANE('',#4749);
#4031=PLANE('',#4753);
#4032=PLANE('',#4754);
#4033=PLANE('',#4758);
#4034=PLANE('',#4762);
#4035=PLANE('',#4766);
#4036=PLANE('',#4770);
#4037=PLANE('',#4771);
#4038=PLANE('',#4774);
#4039=PLANE('',#4777);
#4040=PLANE('',#4778);
#4041=PLANE('',#4783);
#4042=PLANE('',#4786);
#4043=PLANE('',#4787);
#4044=PLANE('',#4790);
#4045=PLANE('',#4797);
#4046=PLANE('',#4800);
#4047=PLANE('',#4803);
#4048=PLANE('',#4806);
#4049=PLANE('',#4809);
#4050=ADVANCED_FACE('',(#380),#3899,.T.);
#4051=ADVANCED_FACE('',(#381),#3900,.T.);
#4052=ADVANCED_FACE('',(#382),#3901,.T.);
#4053=ADVANCED_FACE('',(#383),#3902,.T.);
#4054=ADVANCED_FACE('',(#384),#3903,.T.);
#4055=ADVANCED_FACE('',(#385),#346,.T.);
#4056=ADVANCED_FACE('',(#386),#3904,.T.);
#4057=ADVANCED_FACE('',(#387),#347,.T.);
#4058=ADVANCED_FACE('',(#388),#3905,.T.);
#4059=ADVANCED_FACE('',(#389),#3906,.T.);
#4060=ADVANCED_FACE('',(#390),#3907,.T.);
#4061=ADVANCED_FACE('',(#391),#348,.F.);
#4062=ADVANCED_FACE('',(#392),#114,.F.);
#4063=ADVANCED_FACE('',(#393),#3908,.F.);
#4064=ADVANCED_FACE('',(#394),#115,.T.);
#4065=ADVANCED_FACE('',(#395),#3909,.T.);
#4066=ADVANCED_FACE('',(#396),#116,.T.);
#4067=ADVANCED_FACE('',(#397),#3910,.F.);
#4068=ADVANCED_FACE('',(#398),#3911,.T.);
#4069=ADVANCED_FACE('',(#399,#70,#71),#3912,.T.);
#4070=ADVANCED_FACE('',(#400),#349,.F.);
#4071=ADVANCED_FACE('',(#401),#117,.F.);
#4072=ADVANCED_FACE('',(#402),#350,.F.);
#4073=ADVANCED_FACE('',(#403),#118,.F.);
#4074=ADVANCED_FACE('',(#404),#119,.F.);
#4075=ADVANCED_FACE('',(#405),#120,.F.);
#4076=ADVANCED_FACE('',(#406),#121,.F.);
#4077=ADVANCED_FACE('',(#407),#122,.T.);
#4078=ADVANCED_FACE('',(#408),#3913,.T.);
#4079=ADVANCED_FACE('',(#409,#72,#73),#3914,.T.);
#4080=ADVANCED_FACE('',(#410),#123,.T.);
#4081=ADVANCED_FACE('',(#411),#3915,.T.);
#4082=ADVANCED_FACE('',(#412),#351,.F.);
#4083=ADVANCED_FACE('',(#413,#74,#75),#3916,.T.);
#4084=ADVANCED_FACE('',(#414),#124,.F.);
#4085=ADVANCED_FACE('',(#415),#352,.F.);
#4086=ADVANCED_FACE('',(#416),#125,.F.);
#4087=ADVANCED_FACE('',(#417),#3917,.T.);
#4088=ADVANCED_FACE('',(#418),#3918,.T.);
#4089=ADVANCED_FACE('',(#419),#3919,.T.);
#4090=ADVANCED_FACE('',(#420),#3920,.T.);
#4091=ADVANCED_FACE('',(#421),#353,.T.);
#4092=ADVANCED_FACE('',(#422),#3921,.T.);
#4093=ADVANCED_FACE('',(#423),#354,.T.);
#4094=ADVANCED_FACE('',(#424),#3922,.T.);
#4095=ADVANCED_FACE('',(#425),#3923,.T.);
#4096=ADVANCED_FACE('',(#426),#3924,.T.);
#4097=ADVANCED_FACE('',(#427),#355,.F.);
#4098=ADVANCED_FACE('',(#428),#3925,.T.);
#4099=ADVANCED_FACE('',(#429),#126,.T.);
#4100=ADVANCED_FACE('',(#430),#3926,.T.);
#4101=ADVANCED_FACE('',(#431),#127,.T.);
#4102=ADVANCED_FACE('',(#432),#3927,.F.);
#4103=ADVANCED_FACE('',(#433),#3928,.F.);
#4104=ADVANCED_FACE('',(#434,#76),#65,.T.);
#4105=ADVANCED_FACE('',(#435),#128,.T.);
#4106=ADVANCED_FACE('',(#436),#129,.F.);
#4107=ADVANCED_FACE('',(#437),#61,.T.);
#4108=ADVANCED_FACE('',(#438),#130,.F.);
#4109=ADVANCED_FACE('',(#439,#77,#78,#79),#356,.T.);
#4110=ADVANCED_FACE('',(#440,#80),#3929,.F.);
#4111=ADVANCED_FACE('',(#441,#81,#82,#83),#357,.F.);
#4112=ADVANCED_FACE('',(#442),#358,.F.);
#4113=ADVANCED_FACE('',(#443,#84,#85),#3930,.F.);
#4114=ADVANCED_FACE('',(#444),#359,.F.);
#4115=ADVANCED_FACE('',(#445),#360,.F.);
#4116=ADVANCED_FACE('',(#446,#86,#87),#3931,.F.);
#4117=ADVANCED_FACE('',(#447),#361,.F.);
#4118=ADVANCED_FACE('',(#448),#3932,.F.);
#4119=ADVANCED_FACE('',(#449),#3933,.F.);
#4120=ADVANCED_FACE('',(#450),#131,.F.);
#4121=ADVANCED_FACE('',(#451),#132,.F.);
#4122=ADVANCED_FACE('',(#452),#3934,.T.);
#4123=ADVANCED_FACE('',(#453,#88),#66,.F.);
#4124=ADVANCED_FACE('',(#454),#3935,.T.);
#4125=ADVANCED_FACE('',(#455),#133,.T.);
#4126=ADVANCED_FACE('',(#456,#89,#90),#3936,.T.);
#4127=ADVANCED_FACE('',(#457),#3937,.T.);
#4128=ADVANCED_FACE('',(#458),#134,.T.);
#4129=ADVANCED_FACE('',(#459),#362,.F.);
#4130=ADVANCED_FACE('',(#460,#91,#92),#3938,.F.);
#4131=ADVANCED_FACE('',(#461),#135,.F.);
#4132=ADVANCED_FACE('',(#462),#363,.F.);
#4133=ADVANCED_FACE('',(#463),#136,.F.);
#4134=ADVANCED_FACE('',(#464),#3939,.T.);
#4135=ADVANCED_FACE('',(#465),#3940,.T.);
#4136=ADVANCED_FACE('',(#466),#3941,.T.);
#4137=ADVANCED_FACE('',(#467),#3942,.T.);
#4138=ADVANCED_FACE('',(#468),#3943,.T.);
#4139=ADVANCED_FACE('',(#469),#364,.T.);
#4140=ADVANCED_FACE('',(#470),#3944,.T.);
#4141=ADVANCED_FACE('',(#471),#365,.T.);
#4142=ADVANCED_FACE('',(#472),#3945,.T.);
#4143=ADVANCED_FACE('',(#473),#3946,.T.);
#4144=ADVANCED_FACE('',(#474),#3947,.T.);
#4145=ADVANCED_FACE('',(#475),#366,.F.);
#4146=ADVANCED_FACE('',(#476),#137,.T.);
#4147=ADVANCED_FACE('',(#477),#3948,.T.);
#4148=ADVANCED_FACE('',(#478),#138,.T.);
#4149=ADVANCED_FACE('',(#479),#3949,.F.);
#4150=ADVANCED_FACE('',(#480),#139,.F.);
#4151=ADVANCED_FACE('',(#481),#3950,.T.);
#4152=ADVANCED_FACE('',(#482),#3951,.T.);
#4153=ADVANCED_FACE('',(#483),#3952,.T.);
#4154=ADVANCED_FACE('',(#484),#3953,.T.);
#4155=ADVANCED_FACE('',(#485),#3954,.T.);
#4156=ADVANCED_FACE('',(#486),#367,.T.);
#4157=ADVANCED_FACE('',(#487),#3955,.T.);
#4158=ADVANCED_FACE('',(#488),#368,.T.);
#4159=ADVANCED_FACE('',(#489),#3956,.T.);
#4160=ADVANCED_FACE('',(#490),#3957,.T.);
#4161=ADVANCED_FACE('',(#491),#3958,.T.);
#4162=ADVANCED_FACE('',(#492),#369,.F.);
#4163=ADVANCED_FACE('',(#493),#3959,.T.);
#4164=ADVANCED_FACE('',(#494),#140,.F.);
#4165=ADVANCED_FACE('',(#495),#3960,.T.);
#4166=ADVANCED_FACE('',(#496,#93),#67,.F.);
#4167=ADVANCED_FACE('',(#497,#94,#95),#3961,.F.);
#4168=ADVANCED_FACE('',(#498),#370,.F.);
#4169=ADVANCED_FACE('',(#499),#141,.F.);
#4170=ADVANCED_FACE('',(#500),#371,.F.);
#4171=ADVANCED_FACE('',(#501),#142,.F.);
#4172=ADVANCED_FACE('',(#502),#3962,.T.);
#4173=ADVANCED_FACE('',(#503),#3963,.F.);
#4174=ADVANCED_FACE('',(#504),#143,.F.);
#4175=ADVANCED_FACE('',(#505),#144,.F.);
#4176=ADVANCED_FACE('',(#506),#3964,.T.);
#4177=ADVANCED_FACE('',(#507),#3965,.F.);
#4178=ADVANCED_FACE('',(#508),#3966,.F.);
#4179=ADVANCED_FACE('',(#509),#372,.F.);
#4180=ADVANCED_FACE('',(#510,#96),#3967,.F.);
#4181=ADVANCED_FACE('',(#511),#373,.T.);
#4182=ADVANCED_FACE('',(#512),#62,.T.);
#4183=ADVANCED_FACE('',(#513),#145,.F.);
#4184=ADVANCED_FACE('',(#514),#146,.T.);
#4185=ADVANCED_FACE('',(#515,#97,#98),#3968,.T.);
#4186=ADVANCED_FACE('',(#516),#147,.T.);
#4187=ADVANCED_FACE('',(#517),#3969,.T.);
#4188=ADVANCED_FACE('',(#518),#148,.T.);
#4189=ADVANCED_FACE('',(#519,#99,#100),#3970,.T.);
#4190=ADVANCED_FACE('',(#520,#101),#68,.T.);
#4191=ADVANCED_FACE('',(#521),#3971,.T.);
#4192=ADVANCED_FACE('',(#522),#3972,.T.);
#4193=ADVANCED_FACE('',(#523),#3973,.F.);
#4194=ADVANCED_FACE('',(#524),#3974,.F.);
#4195=ADVANCED_FACE('',(#525),#3975,.F.);
#4196=ADVANCED_FACE('',(#526),#3976,.F.);
#4197=ADVANCED_FACE('',(#527),#3977,.F.);
#4198=ADVANCED_FACE('',(#528),#3978,.F.);
#4199=ADVANCED_FACE('',(#529),#3979,.F.);
#4200=ADVANCED_FACE('',(#530),#3980,.F.);
#4201=ADVANCED_FACE('',(#531),#3981,.F.);
#4202=ADVANCED_FACE('',(#532),#3982,.T.);
#4203=ADVANCED_FACE('',(#533),#149,.F.);
#4204=ADVANCED_FACE('',(#534,#102),#3983,.F.);
#4205=ADVANCED_FACE('',(#535,#103),#3984,.F.);
#4206=ADVANCED_FACE('',(#536,#104,#105,#106),#69,.T.);
#4207=ADVANCED_FACE('',(#537),#3985,.T.);
#4208=ADVANCED_FACE('',(#538),#3986,.T.);
#4209=ADVANCED_FACE('',(#539),#3987,.T.);
#4210=ADVANCED_FACE('',(#540),#3988,.T.);
#4211=ADVANCED_FACE('',(#541),#3989,.T.);
#4212=ADVANCED_FACE('',(#542),#3990,.T.);
#4213=ADVANCED_FACE('',(#543),#3991,.F.);
#4214=ADVANCED_FACE('',(#544),#3992,.T.);
#4215=ADVANCED_FACE('',(#545),#3993,.T.);
#4216=ADVANCED_FACE('',(#546),#3994,.T.);
#4217=ADVANCED_FACE('',(#547),#3995,.T.);
#4218=ADVANCED_FACE('',(#548),#3996,.T.);
#4219=ADVANCED_FACE('',(#549),#3997,.T.);
#4220=ADVANCED_FACE('',(#550),#3998,.F.);
#4221=ADVANCED_FACE('',(#551),#3999,.F.);
#4222=ADVANCED_FACE('',(#552,#107),#4000,.T.);
#4223=ADVANCED_FACE('',(#553),#4001,.F.);
#4224=ADVANCED_FACE('',(#554),#4002,.F.);
#4225=ADVANCED_FACE('',(#555),#4003,.F.);
#4226=ADVANCED_FACE('',(#556),#150,.T.);
#4227=ADVANCED_FACE('',(#557,#108),#4004,.T.);
#4228=ADVANCED_FACE('',(#558),#4005,.T.);
#4229=ADVANCED_FACE('',(#559),#4006,.T.);
#4230=ADVANCED_FACE('',(#560),#4007,.T.);
#4231=ADVANCED_FACE('',(#561),#4008,.T.);
#4232=ADVANCED_FACE('',(#562),#4009,.T.);
#4233=ADVANCED_FACE('',(#563),#4010,.T.);
#4234=ADVANCED_FACE('',(#564),#4011,.T.);
#4235=ADVANCED_FACE('',(#565),#4012,.T.);
#4236=ADVANCED_FACE('',(#566),#4013,.T.);
#4237=ADVANCED_FACE('',(#567),#4014,.T.);
#4238=ADVANCED_FACE('',(#568),#4015,.T.);
#4239=ADVANCED_FACE('',(#569),#4016,.T.);
#4240=ADVANCED_FACE('',(#570),#4017,.T.);
#4241=ADVANCED_FACE('',(#571),#4018,.T.);
#4242=ADVANCED_FACE('',(#572),#4019,.T.);
#4243=ADVANCED_FACE('',(#573),#4020,.T.);
#4244=ADVANCED_FACE('',(#574),#4021,.T.);
#4245=ADVANCED_FACE('',(#575),#63,.T.);
#4246=ADVANCED_FACE('',(#576),#151,.T.);
#4247=ADVANCED_FACE('',(#577),#64,.T.);
#4248=ADVANCED_FACE('',(#578),#152,.T.);
#4249=ADVANCED_FACE('',(#579),#4022,.T.);
#4250=ADVANCED_FACE('',(#580),#153,.T.);
#4251=ADVANCED_FACE('',(#581,#109),#4023,.F.);
#4252=ADVANCED_FACE('',(#582),#4024,.T.);
#4253=ADVANCED_FACE('',(#583),#374,.T.);
#4254=ADVANCED_FACE('',(#584),#4025,.T.);
#4255=ADVANCED_FACE('',(#585),#375,.T.);
#4256=ADVANCED_FACE('',(#586),#154,.T.);
#4257=ADVANCED_FACE('',(#587),#4026,.T.);
#4258=ADVANCED_FACE('',(#588,#110),#4027,.T.);
#4259=ADVANCED_FACE('',(#589),#155,.F.);
#4260=ADVANCED_FACE('',(#590),#4028,.T.);
#4261=ADVANCED_FACE('',(#591),#156,.F.);
#4262=ADVANCED_FACE('',(#592),#4029,.T.);
#4263=ADVANCED_FACE('',(#593),#157,.F.);
#4264=ADVANCED_FACE('',(#594,#111),#4030,.T.);
#4265=ADVANCED_FACE('',(#595),#4031,.T.);
#4266=ADVANCED_FACE('',(#596),#4032,.T.);
#4267=ADVANCED_FACE('',(#597),#376,.T.);
#4268=ADVANCED_FACE('',(#598),#4033,.T.);
#4269=ADVANCED_FACE('',(#599),#377,.T.);
#4270=ADVANCED_FACE('',(#600),#4034,.T.);
#4271=ADVANCED_FACE('',(#601),#378,.T.);
#4272=ADVANCED_FACE('',(#602),#4035,.T.);
#4273=ADVANCED_FACE('',(#603),#379,.T.);
#4274=ADVANCED_FACE('',(#604),#4036,.T.);
#4275=ADVANCED_FACE('',(#605),#4037,.T.);
#4276=ADVANCED_FACE('',(#606),#158,.T.);
#4277=ADVANCED_FACE('',(#607),#4038,.T.);
#4278=ADVANCED_FACE('',(#608),#159,.T.);
#4279=ADVANCED_FACE('',(#609),#4039,.T.);
#4280=ADVANCED_FACE('',(#610),#4040,.T.);
#4281=ADVANCED_FACE('',(#611),#160,.T.);
#4282=ADVANCED_FACE('',(#612),#161,.T.);
#4283=ADVANCED_FACE('',(#613),#4041,.T.);
#4284=ADVANCED_FACE('',(#614),#162,.F.);
#4285=ADVANCED_FACE('',(#615),#4042,.T.);
#4286=ADVANCED_FACE('',(#616),#4043,.T.);
#4287=ADVANCED_FACE('',(#617),#163,.F.);
#4288=ADVANCED_FACE('',(#618,#112),#4044,.F.);
#4289=ADVANCED_FACE('',(#619),#164,.F.);
#4290=ADVANCED_FACE('',(#620),#4045,.T.);
#4291=ADVANCED_FACE('',(#621),#165,.T.);
#4292=ADVANCED_FACE('',(#622),#4046,.T.);
#4293=ADVANCED_FACE('',(#623),#166,.T.);
#4294=ADVANCED_FACE('',(#624),#4047,.T.);
#4295=ADVANCED_FACE('',(#625),#167,.T.);
#4296=ADVANCED_FACE('',(#626),#4048,.T.);
#4297=ADVANCED_FACE('',(#627),#168,.T.);
#4298=ADVANCED_FACE('',(#628,#113),#4049,.T.);
#4299=CLOSED_SHELL('',(#4050,#4051,#4052,#4053,#4054,#4055,#4056,#4057,
#4058,#4059,#4060,#4061,#4062,#4063,#4064,#4065,#4066,#4067,#4068,#4069,
#4070,#4071,#4072,#4073,#4074,#4075,#4076,#4077,#4078,#4079,#4080,#4081,
#4082,#4083,#4084,#4085,#4086,#4087,#4088,#4089,#4090,#4091,#4092,#4093,
#4094,#4095,#4096,#4097,#4098,#4099,#4100,#4101,#4102,#4103,#4104,#4105,
#4106,#4107,#4108,#4109,#4110,#4111,#4112,#4113,#4114,#4115,#4116,#4117,
#4118,#4119,#4120,#4121,#4122,#4123,#4124));
#4300=CLOSED_SHELL('',(#4125,#4126,#4127,#4128,#4129,#4130,#4131,#4132,
#4133,#4134,#4135,#4136,#4137,#4138,#4139,#4140,#4141,#4142,#4143,#4144,
#4145,#4146,#4147,#4148,#4149,#4150,#4151,#4152,#4153,#4154,#4155,#4156,
#4157,#4158,#4159,#4160,#4161,#4162,#4163,#4164,#4165,#4166,#4167,#4168,
#4169,#4170,#4171,#4172,#4173,#4174,#4175,#4176,#4177,#4178,#4179,#4180,
#4181,#4182,#4183,#4184,#4185,#4186,#4187,#4188,#4189,#4190,#4191,#4192));
#4301=CLOSED_SHELL('',(#4193,#4194,#4195,#4196,#4197,#4198,#4199,#4200,
#4201,#4202,#4203,#4204,#4205,#4206));
#4302=CLOSED_SHELL('',(#4207,#4208,#4209,#4210,#4211,#4212,#4213,#4214,
#4215,#4216,#4217,#4218,#4219,#4220,#4221,#4222,#4223,#4224,#4225,#4226,
#4227));
#4303=CLOSED_SHELL('',(#4228,#4229,#4230,#4231,#4232,#4233,#4234,#4235,
#4236,#4237,#4238,#4239,#4240,#4241,#4242,#4243,#4244,#4245,#4246,#4247,
#4248,#4249,#4250,#4251,#4252,#4253,#4254,#4255,#4256,#4257,#4258,#4259,
#4260));
#4304=CLOSED_SHELL('',(#4261,#4262,#4263,#4264,#4265,#4266,#4267,#4268,
#4269,#4270,#4271,#4272,#4273,#4274,#4275,#4276,#4277,#4278,#4279,#4280,
#4281,#4282,#4283,#4284,#4285,#4286,#4287,#4288,#4289,#4290,#4291,#4292,
#4293,#4294,#4295,#4296,#4297,#4298));
#4305=DERIVED_UNIT_ELEMENT(#4315,1.);
#4306=DERIVED_UNIT_ELEMENT(#7609,-3.);
#4307=DERIVED_UNIT_ELEMENT(#4315,1.);
#4308=DERIVED_UNIT_ELEMENT(#7609,-3.);
#4309=DERIVED_UNIT_ELEMENT(#4315,1.);
#4310=DERIVED_UNIT_ELEMENT(#7609,-3.);
#4311=DERIVED_UNIT_ELEMENT(#4315,1.);
#4312=DERIVED_UNIT_ELEMENT(#7609,-3.);
#4313=DERIVED_UNIT_ELEMENT(#4315,1.);
#4314=DERIVED_UNIT_ELEMENT(#7609,-3.);
#4315=(
MASS_UNIT()
NAMED_UNIT(*)
SI_UNIT(.KILO.,.GRAM.)
);
#4316=DERIVED_UNIT((#4305,#4306));
#4317=DERIVED_UNIT((#4307,#4308));
#4318=DERIVED_UNIT((#4309,#4310));
#4319=DERIVED_UNIT((#4311,#4312));
#4320=DERIVED_UNIT((#4313,#4314));
#4321=MEASURE_REPRESENTATION_ITEM('density measure',
POSITIVE_RATIO_MEASURE(641.),#4316);
#4322=MEASURE_REPRESENTATION_ITEM('density measure',
POSITIVE_RATIO_MEASURE(641.),#4317);
#4323=MEASURE_REPRESENTATION_ITEM('density measure',
POSITIVE_RATIO_MEASURE(641.),#4318);
#4324=MEASURE_REPRESENTATION_ITEM('density measure',
POSITIVE_RATIO_MEASURE(641.),#4319);
#4325=MEASURE_REPRESENTATION_ITEM('density measure',
POSITIVE_RATIO_MEASURE(641.),#4320);
#4326=PROPERTY_DEFINITION_REPRESENTATION(#4351,#4336);
#4327=PROPERTY_DEFINITION_REPRESENTATION(#4352,#4337);
#4328=PROPERTY_DEFINITION_REPRESENTATION(#4353,#4338);
#4329=PROPERTY_DEFINITION_REPRESENTATION(#4354,#4339);
#4330=PROPERTY_DEFINITION_REPRESENTATION(#4355,#4340);
#4331=PROPERTY_DEFINITION_REPRESENTATION(#4356,#4341);
#4332=PROPERTY_DEFINITION_REPRESENTATION(#4357,#4342);
#4333=PROPERTY_DEFINITION_REPRESENTATION(#4358,#4343);
#4334=PROPERTY_DEFINITION_REPRESENTATION(#4359,#4344);
#4335=PROPERTY_DEFINITION_REPRESENTATION(#4360,#4345);
#4336=REPRESENTATION('material name',(#4346),#7601);
#4337=REPRESENTATION('density',(#4321),#7601);
#4338=REPRESENTATION('material name',(#4347),#7602);
#4339=REPRESENTATION('density',(#4322),#7602);
#4340=REPRESENTATION('material name',(#4348),#7603);
#4341=REPRESENTATION('density',(#4323),#7603);
#4342=REPRESENTATION('material name',(#4349),#7604);
#4343=REPRESENTATION('density',(#4324),#7604);
#4344=REPRESENTATION('material name',(#4350),#7606);
#4345=REPRESENTATION('density',(#4325),#7606);
#4346=DESCRIPTIVE_REPRESENTATION_ITEM('Ash','Ash');
#4347=DESCRIPTIVE_REPRESENTATION_ITEM('Ash','Ash');
#4348=DESCRIPTIVE_REPRESENTATION_ITEM('Ash','Ash');
#4349=DESCRIPTIVE_REPRESENTATION_ITEM('Ash','Ash');
#4350=DESCRIPTIVE_REPRESENTATION_ITEM('Ash','Ash');
#4351=PROPERTY_DEFINITION('material property','material name',#7642);
#4352=PROPERTY_DEFINITION('material property','density of part',#7642);
#4353=PROPERTY_DEFINITION('material property','material name',#7643);
#4354=PROPERTY_DEFINITION('material property','density of part',#7643);
#4355=PROPERTY_DEFINITION('material property','material name',#7644);
#4356=PROPERTY_DEFINITION('material property','density of part',#7644);
#4357=PROPERTY_DEFINITION('material property','material name',#7645);
#4358=PROPERTY_DEFINITION('material property','density of part',#7645);
#4359=PROPERTY_DEFINITION('material property','material name',#7647);
#4360=PROPERTY_DEFINITION('material property','density of part',#7647);
#4361=AXIS2_PLACEMENT_3D('',#6114,#4817,#4818);
#4362=AXIS2_PLACEMENT_3D('',#6115,#4819,#4820);
#4363=AXIS2_PLACEMENT_3D('',#6116,#4821,#4822);
#4364=AXIS2_PLACEMENT_3D('',#6128,#4825,#4826);
#4365=AXIS2_PLACEMENT_3D('',#6130,#4828,#4829);
#4366=AXIS2_PLACEMENT_3D('',#6136,#4833,#4834);
#4367=AXIS2_PLACEMENT_3D('',#6145,#4839,#4840);
#4368=AXIS2_PLACEMENT_3D('',#6154,#4845,#4846);
#4369=AXIS2_PLACEMENT_3D('',#6160,#4850,#4851);
#4370=AXIS2_PLACEMENT_3D('',#6164,#4853,#4854);
#4371=AXIS2_PLACEMENT_3D('',#6165,#4855,#4856);
#4372=AXIS2_PLACEMENT_3D('',#6166,#4857,#4858);
#4373=AXIS2_PLACEMENT_3D('',#6172,#4862,#4863);
#4374=AXIS2_PLACEMENT_3D('',#6176,#4865,#4866);
#4375=AXIS2_PLACEMENT_3D('',#6177,#4867,#4868);
#4376=AXIS2_PLACEMENT_3D('',#6178,#4869,#4870);
#4377=AXIS2_PLACEMENT_3D('',#6182,#4873,#4874);
#4378=AXIS2_PLACEMENT_3D('',#6183,#4875,#4876);
#4379=AXIS2_PLACEMENT_3D('',#6187,#4879,#4880);
#4380=AXIS2_PLACEMENT_3D('',#6188,#4881,#4882);
#4381=AXIS2_PLACEMENT_3D('',#6192,#4884,#4885);
#4382=AXIS2_PLACEMENT_3D('',#6199,#4887,#4888);
#4383=AXIS2_PLACEMENT_3D('',#6200,#4889,#4890);
#4384=AXIS2_PLACEMENT_3D('',#6201,#4891,#4892);
#4385=AXIS2_PLACEMENT_3D('',#6202,#4893,#4894);
#4386=AXIS2_PLACEMENT_3D('',#6204,#4895,#4896);
#4387=AXIS2_PLACEMENT_3D('',#6206,#4897,#4898);
#4388=AXIS2_PLACEMENT_3D('',#6210,#4900,#4901);
#4389=AXIS2_PLACEMENT_3D('',#6211,#4902,#4903);
#4390=AXIS2_PLACEMENT_3D('',#6212,#4904,#4905);
#4391=AXIS2_PLACEMENT_3D('',#6218,#4908,#4909);
#4392=AXIS2_PLACEMENT_3D('',#6224,#4913,#4914);
#4393=AXIS2_PLACEMENT_3D('',#6227,#4916,#4917);
#4394=AXIS2_PLACEMENT_3D('',#6228,#4918,#4919);
#4395=AXIS2_PLACEMENT_3D('',#6232,#4922,#4923);
#4396=AXIS2_PLACEMENT_3D('',#6235,#4925,#4926);
#4397=AXIS2_PLACEMENT_3D('',#6236,#4927,#4928);
#4398=AXIS2_PLACEMENT_3D('',#6240,#4930,#4931);
#4399=AXIS2_PLACEMENT_3D('',#6244,#4933,#4934);
#4400=AXIS2_PLACEMENT_3D('',#6254,#4939,#4940);
#4401=AXIS2_PLACEMENT_3D('',#6256,#4942,#4943);
#4402=AXIS2_PLACEMENT_3D('',#6260,#4946,#4947);
#4403=AXIS2_PLACEMENT_3D('',#6262,#4948,#4949);
#4404=AXIS2_PLACEMENT_3D('',#6264,#4950,#4951);
#4405=AXIS2_PLACEMENT_3D('',#6265,#4952,#4953);
#4406=AXIS2_PLACEMENT_3D('',#6268,#4955,#4956);
#4407=AXIS2_PLACEMENT_3D('',#6269,#4957,#4958);
#4408=AXIS2_PLACEMENT_3D('',#6271,#4959,#4960);
#4409=AXIS2_PLACEMENT_3D('',#6273,#4962,#4963);
#4410=AXIS2_PLACEMENT_3D('',#6276,#4965,#4966);
#4411=AXIS2_PLACEMENT_3D('',#6277,#4967,#4968);
#4412=AXIS2_PLACEMENT_3D('',#6279,#4969,#4970);
#4413=AXIS2_PLACEMENT_3D('',#6281,#4972,#4973);
#4414=AXIS2_PLACEMENT_3D('',#6363,#4975,#4976);
#4415=AXIS2_PLACEMENT_3D('',#6445,#4978,#4979);
#4416=AXIS2_PLACEMENT_3D('',#6527,#4981,#4982);
#4417=AXIS2_PLACEMENT_3D('',#6529,#4983,#4984);
#4418=AXIS2_PLACEMENT_3D('',#6531,#4986,#4987);
#4419=AXIS2_PLACEMENT_3D('',#6535,#4990,#4991);
#4420=AXIS2_PLACEMENT_3D('',#6537,#4992,#4993);
#4421=AXIS2_PLACEMENT_3D('',#6542,#4996,#4997);
#4422=AXIS2_PLACEMENT_3D('',#6544,#4998,#4999);
#4423=AXIS2_PLACEMENT_3D('',#6546,#5000,#5001);
#4424=AXIS2_PLACEMENT_3D('',#6547,#5002,#5003);
#4425=AXIS2_PLACEMENT_3D('',#6549,#5005,#5006);
#4426=AXIS2_PLACEMENT_3D('',#6551,#5008,#5009);
#4427=AXIS2_PLACEMENT_3D('',#6553,#5010,#5011);
#4428=AXIS2_PLACEMENT_3D('',#6556,#5013,#5014);
#4429=AXIS2_PLACEMENT_3D('',#6557,#5015,#5016);
#4430=AXIS2_PLACEMENT_3D('',#6564,#5019,#5020);
#4431=AXIS2_PLACEMENT_3D('',#6568,#5022,#5023);
#4432=AXIS2_PLACEMENT_3D('',#6580,#5029,#5030);
#4433=AXIS2_PLACEMENT_3D('',#6583,#5032,#5033);
#4434=AXIS2_PLACEMENT_3D('',#6584,#5034,#5035);
#4435=AXIS2_PLACEMENT_3D('',#6586,#5036,#5037);
#4436=AXIS2_PLACEMENT_3D('',#6588,#5039,#5040);
#4437=AXIS2_PLACEMENT_3D('',#6591,#5042,#5043);
#4438=AXIS2_PLACEMENT_3D('',#6592,#5044,#5045);
#4439=AXIS2_PLACEMENT_3D('',#6594,#5046,#5047);
#4440=AXIS2_PLACEMENT_3D('',#6596,#5049,#5050);
#4441=AXIS2_PLACEMENT_3D('',#6602,#5054,#5055);
#4442=AXIS2_PLACEMENT_3D('',#6604,#5057,#5058);
#4443=AXIS2_PLACEMENT_3D('',#6605,#5059,#5060);
#4444=AXIS2_PLACEMENT_3D('',#6608,#5063,#5064);
#4445=AXIS2_PLACEMENT_3D('',#6610,#5066,#5067);
#4446=AXIS2_PLACEMENT_3D('',#6613,#5069,#5070);
#4447=AXIS2_PLACEMENT_3D('',#6614,#5071,#5072);
#4448=AXIS2_PLACEMENT_3D('',#6618,#5075,#5076);
#4449=AXIS2_PLACEMENT_3D('',#6620,#5078,#5079);
#4450=AXIS2_PLACEMENT_3D('',#6621,#5080,#5081);
#4451=AXIS2_PLACEMENT_3D('',#6623,#5083,#5084);
#4452=AXIS2_PLACEMENT_3D('',#6624,#5085,#5086);
#4453=AXIS2_PLACEMENT_3D('',#6631,#5088,#5089);
#4454=AXIS2_PLACEMENT_3D('',#6633,#5090,#5091);
#4455=AXIS2_PLACEMENT_3D('',#6638,#5092,#5093);
#4456=AXIS2_PLACEMENT_3D('',#6640,#5094,#5095);
#4457=AXIS2_PLACEMENT_3D('',#6642,#5097,#5098);
#4458=AXIS2_PLACEMENT_3D('',#6645,#5100,#5101);
#4459=AXIS2_PLACEMENT_3D('',#6646,#5102,#5103);
#4460=AXIS2_PLACEMENT_3D('',#6650,#5106,#5107);
#4461=AXIS2_PLACEMENT_3D('',#6651,#5108,#5109);
#4462=AXIS2_PLACEMENT_3D('',#6652,#5110,#5111);
#4463=AXIS2_PLACEMENT_3D('',#6655,#5112,#5113);
#4464=AXIS2_PLACEMENT_3D('',#6657,#5115,#5116);
#4465=AXIS2_PLACEMENT_3D('',#6660,#5117,#5118);
#4466=AXIS2_PLACEMENT_3D('',#6662,#5120,#5121);
#4467=AXIS2_PLACEMENT_3D('',#6663,#5122,#5123);
#4468=AXIS2_PLACEMENT_3D('',#6664,#5124,#5125);
#4469=AXIS2_PLACEMENT_3D('',#6666,#5126,#5127);
#4470=AXIS2_PLACEMENT_3D('',#6667,#5128,#5129);
#4471=AXIS2_PLACEMENT_3D('',#6670,#5130,#5131);
#4472=AXIS2_PLACEMENT_3D('',#6672,#5133,#5134);
#4473=AXIS2_PLACEMENT_3D('',#6673,#5135,#5136);
#4474=AXIS2_PLACEMENT_3D('',#6676,#5137,#5138);
#4475=AXIS2_PLACEMENT_3D('',#6680,#5140,#5141);
#4476=AXIS2_PLACEMENT_3D('',#6681,#5142,#5143);
#4477=AXIS2_PLACEMENT_3D('',#6682,#5144,#5145);
#4478=AXIS2_PLACEMENT_3D('',#6683,#5146,#5147);
#4479=AXIS2_PLACEMENT_3D('',#6685,#5148,#5149);
#4480=AXIS2_PLACEMENT_3D('',#6686,#5150,#5151);
#4481=AXIS2_PLACEMENT_3D('',#6687,#5152,#5153);
#4482=AXIS2_PLACEMENT_3D('',#6688,#5154,#5155);
#4483=AXIS2_PLACEMENT_3D('',#6689,#5156,#5157);
#4484=AXIS2_PLACEMENT_3D('',#6692,#5159,#5160);
#4485=AXIS2_PLACEMENT_3D('',#6693,#5161,#5162);
#4486=AXIS2_PLACEMENT_3D('',#6695,#5163,#5164);
#4487=AXIS2_PLACEMENT_3D('',#6696,#5165,#5166);
#4488=AXIS2_PLACEMENT_3D('',#6698,#5168,#5169);
#4489=AXIS2_PLACEMENT_3D('',#6700,#5170,#5171);
#4490=AXIS2_PLACEMENT_3D('',#6702,#5173,#5174);
#4491=AXIS2_PLACEMENT_3D('',#6704,#5175,#5176);
#4492=AXIS2_PLACEMENT_3D('',#6705,#5177,#5178);
#4493=AXIS2_PLACEMENT_3D('',#6707,#5180,#5181);
#4494=AXIS2_PLACEMENT_3D('',#6709,#5182,#5183);
#4495=AXIS2_PLACEMENT_3D('',#6711,#5185,#5186);
#4496=AXIS2_PLACEMENT_3D('',#6713,#5187,#5188);
#4497=AXIS2_PLACEMENT_3D('',#6714,#5189,#5190);
#4498=AXIS2_PLACEMENT_3D('',#6716,#5192,#5193);
#4499=AXIS2_PLACEMENT_3D('',#6718,#5194,#5195);
#4500=AXIS2_PLACEMENT_3D('',#6719,#5196,#5197);
#4501=AXIS2_PLACEMENT_3D('',#6721,#5198,#5199);
#4502=AXIS2_PLACEMENT_3D('',#6722,#5200,#5201);
#4503=AXIS2_PLACEMENT_3D('',#6724,#5203,#5204);
#4504=AXIS2_PLACEMENT_3D('',#6726,#5206,#5207);
#4505=AXIS2_PLACEMENT_3D('',#6727,#5208,#5209);
#4506=AXIS2_PLACEMENT_3D('',#6728,#5210,#5211);
#4507=AXIS2_PLACEMENT_3D('',#6729,#5212,#5213);
#4508=AXIS2_PLACEMENT_3D('',#6730,#5214,#5215);
#4509=AXIS2_PLACEMENT_3D('',#6731,#5216,#5217);
#4510=AXIS2_PLACEMENT_3D('',#6732,#5218,#5219);
#4511=AXIS2_PLACEMENT_3D('',#6733,#5220,#5221);
#4512=AXIS2_PLACEMENT_3D('',#6736,#5222,#5223);
#4513=AXIS2_PLACEMENT_3D('',#6740,#5225,#5226);
#4514=AXIS2_PLACEMENT_3D('',#6742,#5228,#5229);
#4515=AXIS2_PLACEMENT_3D('',#6746,#5231,#5232);
#4516=AXIS2_PLACEMENT_3D('',#6752,#5235,#5236);
#4517=AXIS2_PLACEMENT_3D('',#6757,#5239,#5240);
#4518=AXIS2_PLACEMENT_3D('',#6759,#5241,#5242);
#4519=AXIS2_PLACEMENT_3D('',#6760,#5243,#5244);
#4520=AXIS2_PLACEMENT_3D('',#6764,#5247,#5248);
#4521=AXIS2_PLACEMENT_3D('',#6766,#5249,#5250);
#4522=AXIS2_PLACEMENT_3D('',#6768,#5252,#5253);
#4523=AXIS2_PLACEMENT_3D('',#6770,#5254,#5255);
#4524=AXIS2_PLACEMENT_3D('',#6773,#5257,#5258);
#4525=AXIS2_PLACEMENT_3D('',#6774,#5259,#5260);
#4526=AXIS2_PLACEMENT_3D('',#6785,#5265,#5266);
#4527=AXIS2_PLACEMENT_3D('',#6793,#5270,#5271);
#4528=AXIS2_PLACEMENT_3D('',#6797,#5273,#5274);
#4529=AXIS2_PLACEMENT_3D('',#6800,#5276,#5277);
#4530=AXIS2_PLACEMENT_3D('',#6801,#5278,#5279);
#4531=AXIS2_PLACEMENT_3D('',#6804,#5281,#5282);
#4532=AXIS2_PLACEMENT_3D('',#6805,#5283,#5284);
#4533=AXIS2_PLACEMENT_3D('',#6807,#5285,#5286);
#4534=AXIS2_PLACEMENT_3D('',#6809,#5288,#5289);
#4535=AXIS2_PLACEMENT_3D('',#6812,#5291,#5292);
#4536=AXIS2_PLACEMENT_3D('',#6813,#5293,#5294);
#4537=AXIS2_PLACEMENT_3D('',#6823,#5297,#5298);
#4538=AXIS2_PLACEMENT_3D('',#6824,#5299,#5300);
#4539=AXIS2_PLACEMENT_3D('',#6828,#5303,#5304);
#4540=AXIS2_PLACEMENT_3D('',#6834,#5308,#5309);
#4541=AXIS2_PLACEMENT_3D('',#6839,#5313,#5314);
#4542=AXIS2_PLACEMENT_3D('',#6843,#5317,#5318);
#4543=AXIS2_PLACEMENT_3D('',#6846,#5320,#5321);
#4544=AXIS2_PLACEMENT_3D('',#6847,#5322,#5323);
#4545=AXIS2_PLACEMENT_3D('',#6851,#5326,#5327);
#4546=AXIS2_PLACEMENT_3D('',#6854,#5329,#5330);
#4547=AXIS2_PLACEMENT_3D('',#6855,#5331,#5332);
#4548=AXIS2_PLACEMENT_3D('',#6858,#5334,#5335);
#4549=AXIS2_PLACEMENT_3D('',#6859,#5336,#5337);
#4550=AXIS2_PLACEMENT_3D('',#6860,#5338,#5339);
#4551=AXIS2_PLACEMENT_3D('',#6861,#5340,#5341);
#4552=AXIS2_PLACEMENT_3D('',#6865,#5343,#5344);
#4553=AXIS2_PLACEMENT_3D('',#6870,#5345,#5346);
#4554=AXIS2_PLACEMENT_3D('',#6871,#5347,#5348);
#4555=AXIS2_PLACEMENT_3D('',#6872,#5349,#5350);
#4556=AXIS2_PLACEMENT_3D('',#6876,#5352,#5353);
#4557=AXIS2_PLACEMENT_3D('',#6878,#5355,#5356);
#4558=AXIS2_PLACEMENT_3D('',#6882,#5359,#5360);
#4559=AXIS2_PLACEMENT_3D('',#6885,#5362,#5363);
#4560=AXIS2_PLACEMENT_3D('',#6886,#5364,#5365);
#4561=AXIS2_PLACEMENT_3D('',#6888,#5366,#5367);
#4562=AXIS2_PLACEMENT_3D('',#6896,#5371,#5372);
#4563=AXIS2_PLACEMENT_3D('',#6898,#5374,#5375);
#4564=AXIS2_PLACEMENT_3D('',#6900,#5376,#5377);
#4565=AXIS2_PLACEMENT_3D('',#6902,#5378,#5379);
#4566=AXIS2_PLACEMENT_3D('',#6905,#5381,#5382);
#4567=AXIS2_PLACEMENT_3D('',#6906,#5383,#5384);
#4568=AXIS2_PLACEMENT_3D('',#6908,#5385,#5386);
#4569=AXIS2_PLACEMENT_3D('',#6912,#5388,#5389);
#4570=AXIS2_PLACEMENT_3D('',#6914,#5391,#5392);
#4571=AXIS2_PLACEMENT_3D('',#6923,#5397,#5398);
#4572=AXIS2_PLACEMENT_3D('',#6927,#5401,#5402);
#4573=AXIS2_PLACEMENT_3D('',#6928,#5403,#5404);
#4574=AXIS2_PLACEMENT_3D('',#6934,#5408,#5409);
#4575=AXIS2_PLACEMENT_3D('',#6938,#5412,#5413);
#4576=AXIS2_PLACEMENT_3D('',#6942,#5415,#5416);
#4577=AXIS2_PLACEMENT_3D('',#6943,#5417,#5418);
#4578=AXIS2_PLACEMENT_3D('',#6944,#5419,#5420);
#4579=AXIS2_PLACEMENT_3D('',#6950,#5424,#5425);
#4580=AXIS2_PLACEMENT_3D('',#6954,#5427,#5428);
#4581=AXIS2_PLACEMENT_3D('',#6955,#5429,#5430);
#4582=AXIS2_PLACEMENT_3D('',#6956,#5431,#5432);
#4583=AXIS2_PLACEMENT_3D('',#6962,#5436,#5437);
#4584=AXIS2_PLACEMENT_3D('',#6965,#5440,#5441);
#4585=AXIS2_PLACEMENT_3D('',#6972,#5443,#5444);
#4586=AXIS2_PLACEMENT_3D('',#6974,#5445,#5446);
#4587=AXIS2_PLACEMENT_3D('',#6976,#5447,#5448);
#4588=AXIS2_PLACEMENT_3D('',#6981,#5449,#5450);
#4589=AXIS2_PLACEMENT_3D('',#6984,#5452,#5453);
#4590=AXIS2_PLACEMENT_3D('',#6986,#5455,#5456);
#4591=AXIS2_PLACEMENT_3D('',#6987,#5457,#5458);
#4592=AXIS2_PLACEMENT_3D('',#6988,#5459,#5460);
#4593=AXIS2_PLACEMENT_3D('',#6990,#5461,#5462);
#4594=AXIS2_PLACEMENT_3D('',#6993,#5464,#5465);
#4595=AXIS2_PLACEMENT_3D('',#6994,#5466,#5467);
#4596=AXIS2_PLACEMENT_3D('',#6995,#5468,#5469);
#4597=AXIS2_PLACEMENT_3D('',#6996,#5470,#5471);
#4598=AXIS2_PLACEMENT_3D('',#6998,#5472,#5473);
#4599=AXIS2_PLACEMENT_3D('',#6999,#5474,#5475);
#4600=AXIS2_PLACEMENT_3D('',#7001,#5476,#5477);
#4601=AXIS2_PLACEMENT_3D('',#7003,#5478,#5479);
#4602=AXIS2_PLACEMENT_3D('',#7004,#5480,#5481);
#4603=AXIS2_PLACEMENT_3D('',#7006,#5482,#5483);
#4604=AXIS2_PLACEMENT_3D('',#7008,#5485,#5486);
#4605=AXIS2_PLACEMENT_3D('',#7011,#5488,#5489);
#4606=AXIS2_PLACEMENT_3D('',#7012,#5490,#5491);
#4607=AXIS2_PLACEMENT_3D('',#7014,#5492,#5493);
#4608=AXIS2_PLACEMENT_3D('',#7016,#5495,#5496);
#4609=AXIS2_PLACEMENT_3D('',#7019,#5498,#5499);
#4610=AXIS2_PLACEMENT_3D('',#7020,#5500,#5501);
#4611=AXIS2_PLACEMENT_3D('',#7022,#5503,#5504);
#4612=AXIS2_PLACEMENT_3D('',#7026,#5506,#5507);
#4613=AXIS2_PLACEMENT_3D('',#7031,#5511,#5512);
#4614=AXIS2_PLACEMENT_3D('',#7034,#5514,#5515);
#4615=AXIS2_PLACEMENT_3D('',#7035,#5516,#5517);
#4616=AXIS2_PLACEMENT_3D('',#7038,#5519,#5520);
#4617=AXIS2_PLACEMENT_3D('',#7039,#5521,#5522);
#4618=AXIS2_PLACEMENT_3D('',#7040,#5523,#5524);
#4619=AXIS2_PLACEMENT_3D('',#7041,#5525,#5526);
#4620=AXIS2_PLACEMENT_3D('',#7042,#5527,#5528);
#4621=AXIS2_PLACEMENT_3D('',#7044,#5529,#5530);
#4622=AXIS2_PLACEMENT_3D('',#7047,#5532,#5533);
#4623=AXIS2_PLACEMENT_3D('',#7048,#5534,#5535);
#4624=AXIS2_PLACEMENT_3D('',#7050,#5536,#5537);
#4625=AXIS2_PLACEMENT_3D('',#7051,#5538,#5539);
#4626=AXIS2_PLACEMENT_3D('',#7053,#5540,#5541);
#4627=AXIS2_PLACEMENT_3D('',#7055,#5543,#5544);
#4628=AXIS2_PLACEMENT_3D('',#7058,#5545,#5546);
#4629=AXIS2_PLACEMENT_3D('',#7059,#5547,#5548);
#4630=AXIS2_PLACEMENT_3D('',#7060,#5549,#5550);
#4631=AXIS2_PLACEMENT_3D('',#7061,#5551,#5552);
#4632=AXIS2_PLACEMENT_3D('',#7063,#5554,#5555);
#4633=AXIS2_PLACEMENT_3D('',#7066,#5557,#5558);
#4634=AXIS2_PLACEMENT_3D('',#7067,#5559,#5560);
#4635=AXIS2_PLACEMENT_3D('',#7068,#5561,#5562);
#4636=AXIS2_PLACEMENT_3D('',#7069,#5563,#5564);
#4637=AXIS2_PLACEMENT_3D('',#7072,#5566,#5567);
#4638=AXIS2_PLACEMENT_3D('',#7073,#5568,#5569);
#4639=AXIS2_PLACEMENT_3D('',#7077,#5572,#5573);
#4640=AXIS2_PLACEMENT_3D('',#7078,#5574,#5575);
#4641=AXIS2_PLACEMENT_3D('',#7079,#5576,#5577);
#4642=AXIS2_PLACEMENT_3D('',#7080,#5578,#5579);
#4643=AXIS2_PLACEMENT_3D('',#7081,#5580,#5581);
#4644=AXIS2_PLACEMENT_3D('',#7082,#5582,#5583);
#4645=AXIS2_PLACEMENT_3D('',#7083,#5584,#5585);
#4646=AXIS2_PLACEMENT_3D('',#7084,#5586,#5587);
#4647=AXIS2_PLACEMENT_3D('',#7085,#5588,#5589);
#4648=AXIS2_PLACEMENT_3D('',#7094,#5594,#5595);
#4649=AXIS2_PLACEMENT_3D('',#7100,#5599,#5600);
#4650=AXIS2_PLACEMENT_3D('',#7106,#5604,#5605);
#4651=AXIS2_PLACEMENT_3D('',#7109,#5608,#5609);
#4652=AXIS2_PLACEMENT_3D('',#7110,#5610,#5611);
#4653=AXIS2_PLACEMENT_3D('',#7119,#5616,#5617);
#4654=AXIS2_PLACEMENT_3D('',#7125,#5621,#5622);
#4655=AXIS2_PLACEMENT_3D('',#7131,#5626,#5627);
#4656=AXIS2_PLACEMENT_3D('',#7134,#5630,#5631);
#4657=AXIS2_PLACEMENT_3D('',#7135,#5632,#5633);
#4658=AXIS2_PLACEMENT_3D('',#7137,#5634,#5635);
#4659=AXIS2_PLACEMENT_3D('',#7140,#5637,#5638);
#4660=AXIS2_PLACEMENT_3D('',#7141,#5639,#5640);
#4661=AXIS2_PLACEMENT_3D('',#7144,#5641,#5642);
#4662=AXIS2_PLACEMENT_3D('',#7145,#5643,#5644);
#4663=AXIS2_PLACEMENT_3D('',#7146,#5645,#5646);
#4664=AXIS2_PLACEMENT_3D('',#7148,#5647,#5648);
#4665=AXIS2_PLACEMENT_3D('',#7149,#5649,#5650);
#4666=AXIS2_PLACEMENT_3D('',#7151,#5651,#5652);
#4667=AXIS2_PLACEMENT_3D('',#7153,#5653,#5654);
#4668=AXIS2_PLACEMENT_3D('',#7154,#5655,#5656);
#4669=AXIS2_PLACEMENT_3D('',#7155,#5657,#5658);
#4670=AXIS2_PLACEMENT_3D('',#7164,#5663,#5664);
#4671=AXIS2_PLACEMENT_3D('',#7170,#5668,#5669);
#4672=AXIS2_PLACEMENT_3D('',#7176,#5673,#5674);
#4673=AXIS2_PLACEMENT_3D('',#7179,#5677,#5678);
#4674=AXIS2_PLACEMENT_3D('',#7185,#5682,#5683);
#4675=AXIS2_PLACEMENT_3D('',#7189,#5686,#5687);
#4676=AXIS2_PLACEMENT_3D('',#7190,#5688,#5689);
#4677=AXIS2_PLACEMENT_3D('',#7194,#5692,#5693);
#4678=AXIS2_PLACEMENT_3D('',#7196,#5695,#5696);
#4679=AXIS2_PLACEMENT_3D('',#7205,#5701,#5702);
#4680=AXIS2_PLACEMENT_3D('',#7214,#5707,#5708);
#4681=AXIS2_PLACEMENT_3D('',#7217,#5711,#5712);
#4682=AXIS2_PLACEMENT_3D('',#7220,#5715,#5716);
#4683=AXIS2_PLACEMENT_3D('',#7226,#5720,#5721);
#4684=AXIS2_PLACEMENT_3D('',#7230,#5724,#5725);
#4685=AXIS2_PLACEMENT_3D('',#7232,#5726,#5727);
#4686=AXIS2_PLACEMENT_3D('',#7233,#5728,#5729);
#4687=AXIS2_PLACEMENT_3D('',#7237,#5732,#5733);
#4688=AXIS2_PLACEMENT_3D('',#7239,#5735,#5736);
#4689=AXIS2_PLACEMENT_3D('',#7240,#5737,#5738);
#4690=AXIS2_PLACEMENT_3D('',#7243,#5740,#5741);
#4691=AXIS2_PLACEMENT_3D('',#7244,#5742,#5743);
#4692=AXIS2_PLACEMENT_3D('',#7245,#5744,#5745);
#4693=AXIS2_PLACEMENT_3D('',#7246,#5746,#5747);
#4694=AXIS2_PLACEMENT_3D('',#7255,#5752,#5753);
#4695=AXIS2_PLACEMENT_3D('',#7261,#5757,#5758);
#4696=AXIS2_PLACEMENT_3D('',#7267,#5762,#5763);
#4697=AXIS2_PLACEMENT_3D('',#7273,#5767,#5768);
#4698=AXIS2_PLACEMENT_3D('',#7279,#5772,#5773);
#4699=AXIS2_PLACEMENT_3D('',#7285,#5777,#5778);
#4700=AXIS2_PLACEMENT_3D('',#7291,#5782,#5783);
#4701=AXIS2_PLACEMENT_3D('',#7294,#5786,#5787);
#4702=AXIS2_PLACEMENT_3D('',#7300,#5791,#5792);
#4703=AXIS2_PLACEMENT_3D('',#7304,#5795,#5796);
#4704=AXIS2_PLACEMENT_3D('',#7308,#5799,#5800);
#4705=AXIS2_PLACEMENT_3D('',#7312,#5803,#5804);
#4706=AXIS2_PLACEMENT_3D('',#7313,#5805,#5806);
#4707=AXIS2_PLACEMENT_3D('',#7319,#5810,#5811);
#4708=AXIS2_PLACEMENT_3D('',#7321,#5813,#5814);
#4709=AXIS2_PLACEMENT_3D('',#7325,#5817,#5818);
#4710=AXIS2_PLACEMENT_3D('',#7327,#5820,#5821);
#4711=AXIS2_PLACEMENT_3D('',#7330,#5822,#5823);
#4712=AXIS2_PLACEMENT_3D('',#7332,#5824,#5825);
#4713=AXIS2_PLACEMENT_3D('',#7334,#5826,#5827);
#4714=AXIS2_PLACEMENT_3D('',#7335,#5828,#5829);
#4715=AXIS2_PLACEMENT_3D('',#7336,#5830,#5831);
#4716=AXIS2_PLACEMENT_3D('',#7339,#5832,#5833);
#4717=AXIS2_PLACEMENT_3D('',#7342,#5836,#5837);
#4718=AXIS2_PLACEMENT_3D('',#7345,#5838,#5839);
#4719=AXIS2_PLACEMENT_3D('',#7346,#5840,#5841);
#4720=AXIS2_PLACEMENT_3D('',#7347,#5842,#5843);
#4721=AXIS2_PLACEMENT_3D('',#7348,#5844,#5845);
#4722=AXIS2_PLACEMENT_3D('',#7351,#5848,#5849);
#4723=AXIS2_PLACEMENT_3D('',#7357,#5853,#5854);
#4724=AXIS2_PLACEMENT_3D('',#7360,#5856,#5857);
#4725=AXIS2_PLACEMENT_3D('',#7361,#5858,#5859);
#4726=AXIS2_PLACEMENT_3D('',#7362,#5860,#5861);
#4727=AXIS2_PLACEMENT_3D('',#7370,#5866,#5867);
#4728=AXIS2_PLACEMENT_3D('',#7373,#5869,#5870);
#4729=AXIS2_PLACEMENT_3D('',#7374,#5871,#5872);
#4730=AXIS2_PLACEMENT_3D('',#7375,#5873,#5874);
#4731=AXIS2_PLACEMENT_3D('',#7379,#5877,#5878);
#4732=AXIS2_PLACEMENT_3D('',#7380,#5879,#5880);
#4733=AXIS2_PLACEMENT_3D('',#7381,#5881,#5882);
#4734=AXIS2_PLACEMENT_3D('',#7383,#5884,#5885);
#4735=AXIS2_PLACEMENT_3D('',#7384,#5886,#5887);
#4736=AXIS2_PLACEMENT_3D('',#7386,#5888,#5889);
#4737=AXIS2_PLACEMENT_3D('',#7387,#5890,#5891);
#4738=AXIS2_PLACEMENT_3D('',#7390,#5893,#5894);
#4739=AXIS2_PLACEMENT_3D('',#7391,#5895,#5896);
#4740=AXIS2_PLACEMENT_3D('',#7392,#5897,#5898);
#4741=AXIS2_PLACEMENT_3D('',#7393,#5899,#5900);
#4742=AXIS2_PLACEMENT_3D('',#7394,#5901,#5902);
#4743=AXIS2_PLACEMENT_3D('',#7396,#5903,#5904);
#4744=AXIS2_PLACEMENT_3D('',#7399,#5906,#5907);
#4745=AXIS2_PLACEMENT_3D('',#7400,#5908,#5909);
#4746=AXIS2_PLACEMENT_3D('',#7401,#5910,#5911);
#4747=AXIS2_PLACEMENT_3D('',#7404,#5912,#5913);
#4748=AXIS2_PLACEMENT_3D('',#7408,#5915,#5916);
#4749=AXIS2_PLACEMENT_3D('',#7410,#5918,#5919);
#4750=AXIS2_PLACEMENT_3D('',#7414,#5921,#5922);
#4751=AXIS2_PLACEMENT_3D('',#7418,#5924,#5925);
#4752=AXIS2_PLACEMENT_3D('',#7422,#5927,#5928);
#4753=AXIS2_PLACEMENT_3D('',#7424,#5930,#5931);
#4754=AXIS2_PLACEMENT_3D('',#7428,#5934,#5935);
#4755=AXIS2_PLACEMENT_3D('',#7432,#5938,#5939);
#4756=AXIS2_PLACEMENT_3D('',#7437,#5941,#5942);
#4757=AXIS2_PLACEMENT_3D('',#7440,#5944,#5945);
#4758=AXIS2_PLACEMENT_3D('',#7441,#5946,#5947);
#4759=AXIS2_PLACEMENT_3D('',#7447,#5951,#5952);
#4760=AXIS2_PLACEMENT_3D('',#7451,#5954,#5955);
#4761=AXIS2_PLACEMENT_3D('',#7452,#5956,#5957);
#4762=AXIS2_PLACEMENT_3D('',#7453,#5958,#5959);
#4763=AXIS2_PLACEMENT_3D('',#7459,#5963,#5964);
#4764=AXIS2_PLACEMENT_3D('',#7463,#5966,#5967);
#4765=AXIS2_PLACEMENT_3D('',#7464,#5968,#5969);
#4766=AXIS2_PLACEMENT_3D('',#7465,#5970,#5971);
#4767=AXIS2_PLACEMENT_3D('',#7471,#5975,#5976);
#4768=AXIS2_PLACEMENT_3D('',#7475,#5978,#5979);
#4769=AXIS2_PLACEMENT_3D('',#7476,#5980,#5981);
#4770=AXIS2_PLACEMENT_3D('',#7477,#5982,#5983);
#4771=AXIS2_PLACEMENT_3D('',#7480,#5986,#5987);
#4772=AXIS2_PLACEMENT_3D('',#7486,#5991,#5992);
#4773=AXIS2_PLACEMENT_3D('',#7489,#5994,#5995);
#4774=AXIS2_PLACEMENT_3D('',#7490,#5996,#5997);
#4775=AXIS2_PLACEMENT_3D('',#7494,#6000,#6001);
#4776=AXIS2_PLACEMENT_3D('',#7497,#6003,#6004);
#4777=AXIS2_PLACEMENT_3D('',#7498,#6005,#6006);
#4778=AXIS2_PLACEMENT_3D('',#7499,#6007,#6008);
#4779=AXIS2_PLACEMENT_3D('',#7503,#6011,#6012);
#4780=AXIS2_PLACEMENT_3D('',#7506,#6014,#6015);
#4781=AXIS2_PLACEMENT_3D('',#7507,#6016,#6017);
#4782=AXIS2_PLACEMENT_3D('',#7509,#6018,#6019);
#4783=AXIS2_PLACEMENT_3D('',#7511,#6021,#6022);
#4784=AXIS2_PLACEMENT_3D('',#7513,#6024,#6025);
#4785=AXIS2_PLACEMENT_3D('',#7517,#6027,#6028);
#4786=AXIS2_PLACEMENT_3D('',#7519,#6030,#6031);
#4787=AXIS2_PLACEMENT_3D('',#7523,#6034,#6035);
#4788=AXIS2_PLACEMENT_3D('',#7527,#6038,#6039);
#4789=AXIS2_PLACEMENT_3D('',#7528,#6040,#6041);
#4790=AXIS2_PLACEMENT_3D('',#7529,#6042,#6043);
#4791=AXIS2_PLACEMENT_3D('',#7532,#6044,#6045);
#4792=AXIS2_PLACEMENT_3D('',#7536,#6047,#6048);
#4793=AXIS2_PLACEMENT_3D('',#7540,#6050,#6051);
#4794=AXIS2_PLACEMENT_3D('',#7544,#6053,#6054);
#4795=AXIS2_PLACEMENT_3D('',#7546,#6056,#6057);
#4796=AXIS2_PLACEMENT_3D('',#7547,#6058,#6059);
#4797=AXIS2_PLACEMENT_3D('',#7548,#6060,#6061);
#4798=AXIS2_PLACEMENT_3D('',#7556,#6066,#6067);
#4799=AXIS2_PLACEMENT_3D('',#7558,#6068,#6069);
#4800=AXIS2_PLACEMENT_3D('',#7560,#6071,#6072);
#4801=AXIS2_PLACEMENT_3D('',#7566,#6076,#6077);
#4802=AXIS2_PLACEMENT_3D('',#7568,#6078,#6079);
#4803=AXIS2_PLACEMENT_3D('',#7570,#6081,#6082);
#4804=AXIS2_PLACEMENT_3D('',#7574,#6085,#6086);
#4805=AXIS2_PLACEMENT_3D('',#7576,#6087,#6088);
#4806=AXIS2_PLACEMENT_3D('',#7578,#6090,#6091);
#4807=AXIS2_PLACEMENT_3D('',#7582,#6094,#6095);
#4808=AXIS2_PLACEMENT_3D('',#7583,#6096,#6097);
#4809=AXIS2_PLACEMENT_3D('',#7584,#6098,#6099);
#4810=AXIS2_PLACEMENT_3D('',#7585,#6100,#6101);
#4811=AXIS2_PLACEMENT_3D('',#7586,#6102,#6103);
#4812=AXIS2_PLACEMENT_3D('',#7587,#6104,#6105);
#4813=AXIS2_PLACEMENT_3D('',#7588,#6106,#6107);
#4814=AXIS2_PLACEMENT_3D('',#7589,#6108,#6109);
#4815=AXIS2_PLACEMENT_3D('',#7590,#6110,#6111);
#4816=AXIS2_PLACEMENT_3D('',#7591,#6112,#6113);
#4817=DIRECTION('axis',(0.,0.,1.));
#4818=DIRECTION('refdir',(1.,0.,0.));
#4819=DIRECTION('axis',(0.,0.,1.));
#4820=DIRECTION('refdir',(1.,0.,0.));
#4821=DIRECTION('center_axis',(-0.707106781186549,0.707106781186546,0.));
#4822=DIRECTION('ref_axis',(0.,0.,1.));
#4823=DIRECTION('',(0.,0.,-1.));
#4824=DIRECTION('',(0.,0.,1.));
#4825=DIRECTION('center_axis',(0.707106781186549,-0.707106781186546,0.));
#4826=DIRECTION('ref_axis',(0.707106781186546,0.707106781186549,0.));
#4827=DIRECTION('',(-0.572598334313872,-0.572598334313866,0.586738694038467));
#4828=DIRECTION('center_axis',(0.,0.715678085420547,0.698430295769578));
#4829=DIRECTION('ref_axis',(1.,0.,0.));
#4830=DIRECTION('',(1.,0.,0.));
#4831=DIRECTION('',(-0.572598334313872,0.572598334313866,-0.586738694038467));
#4832=DIRECTION('',(-1.,0.,0.));
#4833=DIRECTION('center_axis',(0.,0.715678085420547,0.698430295769578));
#4834=DIRECTION('ref_axis',(1.,0.,0.));
#4835=DIRECTION('',(-1.,0.,0.));
#4836=DIRECTION('',(-0.572598334313872,-0.572598334313866,0.586738694038467));
#4837=DIRECTION('',(1.,0.,0.));
#4838=DIRECTION('',(-0.572598334313885,0.57259833431386,-0.58673869403846));
#4839=DIRECTION('center_axis',(0.,0.707106781186548,-0.707106781186548));
#4840=DIRECTION('ref_axis',(-1.,0.,0.));
#4841=DIRECTION('',(-1.,0.,0.));
#4842=DIRECTION('',(-0.577350269189626,0.577350269189626,0.577350269189626));
#4843=DIRECTION('',(1.,0.,0.));
#4844=DIRECTION('',(0.577350269189626,-0.577350269189626,-0.577350269189626));
#4845=DIRECTION('center_axis',(0.707106781186549,0.707106781186546,0.));
#4846=DIRECTION('ref_axis',(0.,0.,-1.));
#4847=DIRECTION('',(0.,0.,-1.));
#4848=DIRECTION('',(-0.707106781186546,0.707106781186549,0.));
#4849=DIRECTION('',(0.,0.,1.));
#4850=DIRECTION('center_axis',(0.,-1.,0.));
#4851=DIRECTION('ref_axis',(0.707106781186547,0.,-0.707106781186547));
#4852=DIRECTION('',(0.,0.707106781186542,0.707106781186552));
#4853=DIRECTION('center_axis',(0.,-1.,0.));
#4854=DIRECTION('ref_axis',(0.707106781186548,0.,-0.707106781186548));
#4855=DIRECTION('center_axis',(0.,1.,0.));
#4856=DIRECTION('ref_axis',(0.707106781186547,0.,-0.707106781186547));
#4857=DIRECTION('center_axis',(0.,0.707106781186553,-0.707106781186543));
#4858=DIRECTION('ref_axis',(-1.,0.,0.));
#4859=DIRECTION('',(0.,0.707106781186542,0.707106781186552));
#4860=DIRECTION('',(1.,0.,0.));
#4861=DIRECTION('',(-1.,0.,0.));
#4862=DIRECTION('center_axis',(0.,-1.,0.));
#4863=DIRECTION('ref_axis',(-0.707106781186547,0.,-0.707106781186547));
#4864=DIRECTION('',(0.707106781186559,0.707106781186536,0.));
#4865=DIRECTION('center_axis',(0.,-1.,0.));
#4866=DIRECTION('ref_axis',(-0.707106781186548,0.,-0.707106781186548));
#4867=DIRECTION('center_axis',(0.,1.,0.));
#4868=DIRECTION('ref_axis',(-0.707106781186547,0.,-0.707106781186547));
#4869=DIRECTION('center_axis',(-0.707106781186549,0.707106781186546,0.));
#4870=DIRECTION('ref_axis',(0.,0.,1.));
#4871=DIRECTION('',(0.,0.,-1.));
#4872=DIRECTION('',(0.,0.,1.));
#4873=DIRECTION('center_axis',(0.707106781186549,-0.707106781186546,0.));
#4874=DIRECTION('ref_axis',(0.707106781186546,0.707106781186549,0.));
#4875=DIRECTION('center_axis',(0.707106781186549,0.707106781186546,0.));
#4876=DIRECTION('ref_axis',(0.,0.,-1.));
#4877=DIRECTION('',(0.,0.,-1.));
#4878=DIRECTION('',(0.,0.,1.));
#4879=DIRECTION('center_axis',(-0.707106781186549,-0.707106781186546,0.));
#4880=DIRECTION('ref_axis',(-0.707106781186546,0.707106781186549,0.));
#4881=DIRECTION('center_axis',(0.707106781186549,0.707106781186546,0.));
#4882=DIRECTION('ref_axis',(0.,0.,-1.));
#4883=DIRECTION('',(0.,0.,1.));
#4884=DIRECTION('center_axis',(-0.707106781186549,-0.707106781186546,0.));
#4885=DIRECTION('ref_axis',(-0.707106781186546,0.707106781186549,0.));
#4886=DIRECTION('',(0.,0.,-1.));
#4887=DIRECTION('center_axis',(0.,1.,0.));
#4888=DIRECTION('ref_axis',(0.,0.,-1.));
#4889=DIRECTION('center_axis',(0.,1.,0.));
#4890=DIRECTION('ref_axis',(0.,0.,-1.));
#4891=DIRECTION('center_axis',(0.,-1.,0.));
#4892=DIRECTION('ref_axis',(0.,0.,-1.));
#4893=DIRECTION('center_axis',(-1.,0.,0.));
#4894=DIRECTION('ref_axis',(0.,-1.,-1.22464679914735E-16));
#4895=DIRECTION('center_axis',(1.,0.,0.));
#4896=DIRECTION('ref_axis',(0.,1.,0.));
#4897=DIRECTION('center_axis',(0.707106781186549,-0.707106781186546,0.));
#4898=DIRECTION('ref_axis',(0.707106781186546,0.707106781186549,0.));
#4899=DIRECTION('',(-1.,0.,0.));
#4900=DIRECTION('center_axis',(-0.707106781186549,-0.707106781186546,0.));
#4901=DIRECTION('ref_axis',(-0.707106781186546,0.707106781186549,0.));
#4902=DIRECTION('center_axis',(-1.,0.,0.));
#4903=DIRECTION('ref_axis',(0.,1.,0.));
#4904=DIRECTION('center_axis',(1.,0.,0.));
#4905=DIRECTION('ref_axis',(0.,0.,-1.));
#4906=DIRECTION('',(0.,1.,0.));
#4907=DIRECTION('',(0.,0.,-1.));
#4908=DIRECTION('center_axis',(1.,0.,0.));
#4909=DIRECTION('ref_axis',(0.,0.,1.));
#4910=DIRECTION('',(0.,0.,-1.));
#4911=DIRECTION('',(0.,-1.,0.));
#4912=DIRECTION('',(0.,0.,1.));
#4913=DIRECTION('center_axis',(0.,-1.,0.));
#4914=DIRECTION('ref_axis',(-0.707106781186547,0.,-0.707106781186547));
#4915=DIRECTION('',(0.,-1.,0.));
#4916=DIRECTION('center_axis',(0.,1.,0.));
#4917=DIRECTION('ref_axis',(-0.707106781186547,0.,-0.707106781186547));
#4918=DIRECTION('center_axis',(0.,0.,-1.));
#4919=DIRECTION('ref_axis',(-1.,0.,0.));
#4920=DIRECTION('',(0.,1.,0.));
#4921=DIRECTION('',(1.,0.,0.));
#4922=DIRECTION('center_axis',(0.,1.,0.));
#4923=DIRECTION('ref_axis',(0.707106781186547,0.,-0.707106781186547));
#4924=DIRECTION('',(0.,-1.,0.));
#4925=DIRECTION('center_axis',(0.,1.,0.));
#4926=DIRECTION('ref_axis',(0.707106781186547,0.,-0.707106781186547));
#4927=DIRECTION('center_axis',(-1.,0.,0.));
#4928=DIRECTION('ref_axis',(0.,0.,1.));
#4929=DIRECTION('',(0.,-1.,-4.44089209850063E-17));
#4930=DIRECTION('center_axis',(-1.,0.,0.));
#4931=DIRECTION('ref_axis',(0.,-0.707106781186547,-0.707106781186547));
#4932=DIRECTION('',(0.,0.,1.));
#4933=DIRECTION('center_axis',(-1.,0.,0.));
#4934=DIRECTION('ref_axis',(0.,-0.707106781186547,0.707106781186547));
#4935=DIRECTION('',(0.,1.,0.));
#4936=DIRECTION('',(0.,0.,-1.));
#4937=DIRECTION('',(0.,1.,0.));
#4938=DIRECTION('',(0.,0.,1.));
#4939=DIRECTION('center_axis',(-1.,0.,0.));
#4940=DIRECTION('ref_axis',(0.,0.,-1.));
#4941=DIRECTION('',(0.,0.,1.));
#4942=DIRECTION('center_axis',(0.,4.44089209850063E-17,-1.));
#4943=DIRECTION('ref_axis',(0.,1.,4.44089209850063E-17));
#4944=DIRECTION('',(0.,1.,4.44089209850063E-17));
#4945=DIRECTION('',(1.,0.,0.));
#4946=DIRECTION('center_axis',(0.,1.,0.));
#4947=DIRECTION('ref_axis',(0.,0.,1.));
#4948=DIRECTION('center_axis',(0.,1.,0.));
#4949=DIRECTION('ref_axis',(1.,0.,0.));
#4950=DIRECTION('center_axis',(0.,1.,0.));
#4951=DIRECTION('ref_axis',(1.,0.,0.));
#4952=DIRECTION('center_axis',(0.,1.,0.));
#4953=DIRECTION('ref_axis',(1.,0.,0.));
#4954=DIRECTION('',(0.707106781186546,-0.707106781186549,-8.65956056235492E-17));
#4955=DIRECTION('center_axis',(0.,-1.,0.));
#4956=DIRECTION('ref_axis',(1.,0.,0.));
#4957=DIRECTION('center_axis',(0.,1.,0.));
#4958=DIRECTION('ref_axis',(1.,0.,0.));
#4959=DIRECTION('center_axis',(0.,1.,0.));
#4960=DIRECTION('ref_axis',(1.,0.,0.));
#4961=DIRECTION('',(0.,1.,0.));
#4962=DIRECTION('center_axis',(0.,1.,0.));
#4963=DIRECTION('ref_axis',(1.,0.,0.));
#4964=DIRECTION('',(0.707106781186546,-0.707106781186549,-8.65956056235492E-17));
#4965=DIRECTION('center_axis',(0.,-1.,0.));
#4966=DIRECTION('ref_axis',(1.,0.,0.));
#4967=DIRECTION('center_axis',(0.,1.,0.));
#4968=DIRECTION('ref_axis',(1.,0.,0.));
#4969=DIRECTION('center_axis',(0.,1.,0.));
#4970=DIRECTION('ref_axis',(1.,0.,0.));
#4971=DIRECTION('',(0.,1.,0.));
#4972=DIRECTION('center_axis',(-0.866025403784438,0.,-0.500000000000001));
#4973=DIRECTION('ref_axis',(-0.5,0.,0.866025403784438));
#4974=DIRECTION('',(-0.866025403784438,0.,-0.5));
#4975=DIRECTION('center_axis',(0.866025403784439,0.,-0.5));
#4976=DIRECTION('ref_axis',(-0.5,0.,-0.866025403784439));
#4977=DIRECTION('',(0.866025403784439,0.,-0.5));
#4978=DIRECTION('center_axis',(0.,0.,1.));
#4979=DIRECTION('ref_axis',(1.,0.,0.));
#4980=DIRECTION('',(0.,0.,1.));
#4981=DIRECTION('center_axis',(1.,0.,0.));
#4982=DIRECTION('ref_axis',(0.,-0.707106781186547,-0.707106781186547));
#4983=DIRECTION('center_axis',(-1.,0.,0.));
#4984=DIRECTION('ref_axis',(0.,-0.707106781186547,-0.707106781186547));
#4985=DIRECTION('',(-1.,0.,0.));
#4986=DIRECTION('center_axis',(0.,-1.,0.));
#4987=DIRECTION('ref_axis',(0.,0.,-1.));
#4988=DIRECTION('',(0.,0.,-1.));
#4989=DIRECTION('',(1.,0.,0.));
#4990=DIRECTION('center_axis',(1.,0.,0.));
#4991=DIRECTION('ref_axis',(0.,1.,0.));
#4992=DIRECTION('center_axis',(-1.,0.,0.));
#4993=DIRECTION('ref_axis',(0.,1.,0.));
#4994=DIRECTION('',(0.,0.,-1.));
#4995=DIRECTION('',(0.,-1.,0.));
#4996=DIRECTION('center_axis',(-1.,0.,0.));
#4997=DIRECTION('ref_axis',(0.,-0.707106781186547,0.707106781186547));
#4998=DIRECTION('center_axis',(-1.,0.,0.));
#4999=DIRECTION('ref_axis',(0.,1.,0.));
#5000=DIRECTION('center_axis',(-1.,0.,0.));
#5001=DIRECTION('ref_axis',(0.,1.,0.));
#5002=DIRECTION('center_axis',(1.,0.,0.));
#5003=DIRECTION('ref_axis',(0.,-0.707106781186547,0.707106781186547));
#5004=DIRECTION('',(-1.,0.,0.));
#5005=DIRECTION('center_axis',(0.,0.,1.));
#5006=DIRECTION('ref_axis',(0.,-1.,0.));
#5007=DIRECTION('',(1.,0.,0.));
#5008=DIRECTION('center_axis',(0.,1.,0.));
#5009=DIRECTION('ref_axis',(1.,0.,0.));
#5010=DIRECTION('center_axis',(0.,1.,0.));
#5011=DIRECTION('ref_axis',(1.,0.,0.));
#5012=DIRECTION('',(0.707106781186546,-0.707106781186549,-8.65956056235492E-17));
#5013=DIRECTION('center_axis',(0.,-1.,0.));
#5014=DIRECTION('ref_axis',(1.,0.,0.));
#5015=DIRECTION('center_axis',(0.,1.,0.));
#5016=DIRECTION('ref_axis',(0.,0.,1.));
#5017=DIRECTION('',(1.,0.,0.));
#5018=DIRECTION('',(0.,0.,-1.));
#5019=DIRECTION('center_axis',(0.,-1.,0.));
#5020=DIRECTION('ref_axis',(-0.707106781186548,0.,0.707106781186548));
#5021=DIRECTION('',(-1.,0.,0.));
#5022=DIRECTION('center_axis',(0.,-1.,0.));
#5023=DIRECTION('ref_axis',(0.707106781186548,0.,0.707106781186548));
#5024=DIRECTION('',(0.,0.,1.));
#5025=DIRECTION('',(-1.,0.,0.));
#5026=DIRECTION('',(0.,0.,1.));
#5027=DIRECTION('',(1.,0.,0.));
#5028=DIRECTION('',(0.,0.,-1.));
#5029=DIRECTION('center_axis',(0.,1.,0.));
#5030=DIRECTION('ref_axis',(0.,0.,1.));
#5031=DIRECTION('',(0.,0.,1.));
#5032=DIRECTION('center_axis',(0.,1.,0.));
#5033=DIRECTION('ref_axis',(1.,0.,0.));
#5034=DIRECTION('center_axis',(0.,1.,0.));
#5035=DIRECTION('ref_axis',(1.,0.,0.));
#5036=DIRECTION('center_axis',(0.,1.,0.));
#5037=DIRECTION('ref_axis',(1.,0.,0.));
#5038=DIRECTION('',(0.,1.,0.));
#5039=DIRECTION('center_axis',(0.,1.,0.));
#5040=DIRECTION('ref_axis',(1.,0.,0.));
#5041=DIRECTION('',(0.707106781186546,-0.707106781186549,-8.65956056235492E-17));
#5042=DIRECTION('center_axis',(0.,-1.,0.));
#5043=DIRECTION('ref_axis',(1.,0.,0.));
#5044=DIRECTION('center_axis',(0.,1.,0.));
#5045=DIRECTION('ref_axis',(1.,0.,0.));
#5046=DIRECTION('center_axis',(0.,1.,0.));
#5047=DIRECTION('ref_axis',(1.,0.,0.));
#5048=DIRECTION('',(0.,1.,0.));
#5049=DIRECTION('center_axis',(0.,0.715678085420547,-0.698430295769578));
#5050=DIRECTION('ref_axis',(-1.,0.,0.));
#5051=DIRECTION('',(0.572598334313872,-0.572598334313866,-0.586738694038467));
#5052=DIRECTION('',(-1.,0.,0.));
#5053=DIRECTION('',(0.572598334313872,0.572598334313866,0.586738694038467));
#5054=DIRECTION('center_axis',(0.707106781186549,0.707106781186546,0.));
#5055=DIRECTION('ref_axis',(0.,0.,-1.));
#5056=DIRECTION('',(0.577350269189626,-0.577350269189626,0.577350269189626));
#5057=DIRECTION('center_axis',(-0.707106781186549,-0.707106781186546,0.));
#5058=DIRECTION('ref_axis',(-0.707106781186546,0.707106781186549,0.));
#5059=DIRECTION('center_axis',(0.,0.715678085420547,-0.698430295769578));
#5060=DIRECTION('ref_axis',(-1.,0.,0.));
#5061=DIRECTION('',(0.572598334313872,0.572598334313866,0.586738694038467));
#5062=DIRECTION('',(0.572598334313885,-0.57259833431386,-0.58673869403846));
#5063=DIRECTION('center_axis',(-0.707106781186549,0.707106781186546,0.));
#5064=DIRECTION('ref_axis',(0.,0.,1.));
#5065=DIRECTION('',(0.707106781186546,0.707106781186549,0.));
#5066=DIRECTION('center_axis',(0.,-1.,0.));
#5067=DIRECTION('ref_axis',(-0.707106781186547,0.,0.707106781186547));
#5068=DIRECTION('',(0.,0.707106781186542,-0.707106781186552));
#5069=DIRECTION('center_axis',(0.,1.,0.));
#5070=DIRECTION('ref_axis',(-0.707106781186547,0.,0.707106781186547));
#5071=DIRECTION('center_axis',(0.,0.707106781186553,0.707106781186543));
#5072=DIRECTION('ref_axis',(1.,0.,0.));
#5073=DIRECTION('',(0.,0.707106781186542,-0.707106781186552));
#5074=DIRECTION('',(1.,0.,0.));
#5075=DIRECTION('center_axis',(0.,-1.,0.));
#5076=DIRECTION('ref_axis',(0.707106781186547,0.,0.707106781186547));
#5077=DIRECTION('',(-0.707106781186559,0.707106781186536,0.));
#5078=DIRECTION('center_axis',(0.,1.,0.));
#5079=DIRECTION('ref_axis',(0.707106781186547,0.,0.707106781186547));
#5080=DIRECTION('center_axis',(0.707106781186549,0.707106781186546,0.));
#5081=DIRECTION('ref_axis',(0.,0.,-1.));
#5082=DIRECTION('',(-0.577350269189626,0.577350269189626,-0.577350269189626));
#5083=DIRECTION('center_axis',(0.,0.707106781186548,0.707106781186548));
#5084=DIRECTION('ref_axis',(1.,0.,0.));
#5085=DIRECTION('center_axis',(0.707106781186549,0.707106781186546,0.));
#5086=DIRECTION('ref_axis',(0.,0.,-1.));
#5087=DIRECTION('',(0.,0.,-1.));
#5088=DIRECTION('center_axis',(0.,1.,0.));
#5089=DIRECTION('ref_axis',(0.,0.,1.));
#5090=DIRECTION('center_axis',(0.,-1.,0.));
#5091=DIRECTION('ref_axis',(0.,0.,1.));
#5092=DIRECTION('center_axis',(-0.707106781186549,0.707106781186546,0.));
#5093=DIRECTION('ref_axis',(0.,0.,1.));
#5094=DIRECTION('center_axis',(0.707106781186549,-0.707106781186546,0.));
#5095=DIRECTION('ref_axis',(0.707106781186546,0.707106781186549,0.));
#5096=DIRECTION('',(0.,0.,1.));
#5097=DIRECTION('center_axis',(0.,1.,0.));
#5098=DIRECTION('ref_axis',(0.707106781186547,0.,0.707106781186547));
#5099=DIRECTION('',(0.,-1.,0.));
#5100=DIRECTION('center_axis',(0.,1.,0.));
#5101=DIRECTION('ref_axis',(0.707106781186547,0.,0.707106781186547));
#5102=DIRECTION('center_axis',(0.,0.,1.));
#5103=DIRECTION('ref_axis',(1.,0.,0.));
#5104=DIRECTION('',(0.,1.,0.));
#5105=DIRECTION('',(-1.,0.,0.));
#5106=DIRECTION('center_axis',(0.,1.,0.));
#5107=DIRECTION('ref_axis',(-0.707106781186547,0.,0.707106781186547));
#5108=DIRECTION('center_axis',(0.,1.,0.));
#5109=DIRECTION('ref_axis',(-0.707106781186547,0.,0.707106781186547));
#5110=DIRECTION('center_axis',(0.,1.,0.));
#5111=DIRECTION('ref_axis',(1.,0.,0.));
#5112=DIRECTION('center_axis',(0.,1.,0.));
#5113=DIRECTION('ref_axis',(0.,0.,1.));
#5114=DIRECTION('',(0.,0.,1.));
#5115=DIRECTION('center_axis',(0.,1.,0.));
#5116=DIRECTION('ref_axis',(1.,0.,0.));
#5117=DIRECTION('center_axis',(0.,1.,0.));
#5118=DIRECTION('ref_axis',(0.,0.,1.));
#5119=DIRECTION('',(0.,0.,-1.));
#5120=DIRECTION('center_axis',(6.12323399573677E-17,0.,1.));
#5121=DIRECTION('ref_axis',(1.,0.,0.));
#5122=DIRECTION('center_axis',(0.,-1.,0.));
#5123=DIRECTION('ref_axis',(0.,0.,1.));
#5124=DIRECTION('center_axis',(0.,-1.,0.));
#5125=DIRECTION('ref_axis',(0.,0.,1.));
#5126=DIRECTION('center_axis',(0.,1.,0.));
#5127=DIRECTION('ref_axis',(1.,0.,0.));
#5128=DIRECTION('center_axis',(0.,-1.,0.));
#5129=DIRECTION('ref_axis',(1.,0.,0.));
#5130=DIRECTION('center_axis',(0.,-1.,0.));
#5131=DIRECTION('ref_axis',(1.,0.,0.));
#5132=DIRECTION('',(0.,1.,0.));
#5133=DIRECTION('center_axis',(0.,-1.,0.));
#5134=DIRECTION('ref_axis',(1.,0.,0.));
#5135=DIRECTION('center_axis',(0.,-1.,0.));
#5136=DIRECTION('ref_axis',(1.,0.,0.));
#5137=DIRECTION('center_axis',(0.,1.,0.));
#5138=DIRECTION('ref_axis',(1.,0.,0.));
#5139=DIRECTION('',(0.,1.,0.));
#5140=DIRECTION('center_axis',(0.,-1.,0.));
#5141=DIRECTION('ref_axis',(-1.,0.,6.12323399573676E-17));
#5142=DIRECTION('center_axis',(0.,-1.,0.));
#5143=DIRECTION('ref_axis',(-1.,0.,6.12323399573676E-17));
#5144=DIRECTION('center_axis',(0.,1.,0.));
#5145=DIRECTION('ref_axis',(1.,0.,0.));
#5146=DIRECTION('center_axis',(0.,1.,0.));
#5147=DIRECTION('ref_axis',(-1.,0.,6.12323399573677E-17));
#5148=DIRECTION('center_axis',(6.12323399573677E-17,0.,-1.));
#5149=DIRECTION('ref_axis',(1.,0.,6.12323399573677E-17));
#5150=DIRECTION('center_axis',(0.,-1.,0.));
#5151=DIRECTION('ref_axis',(0.,0.,-1.));
#5152=DIRECTION('center_axis',(-1.,0.,0.));
#5153=DIRECTION('ref_axis',(0.,-1.,-1.22464679914735E-16));
#5154=DIRECTION('center_axis',(1.,0.,0.));
#5155=DIRECTION('ref_axis',(0.,1.,0.));
#5156=DIRECTION('center_axis',(0.,-1.,0.));
#5157=DIRECTION('ref_axis',(-1.,0.,0.));
#5158=DIRECTION('',(0.0249921911602031,-0.999687646408123,-3.06066069080215E-18));
#5159=DIRECTION('center_axis',(0.,1.,0.));
#5160=DIRECTION('ref_axis',(-1.,0.,0.));
#5161=DIRECTION('center_axis',(0.,1.,0.));
#5162=DIRECTION('ref_axis',(0.,0.,1.));
#5163=DIRECTION('center_axis',(0.,1.,0.));
#5164=DIRECTION('ref_axis',(-1.,0.,0.));
#5165=DIRECTION('center_axis',(0.,-1.,0.));
#5166=DIRECTION('ref_axis',(-1.,0.,0.));
#5167=DIRECTION('',(-0.0249921911602031,0.999687646408123,3.06066069080215E-18));
#5168=DIRECTION('center_axis',(0.,-1.,0.));
#5169=DIRECTION('ref_axis',(1.,0.,0.));
#5170=DIRECTION('center_axis',(0.,-1.,0.));
#5171=DIRECTION('ref_axis',(1.,0.,0.));
#5172=DIRECTION('',(0.707106781186547,0.707106781186547,8.65956056235493E-17));
#5173=DIRECTION('center_axis',(0.,1.,0.));
#5174=DIRECTION('ref_axis',(1.,0.,0.));
#5175=DIRECTION('center_axis',(0.,-1.,0.));
#5176=DIRECTION('ref_axis',(1.,0.,0.));
#5177=DIRECTION('center_axis',(0.,-1.,0.));
#5178=DIRECTION('ref_axis',(1.,0.,0.));
#5179=DIRECTION('',(0.707106781186547,0.707106781186547,8.65956056235493E-17));
#5180=DIRECTION('center_axis',(0.,-1.,0.));
#5181=DIRECTION('ref_axis',(1.,0.,0.));
#5182=DIRECTION('center_axis',(0.,-1.,0.));
#5183=DIRECTION('ref_axis',(1.,0.,0.));
#5184=DIRECTION('',(0.707106781186547,0.707106781186547,8.65956056235493E-17));
#5185=DIRECTION('center_axis',(0.,1.,0.));
#5186=DIRECTION('ref_axis',(1.,0.,0.));
#5187=DIRECTION('center_axis',(0.,-1.,0.));
#5188=DIRECTION('ref_axis',(1.,0.,0.));
#5189=DIRECTION('center_axis',(0.,-1.,0.));
#5190=DIRECTION('ref_axis',(1.,0.,0.));
#5191=DIRECTION('',(0.707106781186547,0.707106781186547,8.65956056235493E-17));
#5192=DIRECTION('center_axis',(-1.,0.,0.));
#5193=DIRECTION('ref_axis',(0.,0.,1.));
#5194=DIRECTION('center_axis',(1.,0.,0.));
#5195=DIRECTION('ref_axis',(0.,1.,0.));
#5196=DIRECTION('center_axis',(-1.,0.,0.));
#5197=DIRECTION('ref_axis',(0.,0.,1.));
#5198=DIRECTION('center_axis',(1.,0.,0.));
#5199=DIRECTION('ref_axis',(0.,1.,0.));
#5200=DIRECTION('center_axis',(1.,0.,0.));
#5201=DIRECTION('ref_axis',(0.,1.,0.));
#5202=DIRECTION('',(-1.,0.,0.));
#5203=DIRECTION('center_axis',(1.,0.,0.));
#5204=DIRECTION('ref_axis',(0.,1.,0.));
#5205=DIRECTION('',(-1.,0.,0.));
#5206=DIRECTION('center_axis',(1.,0.,0.));
#5207=DIRECTION('ref_axis',(0.,0.,-1.));
#5208=DIRECTION('center_axis',(-1.,0.,0.));
#5209=DIRECTION('ref_axis',(0.,0.,1.));
#5210=DIRECTION('center_axis',(-1.,0.,0.));
#5211=DIRECTION('ref_axis',(0.,0.,1.));
#5212=DIRECTION('center_axis',(1.,-6.12323399573677E-17,0.));
#5213=DIRECTION('ref_axis',(0.,-1.,0.));
#5214=DIRECTION('center_axis',(1.,0.,0.));
#5215=DIRECTION('ref_axis',(0.,0.,-1.));
#5216=DIRECTION('center_axis',(1.,0.,0.));
#5217=DIRECTION('ref_axis',(0.,0.,-1.));
#5218=DIRECTION('center_axis',(-1.,0.,0.));
#5219=DIRECTION('ref_axis',(0.,0.,1.));
#5220=DIRECTION('center_axis',(1.,0.,0.));
#5221=DIRECTION('ref_axis',(0.,0.707106781186547,-0.707106781186547));
#5222=DIRECTION('center_axis',(-1.,0.,0.));
#5223=DIRECTION('ref_axis',(0.,0.707106781186547,-0.707106781186547));
#5224=DIRECTION('',(-1.,0.,0.));
#5225=DIRECTION('center_axis',(-1.,0.,0.));
#5226=DIRECTION('ref_axis',(0.,0.707106781186547,-0.707106781186547));
#5227=DIRECTION('',(1.,0.,0.));
#5228=DIRECTION('center_axis',(1.,0.,0.));
#5229=DIRECTION('ref_axis',(0.,1.,0.));
#5230=DIRECTION('',(0.,0.,1.));
#5231=DIRECTION('center_axis',(-1.,0.,0.));
#5232=DIRECTION('ref_axis',(0.,0.707106781186547,0.707106781186547));
#5233=DIRECTION('',(0.,-1.,0.));
#5234=DIRECTION('',(0.,0.,1.));
#5235=DIRECTION('center_axis',(-1.,0.,0.));
#5236=DIRECTION('ref_axis',(0.,1.,0.));
#5237=DIRECTION('',(0.,0.,1.));
#5238=DIRECTION('',(0.,1.,4.44089209850063E-17));
#5239=DIRECTION('center_axis',(-1.,0.,0.));
#5240=DIRECTION('ref_axis',(0.,1.,0.));
#5241=DIRECTION('center_axis',(-1.,0.,0.));
#5242=DIRECTION('ref_axis',(0.,1.,0.));
#5243=DIRECTION('center_axis',(0.,1.,0.));
#5244=DIRECTION('ref_axis',(0.,0.,1.));
#5245=DIRECTION('',(0.,0.,-1.));
#5246=DIRECTION('',(-1.,0.,0.));
#5247=DIRECTION('center_axis',(1.,0.,0.));
#5248=DIRECTION('ref_axis',(0.,0.707106781186547,0.707106781186547));
#5249=DIRECTION('center_axis',(-1.,0.,0.));
#5250=DIRECTION('ref_axis',(0.,0.707106781186547,0.707106781186547));
#5251=DIRECTION('',(1.,0.,0.));
#5252=DIRECTION('center_axis',(0.,-1.,0.));
#5253=DIRECTION('ref_axis',(1.,0.,0.));
#5254=DIRECTION('center_axis',(0.,1.,0.));
#5255=DIRECTION('ref_axis',(1.,0.,0.));
#5256=DIRECTION('',(-0.707106781186546,-0.707106781186549,8.65956056235492E-17));
#5257=DIRECTION('center_axis',(0.,-1.,0.));
#5258=DIRECTION('ref_axis',(1.,0.,0.));
#5259=DIRECTION('center_axis',(0.,1.,0.));
#5260=DIRECTION('ref_axis',(0.,0.,1.));
#5261=DIRECTION('',(-1.,0.,0.));
#5262=DIRECTION('',(0.,0.,-1.));
#5263=DIRECTION('',(1.,0.,0.));
#5264=DIRECTION('',(0.,0.,1.));
#5265=DIRECTION('center_axis',(0.,-1.,0.));
#5266=DIRECTION('ref_axis',(0.,0.,-1.));
#5267=DIRECTION('',(0.,0.,-1.));
#5268=DIRECTION('',(1.,0.,0.));
#5269=DIRECTION('',(0.,0.,1.));
#5270=DIRECTION('center_axis',(0.,1.,0.));
#5271=DIRECTION('ref_axis',(-0.707106781186548,0.,-0.707106781186548));
#5272=DIRECTION('',(-1.,0.,0.));
#5273=DIRECTION('center_axis',(0.,1.,0.));
#5274=DIRECTION('ref_axis',(0.707106781186548,0.,-0.707106781186548));
#5275=DIRECTION('',(0.,0.,-1.));
#5276=DIRECTION('center_axis',(0.,-1.,0.));
#5277=DIRECTION('ref_axis',(1.,0.,0.));
#5278=DIRECTION('center_axis',(0.,1.,0.));
#5279=DIRECTION('ref_axis',(1.,0.,0.));
#5280=DIRECTION('',(0.,1.,0.));
#5281=DIRECTION('center_axis',(0.,-1.,0.));
#5282=DIRECTION('ref_axis',(1.,0.,0.));
#5283=DIRECTION('center_axis',(0.,-1.,0.));
#5284=DIRECTION('ref_axis',(1.,0.,0.));
#5285=DIRECTION('center_axis',(0.,1.,0.));
#5286=DIRECTION('ref_axis',(1.,0.,0.));
#5287=DIRECTION('',(-0.707106781186546,-0.707106781186549,8.65956056235492E-17));
#5288=DIRECTION('center_axis',(0.,1.,0.));
#5289=DIRECTION('ref_axis',(1.,0.,0.));
#5290=DIRECTION('',(0.,1.,0.));
#5291=DIRECTION('center_axis',(0.,-1.,0.));
#5292=DIRECTION('ref_axis',(1.,0.,0.));
#5293=DIRECTION('center_axis',(-0.707106781186549,-0.707106781186546,0.));
#5294=DIRECTION('ref_axis',(0.,0.,1.));
#5295=DIRECTION('',(0.,0.,-1.));
#5296=DIRECTION('',(0.572598334313872,-0.572598334313866,-0.586738694038467));
#5297=DIRECTION('center_axis',(0.707106781186549,0.707106781186546,0.));
#5298=DIRECTION('ref_axis',(-0.707106781186546,0.707106781186549,0.));
#5299=DIRECTION('center_axis',(0.,-0.715678085420547,0.698430295769578));
#5300=DIRECTION('ref_axis',(1.,0.,0.));
#5301=DIRECTION('',(0.572598334313872,0.572598334313866,0.586738694038467));
#5302=DIRECTION('',(-1.,0.,0.));
#5303=DIRECTION('center_axis',(0.,-0.715678085420547,0.698430295769578));
#5304=DIRECTION('ref_axis',(1.,0.,0.));
#5305=DIRECTION('',(-1.,0.,0.));
#5306=DIRECTION('',(0.572598334313872,-0.572598334313866,-0.586738694038467));
#5307=DIRECTION('',(0.572598334313885,0.57259833431386,0.58673869403846));
#5308=DIRECTION('center_axis',(0.,-0.707106781186548,-0.707106781186548));
#5309=DIRECTION('ref_axis',(-1.,0.,0.));
#5310=DIRECTION('',(0.577350269189626,0.577350269189626,-0.577350269189626));
#5311=DIRECTION('',(1.,0.,0.));
#5312=DIRECTION('',(-0.577350269189628,-0.577350269189628,0.577350269189622));
#5313=DIRECTION('center_axis',(0.707106781186549,-0.707106781186546,0.));
#5314=DIRECTION('ref_axis',(0.,0.,-1.));
#5315=DIRECTION('',(0.707106781186546,0.707106781186549,0.));
#5316=DIRECTION('',(0.,0.,1.));
#5317=DIRECTION('center_axis',(0.,1.,0.));
#5318=DIRECTION('ref_axis',(0.707106781186547,0.,-0.707106781186547));
#5319=DIRECTION('',(0.,0.707106781186542,-0.707106781186552));
#5320=DIRECTION('center_axis',(0.,-1.,0.));
#5321=DIRECTION('ref_axis',(0.707106781186547,0.,-0.707106781186547));
#5322=DIRECTION('center_axis',(0.,-0.707106781186553,-0.707106781186543));
#5323=DIRECTION('ref_axis',(-1.,0.,0.));
#5324=DIRECTION('',(0.,0.707106781186542,-0.707106781186552));
#5325=DIRECTION('',(1.,0.,0.));
#5326=DIRECTION('center_axis',(0.,1.,0.));
#5327=DIRECTION('ref_axis',(-0.707106781186547,0.,-0.707106781186547));
#5328=DIRECTION('',(-0.707106781186559,0.707106781186536,0.));
#5329=DIRECTION('center_axis',(0.,-1.,0.));
#5330=DIRECTION('ref_axis',(-0.707106781186547,0.,-0.707106781186547));
#5331=DIRECTION('center_axis',(-0.707106781186549,-0.707106781186546,0.));
#5332=DIRECTION('ref_axis',(0.,0.,1.));
#5333=DIRECTION('',(0.,0.,-1.));
#5334=DIRECTION('center_axis',(0.707106781186549,0.707106781186546,0.));
#5335=DIRECTION('ref_axis',(-0.707106781186546,0.707106781186549,0.));
#5336=DIRECTION('center_axis',(0.707106781186549,-0.707106781186546,0.));
#5337=DIRECTION('ref_axis',(0.,0.,-1.));
#5338=DIRECTION('center_axis',(-0.707106781186549,0.707106781186546,0.));
#5339=DIRECTION('ref_axis',(0.707106781186546,0.707106781186549,0.));
#5340=DIRECTION('center_axis',(0.707106781186549,-0.707106781186546,0.));
#5341=DIRECTION('ref_axis',(0.,0.,-1.));
#5342=DIRECTION('',(0.,0.,1.));
#5343=DIRECTION('center_axis',(-0.707106781186549,0.707106781186546,0.));
#5344=DIRECTION('ref_axis',(0.707106781186546,0.707106781186549,0.));
#5345=DIRECTION('center_axis',(0.,-1.,0.));
#5346=DIRECTION('ref_axis',(0.,0.,-1.));
#5347=DIRECTION('center_axis',(0.,1.,0.));
#5348=DIRECTION('ref_axis',(0.,0.,-1.));
#5349=DIRECTION('center_axis',(0.,1.,0.));
#5350=DIRECTION('ref_axis',(0.707106781186547,0.,-0.707106781186547));
#5351=DIRECTION('',(0.,1.,0.));
#5352=DIRECTION('center_axis',(0.,-1.,0.));
#5353=DIRECTION('ref_axis',(0.707106781186547,0.,-0.707106781186547));
#5354=DIRECTION('',(0.,-1.,0.));
#5355=DIRECTION('center_axis',(0.,0.,-1.));
#5356=DIRECTION('ref_axis',(-1.,0.,0.));
#5357=DIRECTION('',(0.,-1.,0.));
#5358=DIRECTION('',(-1.,0.,0.));
#5359=DIRECTION('center_axis',(0.,-1.,0.));
#5360=DIRECTION('ref_axis',(-0.707106781186547,0.,-0.707106781186547));
#5361=DIRECTION('',(0.,1.,0.));
#5362=DIRECTION('center_axis',(0.,-1.,0.));
#5363=DIRECTION('ref_axis',(-0.707106781186547,0.,-0.707106781186547));
#5364=DIRECTION('center_axis',(1.,0.,0.));
#5365=DIRECTION('ref_axis',(0.,0.,-1.));
#5366=DIRECTION('center_axis',(1.,0.,0.));
#5367=DIRECTION('ref_axis',(0.,1.,0.));
#5368=DIRECTION('',(0.,0.,-1.));
#5369=DIRECTION('',(0.,-1.,0.));
#5370=DIRECTION('',(0.,0.,1.));
#5371=DIRECTION('center_axis',(1.,0.,0.));
#5372=DIRECTION('ref_axis',(0.,0.,1.));
#5373=DIRECTION('',(0.,0.,1.));
#5374=DIRECTION('center_axis',(-1.,0.,0.));
#5375=DIRECTION('ref_axis',(0.,1.,0.));
#5376=DIRECTION('center_axis',(-1.,0.,0.));
#5377=DIRECTION('ref_axis',(0.,1.,0.));
#5378=DIRECTION('center_axis',(-0.707106781186549,0.707106781186546,0.));
#5379=DIRECTION('ref_axis',(0.707106781186546,0.707106781186549,0.));
#5380=DIRECTION('',(1.,0.,0.));
#5381=DIRECTION('center_axis',(0.707106781186549,0.707106781186546,0.));
#5382=DIRECTION('ref_axis',(-0.707106781186546,0.707106781186549,0.));
#5383=DIRECTION('center_axis',(1.,0.,0.));
#5384=DIRECTION('ref_axis',(0.,0.,-1.));
#5385=DIRECTION('center_axis',(-1.,0.,0.));
#5386=DIRECTION('ref_axis',(0.,0.,1.));
#5387=DIRECTION('',(0.,0.,-1.));
#5388=DIRECTION('center_axis',(-1.,0.,0.));
#5389=DIRECTION('ref_axis',(0.,0.,1.));
#5390=DIRECTION('',(0.,0.,1.));
#5391=DIRECTION('center_axis',(0.,-0.715678085420547,-0.698430295769578));
#5392=DIRECTION('ref_axis',(-1.,0.,0.));
#5393=DIRECTION('',(1.,0.,0.));
#5394=DIRECTION('',(-0.572598334313872,-0.572598334313866,0.586738694038467));
#5395=DIRECTION('',(-1.,0.,0.));
#5396=DIRECTION('',(-0.572598334313872,0.572598334313866,-0.586738694038467));
#5397=DIRECTION('center_axis',(0.707106781186549,-0.707106781186546,0.));
#5398=DIRECTION('ref_axis',(0.,0.,-1.));
#5399=DIRECTION('',(-0.577350269189626,-0.577350269189626,-0.577350269189626));
#5400=DIRECTION('',(0.,0.,-1.));
#5401=DIRECTION('center_axis',(-0.707106781186549,0.707106781186546,0.));
#5402=DIRECTION('ref_axis',(0.707106781186546,0.707106781186549,0.));
#5403=DIRECTION('center_axis',(0.,-0.715678085420547,-0.698430295769578));
#5404=DIRECTION('ref_axis',(-1.,0.,0.));
#5405=DIRECTION('',(-1.,0.,0.));
#5406=DIRECTION('',(-0.572598334313872,0.572598334313866,-0.586738694038467));
#5407=DIRECTION('',(-0.572598334313885,-0.57259833431386,0.58673869403846));
#5408=DIRECTION('center_axis',(-0.707106781186549,-0.707106781186546,0.));
#5409=DIRECTION('ref_axis',(0.,0.,1.));
#5410=DIRECTION('',(0.,0.,1.));
#5411=DIRECTION('',(-0.707106781186546,0.707106781186549,0.));
#5412=DIRECTION('center_axis',(0.,1.,0.));
#5413=DIRECTION('ref_axis',(-0.707106781186547,0.,0.707106781186547));
#5414=DIRECTION('',(0.,0.707106781186542,0.707106781186552));
#5415=DIRECTION('center_axis',(0.,-1.,0.));
#5416=DIRECTION('ref_axis',(-0.707106781186547,0.,0.707106781186547));
#5417=DIRECTION('center_axis',(0.,1.,0.));
#5418=DIRECTION('ref_axis',(-0.707106781186548,0.,0.707106781186548));
#5419=DIRECTION('center_axis',(0.,-0.707106781186553,0.707106781186543));
#5420=DIRECTION('ref_axis',(1.,0.,0.));
#5421=DIRECTION('',(0.,0.707106781186542,0.707106781186552));
#5422=DIRECTION('',(-1.,0.,0.));
#5423=DIRECTION('',(1.,0.,0.));
#5424=DIRECTION('center_axis',(0.,1.,0.));
#5425=DIRECTION('ref_axis',(0.707106781186547,0.,0.707106781186547));
#5426=DIRECTION('',(0.707106781186559,0.707106781186536,0.));
#5427=DIRECTION('center_axis',(0.,-1.,0.));
#5428=DIRECTION('ref_axis',(0.707106781186547,0.,0.707106781186547));
#5429=DIRECTION('center_axis',(0.,1.,0.));
#5430=DIRECTION('ref_axis',(0.707106781186548,0.,0.707106781186548));
#5431=DIRECTION('center_axis',(0.707106781186549,-0.707106781186546,0.));
#5432=DIRECTION('ref_axis',(0.,0.,-1.));
#5433=DIRECTION('',(0.,0.,1.));
#5434=DIRECTION('',(0.,0.,-1.));
#5435=DIRECTION('',(0.577350269189626,0.577350269189626,0.577350269189626));
#5436=DIRECTION('center_axis',(0.,-0.707106781186548,0.707106781186548));
#5437=DIRECTION('ref_axis',(1.,0.,0.));
#5438=DIRECTION('',(-1.,0.,0.));
#5439=DIRECTION('',(1.,0.,0.));
#5440=DIRECTION('center_axis',(0.707106781186549,-0.707106781186546,0.));
#5441=DIRECTION('ref_axis',(0.,0.,-1.));
#5442=DIRECTION('',(0.,0.,-1.));
#5443=DIRECTION('center_axis',(0.,-1.,0.));
#5444=DIRECTION('ref_axis',(0.,0.,1.));
#5445=DIRECTION('center_axis',(0.,-1.,0.));
#5446=DIRECTION('ref_axis',(0.,0.,1.));
#5447=DIRECTION('center_axis',(0.,1.,0.));
#5448=DIRECTION('ref_axis',(0.,0.,1.));
#5449=DIRECTION('center_axis',(-0.707106781186549,-0.707106781186546,0.));
#5450=DIRECTION('ref_axis',(0.,0.,1.));
#5451=DIRECTION('',(0.,0.,-1.));
#5452=DIRECTION('center_axis',(0.707106781186549,0.707106781186546,0.));
#5453=DIRECTION('ref_axis',(-0.707106781186546,0.707106781186549,0.));
#5454=DIRECTION('',(0.,0.,1.));
#5455=DIRECTION('center_axis',(-1.,0.,0.));
#5456=DIRECTION('ref_axis',(0.,1.,0.));
#5457=DIRECTION('center_axis',(1.,0.,0.));
#5458=DIRECTION('ref_axis',(0.,1.,0.));
#5459=DIRECTION('center_axis',(-1.,0.,0.));
#5460=DIRECTION('ref_axis',(0.,0.,1.));
#5461=DIRECTION('center_axis',(1.,0.,0.));
#5462=DIRECTION('ref_axis',(0.,0.,-1.));
#5463=DIRECTION('',(0.,0.,1.));
#5464=DIRECTION('center_axis',(1.,0.,0.));
#5465=DIRECTION('ref_axis',(0.,0.,-1.));
#5466=DIRECTION('center_axis',(1.,6.12323399573677E-17,-7.49879891330929E-33));
#5467=DIRECTION('ref_axis',(0.,1.,-1.22464679914735E-16));
#5468=DIRECTION('center_axis',(0.,-1.,0.));
#5469=DIRECTION('ref_axis',(0.,0.,-1.));
#5470=DIRECTION('center_axis',(0.,-1.,0.));
#5471=DIRECTION('ref_axis',(0.,0.,-1.));
#5472=DIRECTION('center_axis',(0.,1.,0.));
#5473=DIRECTION('ref_axis',(0.,0.,1.));
#5474=DIRECTION('center_axis',(0.,1.,0.));
#5475=DIRECTION('ref_axis',(0.,0.,1.));
#5476=DIRECTION('center_axis',(0.,-1.,0.));
#5477=DIRECTION('ref_axis',(1.,0.,0.));
#5478=DIRECTION('center_axis',(0.,-1.,0.));
#5479=DIRECTION('ref_axis',(1.,0.,0.));
#5480=DIRECTION('center_axis',(0.,-1.,0.));
#5481=DIRECTION('ref_axis',(1.,0.,0.));
#5482=DIRECTION('center_axis',(0.,1.,0.));
#5483=DIRECTION('ref_axis',(1.,0.,0.));
#5484=DIRECTION('',(-0.707106781186546,-0.707106781186549,8.65956056235492E-17));
#5485=DIRECTION('center_axis',(0.,1.,0.));
#5486=DIRECTION('ref_axis',(1.,0.,0.));
#5487=DIRECTION('',(0.,1.,0.));
#5488=DIRECTION('center_axis',(0.,-1.,0.));
#5489=DIRECTION('ref_axis',(1.,0.,0.));
#5490=DIRECTION('center_axis',(0.,-1.,0.));
#5491=DIRECTION('ref_axis',(1.,0.,0.));
#5492=DIRECTION('center_axis',(0.,1.,0.));
#5493=DIRECTION('ref_axis',(1.,0.,0.));
#5494=DIRECTION('',(-0.707106781186546,-0.707106781186549,8.65956056235492E-17));
#5495=DIRECTION('center_axis',(0.,1.,0.));
#5496=DIRECTION('ref_axis',(1.,0.,0.));
#5497=DIRECTION('',(0.,1.,0.));
#5498=DIRECTION('center_axis',(0.,-1.,0.));
#5499=DIRECTION('ref_axis',(1.,0.,0.));
#5500=DIRECTION('center_axis',(0.,4.44089209850063E-17,-1.));
#5501=DIRECTION('ref_axis',(0.,1.,4.44089209850063E-17));
#5502=DIRECTION('',(0.,-1.,-4.44089209850063E-17));
#5503=DIRECTION('center_axis',(-1.,0.,0.));
#5504=DIRECTION('ref_axis',(0.,0.,1.));
#5505=DIRECTION('',(0.,0.,-1.));
#5506=DIRECTION('center_axis',(-1.,0.,0.));
#5507=DIRECTION('ref_axis',(0.,0.,-1.));
#5508=DIRECTION('',(0.,0.,-1.));
#5509=DIRECTION('',(0.,1.,0.));
#5510=DIRECTION('',(0.,1.,0.));
#5511=DIRECTION('center_axis',(1.,0.,0.));
#5512=DIRECTION('ref_axis',(0.,1.,0.));
#5513=DIRECTION('',(-1.,0.,0.));
#5514=DIRECTION('center_axis',(1.,0.,0.));
#5515=DIRECTION('ref_axis',(0.,1.,0.));
#5516=DIRECTION('center_axis',(1.,0.,0.));
#5517=DIRECTION('ref_axis',(0.,1.,0.));
#5518=DIRECTION('',(-1.,0.,0.));
#5519=DIRECTION('center_axis',(1.,0.,0.));
#5520=DIRECTION('ref_axis',(0.,1.,0.));
#5521=DIRECTION('center_axis',(0.,0.,1.));
#5522=DIRECTION('ref_axis',(0.,-1.,0.));
#5523=DIRECTION('center_axis',(-1.,0.,0.));
#5524=DIRECTION('ref_axis',(0.,0.,1.));
#5525=DIRECTION('center_axis',(-1.,0.,0.));
#5526=DIRECTION('ref_axis',(0.,0.,1.));
#5527=DIRECTION('center_axis',(0.,1.,0.));
#5528=DIRECTION('ref_axis',(1.,0.,0.));
#5529=DIRECTION('center_axis',(0.,-1.,0.));
#5530=DIRECTION('ref_axis',(1.,0.,0.));
#5531=DIRECTION('',(0.0249921911602031,-0.999687646408123,3.06066069080215E-18));
#5532=DIRECTION('center_axis',(0.,-1.,0.));
#5533=DIRECTION('ref_axis',(1.,0.,0.));
#5534=DIRECTION('center_axis',(0.,-1.,0.));
#5535=DIRECTION('ref_axis',(0.,0.,-1.));
#5536=DIRECTION('center_axis',(0.,-1.,0.));
#5537=DIRECTION('ref_axis',(1.,0.,0.));
#5538=DIRECTION('center_axis',(0.,1.,0.));
#5539=DIRECTION('ref_axis',(1.,0.,0.));
#5540=DIRECTION('center_axis',(0.,1.,0.));
#5541=DIRECTION('ref_axis',(1.,0.,0.));
#5542=DIRECTION('',(-0.0582343382204066,0.998302940921257,-7.13164959020853E-18));
#5543=DIRECTION('center_axis',(0.,-1.,0.));
#5544=DIRECTION('ref_axis',(-1.,0.,-6.12323399573677E-17));
#5545=DIRECTION('center_axis',(0.,1.,0.));
#5546=DIRECTION('ref_axis',(-1.,0.,-6.12323399573677E-17));
#5547=DIRECTION('center_axis',(0.,1.,0.));
#5548=DIRECTION('ref_axis',(-1.,0.,-6.12323399573677E-17));
#5549=DIRECTION('center_axis',(6.12323399573676E-17,0.,1.));
#5550=DIRECTION('ref_axis',(1.,0.,-6.12323399573676E-17));
#5551=DIRECTION('center_axis',(0.,1.,0.));
#5552=DIRECTION('ref_axis',(1.,0.,0.));
#5553=DIRECTION('',(0.,-1.,0.));
#5554=DIRECTION('center_axis',(0.,1.,0.));
#5555=DIRECTION('ref_axis',(1.,0.,0.));
#5556=DIRECTION('',(0.,-1.,0.));
#5557=DIRECTION('center_axis',(0.,-1.,0.));
#5558=DIRECTION('ref_axis',(1.,0.,0.));
#5559=DIRECTION('center_axis',(0.,1.,0.));
#5560=DIRECTION('ref_axis',(1.,0.,0.));
#5561=DIRECTION('center_axis',(0.,1.,0.));
#5562=DIRECTION('ref_axis',(0.,0.,-1.));
#5563=DIRECTION('center_axis',(0.,1.,0.));
#5564=DIRECTION('ref_axis',(-0.707106781186547,0.,0.707106781186547));
#5565=DIRECTION('',(0.,1.,0.));
#5566=DIRECTION('center_axis',(0.,-1.,0.));
#5567=DIRECTION('ref_axis',(-0.707106781186547,0.,0.707106781186547));
#5568=DIRECTION('center_axis',(0.,0.,1.));
#5569=DIRECTION('ref_axis',(1.,0.,0.));
#5570=DIRECTION('',(0.,-1.,0.));
#5571=DIRECTION('',(1.,0.,0.));
#5572=DIRECTION('center_axis',(0.,1.,0.));
#5573=DIRECTION('ref_axis',(0.707106781186547,0.,0.707106781186547));
#5574=DIRECTION('center_axis',(0.,-1.,0.));
#5575=DIRECTION('ref_axis',(0.707106781186547,0.,0.707106781186547));
#5576=DIRECTION('center_axis',(0.,1.,0.));
#5577=DIRECTION('ref_axis',(1.,0.,0.));
#5578=DIRECTION('center_axis',(0.,1.,0.));
#5579=DIRECTION('ref_axis',(0.,0.,-1.));
#5580=DIRECTION('center_axis',(6.12323399573677E-17,0.,1.));
#5581=DIRECTION('ref_axis',(1.,0.,0.));
#5582=DIRECTION('center_axis',(0.,1.,0.));
#5583=DIRECTION('ref_axis',(1.,0.,0.));
#5584=DIRECTION('center_axis',(0.,1.,0.));
#5585=DIRECTION('ref_axis',(1.,0.,0.));
#5586=DIRECTION('axis',(0.,0.,1.));
#5587=DIRECTION('refdir',(1.,0.,0.));
#5588=DIRECTION('center_axis',(0.,-0.707106781186548,0.707106781186548));
#5589=DIRECTION('ref_axis',(4.8120830071718E-16,-0.707106781186548,-0.707106781186548));
#5590=DIRECTION('',(4.8120830071718E-16,-0.707106781186548,-0.707106781186548));
#5591=DIRECTION('',(1.,0.,0.));
#5592=DIRECTION('',(4.8120830071718E-16,-0.707106781186548,-0.707106781186548));
#5593=DIRECTION('',(1.,0.,0.));
#5594=DIRECTION('center_axis',(0.,0.707106781186548,0.707106781186547));
#5595=DIRECTION('ref_axis',(-4.81208300717181E-16,-0.707106781186547,0.707106781186548));
#5596=DIRECTION('',(-4.81208300717181E-16,-0.707106781186547,0.707106781186548));
#5597=DIRECTION('',(1.,0.,0.));
#5598=DIRECTION('',(-4.81208300717181E-16,-0.707106781186547,0.707106781186548));
#5599=DIRECTION('center_axis',(0.,0.707106781186547,-0.707106781186548));
#5600=DIRECTION('ref_axis',(-4.8120830071718E-16,0.707106781186548,0.707106781186547));
#5601=DIRECTION('',(-4.8120830071718E-16,0.707106781186548,0.707106781186547));
#5602=DIRECTION('',(1.,0.,0.));
#5603=DIRECTION('',(-4.8120830071718E-16,0.707106781186548,0.707106781186547));
#5604=DIRECTION('center_axis',(0.,-0.707106781186548,-0.707106781186547));
#5605=DIRECTION('ref_axis',(4.81208300717181E-16,0.707106781186547,-0.707106781186548));
#5606=DIRECTION('',(4.81208300717181E-16,0.707106781186547,-0.707106781186548));
#5607=DIRECTION('',(4.81208300717181E-16,0.707106781186547,-0.707106781186548));
#5608=DIRECTION('center_axis',(1.,0.,0.));
#5609=DIRECTION('ref_axis',(0.,0.,-1.));
#5610=DIRECTION('center_axis',(0.,-0.707106781186547,0.707106781186548));
#5611=DIRECTION('ref_axis',(0.,0.707106781186548,0.707106781186547));
#5612=DIRECTION('',(1.20302075179295E-16,0.707106781186548,0.707106781186547));
#5613=DIRECTION('',(-1.,0.,0.));
#5614=DIRECTION('',(0.,0.707106781186548,0.707106781186547));
#5615=DIRECTION('',(-1.,0.,0.));
#5616=DIRECTION('center_axis',(0.,0.707106781186548,0.707106781186547));
#5617=DIRECTION('ref_axis',(0.,0.707106781186547,-0.707106781186548));
#5618=DIRECTION('',(-1.20302075179295E-16,0.707106781186547,-0.707106781186548));
#5619=DIRECTION('',(0.,0.707106781186547,-0.707106781186548));
#5620=DIRECTION('',(-1.,0.,0.));
#5621=DIRECTION('center_axis',(0.,0.707106781186547,-0.707106781186548));
#5622=DIRECTION('ref_axis',(0.,-0.707106781186548,-0.707106781186547));
#5623=DIRECTION('',(-1.20302075179295E-16,-0.707106781186548,-0.707106781186547));
#5624=DIRECTION('',(0.,-0.707106781186548,-0.707106781186547));
#5625=DIRECTION('',(-1.,0.,0.));
#5626=DIRECTION('center_axis',(0.,-0.707106781186548,-0.707106781186547));
#5627=DIRECTION('ref_axis',(0.,-0.707106781186547,0.707106781186548));
#5628=DIRECTION('',(1.20302075179295E-16,-0.707106781186547,0.707106781186548));
#5629=DIRECTION('',(0.,-0.707106781186547,0.707106781186548));
#5630=DIRECTION('center_axis',(1.,0.,0.));
#5631=DIRECTION('ref_axis',(0.,-1.,3.88578058618804E-16));
#5632=DIRECTION('center_axis',(0.,1.,0.));
#5633=DIRECTION('ref_axis',(1.,0.,0.));
#5634=DIRECTION('center_axis',(0.,1.,0.));
#5635=DIRECTION('ref_axis',(1.,0.,0.));
#5636=DIRECTION('',(0.,1.,0.));
#5637=DIRECTION('center_axis',(0.,-1.,0.));
#5638=DIRECTION('ref_axis',(1.,0.,0.));
#5639=DIRECTION('center_axis',(1.,0.,6.80531305200747E-16));
#5640=DIRECTION('ref_axis',(6.80531305200747E-16,0.,-1.));
#5641=DIRECTION('center_axis',(1.,0.,6.80531305200747E-16));
#5642=DIRECTION('ref_axis',(-6.80531305200747E-16,0.,1.));
#5643=DIRECTION('center_axis',(1.,0.,6.80531305200747E-16));
#5644=DIRECTION('ref_axis',(-6.80531305200747E-16,0.,1.));
#5645=DIRECTION('center_axis',(-1.,0.,1.70132826300187E-16));
#5646=DIRECTION('ref_axis',(1.70132826300187E-16,0.,1.));
#5647=DIRECTION('center_axis',(-1.,0.,1.70132826300187E-16));
#5648=DIRECTION('ref_axis',(-1.70132826300187E-16,0.,-1.));
#5649=DIRECTION('center_axis',(6.12323399573677E-17,0.,1.));
#5650=DIRECTION('ref_axis',(1.,0.,0.));
#5651=DIRECTION('center_axis',(1.22464679914735E-16,-1.,0.));
#5652=DIRECTION('ref_axis',(-1.,-1.22464679914735E-16,0.));
#5653=DIRECTION('center_axis',(1.22464679914735E-16,-1.,0.));
#5654=DIRECTION('ref_axis',(-1.,-1.22464679914735E-16,0.));
#5655=DIRECTION('axis',(0.,0.,1.));
#5656=DIRECTION('refdir',(1.,0.,0.));
#5657=DIRECTION('center_axis',(-0.707106781186542,-0.500000000000004,-0.500000000000004));
#5658=DIRECTION('ref_axis',(-0.577350269189632,0.,0.816496580927722));
#5659=DIRECTION('',(0.,0.707106781186548,-0.707106781186548));
#5660=DIRECTION('',(0.577350269189637,0.,-0.816496580927718));
#5661=DIRECTION('',(0.,-0.707106781186548,0.707106781186548));
#5662=DIRECTION('',(0.577350269189632,-0.816496580927722,-1.28197512425571E-14));
#5663=DIRECTION('center_axis',(-0.707106781186541,0.500000000000005,-0.500000000000005));
#5664=DIRECTION('ref_axis',(-0.577350269189633,0.,0.816496580927721));
#5665=DIRECTION('',(0.,0.707106781186547,0.707106781186548));
#5666=DIRECTION('',(0.577350269189637,0.816496580927718,1.50231459873717E-15));
#5667=DIRECTION('',(0.,-0.707106781186547,-0.707106781186548));
#5668=DIRECTION('center_axis',(-0.707106781186542,0.500000000000004,0.500000000000004));
#5669=DIRECTION('ref_axis',(0.577350269189632,0.,0.816496580927722));
#5670=DIRECTION('',(0.,0.707106781186548,-0.707106781186548));
#5671=DIRECTION('',(0.,-0.707106781186548,0.707106781186548));
#5672=DIRECTION('',(0.577350269189632,3.44530814643721E-15,0.816496580927722));
#5673=DIRECTION('center_axis',(-0.707106781186534,-0.50000000000001,0.500000000000009));
#5674=DIRECTION('ref_axis',(0.57735026918964,0.,0.816496580927716));
#5675=DIRECTION('',(0.,0.707106781186547,0.707106781186548));
#5676=DIRECTION('',(0.,-0.707106781186547,-0.707106781186548));
#5677=DIRECTION('center_axis',(0.,-0.707106781186548,0.707106781186547));
#5678=DIRECTION('ref_axis',(0.,-0.707106781186547,-0.707106781186548));
#5679=DIRECTION('',(1.,0.,0.));
#5680=DIRECTION('',(0.,0.707106781186547,0.707106781186548));
#5681=DIRECTION('',(-1.,0.,0.));
#5682=DIRECTION('center_axis',(0.,-0.707106781186548,-0.707106781186548));
#5683=DIRECTION('ref_axis',(0.,0.707106781186548,-0.707106781186548));
#5684=DIRECTION('',(1.,0.,0.));
#5685=DIRECTION('',(0.,0.707106781186547,-0.707106781186547));
#5686=DIRECTION('center_axis',(1.,0.,0.));
#5687=DIRECTION('ref_axis',(0.,1.,0.));
#5688=DIRECTION('center_axis',(0.,0.707106781186548,-0.707106781186547));
#5689=DIRECTION('ref_axis',(0.,0.707106781186547,0.707106781186548));
#5690=DIRECTION('',(-1.,0.,0.));
#5691=DIRECTION('',(0.,0.707106781186547,0.707106781186548));
#5692=DIRECTION('center_axis',(0.,0.707106781186548,0.707106781186548));
#5693=DIRECTION('ref_axis',(0.,-0.707106781186548,0.707106781186548));
#5694=DIRECTION('',(0.,0.707106781186548,-0.707106781186548));
#5695=DIRECTION('center_axis',(0.707106781186543,0.707106781186552,0.));
#5696=DIRECTION('ref_axis',(0.,0.,-1.));
#5697=DIRECTION('',(0.,0.,-1.));
#5698=DIRECTION('',(-0.577350269189631,0.577350269189623,0.577350269189623));
#5699=DIRECTION('',(0.,0.,1.));
#5700=DIRECTION('',(-0.577350269189631,0.577350269189623,-0.577350269189623));
#5701=DIRECTION('center_axis',(0.707106781186543,-0.707106781186552,0.));
#5702=DIRECTION('ref_axis',(0.,0.,-1.));
#5703=DIRECTION('',(0.,0.,1.));
#5704=DIRECTION('',(-0.577350269189631,-0.577350269189623,-0.577350269189623));
#5705=DIRECTION('',(0.,0.,-1.));
#5706=DIRECTION('',(0.577350269189631,0.577350269189623,-0.577350269189623));
#5707=DIRECTION('center_axis',(0.707106781186543,0.,-0.707106781186552));
#5708=DIRECTION('ref_axis',(-0.707106781186552,0.,-0.707106781186543));
#5709=DIRECTION('',(0.,1.,0.));
#5710=DIRECTION('',(0.,-1.,0.));
#5711=DIRECTION('center_axis',(0.707106781186543,0.,0.707106781186552));
#5712=DIRECTION('ref_axis',(0.707106781186552,0.,-0.707106781186543));
#5713=DIRECTION('',(0.,1.,0.));
#5714=DIRECTION('',(0.,-1.,0.));
#5715=DIRECTION('center_axis',(0.,0.,-1.));
#5716=DIRECTION('ref_axis',(0.,-1.,0.));
#5717=DIRECTION('',(-1.,0.,0.));
#5718=DIRECTION('',(0.,-1.,0.));
#5719=DIRECTION('',(-1.,0.,0.));
#5720=DIRECTION('center_axis',(0.,1.,0.));
#5721=DIRECTION('ref_axis',(0.,0.,-1.));
#5722=DIRECTION('',(-1.,0.,0.));
#5723=DIRECTION('',(0.,0.,-1.));
#5724=DIRECTION('center_axis',(1.,0.,0.));
#5725=DIRECTION('ref_axis',(0.,0.,-1.));
#5726=DIRECTION('center_axis',(-1.,0.,0.));
#5727=DIRECTION('ref_axis',(0.,1.,0.));
#5728=DIRECTION('center_axis',(0.,0.,1.));
#5729=DIRECTION('ref_axis',(0.,1.,0.));
#5730=DIRECTION('',(-1.,0.,0.));
#5731=DIRECTION('',(0.,1.,0.));
#5732=DIRECTION('center_axis',(0.,-1.,0.));
#5733=DIRECTION('ref_axis',(0.,0.,1.));
#5734=DIRECTION('',(0.,0.,1.));
#5735=DIRECTION('center_axis',(-1.,0.,0.));
#5736=DIRECTION('ref_axis',(0.,0.,1.));
#5737=DIRECTION('center_axis',(1.,0.,0.));
#5738=DIRECTION('ref_axis',(0.,1.,0.));
#5739=DIRECTION('',(-1.,0.,0.));
#5740=DIRECTION('center_axis',(-1.,0.,0.));
#5741=DIRECTION('ref_axis',(0.,1.,0.));
#5742=DIRECTION('center_axis',(1.,0.,0.));
#5743=DIRECTION('ref_axis',(0.,0.,-1.));
#5744=DIRECTION('axis',(0.,0.,1.));
#5745=DIRECTION('refdir',(1.,0.,0.));
#5746=DIRECTION('center_axis',(0.707106781186549,-2.09821446751378E-14,
0.707106781186546));
#5747=DIRECTION('ref_axis',(0.707106781186546,0.,-0.707106781186549));
#5748=DIRECTION('',(2.96732335672542E-14,1.,7.39557098644699E-32));
#5749=DIRECTION('',(-0.678598344545842,0.281084637714838,0.678598344545845));
#5750=DIRECTION('',(-2.96732335672542E-14,-1.,-7.39557098644699E-32));
#5751=DIRECTION('',(-0.67859834454585,-0.281084637714799,0.678598344545853));
#5752=DIRECTION('center_axis',(0.707106781186562,0.499999999999978,0.500000000000001));
#5753=DIRECTION('ref_axis',(0.577350269189619,0.,-0.816496580927731));
#5754=DIRECTION('',(2.09821446751378E-14,0.707106781186549,-0.707106781186546));
#5755=DIRECTION('',(-0.678598344545823,0.67859834454587,0.281084637714822));
#5756=DIRECTION('',(-2.09821446751378E-14,-0.707106781186549,0.707106781186546));
#5757=DIRECTION('center_axis',(0.707106781186572,0.707106781186523,5.2294583952635E-32));
#5758=DIRECTION('ref_axis',(7.39557098644723E-32,0.,-1.));
#5759=DIRECTION('',(2.19450505244066E-45,7.39557098644752E-32,-1.));
#5760=DIRECTION('',(-0.678598344545824,0.67859834454587,-0.281084637714821));
#5761=DIRECTION('',(-2.19450505244066E-45,-7.39557098644752E-32,1.));
#5762=DIRECTION('center_axis',(0.707106781186562,0.499999999999978,-0.500000000000001));
#5763=DIRECTION('ref_axis',(-0.577350269189619,0.,-0.816496580927731));
#5764=DIRECTION('',(2.09821446751378E-14,0.707106781186549,0.707106781186546));
#5765=DIRECTION('',(-2.09821446751378E-14,-0.707106781186549,-0.707106781186546));
#5766=DIRECTION('',(-0.678598344545842,0.281084637714835,-0.678598344545845));
#5767=DIRECTION('center_axis',(0.707106781186549,-2.09821446751378E-14,
-0.707106781186546));
#5768=DIRECTION('ref_axis',(-0.707106781186546,0.,-0.707106781186549));
#5769=DIRECTION('',(2.96732335672542E-14,1.,7.39557098644699E-32));
#5770=DIRECTION('',(-2.96732335672542E-14,-1.,-7.39557098644699E-32));
#5771=DIRECTION('',(-0.67859834454585,-0.281084637714799,-0.678598344545853));
#5772=DIRECTION('center_axis',(0.707106781186534,-0.500000000000022,-0.499999999999998));
#5773=DIRECTION('ref_axis',(-0.577350269189632,0.,-0.816496580927721));
#5774=DIRECTION('',(2.09821446751377E-14,0.707106781186546,-0.707106781186549));
#5775=DIRECTION('',(-2.09821446751377E-14,-0.707106781186546,0.707106781186549));
#5776=DIRECTION('',(-0.678598344545869,-0.678598344545828,-0.281084637714813));
#5777=DIRECTION('center_axis',(0.707106781186526,-0.707106781186569,-5.22945839526352E-32));
#5778=DIRECTION('ref_axis',(-7.39557098644774E-32,0.,-1.));
#5779=DIRECTION('',(2.19450505244066E-45,7.39557098644752E-32,-1.));
#5780=DIRECTION('',(-2.19450505244066E-45,-7.39557098644752E-32,1.));
#5781=DIRECTION('',(-0.678598344545869,-0.678598344545828,0.281084637714813));
#5782=DIRECTION('center_axis',(0.707106781186534,-0.500000000000022,0.499999999999998));
#5783=DIRECTION('ref_axis',(0.577350269189632,0.,-0.816496580927721));
#5784=DIRECTION('',(-2.09821446751377E-14,-0.707106781186546,-0.707106781186549));
#5785=DIRECTION('',(2.09821446751377E-14,0.707106781186546,0.707106781186549));
#5786=DIRECTION('center_axis',(-2.09821446751378E-14,-0.707106781186549,
-0.707106781186546));
#5787=DIRECTION('ref_axis',(-1.,0.,2.96732335672543E-14));
#5788=DIRECTION('',(-1.,2.96732335672542E-14,0.));
#5789=DIRECTION('',(-2.10230569809836E-14,-0.707106781186546,0.707106781186549));
#5790=DIRECTION('',(1.,-2.96732335672542E-14,0.));
#5791=DIRECTION('center_axis',(-2.96732335672542E-14,-1.,-7.39557098644752E-32));
#5792=DIRECTION('ref_axis',(-9.1507865005637E-29,7.39557098671905E-32,-1.));
#5793=DIRECTION('',(1.,-2.96732335672542E-14,0.));
#5794=DIRECTION('',(-9.1507865005637E-29,7.39557098671905E-32,-1.));
#5795=DIRECTION('center_axis',(-2.09821446751378E-14,-0.707106781186549,
0.707106781186546));
#5796=DIRECTION('ref_axis',(1.,0.,2.96732335672543E-14));
#5797=DIRECTION('',(-1.,2.96732335672542E-14,0.));
#5798=DIRECTION('',(2.10230569809837E-14,0.707106781186546,0.707106781186549));
#5799=DIRECTION('center_axis',(-2.1945050524405E-45,-7.39557098644699E-32,
1.));
#5800=DIRECTION('ref_axis',(-2.97310923050495E-14,-1.,-7.39557098644699E-32));
#5801=DIRECTION('',(1.,-2.96732335672542E-14,0.));
#5802=DIRECTION('',(-2.97310923050495E-14,-1.,-7.39557098644699E-32));
#5803=DIRECTION('center_axis',(1.,-2.96732335672542E-14,0.));
#5804=DIRECTION('ref_axis',(0.,0.,-1.));
#5805=DIRECTION('center_axis',(2.09821446751377E-14,0.707106781186546,-0.707106781186549));
#5806=DIRECTION('ref_axis',(-1.,0.,-2.96732335672541E-14));
#5807=DIRECTION('',(-1.,2.96732335672542E-14,0.));
#5808=DIRECTION('',(-2.10230569809838E-14,-0.707106781186549,-0.707106781186546));
#5809=DIRECTION('',(1.,-2.96732335672542E-14,0.));
#5810=DIRECTION('center_axis',(2.1945050524405E-45,7.39557098644699E-32,
-1.));
#5811=DIRECTION('ref_axis',(2.97310923050495E-14,1.,7.39557098644699E-32));
#5812=DIRECTION('',(2.97310923050495E-14,1.,7.39557098644699E-32));
#5813=DIRECTION('center_axis',(2.09821446751377E-14,0.707106781186546,0.707106781186549));
#5814=DIRECTION('ref_axis',(1.,0.,-2.96732335672541E-14));
#5815=DIRECTION('',(-1.,2.96732335672542E-14,0.));
#5816=DIRECTION('',(2.10230569809837E-14,0.707106781186549,-0.707106781186546));
#5817=DIRECTION('center_axis',(2.96732335672542E-14,1.,7.39557098644752E-32));
#5818=DIRECTION('ref_axis',(9.1507865005637E-29,-7.39557098671905E-32,1.));
#5819=DIRECTION('',(9.1507865005637E-29,-7.39557098671905E-32,1.));
#5820=DIRECTION('center_axis',(-1.,2.97310923050495E-14,9.1507865005637E-29));
#5821=DIRECTION('ref_axis',(0.,0.,1.));
#5822=DIRECTION('center_axis',(-2.99760216648793E-14,-1.,0.));
#5823=DIRECTION('ref_axis',(0.,0.,-1.));
#5824=DIRECTION('center_axis',(-1.,2.97310923050495E-14,9.1507865005637E-29));
#5825=DIRECTION('ref_axis',(-2.97310923050495E-14,-1.,-2.02533452182388E-16));
#5826=DIRECTION('center_axis',(-2.99760216648793E-14,-1.,-1.1102230246251E-15));
#5827=DIRECTION('ref_axis',(1.,-2.99760216648793E-14,0.));
#5828=DIRECTION('center_axis',(1.,-2.97310923050495E-14,-9.1507865005637E-29));
#5829=DIRECTION('ref_axis',(-2.97300063355589E-14,-1.,-2.02533452182388E-16));
#5830=DIRECTION('center_axis',(-2.97310923050495E-14,-1.,-7.39557098644699E-32));
#5831=DIRECTION('ref_axis',(0.707106781186538,-2.1981294421573E-14,0.707106781186557));
#5832=DIRECTION('center_axis',(-1.77635683940026E-14,-1.,0.));
#5833=DIRECTION('ref_axis',(1.,-1.77635683940026E-14,0.));
#5834=DIRECTION('',(-2.97310923050495E-14,-1.,-7.39557098644699E-32));
#5835=DIRECTION('',(2.97310923050495E-14,1.,7.39557098644699E-32));
#5836=DIRECTION('center_axis',(-1.,2.97310923050495E-14,9.1507865005637E-29));
#5837=DIRECTION('ref_axis',(0.,0.,1.));
#5838=DIRECTION('center_axis',(3.55271367880051E-14,1.,0.));
#5839=DIRECTION('ref_axis',(1.,-3.55271367880051E-14,0.));
#5840=DIRECTION('center_axis',(1.,-2.97310923050495E-14,-9.1507865005637E-29));
#5841=DIRECTION('ref_axis',(2.97300063355589E-14,1.,-1.43252227499284E-15));
#5842=DIRECTION('center_axis',(-1.,2.97310923050495E-14,9.1507865005637E-29));
#5843=DIRECTION('ref_axis',(2.97310923050495E-14,1.,-1.43252227499284E-15));
#5844=DIRECTION('center_axis',(2.97310923050495E-14,1.,7.39557098644699E-32));
#5845=DIRECTION('ref_axis',(0.707106781186538,-2.51214793389406E-14,-0.707106781186557));
#5846=DIRECTION('',(-2.97310923050495E-14,-1.,-7.39557098644699E-32));
#5847=DIRECTION('',(2.97310923050495E-14,1.,7.39557098644699E-32));
#5848=DIRECTION('center_axis',(-9.15078650056374E-29,7.39557098671905E-32,
-1.));
#5849=DIRECTION('ref_axis',(-2.97310923050495E-14,-1.,-7.39557098644699E-32));
#5850=DIRECTION('',(-1.,2.97262214843386E-14,9.15078650056374E-29));
#5851=DIRECTION('',(-2.97310923050495E-14,-1.,-7.39557098644699E-32));
#5852=DIRECTION('',(-1.,2.97262214843386E-14,9.15078650056374E-29));
#5853=DIRECTION('center_axis',(-1.,2.97262214843386E-14,9.15078650056374E-29));
#5854=DIRECTION('ref_axis',(-1.00508611058461E-28,-3.02788097625042E-16,
-1.));
#5855=DIRECTION('',(-1.,2.97262214843386E-14,9.15078650056374E-29));
#5856=DIRECTION('center_axis',(-1.,2.97310923050495E-14,9.1507865005637E-29));
#5857=DIRECTION('ref_axis',(-1.00508611058461E-28,-3.02788097625042E-16,
-1.));
#5858=DIRECTION('center_axis',(-1.,2.97310923050495E-14,9.1507865005637E-29));
#5859=DIRECTION('ref_axis',(-2.97310923050495E-14,-1.,-7.39557098644699E-32));
#5860=DIRECTION('center_axis',(-0.707106781186543,2.10230569809836E-14,
0.707106781186552));
#5861=DIRECTION('ref_axis',(0.707106781186552,0.,0.707106781186543));
#5862=DIRECTION('',(-0.707106781186552,2.51214793389402E-14,-0.707106781186543));
#5863=DIRECTION('',(-2.97310923050495E-14,-1.,-7.39557098644699E-32));
#5864=DIRECTION('',(0.707106781186549,-1.9626155733547E-14,0.707106781186546));
#5865=DIRECTION('',(2.97310923050495E-14,1.,7.39557098644699E-32));
#5866=DIRECTION('center_axis',(1.,-3.55271367880045E-14,-9.46633086265201E-29));
#5867=DIRECTION('ref_axis',(4.35000446485905E-29,-1.61486985400023E-15,
1.));
#5868=DIRECTION('',(-0.707106781186514,2.51214793389389E-14,0.70710678118658));
#5869=DIRECTION('center_axis',(1.,-2.97310923050495E-14,-9.1507865005637E-29));
#5870=DIRECTION('ref_axis',(4.34960203157144E-29,-1.61486985400023E-15,
1.));
#5871=DIRECTION('center_axis',(-1.,2.97310923050495E-14,9.1507865005637E-29));
#5872=DIRECTION('ref_axis',(4.35038860572451E-29,-1.61486985400023E-15,
1.));
#5873=DIRECTION('center_axis',(-0.707106781186543,2.10230569809836E-14,
-0.707106781186552));
#5874=DIRECTION('ref_axis',(-0.707106781186552,0.,0.707106781186543));
#5875=DIRECTION('',(-0.707106781186552,1.80560632748633E-14,0.707106781186543));
#5876=DIRECTION('',(2.97310923050495E-14,1.,7.39557098644699E-32));
#5877=DIRECTION('center_axis',(1.,-2.99760216648788E-14,-9.07190041004151E-29));
#5878=DIRECTION('ref_axis',(-1.00509331322583E-28,-3.02788097625042E-16,
-1.));
#5879=DIRECTION('center_axis',(1.,-2.97310923050495E-14,-9.1507865005637E-29));
#5880=DIRECTION('ref_axis',(-1.00510085884997E-28,-3.02788097625042E-16,
-1.));
#5881=DIRECTION('center_axis',(-1.,2.97262214843386E-14,9.15078650056374E-29));
#5882=DIRECTION('ref_axis',(4.35038860572451E-29,-1.61486985400023E-15,
1.));
#5883=DIRECTION('',(-1.,2.97262214843386E-14,9.15078650056374E-29));
#5884=DIRECTION('center_axis',(9.15078650056374E-29,-7.39557098671905E-32,
1.));
#5885=DIRECTION('ref_axis',(2.97310923050495E-14,1.,7.39557098644699E-32));
#5886=DIRECTION('center_axis',(-1.,2.97310923050495E-14,9.1507865005637E-29));
#5887=DIRECTION('ref_axis',(-2.97310923050495E-14,-1.,-7.39557098644699E-32));
#5888=DIRECTION('center_axis',(1.,-2.97310923050495E-14,-9.1507865005637E-29));
#5889=DIRECTION('ref_axis',(-2.97310923050495E-14,-1.,-7.39557098644699E-32));
#5890=DIRECTION('center_axis',(-1.,2.97262214843386E-14,9.15078650056374E-29));
#5891=DIRECTION('ref_axis',(-2.97262214843386E-14,-1.,-7.39557098644703E-32));
#5892=DIRECTION('',(1.,-2.97262214843386E-14,-9.15078650056374E-29));
#5893=DIRECTION('center_axis',(-1.,2.97310923050495E-14,9.1507865005637E-29));
#5894=DIRECTION('ref_axis',(-2.97262214843386E-14,-1.,-7.39557098644703E-32));
#5895=DIRECTION('center_axis',(-1.,2.97310923050495E-14,9.1507865005637E-29));
#5896=DIRECTION('ref_axis',(-2.97310923050495E-14,-1.,-7.39557098644699E-32));
#5897=DIRECTION('axis',(0.,0.,1.));
#5898=DIRECTION('refdir',(1.,0.,0.));
#5899=DIRECTION('axis',(0.,0.,1.));
#5900=DIRECTION('refdir',(1.,0.,0.));
#5901=DIRECTION('center_axis',(-1.,0.,0.));
#5902=DIRECTION('ref_axis',(0.,1.,0.));
#5903=DIRECTION('center_axis',(-1.,0.,0.));
#5904=DIRECTION('ref_axis',(0.,1.,0.));
#5905=DIRECTION('',(-1.,0.,0.));
#5906=DIRECTION('center_axis',(-1.,0.,0.));
#5907=DIRECTION('ref_axis',(0.,1.,0.));
#5908=DIRECTION('center_axis',(1.,0.,0.));
#5909=DIRECTION('ref_axis',(0.,1.,0.));
#5910=DIRECTION('center_axis',(1.,0.,0.));
#5911=DIRECTION('ref_axis',(0.,-2.26648896320199E-16,1.));
#5912=DIRECTION('center_axis',(1.,0.,0.));
#5913=DIRECTION('ref_axis',(0.,-2.26648896320199E-16,1.));
#5914=DIRECTION('',(1.,0.,0.));
#5915=DIRECTION('center_axis',(1.,0.,0.));
#5916=DIRECTION('ref_axis',(0.,-2.26648896320199E-16,1.));
#5917=DIRECTION('',(-1.,0.,0.));
#5918=DIRECTION('center_axis',(1.,0.,0.));
#5919=DIRECTION('ref_axis',(0.,1.,0.));
#5920=DIRECTION('',(0.,-0.984058952432038,-0.177842565597668));
#5921=DIRECTION('center_axis',(1.,0.,0.));
#5922=DIRECTION('ref_axis',(0.,1.,0.));
#5923=DIRECTION('',(0.,0.984058952432038,-0.177842565597668));
#5924=DIRECTION('center_axis',(1.,0.,0.));
#5925=DIRECTION('ref_axis',(0.,1.,0.));
#5926=DIRECTION('',(0.,0.984058952432038,0.177842565597669));
#5927=DIRECTION('center_axis',(1.,0.,0.));
#5928=DIRECTION('ref_axis',(0.,1.,0.));
#5929=DIRECTION('',(0.,-0.984058952432038,0.177842565597667));
#5930=DIRECTION('center_axis',(0.,0.177842565597668,-0.984058952432038));
#5931=DIRECTION('ref_axis',(0.,0.984058952432038,0.177842565597668));
#5932=DIRECTION('',(0.,-0.984058952432038,-0.177842565597668));
#5933=DIRECTION('',(1.,0.,0.));
#5934=DIRECTION('center_axis',(0.,-0.177842565597667,-0.984058952432038));
#5935=DIRECTION('ref_axis',(0.,0.984058952432038,-0.177842565597667));
#5936=DIRECTION('',(1.,0.,0.));
#5937=DIRECTION('',(0.,-0.984058952432038,0.177842565597667));
#5938=DIRECTION('center_axis',(1.,0.,0.));
#5939=DIRECTION('ref_axis',(0.,0.707106781186548,0.707106781186548));
#5940=DIRECTION('',(0.707106781186547,0.,0.707106781186547));
#5941=DIRECTION('center_axis',(-1.,0.,0.));
#5942=DIRECTION('ref_axis',(0.,0.707106781186548,0.707106781186548));
#5943=DIRECTION('',(-0.707106781186547,-0.707106781186547,0.));
#5944=DIRECTION('center_axis',(1.,0.,0.));
#5945=DIRECTION('ref_axis',(0.,0.707106781186548,0.707106781186548));
#5946=DIRECTION('center_axis',(-0.707106781186548,0.,0.707106781186548));
#5947=DIRECTION('ref_axis',(0.707106781186548,0.,0.707106781186548));
#5948=DIRECTION('',(0.,-1.,0.));
#5949=DIRECTION('',(0.707106781186547,0.,0.707106781186547));
#5950=DIRECTION('',(0.,1.,0.));
#5951=DIRECTION('center_axis',(1.,0.,0.));
#5952=DIRECTION('ref_axis',(0.,-0.707106781186548,0.707106781186548));
#5953=DIRECTION('',(0.707106781186547,-0.707106781186547,0.));
#5954=DIRECTION('center_axis',(-1.,0.,0.));
#5955=DIRECTION('ref_axis',(0.,-0.707106781186548,0.707106781186548));
#5956=DIRECTION('center_axis',(1.,0.,0.));
#5957=DIRECTION('ref_axis',(0.,-0.707106781186548,0.707106781186548));
#5958=DIRECTION('center_axis',(-0.707106781186548,-0.707106781186548,0.));
#5959=DIRECTION('ref_axis',(0.,0.,1.));
#5960=DIRECTION('',(0.,0.,-1.));
#5961=DIRECTION('',(0.707106781186547,-0.707106781186547,0.));
#5962=DIRECTION('',(0.,0.,1.));
#5963=DIRECTION('center_axis',(1.,0.,0.));
#5964=DIRECTION('ref_axis',(0.,-0.707106781186548,-0.707106781186548));
#5965=DIRECTION('',(0.707106781186547,0.,-0.707106781186547));
#5966=DIRECTION('center_axis',(-1.,0.,0.));
#5967=DIRECTION('ref_axis',(0.,-0.707106781186548,-0.707106781186548));
#5968=DIRECTION('center_axis',(1.,0.,0.));
#5969=DIRECTION('ref_axis',(0.,-0.707106781186548,-0.707106781186548));
#5970=DIRECTION('center_axis',(-0.707106781186548,0.,-0.707106781186548));
#5971=DIRECTION('ref_axis',(-0.707106781186548,0.,0.707106781186548));
#5972=DIRECTION('',(0.,1.,0.));
#5973=DIRECTION('',(0.707106781186547,0.,-0.707106781186547));
#5974=DIRECTION('',(0.,-1.,0.));
#5975=DIRECTION('center_axis',(1.,0.,0.));
#5976=DIRECTION('ref_axis',(0.,0.707106781186548,-0.707106781186548));
#5977=DIRECTION('',(0.707106781186547,0.707106781186547,0.));
#5978=DIRECTION('center_axis',(-1.,0.,0.));
#5979=DIRECTION('ref_axis',(0.,0.707106781186548,-0.707106781186548));
#5980=DIRECTION('center_axis',(1.,0.,0.));
#5981=DIRECTION('ref_axis',(0.,0.707106781186548,-0.707106781186548));
#5982=DIRECTION('center_axis',(-0.707106781186548,0.707106781186548,0.));
#5983=DIRECTION('ref_axis',(0.,0.,1.));
#5984=DIRECTION('',(0.,0.,1.));
#5985=DIRECTION('',(0.,0.,-1.));
#5986=DIRECTION('center_axis',(0.,0.,-1.));
#5987=DIRECTION('ref_axis',(0.,-1.,0.));
#5988=DIRECTION('',(-1.,0.,0.));
#5989=DIRECTION('',(0.,1.,0.));
#5990=DIRECTION('',(1.,0.,0.));
#5991=DIRECTION('center_axis',(-1.,0.,0.));
#5992=DIRECTION('ref_axis',(0.,0.707106781186548,-0.707106781186548));
#5993=DIRECTION('',(1.,0.,0.));
#5994=DIRECTION('center_axis',(1.,0.,0.));
#5995=DIRECTION('ref_axis',(0.,0.707106781186548,-0.707106781186548));
#5996=DIRECTION('center_axis',(0.,1.,0.));
#5997=DIRECTION('ref_axis',(0.,0.,-1.));
#5998=DIRECTION('',(-1.,0.,0.));
#5999=DIRECTION('',(0.,0.,1.));
#6000=DIRECTION('center_axis',(-1.,0.,0.));
#6001=DIRECTION('ref_axis',(0.,0.707106781186548,0.707106781186548));
#6002=DIRECTION('',(1.,0.,0.));
#6003=DIRECTION('center_axis',(1.,0.,0.));
#6004=DIRECTION('ref_axis',(0.,0.707106781186548,0.707106781186548));
#6005=DIRECTION('center_axis',(-1.,0.,0.));
#6006=DIRECTION('ref_axis',(0.,0.,1.));
#6007=DIRECTION('center_axis',(0.,0.,1.));
#6008=DIRECTION('ref_axis',(0.,1.,0.));
#6009=DIRECTION('',(-1.,0.,0.));
#6010=DIRECTION('',(0.,-1.,0.));
#6011=DIRECTION('center_axis',(-1.,0.,0.));
#6012=DIRECTION('ref_axis',(0.,-0.707106781186548,0.707106781186548));
#6013=DIRECTION('',(1.,0.,0.));
#6014=DIRECTION('center_axis',(1.,0.,0.));
#6015=DIRECTION('ref_axis',(0.,-0.707106781186548,0.707106781186548));
#6016=DIRECTION('center_axis',(-1.,0.,0.));
#6017=DIRECTION('ref_axis',(0.,-0.707106781186548,-0.707106781186548));
#6018=DIRECTION('center_axis',(1.,0.,0.));
#6019=DIRECTION('ref_axis',(0.,-0.707106781186548,-0.707106781186548));
#6020=DIRECTION('',(-1.,0.,0.));
#6021=DIRECTION('center_axis',(0.,-1.,0.));
#6022=DIRECTION('ref_axis',(0.,0.,1.));
#6023=DIRECTION('',(0.,0.,-1.));
#6024=DIRECTION('center_axis',(1.,0.,0.));
#6025=DIRECTION('ref_axis',(0.,1.,0.));
#6026=DIRECTION('',(1.,0.,0.));
#6027=DIRECTION('center_axis',(1.,0.,0.));
#6028=DIRECTION('ref_axis',(0.,1.,0.));
#6029=DIRECTION('',(1.,0.,0.));
#6030=DIRECTION('center_axis',(0.,-0.177842565597669,0.984058952432037));
#6031=DIRECTION('ref_axis',(0.,-0.984058952432038,-0.177842565597669));
#6032=DIRECTION('',(0.,0.984058952432038,0.177842565597669));
#6033=DIRECTION('',(1.,0.,0.));
#6034=DIRECTION('center_axis',(0.,0.177842565597668,0.984058952432038));
#6035=DIRECTION('ref_axis',(0.,-0.984058952432038,0.177842565597668));
#6036=DIRECTION('',(1.,0.,0.));
#6037=DIRECTION('',(0.,0.984058952432038,-0.177842565597668));
#6038=DIRECTION('center_axis',(1.,0.,0.));
#6039=DIRECTION('ref_axis',(0.,-1.,1.22464679914735E-16));
#6040=DIRECTION('center_axis',(1.,0.,0.));
#6041=DIRECTION('ref_axis',(0.,1.,0.));
#6042=DIRECTION('center_axis',(1.,0.,0.));
#6043=DIRECTION('ref_axis',(0.,1.,0.));
#6044=DIRECTION('center_axis',(1.,0.,0.));
#6045=DIRECTION('ref_axis',(0.,1.,0.));
#6046=DIRECTION('',(0.,-0.984058952431959,0.177842565598106));
#6047=DIRECTION('center_axis',(1.,0.,0.));
#6048=DIRECTION('ref_axis',(0.,1.,0.));
#6049=DIRECTION('',(0.,0.984058952432046,0.177842565597624));
#6050=DIRECTION('center_axis',(1.,0.,0.));
#6051=DIRECTION('ref_axis',(0.,1.,0.));
#6052=DIRECTION('',(0.,-0.984058952432031,0.177842565597703));
#6053=DIRECTION('center_axis',(1.,0.,0.));
#6054=DIRECTION('ref_axis',(0.,1.,0.));
#6055=DIRECTION('',(0.,0.984058952431943,0.177842565598193));
#6056=DIRECTION('center_axis',(1.,0.,0.));
#6057=DIRECTION('ref_axis',(0.,1.,0.));
#6058=DIRECTION('center_axis',(1.,0.,0.));
#6059=DIRECTION('ref_axis',(0.,1.,0.));
#6060=DIRECTION('center_axis',(0.,-0.177842565598193,0.984058952431943));
#6061=DIRECTION('ref_axis',(0.,-0.984058952431943,-0.177842565598193));
#6062=DIRECTION('',(1.,0.,0.));
#6063=DIRECTION('',(1.,0.,0.));
#6064=DIRECTION('',(0.,-0.984058952431943,-0.177842565598193));
#6065=DIRECTION('',(1.,0.,0.));
#6066=DIRECTION('center_axis',(1.,0.,0.));
#6067=DIRECTION('ref_axis',(0.,1.,0.));
#6068=DIRECTION('center_axis',(1.,0.,0.));
#6069=DIRECTION('ref_axis',(0.,1.,0.));
#6070=DIRECTION('',(1.,0.,0.));
#6071=DIRECTION('center_axis',(0.,0.177842565598106,0.984058952431959));
#6072=DIRECTION('ref_axis',(0.,-0.984058952431959,0.177842565598106));
#6073=DIRECTION('',(0.,-0.984058952431959,0.177842565598106));
#6074=DIRECTION('',(1.,0.,0.));
#6075=DIRECTION('',(1.,0.,0.));
#6076=DIRECTION('center_axis',(1.,0.,0.));
#6077=DIRECTION('ref_axis',(0.,1.,0.));
#6078=DIRECTION('center_axis',(1.,0.,0.));
#6079=DIRECTION('ref_axis',(0.,1.,0.));
#6080=DIRECTION('',(1.,0.,0.));
#6081=DIRECTION('center_axis',(0.,0.177842565597624,-0.984058952432045));
#6082=DIRECTION('ref_axis',(0.,0.984058952432046,0.177842565597624));
#6083=DIRECTION('',(0.,0.984058952432046,0.177842565597624));
#6084=DIRECTION('',(1.,0.,0.));
#6085=DIRECTION('center_axis',(1.,0.,0.));
#6086=DIRECTION('ref_axis',(0.,1.,0.));
#6087=DIRECTION('center_axis',(1.,0.,0.));
#6088=DIRECTION('ref_axis',(0.,1.,0.));
#6089=DIRECTION('',(1.,0.,0.));
#6090=DIRECTION('center_axis',(0.,-0.177842565597703,-0.984058952432031));
#6091=DIRECTION('ref_axis',(0.,0.984058952432031,-0.177842565597703));
#6092=DIRECTION('',(0.,0.984058952432031,-0.177842565597703));
#6093=DIRECTION('',(1.,0.,0.));
#6094=DIRECTION('center_axis',(1.,0.,0.));
#6095=DIRECTION('ref_axis',(0.,-0.999999684380667,0.000794505233519139));
#6096=DIRECTION('center_axis',(1.,0.,0.));
#6097=DIRECTION('ref_axis',(0.,1.,0.));
#6098=DIRECTION('center_axis',(1.,0.,0.));
#6099=DIRECTION('ref_axis',(0.,1.,0.));
#6100=DIRECTION('',(0.,0.,1.));
#6101=DIRECTION('',(1.,0.,0.));
#6102=DIRECTION('',(0.,0.,1.));
#6103=DIRECTION('',(1.,0.,0.));
#6104=DIRECTION('',(-2.97310923050495E-14,-1.,-6.24500451351651E-16));
#6105=DIRECTION('',(0.999999999999998,-2.97310923050493E-14,-2.97310923050496E-14));
#6106=DIRECTION('',(2.97310923050494E-14,1.,-5.55111512312578E-17));
#6107=DIRECTION('',(0.999999999999999,-2.97310923050494E-14,-2.97310923050496E-14));
#6108=DIRECTION('',(-2.97310923050496E-14,-1.,-4.16333634234434E-16));
#6109=DIRECTION('',(-0.999999999999998,2.97310923050494E-14,9.53801646766679E-29));
#6110=DIRECTION('',(2.97310923050494E-14,1.,-5.55111512312578E-17));
#6111=DIRECTION('',(0.999999999999999,-2.97310923050494E-14,-2.97310923050496E-14));
#6112=DIRECTION('',(0.,0.,1.));
#6113=DIRECTION('',(1.,0.,0.));
#6114=CARTESIAN_POINT('',(0.,0.,0.));
#6115=CARTESIAN_POINT('',(0.,0.,0.));
#6116=CARTESIAN_POINT('Origin',(70.1899999999999,-0.25,-32.4478986222529));
#6117=CARTESIAN_POINT('',(70.4399999999999,0.,-10.75));
#6118=CARTESIAN_POINT('',(70.4399999999999,0.,-65.0917391072018));
#6119=CARTESIAN_POINT('',(70.4399999999999,0.,-32.4478986222529));
#6120=CARTESIAN_POINT('',(69.9399999999999,-0.5,-64.8938710511248));
#6121=CARTESIAN_POINT('Ctrl Pts',(70.4399999999999,1.07552855510562E-15,
-65.0917391072018));
#6122=CARTESIAN_POINT('Ctrl Pts',(70.2771206091216,-0.162879390878317,-65.0273757155678));
#6123=CARTESIAN_POINT('Ctrl Pts',(70.1085108602356,-0.331489139764269,-64.9606534721829));
#6124=CARTESIAN_POINT('Ctrl Pts',(69.9400012606145,-0.499998739385375,-64.89386903376));
#6125=CARTESIAN_POINT('',(69.9399999999999,-0.5,-10.2377976147216));
#6126=CARTESIAN_POINT('',(69.9399999999999,-0.5,-32.4478986222529));
#6127=CARTESIAN_POINT('',(69.9401487431238,-0.499851256876078,-10.2378048780488));
#6128=CARTESIAN_POINT('Origin',(70.4399999999999,0.,0.));
#6129=CARTESIAN_POINT('',(70.4399999999999,0.,-10.75));
#6130=CARTESIAN_POINT('Origin',(73.9399999999999,-0.249925628438039,-10.4939024390244));
#6131=CARTESIAN_POINT('',(78.939851256876,-0.499851256876078,-10.2378048780488));
#6132=CARTESIAN_POINT('',(73.9399999999999,-0.499851256876078,-10.2378048780488));
#6133=CARTESIAN_POINT('',(78.4399999999999,0.,-10.75));
#6134=CARTESIAN_POINT('',(78.939851256876,-0.499851256876078,-10.2378048780488));
#6135=CARTESIAN_POINT('',(73.9399999999999,0.,-10.75));
#6136=CARTESIAN_POINT('Origin',(73.9399999999999,-0.249925628438039,-10.4939024390244));
#6137=CARTESIAN_POINT('',(-70.4399999999999,0.,-10.75));
#6138=CARTESIAN_POINT('',(-73.4399999999999,0.,-10.75));
#6139=CARTESIAN_POINT('',(73.9399999999999,0.,-10.75));
#6140=CARTESIAN_POINT('',(-73.939851256876,-0.499851256876078,-10.2378048780488));
#6141=CARTESIAN_POINT('',(-73.4399999999999,0.,-10.75));
#6142=CARTESIAN_POINT('',(-69.9401487431238,-0.499851256876078,-10.2378048780488));
#6143=CARTESIAN_POINT('',(73.9399999999999,-0.499851256876078,-10.2378048780488));
#6144=CARTESIAN_POINT('',(-69.9401487431238,-0.499851256876078,-10.2378048780488));
#6145=CARTESIAN_POINT('Origin',(38.2199999999999,-0.249999999999999,-29.75));
#6146=CARTESIAN_POINT('',(78.9399999999999,-0.499999999999998,-30.));
#6147=CARTESIAN_POINT('',(73.9399999999999,-0.499999999999998,-30.));
#6148=CARTESIAN_POINT('',(38.2199999999999,-0.499999999999998,-30.));
#6149=CARTESIAN_POINT('',(73.4399999999999,0.,-29.5));
#6150=CARTESIAN_POINT('',(73.9399999999999,-0.499999999999998,-30.));
#6151=CARTESIAN_POINT('',(78.4399999999999,0.,-29.5));
#6152=CARTESIAN_POINT('',(38.2199999999999,0.,-29.5));
#6153=CARTESIAN_POINT('',(78.4399999999999,0.,-29.5));
#6154=CARTESIAN_POINT('Origin',(73.6899999999999,-0.25,-52.205));
#6155=CARTESIAN_POINT('',(73.9399999999999,-0.5,-99.41));
#6156=CARTESIAN_POINT('',(73.9399999999999,-0.5,-52.205));
#6157=CARTESIAN_POINT('',(73.4399999999999,0.,-99.41));
#6158=CARTESIAN_POINT('',(73.9399999999999,-0.5,-99.41));
#6159=CARTESIAN_POINT('',(73.4399999999999,0.,-52.205));
#6160=CARTESIAN_POINT('Origin',(68.9399999999999,-0.25,-99.41));
#6161=CARTESIAN_POINT('',(68.9399999999999,-0.5,-104.41));
#6162=CARTESIAN_POINT('',(68.9399999999999,0.,-103.91));
#6163=CARTESIAN_POINT('',(68.9399999999999,-0.5,-104.41));
#6164=CARTESIAN_POINT('Origin',(68.9399999999999,0.,-99.41));
#6165=CARTESIAN_POINT('Origin',(68.9399999999999,-0.5,-99.41));
#6166=CARTESIAN_POINT('Origin',(38.2199999999999,-0.25,-104.16));
#6167=CARTESIAN_POINT('',(-68.9399999999999,-0.5,-104.41));
#6168=CARTESIAN_POINT('',(-68.9399999999999,0.,-103.91));
#6169=CARTESIAN_POINT('',(-68.9399999999999,-0.5,-104.41));
#6170=CARTESIAN_POINT('',(38.2199999999999,0.,-103.91));
#6171=CARTESIAN_POINT('',(38.2199999999999,-0.5,-104.41));
#6172=CARTESIAN_POINT('Origin',(-68.9399999999999,-0.25,-99.41));
#6173=CARTESIAN_POINT('',(-73.9399999999999,-0.5,-99.41));
#6174=CARTESIAN_POINT('',(-73.4399999999999,0.,-99.41));
#6175=CARTESIAN_POINT('',(-73.9399999999999,-0.5,-99.41));
#6176=CARTESIAN_POINT('Origin',(-68.9399999999999,0.,-99.41));
#6177=CARTESIAN_POINT('Origin',(-68.9399999999999,-0.5,-99.41));
#6178=CARTESIAN_POINT('Origin',(-73.6899999999999,-0.25,52.205));
#6179=CARTESIAN_POINT('',(-73.4399999999999,0.,52.205));
#6180=CARTESIAN_POINT('',(-73.9399999999999,-0.5,-10.2377976147216));
#6181=CARTESIAN_POINT('',(-73.9399999999999,-0.5,52.205));
#6182=CARTESIAN_POINT('Origin',(-73.4399999999999,0.,0.));
#6183=CARTESIAN_POINT('Origin',(78.6899999999999,-0.25,0.));
#6184=CARTESIAN_POINT('',(78.9399999999999,-0.5,-10.2377976147216));
#6185=CARTESIAN_POINT('',(78.9399999999999,-0.5,0.));
#6186=CARTESIAN_POINT('',(78.4399999999999,0.,0.));
#6187=CARTESIAN_POINT('Origin',(78.4399999999999,0.,0.));
#6188=CARTESIAN_POINT('Origin',(-70.1899999999999,-0.25,32.4478986222529));
#6189=CARTESIAN_POINT('',(-70.4399999999999,0.,-65.0917391072018));
#6190=CARTESIAN_POINT('',(-70.4399999999999,0.,32.4478986222529));
#6191=CARTESIAN_POINT('',(-69.9399999999999,-0.5,-10.2377976147216));
#6192=CARTESIAN_POINT('Origin',(-70.4399999999999,0.,0.));
#6193=CARTESIAN_POINT('',(-69.9399999999999,-0.499998283542796,-64.8938710643499));
#6194=CARTESIAN_POINT('',(-69.9399999999999,-0.5,32.4478986222529));
#6195=CARTESIAN_POINT('Ctrl Pts',(-69.9400012606145,-0.499998739385378,
-64.89386903376));
#6196=CARTESIAN_POINT('Ctrl Pts',(-70.1085108602356,-0.331489139764271,
-64.9606534721829));
#6197=CARTESIAN_POINT('Ctrl Pts',(-70.2771206091216,-0.162879390878314,
-65.0273757155678));
#6198=CARTESIAN_POINT('Ctrl Pts',(-70.4399999999999,3.50414142147315E-15,
-65.0917391072018));
#6199=CARTESIAN_POINT('Origin',(0.,-0.249999141771398,0.));
#6200=CARTESIAN_POINT('Origin',(0.,0.,0.));
#6201=CARTESIAN_POINT('Origin',(0.,-0.499998283542796,0.));
#6202=CARTESIAN_POINT('Origin',(73.9399999999999,0.,0.));
#6203=CARTESIAN_POINT('',(-73.9399999999999,-0.5,10.2377976147216));
#6204=CARTESIAN_POINT('Origin',(-73.9399999999999,0.,0.));
#6205=CARTESIAN_POINT('',(-73.939851256876,-0.499851256876078,10.2378048780488));
#6206=CARTESIAN_POINT('Origin',(-73.4399999999999,0.,0.));
#6207=CARTESIAN_POINT('',(-69.9401487431238,-0.499851256876078,10.2378048780488));
#6208=CARTESIAN_POINT('',(73.9399999999999,-0.499851256876078,10.2378048780488));
#6209=CARTESIAN_POINT('',(-69.9399999999999,-0.5,10.2377976147216));
#6210=CARTESIAN_POINT('Origin',(-70.4399999999999,0.,0.));
#6211=CARTESIAN_POINT('Origin',(-69.9399999999999,0.,0.));
#6212=CARTESIAN_POINT('Origin',(-73.9399999999999,0.,104.41));
#6213=CARTESIAN_POINT('',(-73.9399999999999,-5.,-99.41));
#6214=CARTESIAN_POINT('',(-73.9399999999999,0.,-99.41));
#6215=CARTESIAN_POINT('',(-73.9399999999999,-5.,-73.5481101048832));
#6216=CARTESIAN_POINT('',(-73.9399999999999,-5.,-104.41));
#6217=CARTESIAN_POINT('',(-73.9399999999999,-5.,73.5481101048832));
#6218=CARTESIAN_POINT('Origin',(-73.9399999999999,0.,0.));
#6219=CARTESIAN_POINT('',(-73.9399999999999,-5.,99.41));
#6220=CARTESIAN_POINT('',(-73.9399999999999,-5.,-104.41));
#6221=CARTESIAN_POINT('',(-73.9399999999999,-0.5,99.41));
#6222=CARTESIAN_POINT('',(-73.9399999999999,0.,99.41));
#6223=CARTESIAN_POINT('',(-73.9399999999999,-0.5,52.205));
#6224=CARTESIAN_POINT('Origin',(-68.9399999999999,0.,-99.41));
#6225=CARTESIAN_POINT('',(-68.9399999999999,-5.,-104.41));
#6226=CARTESIAN_POINT('',(-68.9399999999999,0.,-104.41));
#6227=CARTESIAN_POINT('Origin',(-68.9399999999999,-5.,-99.41));
#6228=CARTESIAN_POINT('Origin',(73.9399999999999,0.,-104.41));
#6229=CARTESIAN_POINT('',(68.9399999999999,-5.,-104.41));
#6230=CARTESIAN_POINT('',(68.9399999999999,0.,-104.41));
#6231=CARTESIAN_POINT('',(-108.91,-5.,-104.41));
#6232=CARTESIAN_POINT('Origin',(68.9399999999999,0.,-99.41));
#6233=CARTESIAN_POINT('',(73.9399999999999,-5.,-99.41));
#6234=CARTESIAN_POINT('',(73.9399999999999,0.,-99.41));
#6235=CARTESIAN_POINT('Origin',(68.9399999999999,-5.,-99.41));
#6236=CARTESIAN_POINT('Origin',(73.9399999999999,0.,-104.41));
#6237=CARTESIAN_POINT('',(73.9399999999999,-45.,-30.));
#6238=CARTESIAN_POINT('',(73.9399999999999,-25.,-30.));
#6239=CARTESIAN_POINT('',(73.9399999999999,-50.,-25.));
#6240=CARTESIAN_POINT('Origin',(73.9399999999999,-45.,-25.));
#6241=CARTESIAN_POINT('',(73.9399999999999,-50.,25.));
#6242=CARTESIAN_POINT('',(73.9399999999999,-50.,-37.205));
#6243=CARTESIAN_POINT('',(73.9399999999999,-45.,30.));
#6244=CARTESIAN_POINT('Origin',(73.9399999999999,-45.,25.));
#6245=CARTESIAN_POINT('',(73.9399999999999,-0.499999999999998,30.));
#6246=CARTESIAN_POINT('',(73.9399999999999,25.,30.));
#6247=CARTESIAN_POINT('',(73.9399999999999,-0.5,99.41));
#6248=CARTESIAN_POINT('',(73.9399999999999,-0.5,-52.205));
#6249=CARTESIAN_POINT('',(73.9399999999999,-5.,99.41));
#6250=CARTESIAN_POINT('',(73.9399999999999,0.,99.41));
#6251=CARTESIAN_POINT('',(73.9399999999999,-5.,73.5481101048832));
#6252=CARTESIAN_POINT('',(73.9399999999999,-5.,-104.41));
#6253=CARTESIAN_POINT('',(73.9399999999999,-5.,-73.5481101048832));
#6254=CARTESIAN_POINT('Origin',(73.9399999999999,0.,0.));
#6255=CARTESIAN_POINT('',(73.9399999999999,-5.,-104.41));
#6256=CARTESIAN_POINT('Origin',(73.9399999999999,-50.,-30.));
#6257=CARTESIAN_POINT('',(78.9399999999999,-45.,-30.));
#6258=CARTESIAN_POINT('',(78.9399999999999,50.,-30.));
#6259=CARTESIAN_POINT('',(73.9399999999999,-45.,-30.));
#6260=CARTESIAN_POINT('Origin',(2.5,0.,0.));
#6261=CARTESIAN_POINT('',(-69.5449999999999,0.,-96.41));
#6262=CARTESIAN_POINT('Origin',(-65.9399999999999,0.,-96.41));
#6263=CARTESIAN_POINT('',(62.3349999999999,0.,-96.41));
#6264=CARTESIAN_POINT('Origin',(65.9399999999999,0.,-96.41));
#6265=CARTESIAN_POINT('Origin',(-65.9399999999999,-0.25,-96.41));
#6266=CARTESIAN_POINT('',(-69.0449999999999,-0.5,-96.41));
#6267=CARTESIAN_POINT('',(-69.2949999999999,-0.25,-96.41));
#6268=CARTESIAN_POINT('Origin',(-65.9399999999999,-0.5,-96.41));
#6269=CARTESIAN_POINT('Origin',(-65.9399999999999,0.,-96.41));
#6270=CARTESIAN_POINT('',(-69.0449999999999,-2.5,-96.41));
#6271=CARTESIAN_POINT('Origin',(-65.9399999999999,-2.5,-96.41));
#6272=CARTESIAN_POINT('',(-69.0449999999999,0.,-96.41));
#6273=CARTESIAN_POINT('Origin',(65.9399999999999,-0.25,-96.41));
#6274=CARTESIAN_POINT('',(62.8349999999999,-0.5,-96.41));
#6275=CARTESIAN_POINT('',(62.5849999999999,-0.25,-96.41));
#6276=CARTESIAN_POINT('Origin',(65.9399999999999,-0.5,-96.41));
#6277=CARTESIAN_POINT('Origin',(65.9399999999999,0.,-96.41));
#6278=CARTESIAN_POINT('',(62.8349999999999,-2.5,-96.41));
#6279=CARTESIAN_POINT('Origin',(65.9399999999999,-2.5,-96.41));
#6280=CARTESIAN_POINT('',(62.8349999999999,0.,-96.41));
#6281=CARTESIAN_POINT('Origin',(0.,-100.15968248815,0.));
#6282=CARTESIAN_POINT('',(-55.8162580962361,-100.158103407608,-29.9161312800713));
#6283=CARTESIAN_POINT('',(-53.816292596025,-100.159682488175,-33.3802520938612));
#6284=CARTESIAN_POINT('Ctrl Pts',(-55.8162580962361,-100.158103407608,-29.9161312800713));
#6285=CARTESIAN_POINT('Ctrl Pts',(-55.810728790154,-99.9071660317723,-29.9131677090209));
#6286=CARTESIAN_POINT('Ctrl Pts',(-55.7811982648526,-99.6394923770214,-29.9542308018619));
#6287=CARTESIAN_POINT('Ctrl Pts',(-55.6735572380277,-99.1470891790259,-30.1279666369709));
#6288=CARTESIAN_POINT('Ctrl Pts',(-55.5953723436671,-98.9223611450856,-30.260597555071));
#6289=CARTESIAN_POINT('Ctrl Pts',(-55.4170028383937,-98.5675184482431,-30.5676632446148));
#6290=CARTESIAN_POINT('Ctrl Pts',(-55.3049158368704,-98.4137377762445,-30.7625593571623));
#6291=CARTESIAN_POINT('Ctrl Pts',(-55.0593753535893,-98.2098197819337,-31.1895614712326));
#6292=CARTESIAN_POINT('Ctrl Pts',(-54.9258478856818,-98.15968248815,-31.4216249376071));
#6293=CARTESIAN_POINT('Ctrl Pts',(-54.6748493669952,-98.15968248815,-31.8563671245967));
#6294=CARTESIAN_POINT('Ctrl Pts',(-54.5406402437784,-98.2098197819337,-32.0880370370949));
#6295=CARTESIAN_POINT('Ctrl Pts',(-54.2936158071644,-98.4137377762445,-32.5141823903091));
#6296=CARTESIAN_POINT('Ctrl Pts',(-54.1808743233611,-98.5675184482431,-32.7087006373359));
#6297=CARTESIAN_POINT('Ctrl Pts',(-54.0041323882223,-98.9223611450856,-33.0167060049351));
#6298=CARTESIAN_POINT('Ctrl Pts',(-53.9283630910006,-99.147089179026,-33.1507315686936));
#6299=CARTESIAN_POINT('Ctrl Pts',(-53.831723957661,-99.6394923770214,-33.3308193499679));
#6300=CARTESIAN_POINT('Ctrl Pts',(-53.8109275387534,-99.9071660317723,-33.3769250814866));
#6301=CARTESIAN_POINT('Ctrl Pts',(-53.8162699006097,-100.158629694525,-33.3802387506537));
#6302=CARTESIAN_POINT('Ctrl Pts',(-53.8162811927201,-100.15915605484,-33.3802455101601));
#6303=CARTESIAN_POINT('Ctrl Pts',(-53.816292596025,-100.1596824882,-33.3802520938612));
#6304=CARTESIAN_POINT('Ctrl Pts',(-53.816292596025,-100.1596824882,-33.3802520938612));
#6305=CARTESIAN_POINT('Ctrl Pts',(-53.8217264245938,-100.410535085387,-33.3833893162409));
#6306=CARTESIAN_POINT('Ctrl Pts',(-53.8539735342398,-100.677970160707,-33.3442016654531));
#6307=CARTESIAN_POINT('Ctrl Pts',(-53.9716451231073,-101.170550189015,-33.1769195751792));
#6308=CARTESIAN_POINT('Ctrl Pts',(-54.0571126393217,-101.39560914952,-33.0485874538021));
#6309=CARTESIAN_POINT('Ctrl Pts',(-54.2492441497521,-101.751021549883,-32.7494436385012));
#6310=CARTESIAN_POINT('Ctrl Pts',(-54.3686985050541,-101.905083223229,-32.5586933979764));
#6311=CARTESIAN_POINT('Ctrl Pts',(-54.6247571100384,-102.109415060968,-32.1373189879389));
#6312=CARTESIAN_POINT('Ctrl Pts',(-54.7612888992098,-102.15968248815,-31.9066494630186));
#6313=CARTESIAN_POINT('Ctrl Pts',(-55.0126134342241,-102.15968248815,-31.4713425991852));
#6314=CARTESIAN_POINT('Ctrl Pts',(-55.1441132080982,-102.109415060968,-31.2377678388785));
#6315=CARTESIAN_POINT('Ctrl Pts',(-55.3810048492033,-101.905083223229,-30.8053273770857));
#6316=CARTESIAN_POINT('Ctrl Pts',(-55.4864722256248,-101.751021549883,-30.6065017505391));
#6317=CARTESIAN_POINT('Ctrl Pts',(-55.6494726138451,-101.39560914952,-30.2905390739885));
#6318=CARTESIAN_POINT('Ctrl Pts',(-55.717877732972,-101.170550189015,-30.1523559730599));
#6319=CARTESIAN_POINT('Ctrl Pts',(-55.8040026589348,-100.677453844041,-29.9666138537882));
#6320=CARTESIAN_POINT('Ctrl Pts',(-55.8217955931404,-100.409412508831,-29.9190992411995));
#6321=CARTESIAN_POINT('Ctrl Pts',(-55.8162580962361,-100.158103407608,-29.9161312800713));
#6322=CARTESIAN_POINT('',(-57.2820202665121,-100.15968248815,-35.3811908973549));
#6323=CARTESIAN_POINT('',(1.,-100.15968248815,-1.73205080756888));
#6324=CARTESIAN_POINT('',(-59.2819878337975,-100.158197221815,-31.9170711940027));
#6325=CARTESIAN_POINT('Ctrl Pts',(-59.2819878337975,-100.158197221815,-31.9170711940027));
#6326=CARTESIAN_POINT('Ctrl Pts',(-59.2875194645876,-100.409493375766,-31.9200493912629));
#6327=CARTESIAN_POINT('Ctrl Pts',(-59.2696376641015,-100.677523063892,-31.9675215096527));
#6328=CARTESIAN_POINT('Ctrl Pts',(-59.1832003965683,-101.170599639172,-32.1530952635997));
#6329=CARTESIAN_POINT('Ctrl Pts',(-59.1145761289156,-101.395650151733,-32.2911552113574));
#6330=CARTESIAN_POINT('Ctrl Pts',(-58.9511661488436,-101.751047643253,-32.6068834431776));
#6331=CARTESIAN_POINT('Ctrl Pts',(-58.8454819684843,-101.905101103208,-32.8055821015104));
#6332=CARTESIAN_POINT('Ctrl Pts',(-58.6082889383142,-102.109419800923,-33.2378357161992));
#6333=CARTESIAN_POINT('Ctrl Pts',(-58.4767090926827,-102.15968248815,-33.4713529164562));
#6334=CARTESIAN_POINT('Ctrl Pts',(-58.2253964710267,-102.15968248815,-33.9066391457476));
#6335=CARTESIAN_POINT('Ctrl Pts',(-58.0889545661993,-102.109419800923,-34.1373492348191));
#6336=CARTESIAN_POINT('Ctrl Pts',(-57.8332084700862,-101.905101103208,-34.5588912318914));
#6337=CARTESIAN_POINT('Ctrl Pts',(-57.7139724744517,-101.751047643253,-34.7497657460271));
#6338=CARTESIAN_POINT('Ctrl Pts',(-57.5222487950395,-101.395650151733,-35.0491470559114));
#6339=CARTESIAN_POINT('Ctrl Pts',(-57.4369975068626,-101.170599639172,-35.1776073888937));
#6340=CARTESIAN_POINT('Ctrl Pts',(-57.3196202790973,-100.678008715382,-35.3450860161327));
#6341=CARTESIAN_POINT('Ctrl Pts',(-57.2874540898477,-100.410549280853,-35.3843281167204));
#6342=CARTESIAN_POINT('Ctrl Pts',(-57.2820202665121,-100.15968248815,-35.3811908973549));
#6343=CARTESIAN_POINT('Ctrl Pts',(-57.2820202665121,-100.15968248815,-35.3811908973549));
#6344=CARTESIAN_POINT('Ctrl Pts',(-57.2820095413907,-100.159187334619,-35.3811847052032));
#6345=CARTESIAN_POINT('Ctrl Pts',(-57.2819989143437,-100.158692245743,-35.3811783573451));
#6346=CARTESIAN_POINT('Ctrl Pts',(-57.2766507861859,-99.9072494856589,-35.3778749971305));
#6347=CARTESIAN_POINT('Ctrl Pts',(-57.2973576601158,-99.6395644177125,-35.3317275139768));
#6348=CARTESIAN_POINT('Ctrl Pts',(-57.393684901657,-99.1471379510529,-35.1514703077599));
#6349=CARTESIAN_POINT('Ctrl Pts',(-57.469236264857,-98.9223980621144,-35.0173195941212));
#6350=CARTESIAN_POINT('Ctrl Pts',(-57.6455717823547,-98.5675377221531,-34.7090746457349));
#6351=CARTESIAN_POINT('Ctrl Pts',(-57.7580974991629,-98.4137499085954,-34.5144279670735));
#6352=CARTESIAN_POINT('Ctrl Pts',(-58.0048202823112,-98.2098222903858,-34.0880970109295));
#6353=CARTESIAN_POINT('Ctrl Pts',(-58.1389478643822,-98.15968248815,-33.8563725246995));
#6354=CARTESIAN_POINT('Ctrl Pts',(-58.3899526185703,-98.15968248815,-33.4216195375043));
#6355=CARTESIAN_POINT('Ctrl Pts',(-58.5235681192889,-98.2098222903858,-33.1895994009676));
#6356=CARTESIAN_POINT('Ctrl Pts',(-58.7694201661552,-98.4137499085954,-32.7627657249968));
#6357=CARTESIAN_POINT('Ctrl Pts',(-58.8817262762341,-98.5675377221532,-32.5679922563312));
#6358=CARTESIAN_POINT('Ctrl Pts',(-59.060506473376,-98.9223980621144,-32.2611587443956));
#6359=CARTESIAN_POINT('Ctrl Pts',(-59.1389087177229,-99.1471379510529,-32.1286539877544));
#6360=CARTESIAN_POINT('Ctrl Pts',(-59.2468524167514,-99.6395644177125,-31.9551035463949));
#6361=CARTESIAN_POINT('Ctrl Pts',(-59.2764638725183,-99.9072494856589,-31.9140971259618));
#6362=CARTESIAN_POINT('Ctrl Pts',(-59.2819878337975,-100.158197221815,-31.9170711940027));
#6363=CARTESIAN_POINT('Origin',(0.,-100.15968248815,0.));
#6364=CARTESIAN_POINT('',(53.81625871961,-100.158103407608,-33.3802318154937));
#6365=CARTESIAN_POINT('',(55.816292596025,-100.159682488175,-29.9161504787234));
#6366=CARTESIAN_POINT('Ctrl Pts',(53.81625871961,-100.158103407608,-33.3802318154937));
#6367=CARTESIAN_POINT('Ctrl Pts',(53.8109275387534,-99.9071660317723,-33.3769250814866));
#6368=CARTESIAN_POINT('Ctrl Pts',(53.831723957661,-99.6394923770214,-33.3308193499678));
#6369=CARTESIAN_POINT('Ctrl Pts',(53.9283630910007,-99.1470891790259,-33.1507315686936));
#6370=CARTESIAN_POINT('Ctrl Pts',(54.0041323882223,-98.9223611450856,-33.016706004935));
#6371=CARTESIAN_POINT('Ctrl Pts',(54.1808743233612,-98.5675184482431,-32.7087006373359));
#6372=CARTESIAN_POINT('Ctrl Pts',(54.2936158071644,-98.4137377762445,-32.514182390309));
#6373=CARTESIAN_POINT('Ctrl Pts',(54.5406402437784,-98.2098197819337,-32.0880370370949));
#6374=CARTESIAN_POINT('Ctrl Pts',(54.6748493669952,-98.15968248815,-31.8563671245967));
#6375=CARTESIAN_POINT('Ctrl Pts',(54.9258478856818,-98.15968248815,-31.421624937607));
#6376=CARTESIAN_POINT('Ctrl Pts',(55.0593753535894,-98.2098197819337,-31.1895614712325));
#6377=CARTESIAN_POINT('Ctrl Pts',(55.3049158368705,-98.4137377762445,-30.7625593571622));
#6378=CARTESIAN_POINT('Ctrl Pts',(55.4170028383937,-98.5675184482431,-30.5676632446148));
#6379=CARTESIAN_POINT('Ctrl Pts',(55.5953723436671,-98.9223611450856,-30.260597555071));
#6380=CARTESIAN_POINT('Ctrl Pts',(55.6735572380277,-99.1470891790259,-30.1279666369709));
#6381=CARTESIAN_POINT('Ctrl Pts',(55.7811982648526,-99.6394923770214,-29.9542308018619));
#6382=CARTESIAN_POINT('Ctrl Pts',(55.8107287901541,-99.9071660317723,-29.9131677090208));
#6383=CARTESIAN_POINT('Ctrl Pts',(55.8162696927607,-100.158629694525,-29.9161374955211));
#6384=CARTESIAN_POINT('Ctrl Pts',(55.8162811927202,-100.15915605484,-29.9161438950223));
#6385=CARTESIAN_POINT('Ctrl Pts',(55.816292596025,-100.1596824882,-29.9161504787234));
#6386=CARTESIAN_POINT('Ctrl Pts',(55.816292596025,-100.1596824882,-29.9161504787234));
#6387=CARTESIAN_POINT('Ctrl Pts',(55.8217264245875,-100.410535085387,-29.919287701114));
#6388=CARTESIAN_POINT('Ctrl Pts',(55.8039124783136,-100.677970160707,-29.96680834266));
#6389=CARTESIAN_POINT('Ctrl Pts',(55.717877732972,-101.170550189015,-30.1523559730599));
#6390=CARTESIAN_POINT('Ctrl Pts',(55.6494726138451,-101.39560914952,-30.2905390739884));
#6391=CARTESIAN_POINT('Ctrl Pts',(55.4864722256248,-101.751021549883,-30.6065017505391));
#6392=CARTESIAN_POINT('Ctrl Pts',(55.3810048492033,-101.905083223229,-30.8053273770857));
#6393=CARTESIAN_POINT('Ctrl Pts',(55.1441132080983,-102.109415060968,-31.2377678388784));
#6394=CARTESIAN_POINT('Ctrl Pts',(55.0126134342241,-102.15968248815,-31.4713425991852));
#6395=CARTESIAN_POINT('Ctrl Pts',(54.7612888992098,-102.15968248815,-31.9066494630186));
#6396=CARTESIAN_POINT('Ctrl Pts',(54.6247571100384,-102.109415060968,-32.1373189879389));
#6397=CARTESIAN_POINT('Ctrl Pts',(54.3686985050541,-101.905083223229,-32.5586933979764));
#6398=CARTESIAN_POINT('Ctrl Pts',(54.2492441497521,-101.751021549883,-32.7494436385012));
#6399=CARTESIAN_POINT('Ctrl Pts',(54.0571126393217,-101.39560914952,-33.048587453802));
#6400=CARTESIAN_POINT('Ctrl Pts',(53.9716451231073,-101.170550189015,-33.1769195751791));
#6401=CARTESIAN_POINT('Ctrl Pts',(53.8538501922467,-100.677453844041,-33.3443770085978));
#6402=CARTESIAN_POINT('Ctrl Pts',(53.8215977977966,-100.409412508831,-33.383543447922));
#6403=CARTESIAN_POINT('Ctrl Pts',(53.81625871961,-100.158103407608,-33.3802318154937));
#6404=CARTESIAN_POINT('',(59.2820202665121,-100.15968248815,-31.9170892822171));
#6405=CARTESIAN_POINT('',(1.,-100.15968248815,1.73205080756888));
#6406=CARTESIAN_POINT('',(57.2819883853016,-100.158197221815,-35.3811718539073));
#6407=CARTESIAN_POINT('Ctrl Pts',(57.2819883853016,-100.158197221815,-35.3811718539073));
#6408=CARTESIAN_POINT('Ctrl Pts',(57.2873333951815,-100.409493375766,-35.3844732880658));
#6409=CARTESIAN_POINT('Ctrl Pts',(57.3195045554354,-100.677523063892,-35.3452511353845));
#6410=CARTESIAN_POINT('Ctrl Pts',(57.4369975068626,-101.170599639172,-35.1776073888936));
#6411=CARTESIAN_POINT('Ctrl Pts',(57.5222487950396,-101.395650151733,-35.0491470559114));
#6412=CARTESIAN_POINT('Ctrl Pts',(57.7139724744518,-101.751047643253,-34.749765746027));
#6413=CARTESIAN_POINT('Ctrl Pts',(57.8332084700862,-101.905101103208,-34.5588912318914));
#6414=CARTESIAN_POINT('Ctrl Pts',(58.0889545661993,-102.109419800923,-34.1373492348191));
#6415=CARTESIAN_POINT('Ctrl Pts',(58.2253964710267,-102.15968248815,-33.9066391457476));
#6416=CARTESIAN_POINT('Ctrl Pts',(58.4767090926827,-102.15968248815,-33.4713529164561));
#6417=CARTESIAN_POINT('Ctrl Pts',(58.6082889383143,-102.109419800923,-33.2378357161991));
#6418=CARTESIAN_POINT('Ctrl Pts',(58.8454819684844,-101.905101103208,-32.8055821015103));
#6419=CARTESIAN_POINT('Ctrl Pts',(58.9511661488436,-101.751047643253,-32.6068834431775));
#6420=CARTESIAN_POINT('Ctrl Pts',(59.1145761289156,-101.395650151733,-32.2911552113574));
#6421=CARTESIAN_POINT('Ctrl Pts',(59.1832003965683,-101.170599639172,-32.1530952635996));
#6422=CARTESIAN_POINT('Ctrl Pts',(59.2695525284657,-100.678008715382,-31.9677042889096));
#6423=CARTESIAN_POINT('Ctrl Pts',(59.2874540898477,-100.410549280853,-31.9202265015826));
#6424=CARTESIAN_POINT('Ctrl Pts',(59.2820202665121,-100.15968248815,-31.9170892822171));
#6425=CARTESIAN_POINT('Ctrl Pts',(59.2820202665121,-100.15968248815,-31.9170892822171));
#6426=CARTESIAN_POINT('Ctrl Pts',(59.2820095413907,-100.159187334619,-31.9170830900654));
#6427=CARTESIAN_POINT('Ctrl Pts',(59.2819987304609,-100.158692245743,-31.9170770607017));
#6428=CARTESIAN_POINT('Ctrl Pts',(59.2764638725183,-99.9072494856589,-31.9140971259617));
#6429=CARTESIAN_POINT('Ctrl Pts',(59.2468524167514,-99.6395644177125,-31.9551035463949));
#6430=CARTESIAN_POINT('Ctrl Pts',(59.1389087177229,-99.1471379510528,-32.1286539877544));
#6431=CARTESIAN_POINT('Ctrl Pts',(59.060506473376,-98.9223980621144,-32.2611587443955));
#6432=CARTESIAN_POINT('Ctrl Pts',(58.8817262762341,-98.5675377221532,-32.5679922563311));
#6433=CARTESIAN_POINT('Ctrl Pts',(58.7694201661552,-98.4137499085954,-32.7627657249968));
#6434=CARTESIAN_POINT('Ctrl Pts',(58.5235681192889,-98.2098222903858,-33.1895994009676));
#6435=CARTESIAN_POINT('Ctrl Pts',(58.3899526185703,-98.15968248815,-33.4216195375043));
#6436=CARTESIAN_POINT('Ctrl Pts',(58.1389478643822,-98.15968248815,-33.8563725246994));
#6437=CARTESIAN_POINT('Ctrl Pts',(58.0048202823112,-98.2098222903858,-34.0880970109295));
#6438=CARTESIAN_POINT('Ctrl Pts',(57.7580974991629,-98.4137499085954,-34.5144279670735));
#6439=CARTESIAN_POINT('Ctrl Pts',(57.6455717823547,-98.5675377221532,-34.7090746457348));
#6440=CARTESIAN_POINT('Ctrl Pts',(57.469236264857,-98.9223980621144,-35.0173195941211));
#6441=CARTESIAN_POINT('Ctrl Pts',(57.393684901657,-99.1471379510529,-35.1514703077599));
#6442=CARTESIAN_POINT('Ctrl Pts',(57.2973576601159,-99.6395644177125,-35.3317275139767));
#6443=CARTESIAN_POINT('Ctrl Pts',(57.276650786186,-99.9072494856589,-35.3778749971305));
#6444=CARTESIAN_POINT('Ctrl Pts',(57.2819883853016,-100.158197221815,-35.3811718539073));
#6445=CARTESIAN_POINT('Origin',(0.,-100.15968248815,0.));
#6446=CARTESIAN_POINT('',(1.99999937662606,-100.158103407608,63.2963630955649));
#6447=CARTESIAN_POINT('',(-2.,-100.159682488175,63.2964025725846));
#6448=CARTESIAN_POINT('Ctrl Pts',(1.99999937662606,-100.158103407608,63.2963630955649));
#6449=CARTESIAN_POINT('Ctrl Pts',(1.99980125140064,-99.9071660317723,63.2900927905074));
#6450=CARTESIAN_POINT('Ctrl Pts',(1.94947430719159,-99.6394923770214,63.2850501518297));
#6451=CARTESIAN_POINT('Ctrl Pts',(1.74519414702708,-99.1470891790259,63.2786982056645));
#6452=CARTESIAN_POINT('Ctrl Pts',(1.59123995544482,-98.9223611450856,63.277303560006));
#6453=CARTESIAN_POINT('Ctrl Pts',(1.23612851503258,-98.5675184482431,63.2763638819507));
#6454=CARTESIAN_POINT('Ctrl Pts',(1.01130002970605,-98.4137377762445,63.2767417474712));
#6455=CARTESIAN_POINT('Ctrl Pts',(0.518735109810932,-98.2098197819337,63.2775985083275));
#6456=CARTESIAN_POINT('Ctrl Pts',(0.250998518686565,-98.15968248815,63.2779920622038));
#6457=CARTESIAN_POINT('Ctrl Pts',(-0.250998518686566,-98.15968248815,63.2779920622038));
#6458=CARTESIAN_POINT('Ctrl Pts',(-0.518735109810928,-98.2098197819337,
63.2775985083275));
#6459=CARTESIAN_POINT('Ctrl Pts',(-1.01130002970605,-98.4137377762445,63.2767417474712));
#6460=CARTESIAN_POINT('Ctrl Pts',(-1.23612851503258,-98.5675184482431,63.2763638819507));
#6461=CARTESIAN_POINT('Ctrl Pts',(-1.59123995544482,-98.9223611450856,63.277303560006));
#6462=CARTESIAN_POINT('Ctrl Pts',(-1.74519414702707,-99.1470891790259,63.2786982056645));
#6463=CARTESIAN_POINT('Ctrl Pts',(-1.94947430719159,-99.6394923770214,63.2850501518297));
#6464=CARTESIAN_POINT('Ctrl Pts',(-1.99980125140065,-99.9071660317723,63.2900927905074));
#6465=CARTESIAN_POINT('Ctrl Pts',(-1.99999979215091,-100.158629694525,63.2963762461747));
#6466=CARTESIAN_POINT('Ctrl Pts',(-2.00000000000001,-100.15915605484,63.2963894051824));
#6467=CARTESIAN_POINT('Ctrl Pts',(-2.,-100.1596824882,63.2964025725846));
#6468=CARTESIAN_POINT('Ctrl Pts',(-2.,-100.1596824882,63.2964025725846));
#6469=CARTESIAN_POINT('Ctrl Pts',(-1.99999999999368,-100.410535085387,63.3026770173549));
#6470=CARTESIAN_POINT('Ctrl Pts',(-1.94993894407384,-100.677970160707,63.3110100081131));
#6471=CARTESIAN_POINT('Ctrl Pts',(-1.74623260986469,-101.170550189015,63.329275548239));
#6472=CARTESIAN_POINT('Ctrl Pts',(-1.59235997452341,-101.39560914952,63.3391265277905));
#6473=CARTESIAN_POINT('Ctrl Pts',(-1.23722807587262,-101.751021549883,63.3559453890403));
#6474=CARTESIAN_POINT('Ctrl Pts',(-1.0123063441492,-101.905083223229,63.3640207750621));
#6475=CARTESIAN_POINT('Ctrl Pts',(-0.519356098059858,-102.109415060968,
63.3750868268173));
#6476=CARTESIAN_POINT('Ctrl Pts',(-0.251324535014313,-102.15968248815,63.3779920622037));
#6477=CARTESIAN_POINT('Ctrl Pts',(0.251324535014312,-102.15968248815,63.3779920622037));
#6478=CARTESIAN_POINT('Ctrl Pts',(0.519356098059856,-102.109415060968,63.3750868268173));
#6479=CARTESIAN_POINT('Ctrl Pts',(1.01230634414919,-101.905083223229,63.3640207750621));
#6480=CARTESIAN_POINT('Ctrl Pts',(1.23722807587262,-101.751021549883,63.3559453890403));
#6481=CARTESIAN_POINT('Ctrl Pts',(1.59235997452341,-101.39560914952,63.3391265277905));
#6482=CARTESIAN_POINT('Ctrl Pts',(1.74623260986469,-101.170550189015,63.329275548239));
#6483=CARTESIAN_POINT('Ctrl Pts',(1.95015246668814,-100.677453844041,63.310990862386));
#6484=CARTESIAN_POINT('Ctrl Pts',(2.00019779534374,-100.409412508831,63.3026426891215));
#6485=CARTESIAN_POINT('Ctrl Pts',(1.99999937662606,-100.158103407608,63.2963630955649));
#6486=CARTESIAN_POINT('',(-2.,-100.15968248815,67.298280179572));
#6487=CARTESIAN_POINT('',(-2.,-100.15968248815,0.));
#6488=CARTESIAN_POINT('',(1.9999994484959,-100.158197221815,67.29824304791));
#6489=CARTESIAN_POINT('Ctrl Pts',(1.9999994484959,-100.158197221815,67.29824304791));
#6490=CARTESIAN_POINT('Ctrl Pts',(2.00018606940613,-100.409493375766,67.3045226793287));
#6491=CARTESIAN_POINT('Ctrl Pts',(1.95013310866607,-100.677523063892,67.3127726450372));
#6492=CARTESIAN_POINT('Ctrl Pts',(1.74620288970578,-101.170599639172,67.3307026524933));
#6493=CARTESIAN_POINT('Ctrl Pts',(1.59232733387604,-101.395650151733,67.3403022672688));
#6494=CARTESIAN_POINT('Ctrl Pts',(1.23719367439186,-101.751047643253,67.3566491892046));
#6495=CARTESIAN_POINT('Ctrl Pts',(1.01227349839812,-101.905101103208,67.3644733334018));
#6496=CARTESIAN_POINT('Ctrl Pts',(0.519334372114951,-102.109419800923,67.3751849510182));
#6497=CARTESIAN_POINT('Ctrl Pts',(0.251312621655956,-102.15968248815,67.3779920622037));
#6498=CARTESIAN_POINT('Ctrl Pts',(-0.251312621655956,-102.15968248815,67.3779920622037));
#6499=CARTESIAN_POINT('Ctrl Pts',(-0.519334372114947,-102.109419800923,
67.3751849510182));
#6500=CARTESIAN_POINT('Ctrl Pts',(-1.01227349839811,-101.905101103208,67.3644733334018));
#6501=CARTESIAN_POINT('Ctrl Pts',(-1.23719367439186,-101.751047643253,67.3566491892046));
#6502=CARTESIAN_POINT('Ctrl Pts',(-1.59232733387604,-101.395650151733,67.3403022672688));
#6503=CARTESIAN_POINT('Ctrl Pts',(-1.74620288970576,-101.170599639172,67.3307026524933));
#6504=CARTESIAN_POINT('Ctrl Pts',(-1.94993224936839,-100.678008715382,67.3127903050423));
#6505=CARTESIAN_POINT('Ctrl Pts',(-2.,-100.410549280853,67.3045546183031));
#6506=CARTESIAN_POINT('Ctrl Pts',(-2.,-100.15968248815,67.298280179572));
#6507=CARTESIAN_POINT('Ctrl Pts',(-2.,-100.15968248815,67.298280179572));
#6508=CARTESIAN_POINT('Ctrl Pts',(-2.,-100.159187334619,67.2982677952685));
#6509=CARTESIAN_POINT('Ctrl Pts',(-1.99999981611719,-100.158692245743,67.2982554180468));
#6510=CARTESIAN_POINT('Ctrl Pts',(-1.99981308633236,-99.9072494856589,67.2919721230922));
#6511=CARTESIAN_POINT('Ctrl Pts',(-1.94949475663553,-99.6395644177125,67.2868310603716));
#6512=CARTESIAN_POINT('Ctrl Pts',(-1.74522381606597,-99.1471379510529,67.2801242955143));
#6513=CARTESIAN_POINT('Ctrl Pts',(-1.59127020851899,-98.9223980621144,67.2784783385166));
#6514=CARTESIAN_POINT('Ctrl Pts',(-1.23615449387938,-98.5675377221532,67.277066902066));
#6515=CARTESIAN_POINT('Ctrl Pts',(-1.01132266699228,-98.4137499085954,67.2771936920703));
#6516=CARTESIAN_POINT('Ctrl Pts',(-0.518747836977726,-98.2098222903858,
67.2776964118971));
#6517=CARTESIAN_POINT('Ctrl Pts',(-0.251004754188094,-98.15968248815,67.2779920622038));
#6518=CARTESIAN_POINT('Ctrl Pts',(0.251004754188093,-98.15968248815,67.2779920622038));
#6519=CARTESIAN_POINT('Ctrl Pts',(0.518747836977724,-98.2098222903858,67.2776964118971));
#6520=CARTESIAN_POINT('Ctrl Pts',(1.01132266699228,-98.4137499085954,67.2771936920703));
#6521=CARTESIAN_POINT('Ctrl Pts',(1.23615449387938,-98.5675377221532,67.277066902066));
#6522=CARTESIAN_POINT('Ctrl Pts',(1.59127020851899,-98.9223980621144,67.2784783385166));
#6523=CARTESIAN_POINT('Ctrl Pts',(1.74522381606596,-99.1471379510529,67.2801242955143));
#6524=CARTESIAN_POINT('Ctrl Pts',(1.94949475663552,-99.6395644177125,67.2868310603716));
#6525=CARTESIAN_POINT('Ctrl Pts',(1.99981308633236,-99.9072494856589,67.2919721230922));
#6526=CARTESIAN_POINT('Ctrl Pts',(1.9999994484959,-100.158197221815,67.29824304791));
#6527=CARTESIAN_POINT('Origin',(73.9399999999999,-45.,-25.));
#6528=CARTESIAN_POINT('',(78.9399999999999,-50.,-25.));
#6529=CARTESIAN_POINT('Origin',(78.9399999999999,-45.,-25.));
#6530=CARTESIAN_POINT('',(73.9399999999999,-50.,-25.));
#6531=CARTESIAN_POINT('Origin',(73.9399999999999,-50.,30.));
#6532=CARTESIAN_POINT('',(78.9399999999999,-50.,25.));
#6533=CARTESIAN_POINT('',(78.9399999999999,-50.,-30.));
#6534=CARTESIAN_POINT('',(73.9399999999999,-50.,25.));
#6535=CARTESIAN_POINT('Origin',(78.9399999999999,0.,0.));
#6536=CARTESIAN_POINT('',(78.9399999999999,-0.5,10.2377976147216));
#6537=CARTESIAN_POINT('Origin',(78.9399999999999,0.,0.));
#6538=CARTESIAN_POINT('',(78.9399999999999,-0.499999999999998,30.));
#6539=CARTESIAN_POINT('',(78.9399999999999,-0.5,0.));
#6540=CARTESIAN_POINT('',(78.9399999999999,-45.,30.));
#6541=CARTESIAN_POINT('',(78.9399999999999,-50.,30.));
#6542=CARTESIAN_POINT('Origin',(78.9399999999999,-45.,25.));
#6543=CARTESIAN_POINT('',(78.9399999999999,-48.105,25.));
#6544=CARTESIAN_POINT('Origin',(78.9399999999999,-45.,25.));
#6545=CARTESIAN_POINT('',(78.9399999999999,-48.105,-25.));
#6546=CARTESIAN_POINT('Origin',(78.9399999999999,-45.,-25.));
#6547=CARTESIAN_POINT('Origin',(73.9399999999999,-45.,25.));
#6548=CARTESIAN_POINT('',(73.9399999999999,-45.,30.));
#6549=CARTESIAN_POINT('Origin',(73.9399999999999,50.,30.));
#6550=CARTESIAN_POINT('',(38.2199999999999,-0.499999999999998,30.));
#6551=CARTESIAN_POINT('Origin',(65.9399999999999,-0.25,96.41));
#6552=CARTESIAN_POINT('',(62.3349999999999,0.,96.41));
#6553=CARTESIAN_POINT('Origin',(65.9399999999999,0.,96.41));
#6554=CARTESIAN_POINT('',(62.8349999999999,-0.5,96.41));
#6555=CARTESIAN_POINT('',(62.5849999999999,-0.25,96.41));
#6556=CARTESIAN_POINT('Origin',(65.9399999999999,-0.5,96.41));
#6557=CARTESIAN_POINT('Origin',(2.5,0.,0.));
#6558=CARTESIAN_POINT('',(-73.4399999999999,0.,10.75));
#6559=CARTESIAN_POINT('',(-70.4399999999999,0.,10.75));
#6560=CARTESIAN_POINT('',(73.9399999999999,0.,10.75));
#6561=CARTESIAN_POINT('',(-73.4399999999999,0.,99.41));
#6562=CARTESIAN_POINT('',(-73.4399999999999,0.,52.205));
#6563=CARTESIAN_POINT('',(-68.9399999999999,0.,103.91));
#6564=CARTESIAN_POINT('Origin',(-68.9399999999999,0.,99.41));
#6565=CARTESIAN_POINT('',(68.9399999999999,0.,103.91));
#6566=CARTESIAN_POINT('',(-35.7199999999999,0.,103.91));
#6567=CARTESIAN_POINT('',(73.4399999999999,0.,99.41));
#6568=CARTESIAN_POINT('Origin',(68.9399999999999,0.,99.41));
#6569=CARTESIAN_POINT('',(73.4399999999999,0.,29.5));
#6570=CARTESIAN_POINT('',(73.4399999999999,0.,-52.205));
#6571=CARTESIAN_POINT('',(78.4399999999999,0.,29.5));
#6572=CARTESIAN_POINT('',(38.2199999999999,0.,29.5));
#6573=CARTESIAN_POINT('',(78.4399999999999,0.,10.75));
#6574=CARTESIAN_POINT('',(78.4399999999999,0.,0.));
#6575=CARTESIAN_POINT('',(70.4399999999999,0.,10.75));
#6576=CARTESIAN_POINT('',(73.9399999999999,0.,10.75));
#6577=CARTESIAN_POINT('',(70.4399999999999,0.,65.0917391072018));
#6578=CARTESIAN_POINT('',(70.4399999999999,0.,-32.4478986222529));
#6579=CARTESIAN_POINT('',(-70.4399999999999,0.,65.0917391072018));
#6580=CARTESIAN_POINT('Origin',(0.,0.,0.));
#6581=CARTESIAN_POINT('',(-70.4399999999999,0.,32.4478986222529));
#6582=CARTESIAN_POINT('',(-69.5449999999999,0.,96.41));
#6583=CARTESIAN_POINT('Origin',(-65.9399999999999,0.,96.41));
#6584=CARTESIAN_POINT('Origin',(65.9399999999999,0.,96.41));
#6585=CARTESIAN_POINT('',(62.8349999999999,-2.5,96.41));
#6586=CARTESIAN_POINT('Origin',(65.9399999999999,-2.5,96.41));
#6587=CARTESIAN_POINT('',(62.8349999999999,0.,96.41));
#6588=CARTESIAN_POINT('Origin',(-65.9399999999999,-0.25,96.41));
#6589=CARTESIAN_POINT('',(-69.0449999999999,-0.5,96.41));
#6590=CARTESIAN_POINT('',(-69.2949999999999,-0.25,96.41));
#6591=CARTESIAN_POINT('Origin',(-65.9399999999999,-0.5,96.41));
#6592=CARTESIAN_POINT('Origin',(-65.9399999999999,0.,96.41));
#6593=CARTESIAN_POINT('',(-69.0449999999999,-2.5,96.41));
#6594=CARTESIAN_POINT('Origin',(-65.9399999999999,-2.5,96.41));
#6595=CARTESIAN_POINT('',(-69.0449999999999,0.,96.41));
#6596=CARTESIAN_POINT('Origin',(73.9399999999999,-0.249925628438039,10.4939024390244));
#6597=CARTESIAN_POINT('',(78.939851256876,-0.499851256876078,10.2378048780488));
#6598=CARTESIAN_POINT('',(78.4399999999999,0.,10.75));
#6599=CARTESIAN_POINT('',(69.9401487431238,-0.499851256876078,10.2378048780488));
#6600=CARTESIAN_POINT('',(73.9399999999999,-0.499851256876078,10.2378048780488));
#6601=CARTESIAN_POINT('',(69.9401487431238,-0.499851256876078,10.2378048780488));
#6602=CARTESIAN_POINT('Origin',(78.6899999999999,-0.25,0.));
#6603=CARTESIAN_POINT('',(78.4399999999999,0.,29.5));
#6604=CARTESIAN_POINT('Origin',(78.4399999999999,0.,0.));
#6605=CARTESIAN_POINT('Origin',(73.9399999999999,-0.249925628438039,10.4939024390244));
#6606=CARTESIAN_POINT('',(-73.939851256876,-0.499851256876078,10.2378048780488));
#6607=CARTESIAN_POINT('',(-70.4399999999999,0.,10.75));
#6608=CARTESIAN_POINT('Origin',(-73.6899999999999,-0.25,52.205));
#6609=CARTESIAN_POINT('',(-73.9399999999999,-0.5,99.41));
#6610=CARTESIAN_POINT('Origin',(-68.9399999999999,-0.25,99.41));
#6611=CARTESIAN_POINT('',(-68.9399999999999,-0.5,104.41));
#6612=CARTESIAN_POINT('',(-68.9399999999999,-0.5,104.41));
#6613=CARTESIAN_POINT('Origin',(-68.9399999999999,-0.5,99.41));
#6614=CARTESIAN_POINT('Origin',(-35.7199999999999,-0.25,104.16));
#6615=CARTESIAN_POINT('',(68.9399999999999,-0.5,104.41));
#6616=CARTESIAN_POINT('',(68.9399999999999,-0.5,104.41));
#6617=CARTESIAN_POINT('',(-35.7199999999999,-0.5,104.41));
#6618=CARTESIAN_POINT('Origin',(68.9399999999999,-0.25,99.41));
#6619=CARTESIAN_POINT('',(73.9399999999999,-0.5,99.41));
#6620=CARTESIAN_POINT('Origin',(68.9399999999999,-0.5,99.41));
#6621=CARTESIAN_POINT('Origin',(73.6899999999999,-0.25,-52.205));
#6622=CARTESIAN_POINT('',(73.9399999999999,-0.499999999999998,30.));
#6623=CARTESIAN_POINT('Origin',(38.2199999999999,-0.249999999999999,29.75));
#6624=CARTESIAN_POINT('Origin',(-70.1899999999999,-0.25,32.4478986222529));
#6625=CARTESIAN_POINT('',(-69.9399999999999,-0.5,64.8938710511248));
#6626=CARTESIAN_POINT('',(-69.9399999999999,-0.5,32.4478986222529));
#6627=CARTESIAN_POINT('Ctrl Pts',(-70.4399999999999,1.07552855510562E-15,
65.0917391072018));
#6628=CARTESIAN_POINT('Ctrl Pts',(-70.2771206091216,-0.162879390878317,
65.0273757155678));
#6629=CARTESIAN_POINT('Ctrl Pts',(-70.1085108602356,-0.331489139764269,
64.9606534721829));
#6630=CARTESIAN_POINT('Ctrl Pts',(-69.9400012606145,-0.499998739385375,
64.89386903376));
#6631=CARTESIAN_POINT('Origin',(0.,-0.249999141771398,0.));
#6632=CARTESIAN_POINT('',(69.9399999999999,-0.499998283542796,64.8938710643499));
#6633=CARTESIAN_POINT('Origin',(0.,-0.499998283542796,0.));
#6634=CARTESIAN_POINT('Ctrl Pts',(69.9400012606145,-0.499998739385378,64.8938690337599));
#6635=CARTESIAN_POINT('Ctrl Pts',(70.1085108602506,-0.331489139749288,64.9606534721888));
#6636=CARTESIAN_POINT('Ctrl Pts',(70.2771206091526,-0.162879390847248,65.0273757155801));
#6637=CARTESIAN_POINT('Ctrl Pts',(70.4399999999999,-1.70002900645727E-15,
65.0917391072018));
#6638=CARTESIAN_POINT('Origin',(70.1899999999999,-0.25,-32.4478986222529));
#6639=CARTESIAN_POINT('',(69.9399999999999,-0.5,10.2377976147216));
#6640=CARTESIAN_POINT('Origin',(70.4399999999999,0.,0.));
#6641=CARTESIAN_POINT('',(69.9399999999999,-0.5,-32.4478986222529));
#6642=CARTESIAN_POINT('Origin',(68.9399999999999,0.,99.41));
#6643=CARTESIAN_POINT('',(68.9399999999999,-5.,104.41));
#6644=CARTESIAN_POINT('',(68.9399999999999,0.,104.41));
#6645=CARTESIAN_POINT('Origin',(68.9399999999999,-5.,99.41));
#6646=CARTESIAN_POINT('Origin',(-73.9399999999999,0.,104.41));
#6647=CARTESIAN_POINT('',(-68.9399999999999,-5.,104.41));
#6648=CARTESIAN_POINT('',(-68.9399999999999,0.,104.41));
#6649=CARTESIAN_POINT('',(108.91,-5.,104.41));
#6650=CARTESIAN_POINT('Origin',(-68.9399999999999,0.,99.41));
#6651=CARTESIAN_POINT('Origin',(-68.9399999999999,-5.,99.41));
#6652=CARTESIAN_POINT('Origin',(-71.9399999999999,-62.94,0.));
#6653=CARTESIAN_POINT('',(-69.9399999999999,-62.94,-15.8120492030607));
#6654=CARTESIAN_POINT('',(-69.9399999999999,-62.94,15.8120492030607));
#6655=CARTESIAN_POINT('Origin',(0.,-62.94,0.));
#6656=CARTESIAN_POINT('',(-69.9399999999999,-62.94,104.41));
#6657=CARTESIAN_POINT('Origin',(71.9399999999999,-62.94,-8.88178419700125E-15));
#6658=CARTESIAN_POINT('',(69.9399999999999,-62.94,15.8120492030607));
#6659=CARTESIAN_POINT('',(69.9399999999999,-62.94,-15.8120492030607));
#6660=CARTESIAN_POINT('Origin',(0.,-62.94,0.));
#6661=CARTESIAN_POINT('',(69.9399999999999,-62.94,104.41));
#6662=CARTESIAN_POINT('Origin',(0.,0.,0.));
#6663=CARTESIAN_POINT('Origin',(0.,-5.,0.));
#6664=CARTESIAN_POINT('Origin',(0.,-5.,0.));
#6665=CARTESIAN_POINT('',(-66.94,-80.1279258436158,8.19778567349238E-15));
#6666=CARTESIAN_POINT('Origin',(0.,-80.1279258436158,0.));
#6667=CARTESIAN_POINT('Origin',(0.,-69.64,0.));
#6668=CARTESIAN_POINT('',(-66.94,-84.64,8.19778567349238E-15));
#6669=CARTESIAN_POINT('',(66.94,-84.64,-8.19778567349238E-15));
#6670=CARTESIAN_POINT('Origin',(0.,-84.64,0.));
#6671=CARTESIAN_POINT('',(-66.94,-69.64,-8.19778567349238E-15));
#6672=CARTESIAN_POINT('Origin',(0.,-84.64,0.));
#6673=CARTESIAN_POINT('Origin',(0.,-69.64,0.));
#6674=CARTESIAN_POINT('',(-62.94,-84.64,7.70792695383344E-15));
#6675=CARTESIAN_POINT('',(62.94,-84.64,-7.70792695383344E-15));
#6676=CARTESIAN_POINT('Origin',(0.,-84.64,0.));
#6677=CARTESIAN_POINT('',(-62.94,-73.833884803009,-7.70792695383344E-15));
#6678=CARTESIAN_POINT('',(-62.94,-69.64,-7.70792695383344E-15));
#6679=CARTESIAN_POINT('',(62.94,-73.833884803009,3.85396347691672E-15));
#6680=CARTESIAN_POINT('Origin',(0.,-73.833884803009,0.));
#6681=CARTESIAN_POINT('Origin',(0.,-73.833884803009,0.));
#6682=CARTESIAN_POINT('Origin',(0.,-84.64,0.));
#6683=CARTESIAN_POINT('Origin',(0.,-73.833884803009,0.));
#6684=CARTESIAN_POINT('',(65.2176241517582,-69.64,3.99342773327229E-15));
#6685=CARTESIAN_POINT('Origin',(67.94,-73.833884803009,4.16012517670356E-15));
#6686=CARTESIAN_POINT('Origin',(0.,-69.64,0.));
#6687=CARTESIAN_POINT('Origin',(73.9399999999999,0.,0.));
#6688=CARTESIAN_POINT('Origin',(69.9399999999999,0.,0.));
#6689=CARTESIAN_POINT('Origin',(0.,-114.64,0.));
#6690=CARTESIAN_POINT('',(67.69,-114.64,-8.28963418342843E-15));
#6691=CARTESIAN_POINT('',(67.69,-114.64,-8.28963418342843E-15));
#6692=CARTESIAN_POINT('Origin',(0.,-114.64,0.));
#6693=CARTESIAN_POINT('Origin',(0.,-114.64,0.));
#6694=CARTESIAN_POINT('',(63.69,-114.64,-7.79977546376949E-15));
#6695=CARTESIAN_POINT('Origin',(0.,-114.64,0.));
#6696=CARTESIAN_POINT('Origin',(0.,-114.64,0.));
#6697=CARTESIAN_POINT('',(63.69,-114.64,-7.79977546376949E-15));
#6698=CARTESIAN_POINT('Origin',(-65.9399999999999,-3.75,-96.41));
#6699=CARTESIAN_POINT('',(-71.5449999999999,-5.,-96.41));
#6700=CARTESIAN_POINT('Origin',(-65.9399999999999,-5.,-96.41));
#6701=CARTESIAN_POINT('',(-70.2949999999999,-3.75,-96.41));
#6702=CARTESIAN_POINT('Origin',(0.,-5.,-87.6333943327948));
#6703=CARTESIAN_POINT('',(60.3349999999999,-5.,-96.41));
#6704=CARTESIAN_POINT('Origin',(65.9399999999999,-5.,-96.41));
#6705=CARTESIAN_POINT('Origin',(65.9399999999999,-3.75,-96.41));
#6706=CARTESIAN_POINT('',(61.5849999999999,-3.75,-96.41));
#6707=CARTESIAN_POINT('Origin',(-65.9399999999999,-3.75,96.41));
#6708=CARTESIAN_POINT('',(-71.5449999999999,-5.,96.41));
#6709=CARTESIAN_POINT('Origin',(-65.9399999999999,-5.,96.41));
#6710=CARTESIAN_POINT('',(-70.2949999999999,-3.75,96.41));
#6711=CARTESIAN_POINT('Origin',(-1.77635683940025E-14,-5.,87.6333943327948));
#6712=CARTESIAN_POINT('',(60.3349999999999,-5.,96.41));
#6713=CARTESIAN_POINT('Origin',(65.9399999999999,-5.,96.41));
#6714=CARTESIAN_POINT('Origin',(65.9399999999999,-3.75,96.41));
#6715=CARTESIAN_POINT('',(61.5849999999999,-3.75,96.41));
#6716=CARTESIAN_POINT('Origin',(73.9399999999999,0.,-104.41));
#6717=CARTESIAN_POINT('',(73.9399999999999,-48.105,25.));
#6718=CARTESIAN_POINT('Origin',(73.9399999999999,-45.,25.));
#6719=CARTESIAN_POINT('Origin',(73.9399999999999,0.,-104.41));
#6720=CARTESIAN_POINT('',(73.9399999999999,-48.105,-25.));
#6721=CARTESIAN_POINT('Origin',(73.9399999999999,-45.,-25.));
#6722=CARTESIAN_POINT('Origin',(73.9399999999999,-45.,-25.));
#6723=CARTESIAN_POINT('',(73.9399999999999,-48.105,-25.));
#6724=CARTESIAN_POINT('Origin',(73.9399999999999,-45.,25.));
#6725=CARTESIAN_POINT('',(73.9399999999999,-48.105,25.));
#6726=CARTESIAN_POINT('Origin',(-69.9399999999999,0.,64.8957972445058));
#6727=CARTESIAN_POINT('Origin',(-69.9399999999999,0.,0.));
#6728=CARTESIAN_POINT('Origin',(-69.9399999999999,0.,0.));
#6729=CARTESIAN_POINT('Origin',(0.,0.,0.));
#6730=CARTESIAN_POINT('Origin',(69.9399999999999,0.,0.));
#6731=CARTESIAN_POINT('Origin',(69.9399999999999,0.,0.));
#6732=CARTESIAN_POINT('Origin',(69.9399999999999,0.,-64.8957972445059));
#6733=CARTESIAN_POINT('Origin',(73.9399999999999,45.,-25.));
#6734=CARTESIAN_POINT('',(78.9399999999999,50.,-25.));
#6735=CARTESIAN_POINT('',(78.9399999999999,45.,-30.));
#6736=CARTESIAN_POINT('Origin',(78.9399999999999,45.,-25.));
#6737=CARTESIAN_POINT('',(73.9399999999999,45.,-30.));
#6738=CARTESIAN_POINT('',(73.9399999999999,45.,-30.));
#6739=CARTESIAN_POINT('',(73.9399999999999,50.,-25.));
#6740=CARTESIAN_POINT('Origin',(73.9399999999999,45.,-25.));
#6741=CARTESIAN_POINT('',(73.9399999999999,50.,-25.));
#6742=CARTESIAN_POINT('Origin',(78.9399999999999,0.,0.));
#6743=CARTESIAN_POINT('',(78.9399999999999,50.,25.));
#6744=CARTESIAN_POINT('',(78.9399999999999,50.,30.));
#6745=CARTESIAN_POINT('',(78.9399999999999,45.,30.));
#6746=CARTESIAN_POINT('Origin',(78.9399999999999,45.,25.));
#6747=CARTESIAN_POINT('',(78.9399999999999,0.499999999999998,30.));
#6748=CARTESIAN_POINT('',(78.9399999999999,-50.,30.));
#6749=CARTESIAN_POINT('',(78.9399999999999,0.5,10.2377976147216));
#6750=CARTESIAN_POINT('',(78.9399999999999,0.5,0.));
#6751=CARTESIAN_POINT('',(78.9399999999999,0.5,-10.2377976147216));
#6752=CARTESIAN_POINT('Origin',(78.9399999999999,0.,0.));
#6753=CARTESIAN_POINT('',(78.9399999999999,0.499999999999998,-30.));
#6754=CARTESIAN_POINT('',(78.9399999999999,0.5,0.));
#6755=CARTESIAN_POINT('',(78.9399999999999,50.,-30.));
#6756=CARTESIAN_POINT('',(78.9399999999999,41.895,-25.));
#6757=CARTESIAN_POINT('Origin',(78.9399999999999,45.,-25.));
#6758=CARTESIAN_POINT('',(78.9399999999999,41.895,25.));
#6759=CARTESIAN_POINT('Origin',(78.9399999999999,45.,25.));
#6760=CARTESIAN_POINT('Origin',(73.9399999999999,50.,-30.));
#6761=CARTESIAN_POINT('',(73.9399999999999,50.,25.));
#6762=CARTESIAN_POINT('',(73.9399999999999,50.,-67.205));
#6763=CARTESIAN_POINT('',(73.9399999999999,50.,25.));
#6764=CARTESIAN_POINT('Origin',(73.9399999999999,45.,25.));
#6765=CARTESIAN_POINT('',(73.9399999999999,45.,30.));
#6766=CARTESIAN_POINT('Origin',(73.9399999999999,45.,25.));
#6767=CARTESIAN_POINT('',(73.9399999999999,45.,30.));
#6768=CARTESIAN_POINT('Origin',(65.9399999999999,0.25,-96.41));
#6769=CARTESIAN_POINT('',(62.8349999999999,0.5,-96.41));
#6770=CARTESIAN_POINT('Origin',(65.9399999999999,0.5,-96.41));
#6771=CARTESIAN_POINT('',(62.3349999999999,0.,-96.41));
#6772=CARTESIAN_POINT('',(62.5849999999999,0.25,-96.41));
#6773=CARTESIAN_POINT('Origin',(65.9399999999999,0.,-96.41));
#6774=CARTESIAN_POINT('Origin',(2.5,0.,0.));
#6775=CARTESIAN_POINT('',(78.4399999999999,0.,-29.5));
#6776=CARTESIAN_POINT('',(73.4399999999999,0.,-29.5));
#6777=CARTESIAN_POINT('',(38.2199999999999,0.,-29.5));
#6778=CARTESIAN_POINT('',(78.4399999999999,0.,-10.75));
#6779=CARTESIAN_POINT('',(78.4399999999999,0.,0.));
#6780=CARTESIAN_POINT('',(70.4399999999999,0.,-10.75));
#6781=CARTESIAN_POINT('',(73.9399999999999,0.,-10.75));
#6782=CARTESIAN_POINT('',(70.4399999999999,0.,-65.0917391072018));
#6783=CARTESIAN_POINT('',(70.4399999999999,0.,-32.4478986222529));
#6784=CARTESIAN_POINT('',(-70.4399999999999,0.,-65.0917391072018));
#6785=CARTESIAN_POINT('Origin',(0.,0.,0.));
#6786=CARTESIAN_POINT('',(-70.4399999999999,0.,-10.75));
#6787=CARTESIAN_POINT('',(-70.4399999999999,0.,32.4478986222529));
#6788=CARTESIAN_POINT('',(-73.4399999999999,0.,-10.75));
#6789=CARTESIAN_POINT('',(73.9399999999999,0.,-10.75));
#6790=CARTESIAN_POINT('',(-73.4399999999999,0.,-99.41));
#6791=CARTESIAN_POINT('',(-73.4399999999999,0.,52.205));
#6792=CARTESIAN_POINT('',(-68.9399999999999,0.,-103.91));
#6793=CARTESIAN_POINT('Origin',(-68.9399999999999,0.,-99.41));
#6794=CARTESIAN_POINT('',(68.9399999999999,0.,-103.91));
#6795=CARTESIAN_POINT('',(38.2199999999999,0.,-103.91));
#6796=CARTESIAN_POINT('',(73.4399999999999,0.,-99.41));
#6797=CARTESIAN_POINT('Origin',(68.9399999999999,0.,-99.41));
#6798=CARTESIAN_POINT('',(73.4399999999999,0.,-52.205));
#6799=CARTESIAN_POINT('',(-69.5449999999999,0.,-96.41));
#6800=CARTESIAN_POINT('Origin',(-65.9399999999999,0.,-96.41));
#6801=CARTESIAN_POINT('Origin',(65.9399999999999,0.,-96.41));
#6802=CARTESIAN_POINT('',(62.8349999999999,5.,-96.41));
#6803=CARTESIAN_POINT('',(62.8349999999999,0.,-96.41));
#6804=CARTESIAN_POINT('Origin',(65.9399999999999,5.,-96.41));
#6805=CARTESIAN_POINT('Origin',(-65.9399999999999,0.25,-96.41));
#6806=CARTESIAN_POINT('',(-69.0449999999999,0.5,-96.41));
#6807=CARTESIAN_POINT('Origin',(-65.9399999999999,0.5,-96.41));
#6808=CARTESIAN_POINT('',(-69.2949999999999,0.25,-96.41));
#6809=CARTESIAN_POINT('Origin',(-65.9399999999999,0.,-96.41));
#6810=CARTESIAN_POINT('',(-69.0449999999999,5.,-96.41));
#6811=CARTESIAN_POINT('',(-69.0449999999999,0.,-96.41));
#6812=CARTESIAN_POINT('Origin',(-65.9399999999999,5.,-96.41));
#6813=CARTESIAN_POINT('Origin',(70.1899999999999,0.25,-32.4478986222529));
#6814=CARTESIAN_POINT('',(69.9399999999999,0.5,-10.2377976147216));
#6815=CARTESIAN_POINT('',(69.9399999999999,0.499998283542796,-64.8938710643499));
#6816=CARTESIAN_POINT('',(69.9399999999999,0.5,-32.4478986222529));
#6817=CARTESIAN_POINT('Ctrl Pts',(69.9400012606145,0.499998739385373,-64.89386903376));
#6818=CARTESIAN_POINT('Ctrl Pts',(70.1085108602356,0.33148913976427,-64.9606534721829));
#6819=CARTESIAN_POINT('Ctrl Pts',(70.2771206091216,0.162879390878323,-65.0273757155678));
#6820=CARTESIAN_POINT('Ctrl Pts',(70.4399999999999,-3.92047505570758E-15,
-65.0917391072018));
#6821=CARTESIAN_POINT('',(69.9401487431238,0.499851256876078,-10.2378048780488));
#6822=CARTESIAN_POINT('',(69.9401487431238,0.499851256876078,-10.2378048780488));
#6823=CARTESIAN_POINT('Origin',(70.4399999999999,0.,0.));
#6824=CARTESIAN_POINT('Origin',(73.9399999999999,0.249925628438039,-10.4939024390244));
#6825=CARTESIAN_POINT('',(78.939851256876,0.499851256876078,-10.2378048780488));
#6826=CARTESIAN_POINT('',(78.4399999999999,0.,-10.75));
#6827=CARTESIAN_POINT('',(73.9399999999999,0.499851256876078,-10.2378048780488));
#6828=CARTESIAN_POINT('Origin',(73.9399999999999,0.249925628438039,-10.4939024390244));
#6829=CARTESIAN_POINT('',(-69.9401487431238,0.499851256876078,-10.2378048780488));
#6830=CARTESIAN_POINT('',(-73.939851256876,0.499851256876078,-10.2378048780488));
#6831=CARTESIAN_POINT('',(73.9399999999999,0.499851256876078,-10.2378048780488));
#6832=CARTESIAN_POINT('',(-73.939851256876,0.499851256876078,-10.2378048780488));
#6833=CARTESIAN_POINT('',(-70.4399999999999,0.,-10.75));
#6834=CARTESIAN_POINT('Origin',(38.2199999999999,0.249999999999999,-29.75));
#6835=CARTESIAN_POINT('',(73.9399999999999,0.499999999999998,-30.));
#6836=CARTESIAN_POINT('',(73.4399999999999,0.,-29.5));
#6837=CARTESIAN_POINT('',(38.2199999999999,0.499999999999998,-30.));
#6838=CARTESIAN_POINT('',(78.9399999999999,0.499999999999998,-30.));
#6839=CARTESIAN_POINT('Origin',(73.6899999999999,0.25,-52.205));
#6840=CARTESIAN_POINT('',(73.9399999999999,0.5,-99.41));
#6841=CARTESIAN_POINT('',(73.4399999999999,0.,-99.41));
#6842=CARTESIAN_POINT('',(73.9399999999999,0.5,-52.205));
#6843=CARTESIAN_POINT('Origin',(68.9399999999999,0.25,-99.41));
#6844=CARTESIAN_POINT('',(68.9399999999999,0.5,-104.41));
#6845=CARTESIAN_POINT('',(68.9399999999999,0.,-103.91));
#6846=CARTESIAN_POINT('Origin',(68.9399999999999,0.5,-99.41));
#6847=CARTESIAN_POINT('Origin',(38.2199999999999,0.25,-104.16));
#6848=CARTESIAN_POINT('',(-68.9399999999999,0.5,-104.41));
#6849=CARTESIAN_POINT('',(-68.9399999999999,0.,-103.91));
#6850=CARTESIAN_POINT('',(38.2199999999999,0.5,-104.41));
#6851=CARTESIAN_POINT('Origin',(-68.9399999999999,0.25,-99.41));
#6852=CARTESIAN_POINT('',(-73.9399999999999,0.5,-99.41));
#6853=CARTESIAN_POINT('',(-73.4399999999999,0.,-99.41));
#6854=CARTESIAN_POINT('Origin',(-68.9399999999999,0.5,-99.41));
#6855=CARTESIAN_POINT('Origin',(-73.6899999999999,0.25,52.205));
#6856=CARTESIAN_POINT('',(-73.9399999999999,0.5,-10.2377976147216));
#6857=CARTESIAN_POINT('',(-73.9399999999999,0.5,52.205));
#6858=CARTESIAN_POINT('Origin',(-73.4399999999999,0.,0.));
#6859=CARTESIAN_POINT('Origin',(78.6899999999999,0.25,0.));
#6860=CARTESIAN_POINT('Origin',(78.4399999999999,0.,0.));
#6861=CARTESIAN_POINT('Origin',(-70.1899999999999,0.25,32.4478986222529));
#6862=CARTESIAN_POINT('',(-69.9399999999999,0.5,-64.8938710511248));
#6863=CARTESIAN_POINT('',(-69.9399999999999,0.5,-10.2377976147216));
#6864=CARTESIAN_POINT('',(-69.9399999999999,0.5,32.4478986222529));
#6865=CARTESIAN_POINT('Origin',(-70.4399999999999,0.,0.));
#6866=CARTESIAN_POINT('Ctrl Pts',(-70.4399999999999,-2.74086309204336E-15,
-65.0917391072018));
#6867=CARTESIAN_POINT('Ctrl Pts',(-70.2771206091216,0.162879390878324,-65.0273757155678));
#6868=CARTESIAN_POINT('Ctrl Pts',(-70.1085108602356,0.331489139764277,-64.9606534721829));
#6869=CARTESIAN_POINT('Ctrl Pts',(-69.9400012606145,0.49999873938538,-64.89386903376));
#6870=CARTESIAN_POINT('Origin',(0.,0.249999141771398,0.));
#6871=CARTESIAN_POINT('Origin',(0.,0.499998283542796,0.));
#6872=CARTESIAN_POINT('Origin',(68.9399999999999,0.,-99.41));
#6873=CARTESIAN_POINT('',(68.9399999999999,5.,-104.41));
#6874=CARTESIAN_POINT('',(68.9399999999999,0.,-104.41));
#6875=CARTESIAN_POINT('',(73.9399999999999,5.,-99.41));
#6876=CARTESIAN_POINT('Origin',(68.9399999999999,5.,-99.41));
#6877=CARTESIAN_POINT('',(73.9399999999999,0.,-99.41));
#6878=CARTESIAN_POINT('Origin',(73.9399999999999,0.,-104.41));
#6879=CARTESIAN_POINT('',(-68.9399999999999,5.,-104.41));
#6880=CARTESIAN_POINT('',(-68.9399999999999,0.,-104.41));
#6881=CARTESIAN_POINT('',(-108.91,5.,-104.41));
#6882=CARTESIAN_POINT('Origin',(-68.9399999999999,0.,-99.41));
#6883=CARTESIAN_POINT('',(-73.9399999999999,5.,-99.41));
#6884=CARTESIAN_POINT('',(-73.9399999999999,0.,-99.41));
#6885=CARTESIAN_POINT('Origin',(-68.9399999999999,5.,-99.41));
#6886=CARTESIAN_POINT('Origin',(-73.9399999999999,0.,104.41));
#6887=CARTESIAN_POINT('',(-73.9399999999999,0.5,10.2377976147216));
#6888=CARTESIAN_POINT('Origin',(-73.9399999999999,0.,0.));
#6889=CARTESIAN_POINT('',(-73.9399999999999,0.5,99.41));
#6890=CARTESIAN_POINT('',(-73.9399999999999,0.5,52.205));
#6891=CARTESIAN_POINT('',(-73.9399999999999,5.,99.41));
#6892=CARTESIAN_POINT('',(-73.9399999999999,0.,99.41));
#6893=CARTESIAN_POINT('',(-73.9399999999999,5.,73.5481101048832));
#6894=CARTESIAN_POINT('',(-73.9399999999999,5.,-104.41));
#6895=CARTESIAN_POINT('',(-73.9399999999999,5.,-73.5481101048832));
#6896=CARTESIAN_POINT('Origin',(-73.9399999999999,0.,0.));
#6897=CARTESIAN_POINT('',(-73.9399999999999,5.,-104.41));
#6898=CARTESIAN_POINT('Origin',(73.9399999999999,0.,0.));
#6899=CARTESIAN_POINT('',(-69.9399999999999,0.5,10.2377976147216));
#6900=CARTESIAN_POINT('Origin',(-69.9399999999999,0.,0.));
#6901=CARTESIAN_POINT('',(-69.9401487431238,0.499851256876078,10.2378048780488));
#6902=CARTESIAN_POINT('Origin',(-70.4399999999999,0.,0.));
#6903=CARTESIAN_POINT('',(-73.939851256876,0.499851256876078,10.2378048780488));
#6904=CARTESIAN_POINT('',(73.9399999999999,0.499851256876078,10.2378048780488));
#6905=CARTESIAN_POINT('Origin',(-73.4399999999999,0.,0.));
#6906=CARTESIAN_POINT('Origin',(-69.9399999999999,0.,64.8957972445058));
#6907=CARTESIAN_POINT('',(-69.9399999999999,62.94,-15.8120492030607));
#6908=CARTESIAN_POINT('Origin',(-69.9399999999999,0.,0.));
#6909=CARTESIAN_POINT('',(-69.9399999999999,62.94,15.8120492030607));
#6910=CARTESIAN_POINT('',(-69.9399999999999,62.94,104.41));
#6911=CARTESIAN_POINT('',(-69.9399999999999,0.499998283542796,64.8938710643499));
#6912=CARTESIAN_POINT('Origin',(-69.9399999999999,0.,0.));
#6913=CARTESIAN_POINT('',(-69.9399999999999,0.5,32.4478986222529));
#6914=CARTESIAN_POINT('Origin',(73.9399999999999,0.249925628438039,10.4939024390244));
#6915=CARTESIAN_POINT('',(69.9401487431238,0.499851256876078,10.2378048780488));
#6916=CARTESIAN_POINT('',(78.939851256876,0.499851256876078,10.2378048780488));
#6917=CARTESIAN_POINT('',(73.9399999999999,0.499851256876078,10.2378048780488));
#6918=CARTESIAN_POINT('',(78.4399999999999,0.,10.75));
#6919=CARTESIAN_POINT('',(78.939851256876,0.499851256876078,10.2378048780488));
#6920=CARTESIAN_POINT('',(70.4399999999999,0.,10.75));
#6921=CARTESIAN_POINT('',(73.9399999999999,0.,10.75));
#6922=CARTESIAN_POINT('',(70.4399999999999,0.,10.75));
#6923=CARTESIAN_POINT('Origin',(78.6899999999999,0.25,0.));
#6924=CARTESIAN_POINT('',(78.4399999999999,0.,29.5));
#6925=CARTESIAN_POINT('',(78.9399999999999,0.499999999999998,30.));
#6926=CARTESIAN_POINT('',(78.4399999999999,0.,0.));
#6927=CARTESIAN_POINT('Origin',(78.4399999999999,0.,0.));
#6928=CARTESIAN_POINT('Origin',(73.9399999999999,0.249925628438039,10.4939024390244));
#6929=CARTESIAN_POINT('',(-70.4399999999999,0.,10.75));
#6930=CARTESIAN_POINT('',(-73.4399999999999,0.,10.75));
#6931=CARTESIAN_POINT('',(73.9399999999999,0.,10.75));
#6932=CARTESIAN_POINT('',(-73.4399999999999,0.,10.75));
#6933=CARTESIAN_POINT('',(-69.9401487431238,0.499851256876078,10.2378048780488));
#6934=CARTESIAN_POINT('Origin',(-73.6899999999999,0.25,52.205));
#6935=CARTESIAN_POINT('',(-73.4399999999999,0.,99.41));
#6936=CARTESIAN_POINT('',(-73.4399999999999,0.,52.205));
#6937=CARTESIAN_POINT('',(-73.4399999999999,0.,99.41));
#6938=CARTESIAN_POINT('Origin',(-68.9399999999999,0.25,99.41));
#6939=CARTESIAN_POINT('',(-68.9399999999999,0.,103.91));
#6940=CARTESIAN_POINT('',(-68.9399999999999,0.5,104.41));
#6941=CARTESIAN_POINT('',(-68.9399999999999,0.,103.91));
#6942=CARTESIAN_POINT('Origin',(-68.9399999999999,0.5,99.41));
#6943=CARTESIAN_POINT('Origin',(-68.9399999999999,0.,99.41));
#6944=CARTESIAN_POINT('Origin',(-35.7199999999999,0.25,104.16));
#6945=CARTESIAN_POINT('',(68.9399999999999,0.,103.91));
#6946=CARTESIAN_POINT('',(68.9399999999999,0.5,104.41));
#6947=CARTESIAN_POINT('',(68.9399999999999,0.,103.91));
#6948=CARTESIAN_POINT('',(-35.7199999999999,0.5,104.41));
#6949=CARTESIAN_POINT('',(-35.7199999999999,0.,103.91));
#6950=CARTESIAN_POINT('Origin',(68.9399999999999,0.25,99.41));
#6951=CARTESIAN_POINT('',(73.4399999999999,0.,99.41));
#6952=CARTESIAN_POINT('',(73.9399999999999,0.5,99.41));
#6953=CARTESIAN_POINT('',(73.4399999999999,0.,99.41));
#6954=CARTESIAN_POINT('Origin',(68.9399999999999,0.5,99.41));
#6955=CARTESIAN_POINT('Origin',(68.9399999999999,0.,99.41));
#6956=CARTESIAN_POINT('Origin',(73.6899999999999,0.25,-52.205));
#6957=CARTESIAN_POINT('',(73.9399999999999,0.499999999999998,30.));
#6958=CARTESIAN_POINT('',(73.9399999999999,0.5,-52.205));
#6959=CARTESIAN_POINT('',(73.4399999999999,0.,29.5));
#6960=CARTESIAN_POINT('',(73.4399999999999,0.,-52.205));
#6961=CARTESIAN_POINT('',(73.4399999999999,0.,29.5));
#6962=CARTESIAN_POINT('Origin',(38.2199999999999,0.249999999999999,29.75));
#6963=CARTESIAN_POINT('',(38.2199999999999,0.499999999999998,30.));
#6964=CARTESIAN_POINT('',(38.2199999999999,0.,29.5));
#6965=CARTESIAN_POINT('Origin',(-70.1899999999999,0.25,32.4478986222529));
#6966=CARTESIAN_POINT('',(-70.4399999999999,0.,65.0917391072018));
#6967=CARTESIAN_POINT('',(-70.4399999999999,0.,32.4478986222529));
#6968=CARTESIAN_POINT('Ctrl Pts',(-69.9400012606145,0.499998739385382,64.89386903376));
#6969=CARTESIAN_POINT('Ctrl Pts',(-70.1085108602356,0.331489139764277,64.9606534721829));
#6970=CARTESIAN_POINT('Ctrl Pts',(-70.2771206091215,0.16287939087834,65.0273757155678));
#6971=CARTESIAN_POINT('Ctrl Pts',(-70.4399999999999,-4.57966997657877E-15,
65.0917391072018));
#6972=CARTESIAN_POINT('Origin',(0.,0.249999141771398,0.));
#6973=CARTESIAN_POINT('',(70.4399999999999,0.,65.0917391072018));
#6974=CARTESIAN_POINT('Origin',(0.,0.,0.));
#6975=CARTESIAN_POINT('',(69.9399999999999,0.5,64.8938710511248));
#6976=CARTESIAN_POINT('Origin',(0.,0.499998283542796,0.));
#6977=CARTESIAN_POINT('Ctrl Pts',(70.4399999999999,-3.19189119579733E-15,
65.0917391072018));
#6978=CARTESIAN_POINT('Ctrl Pts',(70.2771206091526,0.162879390847264,65.02737571558));
#6979=CARTESIAN_POINT('Ctrl Pts',(70.1085108602506,0.331489139749293,64.9606534721888));
#6980=CARTESIAN_POINT('Ctrl Pts',(69.9400012606145,0.499998739385376,64.8938690337599));
#6981=CARTESIAN_POINT('Origin',(70.1899999999999,0.25,-32.4478986222529));
#6982=CARTESIAN_POINT('',(69.9399999999999,0.5,10.2377976147216));
#6983=CARTESIAN_POINT('',(69.9399999999999,0.5,-32.4478986222529));
#6984=CARTESIAN_POINT('Origin',(70.4399999999999,0.,0.));
#6985=CARTESIAN_POINT('',(70.4399999999999,0.,-32.4478986222529));
#6986=CARTESIAN_POINT('Origin',(73.9399999999999,0.,0.));
#6987=CARTESIAN_POINT('Origin',(69.9399999999999,0.,0.));
#6988=CARTESIAN_POINT('Origin',(69.9399999999999,0.,-64.8957972445059));
#6989=CARTESIAN_POINT('',(69.9399999999999,62.94,15.8120492030607));
#6990=CARTESIAN_POINT('Origin',(69.9399999999999,0.,0.));
#6991=CARTESIAN_POINT('',(69.9399999999999,62.94,-15.8120492030607));
#6992=CARTESIAN_POINT('',(69.9399999999999,62.94,104.41));
#6993=CARTESIAN_POINT('Origin',(69.9399999999999,0.,0.));
#6994=CARTESIAN_POINT('Origin',(0.,0.,0.));
#6995=CARTESIAN_POINT('Origin',(0.,62.94,0.));
#6996=CARTESIAN_POINT('Origin',(0.,62.94,0.));
#6997=CARTESIAN_POINT('',(64.8957972445057,69.94,-3.97372151867998E-15));
#6998=CARTESIAN_POINT('Origin',(0.,69.94,0.));
#6999=CARTESIAN_POINT('Origin',(2.5,0.,0.));
#7000=CARTESIAN_POINT('',(-69.5449999999999,0.,96.41));
#7001=CARTESIAN_POINT('Origin',(-65.9399999999999,0.,96.41));
#7002=CARTESIAN_POINT('',(62.3349999999999,0.,96.41));
#7003=CARTESIAN_POINT('Origin',(65.9399999999999,0.,96.41));
#7004=CARTESIAN_POINT('Origin',(-65.9399999999999,0.25,96.41));
#7005=CARTESIAN_POINT('',(-69.0449999999999,0.5,96.41));
#7006=CARTESIAN_POINT('Origin',(-65.9399999999999,0.5,96.41));
#7007=CARTESIAN_POINT('',(-69.2949999999999,0.25,96.41));
#7008=CARTESIAN_POINT('Origin',(-65.9399999999999,0.,96.41));
#7009=CARTESIAN_POINT('',(-69.0449999999999,5.,96.41));
#7010=CARTESIAN_POINT('',(-69.0449999999999,0.,96.41));
#7011=CARTESIAN_POINT('Origin',(-65.9399999999999,5.,96.41));
#7012=CARTESIAN_POINT('Origin',(65.9399999999999,0.25,96.41));
#7013=CARTESIAN_POINT('',(62.8349999999999,0.5,96.41));
#7014=CARTESIAN_POINT('Origin',(65.9399999999999,0.5,96.41));
#7015=CARTESIAN_POINT('',(62.5849999999999,0.25,96.41));
#7016=CARTESIAN_POINT('Origin',(65.9399999999999,0.,96.41));
#7017=CARTESIAN_POINT('',(62.8349999999999,5.,96.41));
#7018=CARTESIAN_POINT('',(62.8349999999999,0.,96.41));
#7019=CARTESIAN_POINT('Origin',(65.9399999999999,5.,96.41));
#7020=CARTESIAN_POINT('Origin',(73.9399999999999,-50.,-30.));
#7021=CARTESIAN_POINT('',(73.9399999999999,-25.,-30.));
#7022=CARTESIAN_POINT('Origin',(73.9399999999999,0.,-104.41));
#7023=CARTESIAN_POINT('',(73.9399999999999,5.,-73.5481101048832));
#7024=CARTESIAN_POINT('',(73.9399999999999,5.,-104.41));
#7025=CARTESIAN_POINT('',(73.9399999999999,5.,73.5481101048832));
#7026=CARTESIAN_POINT('Origin',(73.9399999999999,0.,0.));
#7027=CARTESIAN_POINT('',(73.9399999999999,5.,99.41));
#7028=CARTESIAN_POINT('',(73.9399999999999,5.,-104.41));
#7029=CARTESIAN_POINT('',(73.9399999999999,0.,99.41));
#7030=CARTESIAN_POINT('',(73.9399999999999,25.,30.));
#7031=CARTESIAN_POINT('Origin',(73.9399999999999,45.,-25.));
#7032=CARTESIAN_POINT('',(73.9399999999999,41.895,-25.));
#7033=CARTESIAN_POINT('',(73.9399999999999,41.895,-25.));
#7034=CARTESIAN_POINT('Origin',(73.9399999999999,45.,-25.));
#7035=CARTESIAN_POINT('Origin',(73.9399999999999,45.,25.));
#7036=CARTESIAN_POINT('',(73.9399999999999,41.895,25.));
#7037=CARTESIAN_POINT('',(73.9399999999999,41.895,25.));
#7038=CARTESIAN_POINT('Origin',(73.9399999999999,45.,25.));
#7039=CARTESIAN_POINT('Origin',(73.9399999999999,50.,30.));
#7040=CARTESIAN_POINT('Origin',(73.9399999999999,0.,-104.41));
#7041=CARTESIAN_POINT('Origin',(73.9399999999999,0.,-104.41));
#7042=CARTESIAN_POINT('Origin',(0.,114.94,0.));
#7043=CARTESIAN_POINT('',(-63.69,114.94,-7.79977546376949E-15));
#7044=CARTESIAN_POINT('Origin',(0.,114.94,0.));
#7045=CARTESIAN_POINT('',(-62.94,84.94,7.70792695383344E-15));
#7046=CARTESIAN_POINT('',(-63.69,114.94,-7.79977546376949E-15));
#7047=CARTESIAN_POINT('Origin',(0.,84.94,0.));
#7048=CARTESIAN_POINT('Origin',(0.,114.94,0.));
#7049=CARTESIAN_POINT('',(-68.69,114.94,-8.41209886334317E-15));
#7050=CARTESIAN_POINT('Origin',(0.,114.94,0.));
#7051=CARTESIAN_POINT('Origin',(0.,114.94,0.));
#7052=CARTESIAN_POINT('',(-66.94,84.94,8.19778567349238E-15));
#7053=CARTESIAN_POINT('Origin',(0.,84.94,0.));
#7054=CARTESIAN_POINT('',(-68.69,114.94,-8.41209886334317E-15));
#7055=CARTESIAN_POINT('Origin',(0.,73.9064631075356,0.));
#7056=CARTESIAN_POINT('',(62.94,73.9064631075356,-3.85396347691672E-15));
#7057=CARTESIAN_POINT('',(-62.94,73.9064631075356,7.70792695383344E-15));
#7058=CARTESIAN_POINT('Origin',(0.,73.9064631075356,0.));
#7059=CARTESIAN_POINT('Origin',(0.,73.9064631075356,0.));
#7060=CARTESIAN_POINT('Origin',(67.94,73.9064631075356,-4.16012517670356E-15));
#7061=CARTESIAN_POINT('Origin',(0.,69.94,0.));
#7062=CARTESIAN_POINT('',(-62.94,69.94,7.70792695383344E-15));
#7063=CARTESIAN_POINT('Origin',(0.,69.94,0.));
#7064=CARTESIAN_POINT('',(-66.94,80.1279258436158,-8.19778567349238E-15));
#7065=CARTESIAN_POINT('',(-66.94,69.94,8.19778567349238E-15));
#7066=CARTESIAN_POINT('Origin',(0.,80.1279258436158,0.));
#7067=CARTESIAN_POINT('Origin',(0.,5.,-87.6333943327948));
#7068=CARTESIAN_POINT('Origin',(0.,5.,0.));
#7069=CARTESIAN_POINT('Origin',(-68.9399999999999,0.,99.41));
#7070=CARTESIAN_POINT('',(-68.9399999999999,5.,104.41));
#7071=CARTESIAN_POINT('',(-68.9399999999999,0.,104.41));
#7072=CARTESIAN_POINT('Origin',(-68.9399999999999,5.,99.41));
#7073=CARTESIAN_POINT('Origin',(-73.9399999999999,0.,104.41));
#7074=CARTESIAN_POINT('',(68.9399999999999,5.,104.41));
#7075=CARTESIAN_POINT('',(68.9399999999999,0.,104.41));
#7076=CARTESIAN_POINT('',(108.91,5.,104.41));
#7077=CARTESIAN_POINT('Origin',(68.9399999999999,0.,99.41));
#7078=CARTESIAN_POINT('Origin',(68.9399999999999,5.,99.41));
#7079=CARTESIAN_POINT('Origin',(-1.77635683940025E-14,5.,87.6333943327948));
#7080=CARTESIAN_POINT('Origin',(0.,5.,0.));
#7081=CARTESIAN_POINT('Origin',(0.,0.,0.));
#7082=CARTESIAN_POINT('Origin',(71.9399999999999,62.94,-8.88178419700125E-15));
#7083=CARTESIAN_POINT('Origin',(-71.9399999999999,62.94,0.));
#7084=CARTESIAN_POINT('',(0.,0.,0.));
#7085=CARTESIAN_POINT('Origin',(-68.94,8.88178419700125E-15,21.2132034355964));
#7086=CARTESIAN_POINT('',(-68.94,4.44089209850063E-15,21.2132034355964));
#7087=CARTESIAN_POINT('',(-68.94,-21.2132034355964,4.44089209850063E-15));
#7088=CARTESIAN_POINT('',(-68.94,11.0046429492577,32.2178463848541));
#7089=CARTESIAN_POINT('',(-65.94,4.44089209850063E-15,21.2132034355964));
#7090=CARTESIAN_POINT('',(-68.94,4.44089209850063E-15,21.2132034355964));
#7091=CARTESIAN_POINT('',(-65.94,-21.2132034355964,4.44089209850063E-15));
#7092=CARTESIAN_POINT('',(-65.94,-15.9099025766973,5.30330085889909));
#7093=CARTESIAN_POINT('',(-68.94,-21.2132034355964,4.44089209850063E-15));
#7094=CARTESIAN_POINT('Origin',(-68.94,21.2132034355964,-4.44089209850063E-15));
#7095=CARTESIAN_POINT('',(-68.94,21.2132034355964,-4.44089209850063E-15));
#7096=CARTESIAN_POINT('',(-68.94,-0.398041231459487,21.6112446670559));
#7097=CARTESIAN_POINT('',(-65.94,21.2132034355964,-4.44089209850063E-15));
#7098=CARTESIAN_POINT('',(-68.94,21.2132034355964,-4.44089209850063E-15));
#7099=CARTESIAN_POINT('',(-65.94,5.30330085889914,15.9099025766973));
#7100=CARTESIAN_POINT('Origin',(-68.94,-4.44089209850063E-15,-21.2132034355964));
#7101=CARTESIAN_POINT('',(-68.9399999999999,-4.44089209850063E-15,-21.2132034355964));
#7102=CARTESIAN_POINT('',(-68.94,21.6112446670559,0.398041231459478));
#7103=CARTESIAN_POINT('',(-65.94,-4.44089209850063E-15,-21.2132034355964));
#7104=CARTESIAN_POINT('',(-68.9399999999999,-4.44089209850063E-15,-21.2132034355964));
#7105=CARTESIAN_POINT('',(-65.94,15.9099025766973,-5.30330085889913));
#7106=CARTESIAN_POINT('Origin',(-68.94,-21.2132034355964,4.44089209850063E-15));
#7107=CARTESIAN_POINT('',(-68.94,-32.2178463848541,11.0046429492577));
#7108=CARTESIAN_POINT('',(-65.94,-5.30330085889909,-15.9099025766973));
#7109=CARTESIAN_POINT('Origin',(-65.94,0.,0.));
#7110=CARTESIAN_POINT('Origin',(73.9399999999999,-21.2132034355964,8.88178419700125E-15));
#7111=CARTESIAN_POINT('',(68.94,-21.2132034355964,6.02253935883949E-15));
#7112=CARTESIAN_POINT('',(68.94,6.0225393588395E-15,21.2132034355964));
#7113=CARTESIAN_POINT('',(68.94,-32.2178463848541,-11.0046429492577));
#7114=CARTESIAN_POINT('',(65.9399999999999,-21.2132034355964,6.02253935883949E-15));
#7115=CARTESIAN_POINT('',(73.9399999999999,-21.2132034355964,6.02253935883949E-15));
#7116=CARTESIAN_POINT('',(65.9399999999999,6.66133814775094E-15,21.2132034355964));
#7117=CARTESIAN_POINT('',(65.9399999999999,6.0225393588395E-15,21.2132034355964));
#7118=CARTESIAN_POINT('',(73.9399999999999,6.0225393588395E-15,21.2132034355964));
#7119=CARTESIAN_POINT('Origin',(73.9399999999999,4.44089209850063E-15,21.2132034355964));
#7120=CARTESIAN_POINT('',(68.94,21.2132034355964,-6.02253935883949E-15));
#7121=CARTESIAN_POINT('',(68.94,21.6112446670559,-0.398041231459509));
#7122=CARTESIAN_POINT('',(65.9399999999999,21.2132034355964,-6.02253935883949E-15));
#7123=CARTESIAN_POINT('',(65.9399999999999,21.2132034355964,-6.02253935883949E-15));
#7124=CARTESIAN_POINT('',(73.9399999999999,21.2132034355964,-6.02253935883949E-15));
#7125=CARTESIAN_POINT('Origin',(73.9399999999999,21.2132034355964,-8.88178419700125E-15));
#7126=CARTESIAN_POINT('',(68.94,-3.80209330958918E-15,-21.2132034355964));
#7127=CARTESIAN_POINT('',(68.94,-0.398041231459505,-21.6112446670559));
#7128=CARTESIAN_POINT('',(65.9399999999999,-4.44089209850063E-15,-21.2132034355964));
#7129=CARTESIAN_POINT('',(65.9399999999999,-6.0225393588395E-15,-21.2132034355964));
#7130=CARTESIAN_POINT('',(73.9399999999999,-3.80209330958918E-15,-21.2132034355964));
#7131=CARTESIAN_POINT('Origin',(73.9399999999999,-4.44089209850063E-15,
-21.2132034355964));
#7132=CARTESIAN_POINT('',(68.94,11.0046429492577,-32.2178463848542));
#7133=CARTESIAN_POINT('',(65.9399999999999,-21.2132034355964,6.02253935883949E-15));
#7134=CARTESIAN_POINT('Origin',(65.9399999999999,0.,0.));
#7135=CARTESIAN_POINT('Origin',(0.,0.,0.));
#7136=CARTESIAN_POINT('',(-64.44,-69.6806608751668,7.89162397370554E-15));
#7137=CARTESIAN_POINT('Origin',(0.,-69.6806608751668,0.));
#7138=CARTESIAN_POINT('',(-64.44,69.6806608751668,-7.89162397370554E-15));
#7139=CARTESIAN_POINT('',(-64.44,0.,7.89162397370554E-15));
#7140=CARTESIAN_POINT('Origin',(0.,69.6806608751668,0.));
#7141=CARTESIAN_POINT('Origin',(-68.94,0.,65.2317752326272));
#7142=CARTESIAN_POINT('',(-68.94,0.,65.2317752326272));
#7143=CARTESIAN_POINT('',(-68.9399999999999,-8.44271503332184E-15,-65.2317752326273));
#7144=CARTESIAN_POINT('Origin',(-68.94,0.,-4.69158281805395E-14));
#7145=CARTESIAN_POINT('Origin',(-68.94,0.,-4.69158281805395E-14));
#7146=CARTESIAN_POINT('Origin',(68.9399999999999,0.,-65.2317752326273));
#7147=CARTESIAN_POINT('',(68.9399999999999,0.,-65.2317752326273));
#7148=CARTESIAN_POINT('Origin',(68.94,0.,-1.17289570451349E-14));
#7149=CARTESIAN_POINT('Origin',(0.,0.,0.));
#7150=CARTESIAN_POINT('',(-5.81156138535377E-15,-7.11711004862185E-31,-94.91));
#7151=CARTESIAN_POINT('Origin',(0.,0.,0.));
#7152=CARTESIAN_POINT('',(-5.81156138535377E-15,-7.11711004862185E-31,94.91));
#7153=CARTESIAN_POINT('Origin',(0.,0.,0.));
#7154=CARTESIAN_POINT('',(0.,0.,0.));
#7155=CARTESIAN_POINT('Origin',(66.0649999999999,-15.821514229049,-5.21491251125079));
#7156=CARTESIAN_POINT('',(65.9399999999999,-20.8455079093794,-0.0141421356237259));
#7157=CARTESIAN_POINT('',(65.9399999999999,1.11022302462516E-15,-20.8596500450032));
#7158=CARTESIAN_POINT('',(65.9399999999999,-15.7331258814007,-5.12652416360247));
#7159=CARTESIAN_POINT('',(66.1899999999999,2.22044604925031E-15,-21.2132034355964));
#7160=CARTESIAN_POINT('',(65.9399999999999,2.22044604925031E-15,-20.8596500450032));
#7161=CARTESIAN_POINT('',(66.1899999999999,-21.1990612999727,-0.0141421356237337));
#7162=CARTESIAN_POINT('',(66.1899999999999,-15.9099025766973,-5.30330085889911));
#7163=CARTESIAN_POINT('',(65.9399999999999,-20.8455079093794,-0.0141421356237281));
#7164=CARTESIAN_POINT('Origin',(66.0649999999999,5.21491251125079,-15.821514229049));
#7165=CARTESIAN_POINT('',(65.9399999999999,20.8455079093794,-0.0141421356237326));
#7166=CARTESIAN_POINT('',(65.9399999999999,5.12652416360247,-15.7331258814007));
#7167=CARTESIAN_POINT('',(66.1899999999999,21.1990612999727,-0.0141421356237308));
#7168=CARTESIAN_POINT('',(65.9399999999999,20.8455079093794,-0.0141421356237315));
#7169=CARTESIAN_POINT('',(66.1899999999999,5.30330085889911,-15.9099025766973));
#7170=CARTESIAN_POINT('Origin',(66.0649999999999,15.8073720934253,5.20077037562706));
#7171=CARTESIAN_POINT('',(66.1899999999999,-4.05925293378573E-15,21.184919164349));
#7172=CARTESIAN_POINT('',(66.1899999999999,15.8957604410736,5.28915872327538));
#7173=CARTESIAN_POINT('',(65.9399999999999,-5.55111512312578E-15,20.8313657737557));
#7174=CARTESIAN_POINT('',(65.9399999999999,15.718983745777,5.11238202797874));
#7175=CARTESIAN_POINT('',(65.9399999999999,-5.55111512312578E-15,20.8313657737557));
#7176=CARTESIAN_POINT('Origin',(66.0649999999999,-5.20077037562706,15.8073720934253));
#7177=CARTESIAN_POINT('',(66.1899999999999,-5.28915872327538,15.8957604410736));
#7178=CARTESIAN_POINT('',(65.9399999999999,-5.11238202797875,15.718983745777));
#7179=CARTESIAN_POINT('Origin',(64.9399999999999,0.0141421356237276,21.1990612999727));
#7180=CARTESIAN_POINT('',(69.4399999999999,-21.1990612999727,-0.0141421356237309));
#7181=CARTESIAN_POINT('',(64.9399999999999,-21.1990612999727,-0.0141421356237337));
#7182=CARTESIAN_POINT('',(69.4399999999999,-2.94035629178069E-15,21.184919164349));
#7183=CARTESIAN_POINT('',(69.4399999999999,-5.28915872327538,15.8957604410736));
#7184=CARTESIAN_POINT('',(64.9399999999999,-4.05925293378573E-15,21.184919164349));
#7185=CARTESIAN_POINT('Origin',(64.9399999999999,-21.2132034355964,-2.22044604925031E-15));
#7186=CARTESIAN_POINT('',(69.4399999999999,4.44089209850063E-15,-21.2132034355964));
#7187=CARTESIAN_POINT('',(64.9399999999999,2.22044604925031E-15,-21.2132034355964));
#7188=CARTESIAN_POINT('',(69.4399999999999,-21.2132034355964,-2.22044604925031E-15));
#7189=CARTESIAN_POINT('Origin',(65.9399999999999,0.,0.));
#7190=CARTESIAN_POINT('Origin',(64.9399999999999,2.22044604925031E-15,-21.2132034355964));
#7191=CARTESIAN_POINT('',(69.4399999999999,21.1990612999727,-0.0141421356237319));
#7192=CARTESIAN_POINT('',(64.9399999999999,21.1990612999727,-0.0141421356237308));
#7193=CARTESIAN_POINT('',(69.4399999999999,2.22044604925031E-15,-21.2132034355964));
#7194=CARTESIAN_POINT('Origin',(64.9399999999999,21.1990612999727,-0.0141421356237287));
#7195=CARTESIAN_POINT('',(69.4399999999999,15.8957604410736,5.28915872327538));
#7196=CARTESIAN_POINT('Origin',(76.3149999999999,-6.125,-3.));
#7197=CARTESIAN_POINT('',(76.4399999999999,-6.25,6.25));
#7198=CARTESIAN_POINT('',(76.4399999999999,-6.25,-6.25));
#7199=CARTESIAN_POINT('',(76.4399999999999,-6.25,-3.));
#7200=CARTESIAN_POINT('',(76.1899999999999,-6.,-6.));
#7201=CARTESIAN_POINT('',(76.4399999999999,-6.25,-6.25));
#7202=CARTESIAN_POINT('',(76.1899999999999,-6.,6.));
#7203=CARTESIAN_POINT('',(76.1899999999999,-6.,-3.));
#7204=CARTESIAN_POINT('',(76.4399999999999,-6.25,6.25));
#7205=CARTESIAN_POINT('Origin',(76.3149999999999,6.125,3.));
#7206=CARTESIAN_POINT('',(76.4399999999999,6.25,-6.25));
#7207=CARTESIAN_POINT('',(76.4399999999999,6.25,6.25));
#7208=CARTESIAN_POINT('',(76.4399999999999,6.25,3.));
#7209=CARTESIAN_POINT('',(76.1899999999999,6.,6.));
#7210=CARTESIAN_POINT('',(76.4399999999999,6.25,6.25));
#7211=CARTESIAN_POINT('',(76.1899999999999,6.,-6.));
#7212=CARTESIAN_POINT('',(76.1899999999999,6.,3.));
#7213=CARTESIAN_POINT('',(76.1899999999999,6.,-6.));
#7214=CARTESIAN_POINT('Origin',(76.3149999999999,-3.,6.125));
#7215=CARTESIAN_POINT('',(76.1899999999999,-3.,6.));
#7216=CARTESIAN_POINT('',(76.4399999999999,-3.,6.25));
#7217=CARTESIAN_POINT('Origin',(76.3149999999999,3.,-6.125));
#7218=CARTESIAN_POINT('',(76.4399999999999,3.,-6.25));
#7219=CARTESIAN_POINT('',(76.1899999999999,3.,-6.));
#7220=CARTESIAN_POINT('Origin',(76.4399999999999,6.,-6.));
#7221=CARTESIAN_POINT('',(70.4399999999999,6.,-6.));
#7222=CARTESIAN_POINT('',(76.4399999999999,6.,-6.));
#7223=CARTESIAN_POINT('',(70.4399999999999,-6.,-6.));
#7224=CARTESIAN_POINT('',(70.4399999999999,6.,-6.));
#7225=CARTESIAN_POINT('',(76.4399999999999,-6.,-6.));
#7226=CARTESIAN_POINT('Origin',(76.4399999999999,6.,6.));
#7227=CARTESIAN_POINT('',(70.4399999999999,6.,6.));
#7228=CARTESIAN_POINT('',(76.4399999999999,6.,6.));
#7229=CARTESIAN_POINT('',(70.4399999999999,6.,6.));
#7230=CARTESIAN_POINT('Origin',(76.4399999999999,0.,0.));
#7231=CARTESIAN_POINT('',(76.4399999999999,-9.75,1.19403062916867E-15));
#7232=CARTESIAN_POINT('Origin',(76.4399999999999,0.,0.));
#7233=CARTESIAN_POINT('Origin',(76.4399999999999,-6.,6.));
#7234=CARTESIAN_POINT('',(70.4399999999999,-6.,6.));
#7235=CARTESIAN_POINT('',(76.4399999999999,-6.,6.));
#7236=CARTESIAN_POINT('',(70.4399999999999,-6.,6.));
#7237=CARTESIAN_POINT('Origin',(76.4399999999999,-6.,-6.));
#7238=CARTESIAN_POINT('',(70.4399999999999,-6.,-6.));
#7239=CARTESIAN_POINT('Origin',(70.4399999999999,0.,0.));
#7240=CARTESIAN_POINT('Origin',(69.4399999999999,0.,0.));
#7241=CARTESIAN_POINT('',(69.4399999999999,-9.75,1.19403062916867E-15));
#7242=CARTESIAN_POINT('',(69.4399999999999,-9.75,-1.19403062916867E-15));
#7243=CARTESIAN_POINT('Origin',(69.4399999999999,0.,0.));
#7244=CARTESIAN_POINT('Origin',(69.4399999999999,0.,0.));
#7245=CARTESIAN_POINT('',(0.,0.,0.));
#7246=CARTESIAN_POINT('Origin',(-71.1900000000004,3.00000000000027,5.75000000000004));
#7247=CARTESIAN_POINT('',(-70.9400000000006,-5.29289321881322,5.50000000000004));
#7248=CARTESIAN_POINT('',(-70.9400000000003,5.29289321881373,5.50000000000004));
#7249=CARTESIAN_POINT('',(-70.9400000000004,3.00000000000027,5.50000000000004));
#7250=CARTESIAN_POINT('',(-71.4400000000003,5.50000000000029,6.00000000000004));
#7251=CARTESIAN_POINT('',(-70.9400000000003,5.29289321881373,5.50000000000004));
#7252=CARTESIAN_POINT('',(-71.4400000000006,-5.49999999999975,6.00000000000004));
#7253=CARTESIAN_POINT('',(-71.4400000000004,3.00000000000028,6.00000000000004));
#7254=CARTESIAN_POINT('',(-70.9400000000006,-5.29289321881322,5.50000000000004));
#7255=CARTESIAN_POINT('Origin',(-71.1900000000003,5.57322330470364,5.57322330470341));
#7256=CARTESIAN_POINT('',(-70.9400000000003,5.50000000000028,5.29289321881349));
#7257=CARTESIAN_POINT('',(-70.9400000000003,5.396446609407,5.39644660940677));
#7258=CARTESIAN_POINT('',(-71.4400000000003,6.00000000000029,5.50000000000004));
#7259=CARTESIAN_POINT('',(-70.9400000000003,5.50000000000028,5.29289321881349));
#7260=CARTESIAN_POINT('',(-71.4400000000003,5.75000000000028,5.75000000000005));
#7261=CARTESIAN_POINT('Origin',(-71.1900000000003,5.75000000000028,-2.99999999999998));
#7262=CARTESIAN_POINT('',(-70.9400000000003,5.50000000000028,-5.29289321881344));
#7263=CARTESIAN_POINT('',(-70.9400000000003,5.50000000000028,-2.99999999999998));
#7264=CARTESIAN_POINT('',(-71.4400000000003,6.00000000000029,-5.49999999999999));
#7265=CARTESIAN_POINT('',(-70.9400000000003,5.50000000000028,-5.29289321881344));
#7266=CARTESIAN_POINT('',(-71.4400000000003,6.00000000000029,-2.99999999999998));
#7267=CARTESIAN_POINT('Origin',(-71.1900000000003,5.57322330470364,-5.57322330470336));
#7268=CARTESIAN_POINT('',(-71.4400000000003,5.50000000000029,-5.99999999999999));
#7269=CARTESIAN_POINT('',(-71.4400000000003,5.75000000000028,-5.75));
#7270=CARTESIAN_POINT('',(-70.9400000000003,5.29289321881373,-5.49999999999999));
#7271=CARTESIAN_POINT('',(-70.9400000000003,5.396446609407,-5.39644660940672));
#7272=CARTESIAN_POINT('',(-70.9400000000003,5.29289321881373,-5.49999999999999));
#7273=CARTESIAN_POINT('Origin',(-71.1900000000006,-2.99999999999975,-5.74999999999999));
#7274=CARTESIAN_POINT('',(-71.4400000000006,-5.49999999999975,-5.99999999999999));
#7275=CARTESIAN_POINT('',(-71.4400000000006,-2.99999999999974,-5.99999999999999));
#7276=CARTESIAN_POINT('',(-70.9400000000006,-5.29289321881322,-5.49999999999999));
#7277=CARTESIAN_POINT('',(-70.9400000000006,-2.99999999999975,-5.49999999999999));
#7278=CARTESIAN_POINT('',(-70.9400000000006,-5.29289321881322,-5.49999999999999));
#7279=CARTESIAN_POINT('Origin',(-71.1900000000006,-5.57322330470313,-5.57322330470335));
#7280=CARTESIAN_POINT('',(-71.4400000000007,-5.99999999999975,-5.49999999999999));
#7281=CARTESIAN_POINT('',(-71.4400000000006,-5.74999999999976,-5.74999999999998));
#7282=CARTESIAN_POINT('',(-70.9400000000006,-5.49999999999976,-5.29289321881345));
#7283=CARTESIAN_POINT('',(-70.9400000000006,-5.3964466094065,-5.39644660940671));
#7284=CARTESIAN_POINT('',(-70.9400000000006,-5.49999999999976,-5.29289321881345));
#7285=CARTESIAN_POINT('Origin',(-71.1900000000006,-5.74999999999976,3.00000000000003));
#7286=CARTESIAN_POINT('',(-71.4400000000007,-5.99999999999975,5.50000000000004));
#7287=CARTESIAN_POINT('',(-71.4400000000007,-5.99999999999975,3.00000000000003));
#7288=CARTESIAN_POINT('',(-70.9400000000006,-5.49999999999976,5.2928932188135));
#7289=CARTESIAN_POINT('',(-70.9400000000006,-5.49999999999976,3.00000000000003));
#7290=CARTESIAN_POINT('',(-70.9400000000006,-5.49999999999976,5.2928932188135));
#7291=CARTESIAN_POINT('Origin',(-71.1900000000006,-5.57322330470313,5.5732233047034));
#7292=CARTESIAN_POINT('',(-71.4400000000006,-5.74999999999976,5.75000000000004));
#7293=CARTESIAN_POINT('',(-70.9400000000006,-5.3964466094065,5.39644660940677));
#7294=CARTESIAN_POINT('Origin',(-76.4400000000006,-5.7499999999996,-5.74999999999999));
#7295=CARTESIAN_POINT('',(-76.4400000000007,-5.9999999999996,-5.49999999999999));
#7296=CARTESIAN_POINT('',(-76.4400000000007,-5.9999999999996,-5.49999999999999));
#7297=CARTESIAN_POINT('',(-76.4400000000006,-5.4999999999996,-5.99999999999999));
#7298=CARTESIAN_POINT('',(-76.4400000000005,-0.749999999999631,-10.75));
#7299=CARTESIAN_POINT('',(-76.4400000000006,-5.4999999999996,-5.99999999999999));
#7300=CARTESIAN_POINT('Origin',(-76.4400000000007,-5.9999999999996,6.00000000000004));
#7301=CARTESIAN_POINT('',(-76.4400000000007,-5.9999999999996,5.50000000000004));
#7302=CARTESIAN_POINT('',(-76.4400000000007,-5.9999999999996,5.50000000000004));
#7303=CARTESIAN_POINT('',(-76.4400000000007,-5.9999999999996,6.00000000000004));
#7304=CARTESIAN_POINT('Origin',(-76.4400000000006,-5.7499999999996,5.75000000000004));
#7305=CARTESIAN_POINT('',(-76.4400000000006,-5.4999999999996,6.00000000000004));
#7306=CARTESIAN_POINT('',(-76.4400000000006,-5.4999999999996,6.00000000000004));
#7307=CARTESIAN_POINT('',(-76.4400000000005,-0.749999999999631,10.75));
#7308=CARTESIAN_POINT('Origin',(-76.4400000000003,6.00000000000044,6.00000000000004));
#7309=CARTESIAN_POINT('',(-76.4400000000003,5.50000000000044,6.00000000000004));
#7310=CARTESIAN_POINT('',(-76.4400000000003,5.50000000000044,6.00000000000004));
#7311=CARTESIAN_POINT('',(-76.4400000000003,6.00000000000044,6.00000000000004));
#7312=CARTESIAN_POINT('Origin',(-70.9400000000005,2.56461518688411E-13,
2.55351295663786E-14));
#7313=CARTESIAN_POINT('Origin',(-76.4400000000003,5.75000000000044,-5.74999999999999));
#7314=CARTESIAN_POINT('',(-76.4400000000003,5.50000000000044,-5.99999999999999));
#7315=CARTESIAN_POINT('',(-76.4400000000003,5.50000000000044,-5.99999999999999));
#7316=CARTESIAN_POINT('',(-76.4400000000003,6.00000000000044,-5.49999999999999));
#7317=CARTESIAN_POINT('',(-76.4400000000002,10.7500000000005,-0.749999999999998));
#7318=CARTESIAN_POINT('',(-76.4400000000003,6.00000000000044,-5.49999999999999));
#7319=CARTESIAN_POINT('Origin',(-76.4400000000007,-5.9999999999996,-5.99999999999999));
#7320=CARTESIAN_POINT('',(-76.4400000000007,-5.9999999999996,-5.99999999999999));
#7321=CARTESIAN_POINT('Origin',(-76.4400000000003,5.75000000000044,5.75000000000004));
#7322=CARTESIAN_POINT('',(-76.4400000000003,6.00000000000044,5.50000000000004));
#7323=CARTESIAN_POINT('',(-76.4400000000003,6.00000000000044,5.50000000000004));
#7324=CARTESIAN_POINT('',(-76.4400000000002,10.7500000000005,0.75000000000005));
#7325=CARTESIAN_POINT('Origin',(-76.4400000000003,6.00000000000044,-5.99999999999999));
#7326=CARTESIAN_POINT('',(-76.4400000000003,6.00000000000044,-5.99999999999999));
#7327=CARTESIAN_POINT('Origin',(-76.9400000000006,-4.99999999999958,1.44328993201341E-14));
#7328=CARTESIAN_POINT('',(-76.9400000000006,-4.99999999999959,-11.));
#7329=CARTESIAN_POINT('',(-76.4400000000006,-4.9999999999996,-10.5));
#7330=CARTESIAN_POINT('Origin',(-76.9400000000006,-4.99999999999959,-10.5));
#7331=CARTESIAN_POINT('',(-76.4400000000006,-4.99999999999959,10.5));
#7332=CARTESIAN_POINT('Origin',(-76.4400000000006,-4.9999999999996,1.4432899320134E-14));
#7333=CARTESIAN_POINT('',(-76.9400000000006,-4.99999999999958,11.));
#7334=CARTESIAN_POINT('Origin',(-76.9400000000006,-4.99999999999958,10.5));
#7335=CARTESIAN_POINT('Origin',(-76.9400000000006,-4.99999999999958,1.44328993201341E-14));
#7336=CARTESIAN_POINT('Origin',(-76.9400000000003,7.50000000000043,10.5));
#7337=CARTESIAN_POINT('',(-76.4399999999991,45.0000000000004,10.5));
#7338=CARTESIAN_POINT('',(-76.9399999999991,45.0000000000005,11.));
#7339=CARTESIAN_POINT('Origin',(-76.9399999999991,45.0000000000005,10.5));
#7340=CARTESIAN_POINT('',(-76.9400000000003,7.50000000000043,11.));
#7341=CARTESIAN_POINT('',(-76.4400000000003,7.50000000000041,10.5));
#7342=CARTESIAN_POINT('Origin',(-76.9399999999991,45.0000000000005,5.32907051820146E-14));
#7343=CARTESIAN_POINT('',(-76.4399999999991,45.0000000000004,-10.4999999999999));
#7344=CARTESIAN_POINT('',(-76.9399999999991,45.0000000000005,-11.));
#7345=CARTESIAN_POINT('Origin',(-76.9399999999991,45.0000000000005,-10.4999999999999));
#7346=CARTESIAN_POINT('Origin',(-76.9399999999991,45.0000000000005,5.32907051820146E-14));
#7347=CARTESIAN_POINT('Origin',(-76.4399999999991,45.0000000000005,5.32907051820145E-14));
#7348=CARTESIAN_POINT('Origin',(-76.9399999999995,32.5000000000004,-10.5));
#7349=CARTESIAN_POINT('',(-76.4399999999995,32.5000000000004,-10.5));
#7350=CARTESIAN_POINT('',(-76.9399999999995,32.5000000000004,-11.));
#7351=CARTESIAN_POINT('Origin',(-76.4399999999991,45.0000000000004,-11.));
#7352=CARTESIAN_POINT('',(-80.9400000000006,-4.99999999999947,-11.));
#7353=CARTESIAN_POINT('',(-76.4400000000006,-4.9999999999996,-11.));
#7354=CARTESIAN_POINT('',(-80.9399999999991,45.0000000000006,-11.));
#7355=CARTESIAN_POINT('',(-80.9399999999995,32.5000000000006,-11.));
#7356=CARTESIAN_POINT('',(-76.4399999999991,45.0000000000004,-11.));
#7357=CARTESIAN_POINT('Origin',(-76.4400000000006,-4.9999999999996,1.4432899320134E-14));
#7358=CARTESIAN_POINT('',(-80.9400000000006,-4.99999999999946,11.));
#7359=CARTESIAN_POINT('',(-76.4400000000006,-4.9999999999996,11.));
#7360=CARTESIAN_POINT('Origin',(-80.9400000000006,-4.99999999999946,1.44328993201344E-14));
#7361=CARTESIAN_POINT('Origin',(-76.4399999999999,20.0000000000004,2.66453525910107E-14));
#7362=CARTESIAN_POINT('Origin',(-81.1900000000003,7.50000000000055,10.75));
#7363=CARTESIAN_POINT('',(-80.9399999999991,45.0000000000006,11.));
#7364=CARTESIAN_POINT('',(-81.4399999999991,45.0000000000006,10.5));
#7365=CARTESIAN_POINT('',(-80.9399999999991,45.0000000000006,11.));
#7366=CARTESIAN_POINT('',(-81.4400000000006,-4.99999999999945,10.5));
#7367=CARTESIAN_POINT('',(-81.4400000000003,7.50000000000056,10.5));
#7368=CARTESIAN_POINT('',(-81.4400000000006,-4.99999999999945,10.5));
#7369=CARTESIAN_POINT('',(-80.9400000000002,7.50000000000055,11.));
#7370=CARTESIAN_POINT('Origin',(-81.1899999999991,45.0000000000006,5.32907051820149E-14));
#7371=CARTESIAN_POINT('',(-81.4399999999991,45.0000000000006,-10.4999999999999));
#7372=CARTESIAN_POINT('',(-80.9399999999991,45.0000000000006,-11.));
#7373=CARTESIAN_POINT('Origin',(-81.4399999999991,45.0000000000006,5.3290705182015E-14));
#7374=CARTESIAN_POINT('Origin',(-80.9399999999991,45.0000000000006,5.32907051820149E-14));
#7375=CARTESIAN_POINT('Origin',(-81.1899999999995,32.5000000000006,-10.75));
#7376=CARTESIAN_POINT('',(-81.4400000000006,-4.99999999999945,-10.5));
#7377=CARTESIAN_POINT('',(-80.9400000000006,-4.99999999999947,-11.));
#7378=CARTESIAN_POINT('',(-81.4399999999995,32.5000000000006,-10.5));
#7379=CARTESIAN_POINT('Origin',(-81.1900000000006,-4.99999999999946,1.44328993201345E-14));
#7380=CARTESIAN_POINT('Origin',(-81.4400000000006,-4.99999999999945,1.44328993201345E-14));
#7381=CARTESIAN_POINT('Origin',(-76.4399999999991,45.0000000000005,5.32907051820145E-14));
#7382=CARTESIAN_POINT('',(-76.4399999999991,45.0000000000004,11.));
#7383=CARTESIAN_POINT('Origin',(-76.4400000000006,-4.99999999999959,11.));
#7384=CARTESIAN_POINT('Origin',(-81.4399999999999,20.0000000000006,2.66453525910112E-14));
#7385=CARTESIAN_POINT('',(-81.4400000000005,1.00000000000242,-1.22464679907284E-16));
#7386=CARTESIAN_POINT('Origin',(-81.4400000000005,2.42127580321969E-12,
7.45079124981246E-27));
#7387=CARTESIAN_POINT('Origin',(-76.4400000000005,2.272644695798E-12,6.99325192478427E-27));
#7388=CARTESIAN_POINT('',(-76.4400000000005,1.00000000000227,-1.22464679907742E-16));
#7389=CARTESIAN_POINT('',(-76.4400000000005,1.00000000000227,-1.22464679907742E-16));
#7390=CARTESIAN_POINT('Origin',(-76.4400000000005,2.272644695798E-12,6.99325192478427E-27));
#7391=CARTESIAN_POINT('Origin',(-76.4400000000005,4.19682467698612E-13,
2.55351295663856E-14));
#7392=CARTESIAN_POINT('',(0.,0.,0.));
#7393=CARTESIAN_POINT('',(0.,0.,0.));
#7394=CARTESIAN_POINT('Origin',(75.,-9.0205620750794E-16,6.66133814775094E-15));
#7395=CARTESIAN_POINT('',(75.,-4.3,6.13474002411758E-15));
#7396=CARTESIAN_POINT('Origin',(75.,-9.0205620750794E-16,6.66133814775094E-15));
#7397=CARTESIAN_POINT('',(72.,-4.3,6.13474002411758E-15));
#7398=CARTESIAN_POINT('',(75.,-4.3,7.1879362713843E-15));
#7399=CARTESIAN_POINT('Origin',(72.,-9.0205620750794E-16,6.66133814775094E-15));
#7400=CARTESIAN_POINT('Origin',(72.,-1.11022302462516E-15,6.66133814775094E-15));
#7401=CARTESIAN_POINT('Origin',(74.,5.55111512312578E-15,0.0508099640539114));
#7402=CARTESIAN_POINT('',(75.,0.995918367346941,5.56154009767332));
#7403=CARTESIAN_POINT('',(75.,-0.995918367346931,5.56154009767332));
#7404=CARTESIAN_POINT('Origin',(75.,5.55111512312578E-15,0.0508099640539114));
#7405=CARTESIAN_POINT('',(79.,0.995918367346941,5.56154009767332));
#7406=CARTESIAN_POINT('',(74.,0.995918367346941,5.56154009767332));
#7407=CARTESIAN_POINT('',(79.,-0.995918367346931,5.56154009767332));
#7408=CARTESIAN_POINT('Origin',(79.,5.55111512312578E-15,0.0508099640539114));
#7409=CARTESIAN_POINT('',(74.,-0.995918367346933,5.56154009767332));
#7410=CARTESIAN_POINT('Origin',(75.,0.,0.));
#7411=CARTESIAN_POINT('',(75.,-17.6123906705539,2.5585532763233));
#7412=CARTESIAN_POINT('',(75.,-9.30860058309037,4.05924317878216));
#7413=CARTESIAN_POINT('',(75.,-17.6123906705539,-2.55855327632329));
#7414=CARTESIAN_POINT('Origin',(75.,-17.15,-3.14889143168316E-17));
#7415=CARTESIAN_POINT('',(75.,-1.00481049562682,-5.55993308124101));
#7416=CARTESIAN_POINT('',(75.,-1.00481049562682,-5.55993308124101));
#7417=CARTESIAN_POINT('',(75.,1.00481049562685,-5.55993308124101));
#7418=CARTESIAN_POINT('Origin',(75.,0.,0.));
#7419=CARTESIAN_POINT('',(75.,17.6123906705539,-2.55855327632329));
#7420=CARTESIAN_POINT('',(75.,9.30860058309038,-4.05924317878215));
#7421=CARTESIAN_POINT('',(75.,17.6123906705539,2.5585532763233));
#7422=CARTESIAN_POINT('Origin',(75.,17.15,3.86519454083724E-15));
#7423=CARTESIAN_POINT('',(75.,1.00481049562683,5.55993308124101));
#7424=CARTESIAN_POINT('Origin',(74.,-17.6123906705539,2.5585532763233));
#7425=CARTESIAN_POINT('',(79.,-17.6123906705539,2.5585532763233));
#7426=CARTESIAN_POINT('',(79.,-9.30860058309037,4.05924317878216));
#7427=CARTESIAN_POINT('',(74.,-17.6123906705539,2.5585532763233));
#7428=CARTESIAN_POINT('Origin',(74.,1.00481049562684,5.55993308124101));
#7429=CARTESIAN_POINT('',(79.,17.6123906705539,2.5585532763233));
#7430=CARTESIAN_POINT('',(74.,17.6123906705539,2.5585532763233));
#7431=CARTESIAN_POINT('',(79.,1.00481049562683,5.55993308124101));
#7432=CARTESIAN_POINT('Origin',(65.75,5.,5.));
#7433=CARTESIAN_POINT('',(65.5,5.,5.5));
#7434=CARTESIAN_POINT('',(66.,5.,6.));
#7435=CARTESIAN_POINT('',(65.5,5.,5.5));
#7436=CARTESIAN_POINT('',(66.,6.,5.));
#7437=CARTESIAN_POINT('Origin',(66.,5.,5.));
#7438=CARTESIAN_POINT('',(65.5,5.5,5.));
#7439=CARTESIAN_POINT('',(66.,6.,5.));
#7440=CARTESIAN_POINT('Origin',(65.5,5.,5.));
#7441=CARTESIAN_POINT('Origin',(65.75,-3.,5.75));
#7442=CARTESIAN_POINT('',(65.5,-5.,5.5));
#7443=CARTESIAN_POINT('',(65.5,-3.,5.5));
#7444=CARTESIAN_POINT('',(66.,-5.,6.));
#7445=CARTESIAN_POINT('',(65.5,-5.,5.5));
#7446=CARTESIAN_POINT('',(66.,-3.,6.));
#7447=CARTESIAN_POINT('Origin',(65.75,-5.,5.));
#7448=CARTESIAN_POINT('',(65.5,-5.5,5.));
#7449=CARTESIAN_POINT('',(66.,-6.,5.));
#7450=CARTESIAN_POINT('',(65.5,-5.5,5.));
#7451=CARTESIAN_POINT('Origin',(66.,-5.,5.));
#7452=CARTESIAN_POINT('Origin',(65.5,-5.,5.));
#7453=CARTESIAN_POINT('Origin',(65.75,-5.75,-3.));
#7454=CARTESIAN_POINT('',(65.5,-5.5,-5.));
#7455=CARTESIAN_POINT('',(65.5,-5.5,-3.));
#7456=CARTESIAN_POINT('',(66.,-6.,-5.));
#7457=CARTESIAN_POINT('',(65.5,-5.5,-5.));
#7458=CARTESIAN_POINT('',(66.,-6.,-3.));
#7459=CARTESIAN_POINT('Origin',(65.75,-5.,-5.));
#7460=CARTESIAN_POINT('',(65.5,-5.,-5.5));
#7461=CARTESIAN_POINT('',(66.,-5.,-6.));
#7462=CARTESIAN_POINT('',(65.5,-5.,-5.5));
#7463=CARTESIAN_POINT('Origin',(66.,-5.,-5.));
#7464=CARTESIAN_POINT('Origin',(65.5,-5.,-5.));
#7465=CARTESIAN_POINT('Origin',(65.75,3.,-5.75));
#7466=CARTESIAN_POINT('',(65.5,5.,-5.5));
#7467=CARTESIAN_POINT('',(65.5,3.,-5.5));
#7468=CARTESIAN_POINT('',(66.,5.,-6.));
#7469=CARTESIAN_POINT('',(65.5,5.,-5.5));
#7470=CARTESIAN_POINT('',(66.,3.,-6.));
#7471=CARTESIAN_POINT('Origin',(65.75,5.,-5.));
#7472=CARTESIAN_POINT('',(65.5,5.5,-5.));
#7473=CARTESIAN_POINT('',(66.,6.,-5.));
#7474=CARTESIAN_POINT('',(65.5,5.5,-5.));
#7475=CARTESIAN_POINT('Origin',(66.,5.,-5.));
#7476=CARTESIAN_POINT('Origin',(65.5,5.,-5.));
#7477=CARTESIAN_POINT('Origin',(65.75,5.75,3.));
#7478=CARTESIAN_POINT('',(65.5,5.5,3.));
#7479=CARTESIAN_POINT('',(66.,6.,3.));
#7480=CARTESIAN_POINT('Origin',(74.,6.,-6.));
#7481=CARTESIAN_POINT('',(74.,5.,-6.));
#7482=CARTESIAN_POINT('',(74.,5.,-6.));
#7483=CARTESIAN_POINT('',(74.,-5.,-6.));
#7484=CARTESIAN_POINT('',(74.,3.,-6.));
#7485=CARTESIAN_POINT('',(74.,-5.,-6.));
#7486=CARTESIAN_POINT('Origin',(74.,5.,-5.));
#7487=CARTESIAN_POINT('',(74.,6.,-5.));
#7488=CARTESIAN_POINT('',(74.,6.,-5.));
#7489=CARTESIAN_POINT('Origin',(74.,5.,-5.));
#7490=CARTESIAN_POINT('Origin',(74.,6.,6.));
#7491=CARTESIAN_POINT('',(74.,6.,5.));
#7492=CARTESIAN_POINT('',(74.,6.,5.));
#7493=CARTESIAN_POINT('',(74.,6.,3.));
#7494=CARTESIAN_POINT('Origin',(74.,5.,5.));
#7495=CARTESIAN_POINT('',(74.,5.,6.));
#7496=CARTESIAN_POINT('',(74.,5.,6.));
#7497=CARTESIAN_POINT('Origin',(74.,5.,5.));
#7498=CARTESIAN_POINT('Origin',(65.5,0.,0.));
#7499=CARTESIAN_POINT('Origin',(74.,-6.,6.));
#7500=CARTESIAN_POINT('',(74.,-5.,6.));
#7501=CARTESIAN_POINT('',(74.,-5.,6.));
#7502=CARTESIAN_POINT('',(74.,-3.,6.));
#7503=CARTESIAN_POINT('Origin',(74.,-5.,5.));
#7504=CARTESIAN_POINT('',(74.,-6.,5.));
#7505=CARTESIAN_POINT('',(74.,-6.,5.));
#7506=CARTESIAN_POINT('Origin',(74.,-5.,5.));
#7507=CARTESIAN_POINT('Origin',(74.,-5.,-5.));
#7508=CARTESIAN_POINT('',(74.,-6.,-5.));
#7509=CARTESIAN_POINT('Origin',(74.,-5.,-5.));
#7510=CARTESIAN_POINT('',(74.,-6.,-5.));
#7511=CARTESIAN_POINT('Origin',(74.,-6.,-6.));
#7512=CARTESIAN_POINT('',(74.,-6.,-3.));
#7513=CARTESIAN_POINT('Origin',(74.,0.,0.));
#7514=CARTESIAN_POINT('',(79.,-1.00481049562682,-5.55993308124101));
#7515=CARTESIAN_POINT('',(74.,-1.00481049562682,-5.55993308124101));
#7516=CARTESIAN_POINT('',(79.,1.00481049562685,-5.55993308124101));
#7517=CARTESIAN_POINT('Origin',(79.,0.,0.));
#7518=CARTESIAN_POINT('',(74.,1.00481049562685,-5.55993308124101));
#7519=CARTESIAN_POINT('Origin',(74.,17.6123906705539,-2.55855327632329));
#7520=CARTESIAN_POINT('',(79.,17.6123906705539,-2.55855327632329));
#7521=CARTESIAN_POINT('',(79.,9.30860058309038,-4.05924317878215));
#7522=CARTESIAN_POINT('',(74.,17.6123906705539,-2.55855327632329));
#7523=CARTESIAN_POINT('Origin',(74.,-1.00481049562682,-5.55993308124101));
#7524=CARTESIAN_POINT('',(79.,-17.6123906705539,-2.55855327632329));
#7525=CARTESIAN_POINT('',(74.,-17.6123906705539,-2.55855327632329));
#7526=CARTESIAN_POINT('',(79.,-1.00481049562682,-5.55993308124101));
#7527=CARTESIAN_POINT('Origin',(74.,-17.15,-3.14889143168316E-17));
#7528=CARTESIAN_POINT('Origin',(79.,-17.15,-3.14889143168316E-17));
#7529=CARTESIAN_POINT('Origin',(74.,0.,0.));
#7530=CARTESIAN_POINT('',(74.,1.35159676293186,7.47884925575709));
#7531=CARTESIAN_POINT('',(74.,-1.3516033416728,7.47884806683348));
#7532=CARTESIAN_POINT('Origin',(74.,0.,0.));
#7533=CARTESIAN_POINT('',(74.,17.9520774609049,4.47874667141472));
#7534=CARTESIAN_POINT('',(74.,17.9520784797377,4.47875230893791));
#7535=CARTESIAN_POINT('',(74.,17.9591932214078,-4.47746650802985));
#7536=CARTESIAN_POINT('Origin',(74.,17.15,3.86519454083724E-15));
#7537=CARTESIAN_POINT('',(74.,1.35157832859965,-7.47885258728333));
#7538=CARTESIAN_POINT('',(74.,0.649494086364993,-7.60573569992215));
#7539=CARTESIAN_POINT('',(74.,-1.35160382150781,-7.47884798011602));
#7540=CARTESIAN_POINT('Origin',(74.,0.,0.));
#7541=CARTESIAN_POINT('',(74.,-17.9591932213827,-4.47746650803295));
#7542=CARTESIAN_POINT('',(74.,-0.649494086364971,-7.60573569992215));
#7543=CARTESIAN_POINT('',(74.,-17.9520784797257,4.47875230894795));
#7544=CARTESIAN_POINT('Origin',(74.,-17.15,-3.14889143168316E-17));
#7545=CARTESIAN_POINT('',(74.,-17.9520784797257,4.47875230894795));
#7546=CARTESIAN_POINT('Origin',(74.,17.15,3.86519454083724E-15));
#7547=CARTESIAN_POINT('Origin',(79.,17.15,3.86519454083724E-15));
#7548=CARTESIAN_POINT('Origin',(74.,-1.3516033416728,7.47884806683348));
#7549=CARTESIAN_POINT('',(75.,-17.9520784797257,4.47875230894795));
#7550=CARTESIAN_POINT('',(74.,-17.9520784797257,4.47875230894795));
#7551=CARTESIAN_POINT('',(79.,-17.9520784797257,4.47875230894795));
#7552=CARTESIAN_POINT('',(74.,-17.9520784797257,4.47875230894795));
#7553=CARTESIAN_POINT('',(79.,-1.3516033416728,7.47884806683348));
#7554=CARTESIAN_POINT('',(79.,-17.9520784797257,4.47875230894795));
#7555=CARTESIAN_POINT('',(74.,-1.3516033416728,7.47884806683348));
#7556=CARTESIAN_POINT('Origin',(74.,0.,0.));
#7557=CARTESIAN_POINT('',(79.,1.35159676293186,7.47884925575709));
#7558=CARTESIAN_POINT('Origin',(79.,0.,0.));
#7559=CARTESIAN_POINT('',(74.,1.35159676293186,7.47884925575709));
#7560=CARTESIAN_POINT('Origin',(74.,17.9520784797377,4.47875230893791));
#7561=CARTESIAN_POINT('',(79.,17.9520774609049,4.47874667141472));
#7562=CARTESIAN_POINT('',(79.,17.9520784797377,4.47875230893791));
#7563=CARTESIAN_POINT('',(75.,17.9520774609049,4.47874667141472));
#7564=CARTESIAN_POINT('',(74.,17.9520774609049,4.47874667141472));
#7565=CARTESIAN_POINT('',(74.,17.9520774609049,4.47874667141472));
#7566=CARTESIAN_POINT('Origin',(74.,17.15,3.86519454083724E-15));
#7567=CARTESIAN_POINT('',(79.,17.9591932214078,-4.47746650802985));
#7568=CARTESIAN_POINT('Origin',(79.,17.15,3.86519454083724E-15));
#7569=CARTESIAN_POINT('',(74.,17.9591932214078,-4.47746650802985));
#7570=CARTESIAN_POINT('Origin',(74.,1.35157832859965,-7.47885258728333));
#7571=CARTESIAN_POINT('',(79.,1.35157832859965,-7.47885258728333));
#7572=CARTESIAN_POINT('',(79.,0.649494086364993,-7.60573569992215));
#7573=CARTESIAN_POINT('',(74.,1.35157832859965,-7.47885258728333));
#7574=CARTESIAN_POINT('Origin',(74.,0.,0.));
#7575=CARTESIAN_POINT('',(79.,-1.35160382150781,-7.47884798011602));
#7576=CARTESIAN_POINT('Origin',(79.,0.,0.));
#7577=CARTESIAN_POINT('',(74.,-1.35160382150781,-7.47884798011602));
#7578=CARTESIAN_POINT('Origin',(74.,-17.9591932213827,-4.47746650803295));
#7579=CARTESIAN_POINT('',(79.,-17.9591932213827,-4.47746650803295));
#7580=CARTESIAN_POINT('',(79.,-0.649494086364971,-7.60573569992215));
#7581=CARTESIAN_POINT('',(74.,-17.9591932213827,-4.47746650803295));
#7582=CARTESIAN_POINT('Origin',(74.,-17.15,-3.14889143168316E-17));
#7583=CARTESIAN_POINT('Origin',(79.,-17.15,-3.14889143168316E-17));
#7584=CARTESIAN_POINT('Origin',(79.,0.,0.));
#7585=CARTESIAN_POINT('',(5.,0.,0.));
#7586=CARTESIAN_POINT('',(0.,0.,0.));
#7587=CARTESIAN_POINT('',(-6.63457048571307E-32,-2.43541035521632E-18,-2.43541035571351E-18));
#7588=CARTESIAN_POINT('',(-6.63457048571307E-32,-2.43541035521632E-18,-2.43541035571351E-18));
#7589=CARTESIAN_POINT('',(-5.15143483426017E-13,2.55124838432089E-14,1.85284070237614E-12));
#7590=CARTESIAN_POINT('',(-6.63457048571307E-32,-2.43541035521632E-18,-2.43541035571351E-18));
#7591=CARTESIAN_POINT('',(0.,0.,0.));
#7592=UNCERTAINTY_MEASURE_WITH_UNIT(LENGTH_MEASURE(0.01),#7608,
'DISTANCE_ACCURACY_VALUE',
'Maximum model space distance between geometric entities at asserted c
onnectivities');
#7593=UNCERTAINTY_MEASURE_WITH_UNIT(LENGTH_MEASURE(0.01),#7608,
'DISTANCE_ACCURACY_VALUE',
'Maximum model space distance between geometric entities at asserted c
onnectivities');
#7594=UNCERTAINTY_MEASURE_WITH_UNIT(LENGTH_MEASURE(0.01),#7608,
'DISTANCE_ACCURACY_VALUE',
'Maximum model space distance between geometric entities at asserted c
onnectivities');
#7595=UNCERTAINTY_MEASURE_WITH_UNIT(LENGTH_MEASURE(0.01),#7608,
'DISTANCE_ACCURACY_VALUE',
'Maximum model space distance between geometric entities at asserted c
onnectivities');
#7596=UNCERTAINTY_MEASURE_WITH_UNIT(LENGTH_MEASURE(0.01),#7608,
'DISTANCE_ACCURACY_VALUE',
'Maximum model space distance between geometric entities at asserted c
onnectivities');
#7597=UNCERTAINTY_MEASURE_WITH_UNIT(LENGTH_MEASURE(0.01),#7608,
'DISTANCE_ACCURACY_VALUE',
'Maximum model space distance between geometric entities at asserted c
onnectivities');
#7598=UNCERTAINTY_MEASURE_WITH_UNIT(LENGTH_MEASURE(0.01),#7608,
'DISTANCE_ACCURACY_VALUE',
'Maximum model space distance between geometric entities at asserted c
onnectivities');
#7599=UNCERTAINTY_MEASURE_WITH_UNIT(LENGTH_MEASURE(0.01),#7608,
'DISTANCE_ACCURACY_VALUE',
'Maximum model space distance between geometric entities at asserted c
onnectivities');
#7600=(
GEOMETRIC_REPRESENTATION_CONTEXT(3)
GLOBAL_UNCERTAINTY_ASSIGNED_CONTEXT((#7592))
GLOBAL_UNIT_ASSIGNED_CONTEXT((#7608,#7610,#7611))
REPRESENTATION_CONTEXT('','3D')
);
#7601=(
GEOMETRIC_REPRESENTATION_CONTEXT(3)
GLOBAL_UNCERTAINTY_ASSIGNED_CONTEXT((#7593))
GLOBAL_UNIT_ASSIGNED_CONTEXT((#7608,#7610,#7611))
REPRESENTATION_CONTEXT('','3D')
);
#7602=(
GEOMETRIC_REPRESENTATION_CONTEXT(3)
GLOBAL_UNCERTAINTY_ASSIGNED_CONTEXT((#7594))
GLOBAL_UNIT_ASSIGNED_CONTEXT((#7608,#7610,#7611))
REPRESENTATION_CONTEXT('','3D')
);
#7603=(
GEOMETRIC_REPRESENTATION_CONTEXT(3)
GLOBAL_UNCERTAINTY_ASSIGNED_CONTEXT((#7595))
GLOBAL_UNIT_ASSIGNED_CONTEXT((#7608,#7610,#7611))
REPRESENTATION_CONTEXT('','3D')
);
#7604=(
GEOMETRIC_REPRESENTATION_CONTEXT(3)
GLOBAL_UNCERTAINTY_ASSIGNED_CONTEXT((#7596))
GLOBAL_UNIT_ASSIGNED_CONTEXT((#7608,#7610,#7611))
REPRESENTATION_CONTEXT('','3D')
);
#7605=(
GEOMETRIC_REPRESENTATION_CONTEXT(3)
GLOBAL_UNCERTAINTY_ASSIGNED_CONTEXT((#7597))
GLOBAL_UNIT_ASSIGNED_CONTEXT((#7608,#7610,#7611))
REPRESENTATION_CONTEXT('','3D')
);
#7606=(
GEOMETRIC_REPRESENTATION_CONTEXT(3)
GLOBAL_UNCERTAINTY_ASSIGNED_CONTEXT((#7598))
GLOBAL_UNIT_ASSIGNED_CONTEXT((#7608,#7610,#7611))
REPRESENTATION_CONTEXT('','3D')
);
#7607=(
GEOMETRIC_REPRESENTATION_CONTEXT(3)
GLOBAL_UNCERTAINTY_ASSIGNED_CONTEXT((#7599))
GLOBAL_UNIT_ASSIGNED_CONTEXT((#7608,#7610,#7611))
REPRESENTATION_CONTEXT('','3D')
);
#7608=(
LENGTH_UNIT()
NAMED_UNIT(*)
SI_UNIT(.MILLI.,.METRE.)
);
#7609=(
LENGTH_UNIT()
NAMED_UNIT(*)
SI_UNIT($,.METRE.)
);
#7610=(
NAMED_UNIT(*)
PLANE_ANGLE_UNIT()
SI_UNIT($,.RADIAN.)
);
#7611=(
NAMED_UNIT(*)
SI_UNIT($,.STERADIAN.)
SOLID_ANGLE_UNIT()
);
#7612=SHAPE_DEFINITION_REPRESENTATION(#7619,#7633);
#7613=SHAPE_DEFINITION_REPRESENTATION(#7620,#7634);
#7614=SHAPE_DEFINITION_REPRESENTATION(#7621,#7635);
#7615=SHAPE_DEFINITION_REPRESENTATION(#7622,#7636);
#7616=SHAPE_DEFINITION_REPRESENTATION(#7623,#7637);
#7617=SHAPE_DEFINITION_REPRESENTATION(#7624,#7638);
#7618=SHAPE_DEFINITION_REPRESENTATION(#7625,#7639);
#7619=PRODUCT_DEFINITION_SHAPE('',$,#7641);
#7620=PRODUCT_DEFINITION_SHAPE('',$,#7642);
#7621=PRODUCT_DEFINITION_SHAPE('',$,#7643);
#7622=PRODUCT_DEFINITION_SHAPE('',$,#7644);
#7623=PRODUCT_DEFINITION_SHAPE('',$,#7645);
#7624=PRODUCT_DEFINITION_SHAPE('',$,#7646);
#7625=PRODUCT_DEFINITION_SHAPE('',$,#7647);
#7626=PRODUCT_DEFINITION_SHAPE($,$,#32);
#7627=PRODUCT_DEFINITION_SHAPE($,$,#33);
#7628=PRODUCT_DEFINITION_SHAPE($,$,#34);
#7629=PRODUCT_DEFINITION_SHAPE($,$,#35);
#7630=PRODUCT_DEFINITION_SHAPE($,$,#36);
#7631=PRODUCT_DEFINITION_SHAPE($,$,#37);
#7632=PRODUCT_DEFINITION_SHAPE($,$,#38);
#7633=SHAPE_REPRESENTATION('',(#4361,#4811,#4812,#4813,#4814,#4815,#4816),
#7600);
#7634=SHAPE_REPRESENTATION('',(#4362),#7601);
#7635=SHAPE_REPRESENTATION('',(#4646),#7602);
#7636=SHAPE_REPRESENTATION('',(#4668),#7603);
#7637=SHAPE_REPRESENTATION('',(#4692),#7604);
#7638=SHAPE_REPRESENTATION('',(#4740,#4810),#7605);
#7639=SHAPE_REPRESENTATION('',(#4741),#7606);
#7640=PRODUCT_DEFINITION_CONTEXT('part definition',#7663,'design');
#7641=PRODUCT_DEFINITION('BlastGate','BlastGate v35',#7648,#7640);
#7642=PRODUCT_DEFINITION('Housing','Housing',#7649,#7640);
#7643=PRODUCT_DEFINITION('Ball','Ball',#7650,#7640);
#7644=PRODUCT_DEFINITION('Hinge','Hinge',#7651,#7640);
#7645=PRODUCT_DEFINITION('Handle','Handle',#7652,#7640);
#7646=PRODUCT_DEFINITION('BrainsCase','BrainsCase',#7653,#7640);
#7647=PRODUCT_DEFINITION('Drive Adapter','Drive Adapter',#7654,#7640);
#7648=PRODUCT_DEFINITION_FORMATION('',$,#7665);
#7649=PRODUCT_DEFINITION_FORMATION('',$,#7666);
#7650=PRODUCT_DEFINITION_FORMATION('',$,#7667);
#7651=PRODUCT_DEFINITION_FORMATION('',$,#7668);
#7652=PRODUCT_DEFINITION_FORMATION('',$,#7669);
#7653=PRODUCT_DEFINITION_FORMATION('',$,#7670);
#7654=PRODUCT_DEFINITION_FORMATION('',$,#7671);
#7655=PRODUCT_RELATED_PRODUCT_CATEGORY('BlastGate v35','BlastGate v35',
(#7665));
#7656=PRODUCT_RELATED_PRODUCT_CATEGORY('Housing','Housing',(#7666));
#7657=PRODUCT_RELATED_PRODUCT_CATEGORY('Ball','Ball',(#7667));
#7658=PRODUCT_RELATED_PRODUCT_CATEGORY('Hinge','Hinge',(#7668));
#7659=PRODUCT_RELATED_PRODUCT_CATEGORY('Handle','Handle',(#7669));
#7660=PRODUCT_RELATED_PRODUCT_CATEGORY('BrainsCase','BrainsCase',(#7670));
#7661=PRODUCT_RELATED_PRODUCT_CATEGORY('Drive Adapter','Drive Adapter',
(#7671));
#7662=APPLICATION_PROTOCOL_DEFINITION('international standard',
'automotive_design',2009,#7663);
#7663=APPLICATION_CONTEXT(
'Core Data for Automotive Mechanical Design Process');
#7664=PRODUCT_CONTEXT('part definition',#7663,'mechanical');
#7665=PRODUCT('BlastGate','BlastGate v35',$,(#7664));
#7666=PRODUCT('Housing','Housing',$,(#7664));
#7667=PRODUCT('Ball','Ball',$,(#7664));
#7668=PRODUCT('Hinge','Hinge',$,(#7664));
#7669=PRODUCT('Handle','Handle',$,(#7664));
#7670=PRODUCT('BrainsCase','BrainsCase',$,(#7664));
#7671=PRODUCT('Drive Adapter','Drive Adapter',$,(#7664));
#7672=PRESENTATION_STYLE_ASSIGNMENT((#7675));
#7673=PRESENTATION_STYLE_ASSIGNMENT((#7676));
#7674=PRESENTATION_STYLE_ASSIGNMENT((#7677));
#7675=SURFACE_STYLE_USAGE(.BOTH.,#7678);
#7676=SURFACE_STYLE_USAGE(.BOTH.,#7679);
#7677=SURFACE_STYLE_USAGE(.BOTH.,#7680);
#7678=SURFACE_SIDE_STYLE('',(#7681));
#7679=SURFACE_SIDE_STYLE('',(#7682));
#7680=SURFACE_SIDE_STYLE('',(#7683));
#7681=SURFACE_STYLE_FILL_AREA(#7684);
#7682=SURFACE_STYLE_FILL_AREA(#7685);
#7683=SURFACE_STYLE_FILL_AREA(#7686);
#7684=FILL_AREA_STYLE('Surface - Matte',(#7687));
#7685=FILL_AREA_STYLE('Surface - Matte',(#7688));
#7686=FILL_AREA_STYLE('Surface - Matte (1)',(#7689));
#7687=FILL_AREA_STYLE_COLOUR('Surface - Matte',#7690);
#7688=FILL_AREA_STYLE_COLOUR('Surface - Matte',#7691);
#7689=FILL_AREA_STYLE_COLOUR('Surface - Matte (1)',#7692);
#7690=COLOUR_RGB('Surface - Matte',0.701960784313725,0.701960784313725,
0.701960784313725);
#7691=COLOUR_RGB('Surface - Matte',0.454901960784314,0.596078431372549,
0.333333333333333);
#7692=COLOUR_RGB('Surface - Matte (1)',1.,1.,1.);
ENDSEC;
END-ISO-10303-21;
