ISO-10303-21;
HEADER;
/* Generated by software containing ST-Developer
 * from STEP Tools, Inc. (www.steptools.com) 
 */

FILE_DESCRIPTION(
/* description */ (''),
/* implementation_level */ '2;1');

FILE_NAME(
/* name */ 'BlastGateThreadedSide.step',
/* time_stamp */ '2026-10-10T15:30:49+11:00',
/* author */ (''),
/* organization */ (''),
/* preprocessor_version */ 'ST-DEVELOPER v20.2',
/* originating_system */ 'Autodesk Translation Framework v15.15.0.0',
/* authorisation */ '');

FILE_SCHEMA (('AUTOMOTIVE_DESIGN { 1 0 10303 214 3 1 1 }'));
ENDSEC;

DATA;
#10=MECHANICAL_DESIGN_GEOMETRIC_PRESENTATION_REPRESENTATION('',(#13),#3956);
#11=SHAPE_REPRESENTATION_RELATIONSHIP('SRR','None',#3963,#12);
#12=ADVANCED_BREP_SHAPE_REPRESENTATION('',(#14),#3955);
#13=STYLED_ITEM('',(#3973),#14);
#14=MANIFOLD_SOLID_BREP('HousingRight',#1493);
#15=ELLIPSE('',#1608,14.4956890143242,10.25);
#16=ELLIPSE('',#1610,14.4956890143242,10.25);
#17=ELLIPSE('',#1620,14.4956890143242,10.25);
#18=ELLIPSE('',#1622,14.4956890143242,10.25);
#19=SPHERICAL_SURFACE('',#1591,104.41);
#20=SPHERICAL_SURFACE('',#1627,95.41);
#21=(
BOUNDED_SURFACE()
B_SPLINE_SURFACE(2,2,((#3611,#3612,#3613,#3614,#3615,#3616,#3617,#3618,
#3619),(#3620,#3621,#3622,#3623,#3624,#3625,#3626,#3627,#3628),(#3629,#3630,
#3631,#3632,#3633,#3634,#3635,#3636,#3637)),.UNSPECIFIED.,.F.,.T.,.F.)
B_SPLINE_SURFACE_WITH_KNOTS((3,3),(3,2,2,2,3),(-0.508659412524042,-0.0622028443056801),
(-3.14159265358979,-1.5707963267949,0.,1.5707963267949,3.14159265358979),
 .UNSPECIFIED.)
GEOMETRIC_REPRESENTATION_ITEM()
RATIONAL_B_SPLINE_SURFACE(((1.,0.707106781186548,1.,0.707106781186548,1.,
0.707106781186548,1.,0.707106781186548,1.),(0.975187858021442,0.689561947337746,
0.975187858021442,0.689561947337746,0.975187858021442,0.689561947337746,
0.975187858021442,0.689561947337746,0.975187858021442),(1.,0.707106781186548,
1.,0.707106781186548,1.,0.707106781186548,1.,0.707106781186548,1.)))
REPRESENTATION_ITEM('')
SURFACE()
);
#22=TOROIDAL_SURFACE('',#1525,88.,35.);
#23=TOROIDAL_SURFACE('',#1588,74.94,8.);
#24=TOROIDAL_SURFACE('',#1658,67.94,5.);
#25=B_SPLINE_SURFACE_WITH_KNOTS('',3,3,((#2413,#2414,#2415,#2416),(#2417,
#2418,#2419,#2420),(#2421,#2422,#2423,#2424),(#2425,#2426,#2427,#2428)),
 .UNSPECIFIED.,.F.,.F.,.F.,(4,4),(4,4),(0.,1.),(-1.05846688068541,-0.909856694257451),
 .UNSPECIFIED.);
#26=B_SPLINE_SURFACE_WITH_KNOTS('',3,3,((#2447,#2448,#2449,#2450),(#2451,
#2452,#2453,#2454),(#2455,#2456,#2457,#2458),(#2459,#2460,#2461,#2462)),
 .UNSPECIFIED.,.F.,.F.,.F.,(4,4),(4,4),(0.,0.603292608108199),(3.14159265358979,
3.19367874978863),.UNSPECIFIED.);
#27=B_SPLINE_SURFACE_WITH_KNOTS('',3,3,((#2498,#2499,#2500,#2501,#2502,
#2503,#2504,#2505,#2506,#2507,#2508,#2509,#2510,#2511,#2512,#2513,#2514,
#2515,#2516,#2517,#2518,#2519,#2520,#2521,#2522,#2523,#2524,#2525,#2526,
#2527,#2528,#2529,#2530,#2531,#2532,#2533,#2534,#2535,#2536,#2537,#2538),
(#2539,#2540,#2541,#2542,#2543,#2544,#2545,#2546,#2547,#2548,#2549,#2550,
#2551,#2552,#2553,#2554,#2555,#2556,#2557,#2558,#2559,#2560,#2561,#2562,
#2563,#2564,#2565,#2566,#2567,#2568,#2569,#2570,#2571,#2572,#2573,#2574,
#2575,#2576,#2577,#2578,#2579),(#2580,#2581,#2582,#2583,#2584,#2585,#2586,
#2587,#2588,#2589,#2590,#2591,#2592,#2593,#2594,#2595,#2596,#2597,#2598,
#2599,#2600,#2601,#2602,#2603,#2604,#2605,#2606,#2607,#2608,#2609,#2610,
#2611,#2612,#2613,#2614,#2615,#2616,#2617,#2618,#2619,#2620),(#2621,#2622,
#2623,#2624,#2625,#2626,#2627,#2628,#2629,#2630,#2631,#2632,#2633,#2634,
#2635,#2636,#2637,#2638,#2639,#2640,#2641,#2642,#2643,#2644,#2645,#2646,
#2647,#2648,#2649,#2650,#2651,#2652,#2653,#2654,#2655,#2656,#2657,#2658,
#2659,#2660,#2661)),.UNSPECIFIED.,.F.,.F.,.F.,(4,4),(4,1,1,1,1,1,1,1,1,
1,1,1,1,1,1,1,1,1,1,1,1,1,1,1,1,1,1,1,1,1,1,1,1,1,1,1,1,1,4),(-0.263244251760935,
1.00000000000536),(0.388859026685491,0.825184030352272,1.26150903401905,
1.69783403768583,2.13415904135262,2.32808126520452,2.71592571290832,3.00680904868618,
3.29769238446403,3.58857572024189,3.87945905601974,4.1703423917976,4.46122572757545,
4.7521090633533,5.04299239913116,5.33387573490901,5.62475907068687,5.77020073857579,
5.91564240646472,6.20652574224257,6.49740907802043,6.60649032893712,6.93373408168721,
7.37005908535399,7.80638408902077,8.13362784177086,8.24270909268756,8.67903409635434,
9.11535910002112,9.5516841036879,9.98800910735468,10.0970903582714,10.4243341110215,
10.8606591146882,11.296984118355,11.7333091220218,12.1696341256886,12.2787153766053,
12.6059591293554),.UNSPECIFIED.);
#28=B_SPLINE_SURFACE_WITH_KNOTS('',3,3,((#2708,#2709,#2710,#2711,#2712,
#2713,#2714,#2715,#2716,#2717,#2718,#2719,#2720,#2721,#2722,#2723,#2724,
#2725,#2726,#2727,#2728,#2729,#2730,#2731,#2732,#2733,#2734,#2735,#2736),
(#2737,#2738,#2739,#2740,#2741,#2742,#2743,#2744,#2745,#2746,#2747,#2748,
#2749,#2750,#2751,#2752,#2753,#2754,#2755,#2756,#2757,#2758,#2759,#2760,
#2761,#2762,#2763,#2764,#2765),(#2766,#2767,#2768,#2769,#2770,#2771,#2772,
#2773,#2774,#2775,#2776,#2777,#2778,#2779,#2780,#2781,#2782,#2783,#2784,
#2785,#2786,#2787,#2788,#2789,#2790,#2791,#2792,#2793,#2794),(#2795,#2796,
#2797,#2798,#2799,#2800,#2801,#2802,#2803,#2804,#2805,#2806,#2807,#2808,
#2809,#2810,#2811,#2812,#2813,#2814,#2815,#2816,#2817,#2818,#2819,#2820,
#2821,#2822,#2823)),.UNSPECIFIED.,.F.,.F.,.F.,(4,4),(4,1,1,1,1,1,1,1,1,
1,1,1,1,1,1,1,1,1,1,1,1,1,1,1,1,1,4),(-3.14159265358979,-2.49770725443808),
(0.,0.483528624676201,0.967057249352401,1.4505858740286,1.9341144987048,
2.417643123381,2.9011717480572,3.3847003727334,3.86822899740961,4.35175762208581,
4.83528624676201,5.31881487143821,5.80234349611441,6.28587212079061,6.76940074546681,
7.25292937014301,7.73645799481921,8.21998661949541,8.70351524417161,9.18704386884781,
9.67057249352401,10.1541011182002,10.6376297428764,11.1211583675526,11.6046869922288,
12.088215616905,12.5717442415812),.UNSPECIFIED.);
#29=B_SPLINE_SURFACE_WITH_KNOTS('',3,3,((#2853,#2854,#2855,#2856,#2857,
#2858,#2859,#2860,#2861,#2862,#2863,#2864,#2865,#2866,#2867,#2868,#2869,
#2870,#2871,#2872,#2873,#2874,#2875,#2876,#2877,#2878,#2879,#2880,#2881,
#2882,#2883,#2884,#2885,#2886,#2887,#2888,#2889,#2890),(#2891,#2892,#2893,
#2894,#2895,#2896,#2897,#2898,#2899,#2900,#2901,#2902,#2903,#2904,#2905,
#2906,#2907,#2908,#2909,#2910,#2911,#2912,#2913,#2914,#2915,#2916,#2917,
#2918,#2919,#2920,#2921,#2922,#2923,#2924,#2925,#2926,#2927,#2928),(#2929,
#2930,#2931,#2932,#2933,#2934,#2935,#2936,#2937,#2938,#2939,#2940,#2941,
#2942,#2943,#2944,#2945,#2946,#2947,#2948,#2949,#2950,#2951,#2952,#2953,
#2954,#2955,#2956,#2957,#2958,#2959,#2960,#2961,#2962,#2963,#2964,#2965,
#2966),(#2967,#2968,#2969,#2970,#2971,#2972,#2973,#2974,#2975,#2976,#2977,
#2978,#2979,#2980,#2981,#2982,#2983,#2984,#2985,#2986,#2987,#2988,#2989,
#2990,#2991,#2992,#2993,#2994,#2995,#2996,#2997,#2998,#2999,#3000,#3001,
#3002,#3003,#3004)),.UNSPECIFIED.,.F.,.F.,.F.,(4,4),(4,1,1,1,1,1,1,1,1,
1,1,1,1,1,1,1,1,1,1,1,1,1,1,1,1,1,1,1,1,1,1,1,1,1,1,4),(-1.04274270291732E-14,
1.00000000000537),(-12.609704752235,-12.1579442784053,-11.7061838045756,
-11.2544233307459,-11.0285430938311,-10.9156029753737,-10.8026628569162,
-10.4010979912899,-10.2003155584767,-9.89914190925687,-9.59796826003708,
-9.29679461081729,-8.9956209615975,-8.69444731237771,-8.39327366315792,
-8.09210001393813,-7.79092636471834,-7.38936149909195,-7.18857906627876,
-6.88740541705897,-6.58623176783918,-6.28505811861939,-5.83329764478971,
-5.38153717096002,-4.92977669713034,-4.47801622330065,-4.02625574947097,
-3.57449527564128,-3.1227348018116,-2.67097432798191,-2.21921385415223,
-1.76745338032254,-1.31569290649286,-0.863932432663174,-0.412171958833489,
0.039588514996196),.UNSPECIFIED.);
#30=B_SPLINE_SURFACE_WITH_KNOTS('',3,3,((#3053,#3054,#3055,#3056,#3057,
#3058,#3059,#3060,#3061,#3062,#3063,#3064,#3065,#3066,#3067,#3068,#3069,
#3070,#3071,#3072,#3073,#3074,#3075,#3076,#3077,#3078,#3079,#3080,#3081),
(#3082,#3083,#3084,#3085,#3086,#3087,#3088,#3089,#3090,#3091,#3092,#3093,
#3094,#3095,#3096,#3097,#3098,#3099,#3100,#3101,#3102,#3103,#3104,#3105,
#3106,#3107,#3108,#3109,#3110),(#3111,#3112,#3113,#3114,#3115,#3116,#3117,
#3118,#3119,#3120,#3121,#3122,#3123,#3124,#3125,#3126,#3127,#3128,#3129,
#3130,#3131,#3132,#3133,#3134,#3135,#3136,#3137,#3138,#3139),(#3140,#3141,
#3142,#3143,#3144,#3145,#3146,#3147,#3148,#3149,#3150,#3151,#3152,#3153,
#3154,#3155,#3156,#3157,#3158,#3159,#3160,#3161,#3162,#3163,#3164,#3165,
#3166,#3167,#3168)),.UNSPECIFIED.,.F.,.F.,.F.,(4,4),(4,1,1,1,1,1,1,1,1,
1,1,1,1,1,1,1,1,1,1,1,1,1,1,1,1,1,4),(2.49770725443791,3.14159265358979),
(-0.00537362722204483,0.478361675424235,0.962096978070515,1.44583228071679,
1.92956758336307,2.41330288600935,2.89703818865563,3.38077349130191,3.86450879394819,
4.34824409659447,4.83197939924075,5.31571470188703,5.79945000453331,6.28318530717959,
6.76692060982587,7.25065591247215,7.73439121511843,8.21812651776471,8.70186182041099,
9.18559712305727,9.66933242570355,10.1530677283498,10.6368030309961,11.1205383336424,
11.6042736362887,12.0880089389349,12.5717442415812),.UNSPECIFIED.);
#31=B_SPLINE_SURFACE_WITH_KNOTS('',3,3,((#3169,#3170,#3171,#3172,#3173,
#3174,#3175,#3176,#3177,#3178,#3179,#3180,#3181,#3182,#3183,#3184,#3185,
#3186,#3187,#3188,#3189,#3190),(#3191,#3192,#3193,#3194,#3195,#3196,#3197,
#3198,#3199,#3200,#3201,#3202,#3203,#3204,#3205,#3206,#3207,#3208,#3209,
#3210,#3211,#3212),(#3213,#3214,#3215,#3216,#3217,#3218,#3219,#3220,#3221,
#3222,#3223,#3224,#3225,#3226,#3227,#3228,#3229,#3230,#3231,#3232,#3233,
#3234),(#3235,#3236,#3237,#3238,#3239,#3240,#3241,#3242,#3243,#3244,#3245,
#3246,#3247,#3248,#3249,#3250,#3251,#3252,#3253,#3254,#3255,#3256),(#3257,
#3258,#3259,#3260,#3261,#3262,#3263,#3264,#3265,#3266,#3267,#3268,#3269,
#3270,#3271,#3272,#3273,#3274,#3275,#3276,#3277,#3278),(#3279,#3280,#3281,
#3282,#3283,#3284,#3285,#3286,#3287,#3288,#3289,#3290,#3291,#3292,#3293,
#3294,#3295,#3296,#3297,#3298,#3299,#3300),(#3301,#3302,#3303,#3304,#3305,
#3306,#3307,#3308,#3309,#3310,#3311,#3312,#3313,#3314,#3315,#3316,#3317,
#3318,#3319,#3320,#3321,#3322)),.UNSPECIFIED.,.F.,.T.,.F.,(4,1,1,1,4),(4,
1,1,1,1,1,1,1,1,1,1,1,1,1,1,1,1,1,1,4),(0.,0.285714285714286,0.571428571428571,
0.857142857142857,1.),(0.,1.24823834566329,2.49647669132658,3.32863558843544,
4.1607944855443,4.99295338265316,5.82511227976202,6.65727117687089,7.48943007397975,
8.32158897108861,9.15374786819747,9.98590676530633,10.8180656624152,11.650224559524,
12.4823834566329,13.7306218022962,14.9788601479595,16.2270984936228,16.8512176664544,
17.4753368392861),.UNSPECIFIED.);
#32=B_SPLINE_SURFACE_WITH_KNOTS('',3,3,((#3451,#3452,#3453,#3454,#3455,
#3456,#3457,#3458,#3459,#3460,#3461,#3462,#3463,#3464,#3465,#3466,#3467,
#3468,#3469,#3470,#3471),(#3472,#3473,#3474,#3475,#3476,#3477,#3478,#3479,
#3480,#3481,#3482,#3483,#3484,#3485,#3486,#3487,#3488,#3489,#3490,#3491,
#3492),(#3493,#3494,#3495,#3496,#3497,#3498,#3499,#3500,#3501,#3502,#3503,
#3504,#3505,#3506,#3507,#3508,#3509,#3510,#3511,#3512,#3513),(#3514,#3515,
#3516,#3517,#3518,#3519,#3520,#3521,#3522,#3523,#3524,#3525,#3526,#3527,
#3528,#3529,#3530,#3531,#3532,#3533,#3534),(#3535,#3536,#3537,#3538,#3539,
#3540,#3541,#3542,#3543,#3544,#3545,#3546,#3547,#3548,#3549,#3550,#3551,
#3552,#3553,#3554,#3555),(#3556,#3557,#3558,#3559,#3560,#3561,#3562,#3563,
#3564,#3565,#3566,#3567,#3568,#3569,#3570,#3571,#3572,#3573,#3574,#3575,
#3576),(#3577,#3578,#3579,#3580,#3581,#3582,#3583,#3584,#3585,#3586,#3587,
#3588,#3589,#3590,#3591,#3592,#3593,#3594,#3595,#3596,#3597)),
 .UNSPECIFIED.,.F.,.T.,.F.,(4,1,1,1,4),(4,1,1,1,1,1,1,1,1,1,1,1,1,1,1,1,
1,1,4),(0.,0.285714285714286,0.571428571428571,0.857142857142857,1.),(0.,
3.75275665840073,7.50551331680146,10.0073510890686,12.5091888613358,15.0110266336029,
17.5128644058701,20.0147021781372,22.5165399504044,25.0183777226715,27.5202154949387,
30.0220532672059,32.523891039473,35.0257288117402,37.5275665840073,41.2803232424081,
45.0330799008088,48.7858365592095,52.5385932176103),.UNSPECIFIED.);
#33=FACE_BOUND('',#188,.T.);
#34=FACE_BOUND('',#215,.T.);
#35=FACE_BOUND('',#226,.T.);
#36=FACE_BOUND('',#231,.T.);
#37=FACE_BOUND('',#234,.T.);
#38=FACE_BOUND('',#235,.T.);
#39=FACE_BOUND('',#253,.T.);
#40=FACE_BOUND('',#257,.T.);
#41=FACE_BOUND('',#258,.T.);
#42=FACE_BOUND('',#264,.T.);
#43=FACE_BOUND('',#265,.T.);
#44=FACE_BOUND('',#276,.T.);
#45=FACE_BOUND('',#278,.T.);
#46=PLANE('',#1519);
#47=PLANE('',#1521);
#48=PLANE('',#1522);
#49=PLANE('',#1524);
#50=PLANE('',#1529);
#51=PLANE('',#1541);
#52=PLANE('',#1546);
#53=PLANE('',#1551);
#54=PLANE('',#1553);
#55=PLANE('',#1558);
#56=PLANE('',#1561);
#57=PLANE('',#1564);
#58=PLANE('',#1568);
#59=PLANE('',#1573);
#60=PLANE('',#1578);
#61=PLANE('',#1582);
#62=PLANE('',#1585);
#63=PLANE('',#1596);
#64=PLANE('',#1601);
#65=PLANE('',#1606);
#66=PLANE('',#1607);
#67=PLANE('',#1609);
#68=PLANE('',#1611);
#69=PLANE('',#1612);
#70=PLANE('',#1613);
#71=PLANE('',#1616);
#72=PLANE('',#1619);
#73=PLANE('',#1621);
#74=PLANE('',#1625);
#75=PLANE('',#1631);
#76=PLANE('',#1634);
#77=PLANE('',#1644);
#78=PLANE('',#1647);
#79=PLANE('',#1652);
#80=PLANE('',#1653);
#81=PLANE('',#1654);
#82=PLANE('',#1660);
#83=PLANE('',#1661);
#84=(
BOUNDED_CURVE()
B_SPLINE_CURVE(2,(#2162,#2163,#2164),.UNSPECIFIED.,.F.,.F.)
B_SPLINE_CURVE_WITH_KNOTS((3,3),(5.98328727385343E-5,0.0888861101329569),
 .UNSPECIFIED.)
CURVE()
GEOMETRIC_REPRESENTATION_ITEM()
RATIONAL_B_SPLINE_CURVE((1.0000000326431,1.00002424686595,1.00000003188729))
REPRESENTATION_ITEM('')
);
#85=CONICAL_SURFACE('',#1512,52.75,0.785398163397439);
#86=CONICAL_SURFACE('',#1515,49.25,0.785398163397439);
#87=CONICAL_SURFACE('',#1532,62.94,0.508659412524042);
#88=CONICAL_SURFACE('',#1540,66.94,0.508659412524042);
#89=CONICAL_SURFACE('',#1543,4.5,0.785398163397448);
#90=CONICAL_SURFACE('',#1548,4.5,0.785398163397448);
#91=CONICAL_SURFACE('',#1570,4.5,0.785398163397448);
#92=CONICAL_SURFACE('',#1575,4.5,0.785398163397448);
#93=CONICAL_SURFACE('',#1603,95.659344932397,0.786708300102628);
#94=CONICAL_SURFACE('',#1614,4.75,0.785398163397447);
#95=CONICAL_SURFACE('',#1617,4.75,0.785398163397447);
#96=CONICAL_SURFACE('',#1637,3.355,0.785398163397447);
#97=CONICAL_SURFACE('',#1641,3.355,0.785398163397447);
#98=FACE_OUTER_BOUND('',#182,.T.);
#99=FACE_OUTER_BOUND('',#183,.T.);
#100=FACE_OUTER_BOUND('',#184,.T.);
#101=FACE_OUTER_BOUND('',#185,.T.);
#102=FACE_OUTER_BOUND('',#186,.T.);
#103=FACE_OUTER_BOUND('',#187,.T.);
#104=FACE_OUTER_BOUND('',#189,.T.);
#105=FACE_OUTER_BOUND('',#190,.T.);
#106=FACE_OUTER_BOUND('',#191,.T.);
#107=FACE_OUTER_BOUND('',#192,.T.);
#108=FACE_OUTER_BOUND('',#193,.T.);
#109=FACE_OUTER_BOUND('',#194,.T.);
#110=FACE_OUTER_BOUND('',#195,.T.);
#111=FACE_OUTER_BOUND('',#196,.T.);
#112=FACE_OUTER_BOUND('',#197,.T.);
#113=FACE_OUTER_BOUND('',#198,.T.);
#114=FACE_OUTER_BOUND('',#199,.T.);
#115=FACE_OUTER_BOUND('',#200,.T.);
#116=FACE_OUTER_BOUND('',#201,.T.);
#117=FACE_OUTER_BOUND('',#202,.T.);
#118=FACE_OUTER_BOUND('',#203,.T.);
#119=FACE_OUTER_BOUND('',#204,.T.);
#120=FACE_OUTER_BOUND('',#205,.T.);
#121=FACE_OUTER_BOUND('',#206,.T.);
#122=FACE_OUTER_BOUND('',#207,.T.);
#123=FACE_OUTER_BOUND('',#208,.T.);
#124=FACE_OUTER_BOUND('',#209,.T.);
#125=FACE_OUTER_BOUND('',#210,.T.);
#126=FACE_OUTER_BOUND('',#211,.T.);
#127=FACE_OUTER_BOUND('',#212,.T.);
#128=FACE_OUTER_BOUND('',#213,.T.);
#129=FACE_OUTER_BOUND('',#214,.T.);
#130=FACE_OUTER_BOUND('',#216,.T.);
#131=FACE_OUTER_BOUND('',#217,.T.);
#132=FACE_OUTER_BOUND('',#218,.T.);
#133=FACE_OUTER_BOUND('',#219,.T.);
#134=FACE_OUTER_BOUND('',#220,.T.);
#135=FACE_OUTER_BOUND('',#221,.T.);
#136=FACE_OUTER_BOUND('',#222,.T.);
#137=FACE_OUTER_BOUND('',#223,.T.);
#138=FACE_OUTER_BOUND('',#224,.T.);
#139=FACE_OUTER_BOUND('',#225,.T.);
#140=FACE_OUTER_BOUND('',#227,.T.);
#141=FACE_OUTER_BOUND('',#228,.T.);
#142=FACE_OUTER_BOUND('',#229,.T.);
#143=FACE_OUTER_BOUND('',#230,.T.);
#144=FACE_OUTER_BOUND('',#232,.T.);
#145=FACE_OUTER_BOUND('',#233,.T.);
#146=FACE_OUTER_BOUND('',#236,.T.);
#147=FACE_OUTER_BOUND('',#237,.T.);
#148=FACE_OUTER_BOUND('',#238,.T.);
#149=FACE_OUTER_BOUND('',#239,.T.);
#150=FACE_OUTER_BOUND('',#240,.T.);
#151=FACE_OUTER_BOUND('',#241,.T.);
#152=FACE_OUTER_BOUND('',#242,.T.);
#153=FACE_OUTER_BOUND('',#243,.T.);
#154=FACE_OUTER_BOUND('',#244,.T.);
#155=FACE_OUTER_BOUND('',#245,.T.);
#156=FACE_OUTER_BOUND('',#246,.T.);
#157=FACE_OUTER_BOUND('',#247,.T.);
#158=FACE_OUTER_BOUND('',#248,.T.);
#159=FACE_OUTER_BOUND('',#249,.T.);
#160=FACE_OUTER_BOUND('',#250,.T.);
#161=FACE_OUTER_BOUND('',#251,.T.);
#162=FACE_OUTER_BOUND('',#252,.T.);
#163=FACE_OUTER_BOUND('',#254,.T.);
#164=FACE_OUTER_BOUND('',#255,.T.);
#165=FACE_OUTER_BOUND('',#256,.T.);
#166=FACE_OUTER_BOUND('',#259,.T.);
#167=FACE_OUTER_BOUND('',#260,.T.);
#168=FACE_OUTER_BOUND('',#261,.T.);
#169=FACE_OUTER_BOUND('',#262,.T.);
#170=FACE_OUTER_BOUND('',#263,.T.);
#171=FACE_OUTER_BOUND('',#266,.T.);
#172=FACE_OUTER_BOUND('',#267,.T.);
#173=FACE_OUTER_BOUND('',#268,.T.);
#174=FACE_OUTER_BOUND('',#269,.T.);
#175=FACE_OUTER_BOUND('',#270,.T.);
#176=FACE_OUTER_BOUND('',#271,.T.);
#177=FACE_OUTER_BOUND('',#272,.T.);
#178=FACE_OUTER_BOUND('',#273,.T.);
#179=FACE_OUTER_BOUND('',#274,.T.);
#180=FACE_OUTER_BOUND('',#275,.T.);
#181=FACE_OUTER_BOUND('',#277,.T.);
#182=EDGE_LOOP('',(#952,#953,#954,#955,#956,#957,#958));
#183=EDGE_LOOP('',(#959,#960,#961,#962,#963));
#184=EDGE_LOOP('',(#964,#965,#966,#967));
#185=EDGE_LOOP('',(#968,#969,#970,#971));
#186=EDGE_LOOP('',(#972,#973,#974,#975,#976));
#187=EDGE_LOOP('',(#977,#978,#979,#980,#981,#982));
#188=EDGE_LOOP('',(#983));
#189=EDGE_LOOP('',(#984,#985,#986,#987,#988,#989));
#190=EDGE_LOOP('',(#990,#991,#992,#993,#994,#995));
#191=EDGE_LOOP('',(#996,#997,#998));
#192=EDGE_LOOP('',(#999,#1000,#1001,#1002,#1003));
#193=EDGE_LOOP('',(#1004,#1005,#1006,#1007,#1008,#1009));
#194=EDGE_LOOP('',(#1010,#1011,#1012));
#195=EDGE_LOOP('',(#1013,#1014,#1015,#1016,#1017,#1018,#1019,#1020,#1021));
#196=EDGE_LOOP('',(#1022,#1023,#1024));
#197=EDGE_LOOP('',(#1025,#1026,#1027,#1028,#1029,#1030,#1031,#1032,#1033));
#198=EDGE_LOOP('',(#1034,#1035,#1036,#1037,#1038,#1039));
#199=EDGE_LOOP('',(#1040,#1041,#1042,#1043,#1044,#1045,#1046,#1047,#1048,
#1049,#1050));
#200=EDGE_LOOP('',(#1051,#1052,#1053,#1054,#1055,#1056,#1057,#1058,#1059));
#201=EDGE_LOOP('',(#1060,#1061,#1062,#1063,#1064));
#202=EDGE_LOOP('',(#1065,#1066,#1067,#1068,#1069));
#203=EDGE_LOOP('',(#1070,#1071,#1072,#1073,#1074));
#204=EDGE_LOOP('',(#1075,#1076,#1077,#1078,#1079));
#205=EDGE_LOOP('',(#1080,#1081,#1082,#1083,#1084));
#206=EDGE_LOOP('',(#1085,#1086,#1087,#1088,#1089));
#207=EDGE_LOOP('',(#1090,#1091,#1092,#1093));
#208=EDGE_LOOP('',(#1094,#1095,#1096,#1097));
#209=EDGE_LOOP('',(#1098,#1099,#1100,#1101,#1102,#1103));
#210=EDGE_LOOP('',(#1104,#1105,#1106,#1107));
#211=EDGE_LOOP('',(#1108,#1109,#1110,#1111));
#212=EDGE_LOOP('',(#1112,#1113,#1114,#1115,#1116,#1117,#1118,#1119));
#213=EDGE_LOOP('',(#1120,#1121,#1122,#1123));
#214=EDGE_LOOP('',(#1124,#1125,#1126,#1127));
#215=EDGE_LOOP('',(#1128));
#216=EDGE_LOOP('',(#1129,#1130,#1131,#1132));
#217=EDGE_LOOP('',(#1133,#1134,#1135,#1136));
#218=EDGE_LOOP('',(#1137,#1138,#1139,#1140,#1141,#1142,#1143,#1144,#1145,
#1146,#1147,#1148));
#219=EDGE_LOOP('',(#1149,#1150,#1151,#1152));
#220=EDGE_LOOP('',(#1153,#1154,#1155,#1156));
#221=EDGE_LOOP('',(#1157,#1158,#1159,#1160,#1161,#1162));
#222=EDGE_LOOP('',(#1163,#1164,#1165,#1166));
#223=EDGE_LOOP('',(#1167,#1168,#1169,#1170));
#224=EDGE_LOOP('',(#1171,#1172,#1173,#1174));
#225=EDGE_LOOP('',(#1175,#1176,#1177,#1178));
#226=EDGE_LOOP('',(#1179));
#227=EDGE_LOOP('',(#1180,#1181,#1182,#1183));
#228=EDGE_LOOP('',(#1184,#1185,#1186,#1187));
#229=EDGE_LOOP('',(#1188,#1189,#1190,#1191,#1192));
#230=EDGE_LOOP('',(#1193,#1194,#1195,#1196,#1197,#1198,#1199,#1200,#1201,
#1202,#1203,#1204));
#231=EDGE_LOOP('',(#1205));
#232=EDGE_LOOP('',(#1206,#1207,#1208,#1209));
#233=EDGE_LOOP('',(#1210,#1211,#1212,#1213,#1214,#1215,#1216,#1217));
#234=EDGE_LOOP('',(#1218));
#235=EDGE_LOOP('',(#1219));
#236=EDGE_LOOP('',(#1220,#1221,#1222,#1223));
#237=EDGE_LOOP('',(#1224,#1225,#1226,#1227));
#238=EDGE_LOOP('',(#1228,#1229,#1230,#1231));
#239=EDGE_LOOP('',(#1232,#1233,#1234,#1235));
#240=EDGE_LOOP('',(#1236,#1237,#1238,#1239,#1240));
#241=EDGE_LOOP('',(#1241,#1242,#1243,#1244,#1245));
#242=EDGE_LOOP('',(#1246,#1247,#1248,#1249));
#243=EDGE_LOOP('',(#1250,#1251,#1252,#1253));
#244=EDGE_LOOP('',(#1254,#1255,#1256,#1257));
#245=EDGE_LOOP('',(#1258,#1259,#1260,#1261));
#246=EDGE_LOOP('',(#1262,#1263,#1264,#1265));
#247=EDGE_LOOP('',(#1266,#1267,#1268,#1269));
#248=EDGE_LOOP('',(#1270,#1271,#1272,#1273,#1274));
#249=EDGE_LOOP('',(#1275,#1276,#1277,#1278,#1279));
#250=EDGE_LOOP('',(#1280,#1281,#1282,#1283,#1284,#1285));
#251=EDGE_LOOP('',(#1286,#1287,#1288,#1289));
#252=EDGE_LOOP('',(#1290,#1291,#1292,#1293));
#253=EDGE_LOOP('',(#1294));
#254=EDGE_LOOP('',(#1295,#1296,#1297,#1298));
#255=EDGE_LOOP('',(#1299,#1300,#1301,#1302,#1303,#1304));
#256=EDGE_LOOP('',(#1305,#1306,#1307,#1308,#1309,#1310,#1311,#1312,#1313,
#1314,#1315,#1316));
#257=EDGE_LOOP('',(#1317));
#258=EDGE_LOOP('',(#1318));
#259=EDGE_LOOP('',(#1319,#1320,#1321,#1322));
#260=EDGE_LOOP('',(#1323,#1324,#1325,#1326));
#261=EDGE_LOOP('',(#1327,#1328,#1329,#1330));
#262=EDGE_LOOP('',(#1331,#1332,#1333,#1334));
#263=EDGE_LOOP('',(#1335,#1336,#1337,#1338,#1339,#1340,#1341,#1342,#1343,
#1344,#1345,#1346));
#264=EDGE_LOOP('',(#1347));
#265=EDGE_LOOP('',(#1348));
#266=EDGE_LOOP('',(#1349,#1350,#1351,#1352));
#267=EDGE_LOOP('',(#1353,#1354,#1355,#1356));
#268=EDGE_LOOP('',(#1357,#1358,#1359,#1360));
#269=EDGE_LOOP('',(#1361,#1362,#1363,#1364));
#270=EDGE_LOOP('',(#1365));
#271=EDGE_LOOP('',(#1366));
#272=EDGE_LOOP('',(#1367,#1368,#1369,#1370));
#273=EDGE_LOOP('',(#1371,#1372,#1373,#1374));
#274=EDGE_LOOP('',(#1375,#1376,#1377,#1378,#1379));
#275=EDGE_LOOP('',(#1380,#1381,#1382,#1383));
#276=EDGE_LOOP('',(#1384));
#277=EDGE_LOOP('',(#1385,#1386,#1387,#1388));
#278=EDGE_LOOP('',(#1389));
#279=CIRCLE('',#1508,53.);
#280=CIRCLE('',#1509,53.);
#281=CIRCLE('',#1511,53.);
#282=CIRCLE('',#1513,52.5);
#283=CIRCLE('',#1516,49.5);
#284=CIRCLE('',#1517,49.);
#285=CIRCLE('',#1518,49.);
#286=CIRCLE('',#1523,1.75);
#287=CIRCLE('',#1526,35.);
#288=CIRCLE('',#1527,57.4310641369451);
#289=CIRCLE('',#1528,57.4310641369451);
#290=CIRCLE('',#1530,1.75);
#291=CIRCLE('',#1531,1.75);
#292=CIRCLE('',#1534,62.94);
#293=CIRCLE('',#1535,62.94);
#294=CIRCLE('',#1536,66.9554717857821);
#295=CIRCLE('',#1537,66.9554717857821);
#296=CIRCLE('',#1538,35.);
#297=CIRCLE('',#1539,62.5920967116337);
#298=CIRCLE('',#1542,86.3824420817099);
#299=CIRCLE('',#1544,5.);
#300=CIRCLE('',#1545,4.);
#301=CIRCLE('',#1547,66.8620523914721);
#302=CIRCLE('',#1549,5.);
#303=CIRCLE('',#1550,4.);
#304=CIRCLE('',#1552,86.3824420817099);
#305=CIRCLE('',#1554,73.7178709676288);
#306=CIRCLE('',#1555,10.25);
#307=CIRCLE('',#1557,5.);
#308=CIRCLE('',#1559,103.930015394976);
#309=CIRCLE('',#1560,3.105);
#310=CIRCLE('',#1563,5.);
#311=CIRCLE('',#1565,73.7178709676287);
#312=CIRCLE('',#1566,5.);
#313=CIRCLE('',#1567,5.);
#314=CIRCLE('',#1569,86.3824420817099);
#315=CIRCLE('',#1571,5.);
#316=CIRCLE('',#1572,4.);
#317=CIRCLE('',#1574,66.8620523914723);
#318=CIRCLE('',#1576,5.);
#319=CIRCLE('',#1577,4.);
#320=CIRCLE('',#1579,86.3824420817099);
#321=CIRCLE('',#1581,5.);
#322=CIRCLE('',#1583,103.930015394976);
#323=CIRCLE('',#1584,3.105);
#324=CIRCLE('',#1587,5.);
#325=CIRCLE('',#1589,8.);
#326=CIRCLE('',#1590,69.6066666666667);
#327=CIRCLE('',#1592,103.930015394976);
#328=CIRCLE('',#1593,103.930015394976);
#329=CIRCLE('',#1595,5.);
#330=CIRCLE('',#1597,5.);
#331=CIRCLE('',#1598,10.25);
#332=CIRCLE('',#1599,3.105);
#333=CIRCLE('',#1600,3.105);
#334=CIRCLE('',#1604,95.408689864794);
#335=CIRCLE('',#1605,95.91);
#336=CIRCLE('',#1615,4.5);
#337=CIRCLE('',#1618,4.5);
#338=CIRCLE('',#1624,10.25);
#339=CIRCLE('',#1626,64.8957972445055);
#340=CIRCLE('',#1628,64.8957972445054);
#341=CIRCLE('',#1629,95.41);
#342=CIRCLE('',#1630,64.44);
#343=CIRCLE('',#1632,10.25);
#344=CIRCLE('',#1635,3.605);
#345=CIRCLE('',#1636,3.605);
#346=CIRCLE('',#1638,3.105);
#347=CIRCLE('',#1640,3.105);
#348=CIRCLE('',#1642,3.105);
#349=CIRCLE('',#1645,3.105);
#350=CIRCLE('',#1646,3.105);
#351=CIRCLE('',#1649,3.105);
#352=CIRCLE('',#1651,3.105);
#353=CIRCLE('',#1656,3.105);
#354=CIRCLE('',#1659,5.);
#355=B_SPLINE_CURVE_WITH_KNOTS('',3,(#2080,#2081,#2082,#2083),
 .UNSPECIFIED.,.F.,.F.,(4,4),(0.490892880342941,0.711553408974776),
 .UNSPECIFIED.);
#356=B_SPLINE_CURVE_WITH_KNOTS('',3,(#2087,#2088,#2089,#2090),
 .UNSPECIFIED.,.F.,.F.,(4,4),(0.909856694257451,1.05846688068541),
 .UNSPECIFIED.);
#357=B_SPLINE_CURVE_WITH_KNOTS('',3,(#2095,#2096,#2097,#2098,#2099,#2100,
#2101,#2102,#2103,#2104,#2105,#2106,#2107,#2108,#2109,#2110,#2111,#2112,
#2113,#2114,#2115,#2116,#2117),.UNSPECIFIED.,.F.,.F.,(4,1,1,1,1,1,1,1,1,
1,1,1,1,1,1,1,1,1,1,1,4),(-11.9110650878581,-11.7061838045756,-11.2544233307459,
-11.0285430938311,-10.9156029753737,-10.8026628569162,-10.4010979912899,
-10.2003155584767,-9.89914190925687,-9.59796826003708,-9.29679461081729,
-8.9956209615975,-8.69444731237771,-8.39327366315792,-8.09210001393813,
-7.79092636471834,-7.38936149909195,-7.18857906627876,-6.88740541705897,
-6.58623176783918,-6.28510920681639),.UNSPECIFIED.);
#358=B_SPLINE_CURVE_WITH_KNOTS('',3,(#2123,#2124,#2125,#2126),
 .UNSPECIFIED.,.F.,.F.,(4,4),(0.490892880423587,0.711553408974779),
 .UNSPECIFIED.);
#359=B_SPLINE_CURVE_WITH_KNOTS('',3,(#2131,#2132,#2133,#2134,#2135,#2136,
#2137,#2138,#2139,#2140,#2141,#2142,#2143,#2144,#2145,#2146,#2147,#2148,
#2149,#2150,#2151),.UNSPECIFIED.,.F.,.F.,(4,1,1,1,1,1,1,1,1,1,1,1,1,1,1,
1,1,1,4),(-6.28126140753355,-6.20652574224257,-5.91564240646472,-5.77020073857579,
-5.62475907068687,-5.33387573490901,-5.04299239913116,-4.7521090633533,
-4.46122572757545,-4.1703423917976,-3.87945905601974,-3.58857572024189,
-3.29769238446403,-3.00680904868618,-2.71592571290832,-2.32808126520452,
-2.13415904135262,-1.69783403768583,-1.54287310900649),.UNSPECIFIED.);
#360=B_SPLINE_CURVE_WITH_KNOTS('',3,(#2154,#2155,#2156,#2157,#2158,#2159,
#2160),.UNSPECIFIED.,.F.,.F.,(4,3,4),(-3.10103889009303,-2.84245949739095,
-2.71870203738314),.UNSPECIFIED.);
#361=B_SPLINE_CURVE_WITH_KNOTS('',3,(#2167,#2168,#2169,#2170,#2171,#2172,
#2173,#2174,#2175,#2176,#2177,#2178,#2179,#2180,#2181,#2182,#2183,#2184,
#2185,#2186,#2187,#2188),.UNSPECIFIED.,.F.,.F.,(4,1,1,1,1,1,1,1,1,1,1,1,
1,1,1,1,1,1,1,4),(-12.5644467146965,-12.2787153766053,-12.1696341256886,
-11.7333091220218,-11.296984118355,-10.8606591146882,-10.4243341110215,
-10.0970903582714,-9.98800910735468,-9.5516841036879,-9.11535910002112,
-8.67903409635434,-8.24270909268756,-8.13362784177086,-7.80638408902077,
-7.37005908535399,-6.93373408168721,-6.60649032893712,-6.49740907802043,
-6.28126140753355),.UNSPECIFIED.);
#362=B_SPLINE_CURVE_WITH_KNOTS('',3,(#2189,#2190,#2191,#2192,#2193,#2194,
#2195,#2196,#2197,#2198,#2199,#2200,#2201,#2202,#2203,#2204,#2205,#2206),
 .UNSPECIFIED.,.F.,.F.,(4,1,1,1,1,1,1,1,1,1,1,1,1,1,1,4),(0.00192389964745221,
0.412171958833489,0.863932432663174,1.31569290649286,1.76745338032254,2.21921385415223,
2.67097432798191,3.1227348018116,3.57449527564128,4.02625574947097,4.47801622330065,
4.92977669713034,5.38153717096002,5.83329764478971,6.28505811861939,6.28510920681639),
 .UNSPECIFIED.);
#363=B_SPLINE_CURVE_WITH_KNOTS('',3,(#2221,#2222,#2223,#2224,#2225,#2226),
 .UNSPECIFIED.,.F.,.F.,(4,2,4),(-2.15540086915815,-1.9017250401086,0.),
 .UNSPECIFIED.);
#364=B_SPLINE_CURVE_WITH_KNOTS('',3,(#2228,#2229,#2230,#2231,#2232,#2233,
#2234,#2235,#2236,#2237,#2238,#2239,#2240,#2241,#2242,#2243,#2244,#2245,
#2246,#2247,#2248,#2249,#2250,#2251,#2252,#2253,#2254,#2255,#2256,#2257,
#2258,#2259,#2260,#2261,#2262,#2263,#2264,#2265,#2266,#2267,#2268,#2269,
#2270,#2271,#2272,#2273,#2274,#2275,#2276,#2277,#2278,#2279,#2280,#2281,
#2282,#2283,#2284,#2285,#2286,#2287,#2288,#2289,#2290,#2291,#2292,#2293,
#2294,#2295,#2296,#2297,#2298,#2299,#2300),.UNSPECIFIED.,.F.,.F.,(4,3,3,
3,3,3,3,3,3,3,3,3,3,3,3,3,3,3,3,3,3,3,3,3,4),(0.,0.262889274814222,0.515410154138436,
0.775012526206318,1.03769892309618,1.30132907616863,1.56506668311347,1.82804474621577,
1.95815993148276,2.07201071859137,2.0974663204052,2.36273803001453,2.62869283940107,
2.86896622835168,3.1333635892117,3.39874689676165,3.63095729086786,3.66042140151855,
3.68350703747409,3.94905942138154,4.21623025411346,4.4843354499914,4.7520640639785,
5.01784435131137,5.25643004961133),.UNSPECIFIED.);
#365=B_SPLINE_CURVE_WITH_KNOTS('',3,(#2301,#2302,#2303,#2304,#2305,#2306,
#2307,#2308,#2309,#2310,#2311,#2312,#2313,#2314,#2315,#2316,#2317,#2318,
#2319,#2320,#2321,#2322,#2323,#2324,#2325),.UNSPECIFIED.,.F.,.F.,(4,3,3,
3,3,3,3,3,4),(2.05367379401031,2.31188084832911,2.5851570984706,2.84623713861257,
3.10710595447608,3.18157592808083,3.22438012289712,3.25019617882126,3.40498584889509),
 .UNSPECIFIED.);
#366=B_SPLINE_CURVE_WITH_KNOTS('',3,(#2330,#2331,#2332,#2333,#2334,#2335,
#2336,#2337,#2338,#2339,#2340,#2341),.UNSPECIFIED.,.F.,.F.,(4,1,1,1,1,1,
1,1,1,4),(-52.5385932176103,-48.7858365592095,-45.0330799008088,-41.2803232424081,
-37.5275665840073,-35.0257288117402,-32.523891039473,-30.0220532672059,
-27.5202154949387,-26.269296608788),.UNSPECIFIED.);
#367=B_SPLINE_CURVE_WITH_KNOTS('',3,(#2342,#2343,#2344,#2345,#2346,#2347,
#2348,#2349,#2350,#2351,#2352,#2353,#2354),.UNSPECIFIED.,.F.,.F.,(4,1,1,
1,1,1,1,1,1,1,4),(-26.269296608788,-25.0183777226715,-22.5165399504044,
-20.0147021781372,-17.5128644058701,-15.0110266336029,-12.5091888613358,
-10.0073510890686,-7.50551331680146,-3.75275665840073,0.),.UNSPECIFIED.);
#368=B_SPLINE_CURVE_WITH_KNOTS('',3,(#2358,#2359,#2360,#2361,#2362,#2363,
#2364,#2365,#2366,#2367,#2368,#2369,#2370,#2371,#2372,#2373),
 .UNSPECIFIED.,.F.,.F.,(4,3,3,3,3,4),(-1.32402389023927,-1.30463602505745,
-1.28638953825043,-1.28524815987563,-1.26480065444058,-1.2475245949687),
 .UNSPECIFIED.);
#369=B_SPLINE_CURVE_WITH_KNOTS('',3,(#2375,#2376,#2377,#2378,#2379,#2380,
#2381),.UNSPECIFIED.,.F.,.F.,(4,3,4),(-1.34610800448729,-1.12286268860884,
-0.992903795589725),.UNSPECIFIED.);
#370=B_SPLINE_CURVE_WITH_KNOTS('',3,(#2387,#2388,#2389,#2390,#2391,#2392,
#2393,#2394,#2395,#2396,#2397,#2398,#2399,#2400,#2401,#2402),
 .UNSPECIFIED.,.F.,.F.,(4,3,3,3,3,4),(-0.130565322114228,-0.111814385725116,
-0.100742023965972,-0.0814958793372094,-0.0631436949820863,-0.0559500796709879),
 .UNSPECIFIED.);
#371=B_SPLINE_CURVE_WITH_KNOTS('',3,(#2406,#2407,#2408,#2409,#2410,#2411,
#2412),.UNSPECIFIED.,.F.,.F.,(4,3,4),(-1.34610800448716,-1.12289193590977,
-0.99290379558965),.UNSPECIFIED.);
#372=B_SPLINE_CURVE_WITH_KNOTS('',3,(#2431,#2432,#2433,#2434),
 .UNSPECIFIED.,.F.,.F.,(4,4),(-0.382951702312026,-0.265562677108037),
 .UNSPECIFIED.);
#373=B_SPLINE_CURVE_WITH_KNOTS('',3,(#2437,#2438,#2439,#2440,#2441,#2442),
 .UNSPECIFIED.,.F.,.F.,(4,2,4),(0.,0.0623167808972885,0.0707462476028345),
 .UNSPECIFIED.);
#374=B_SPLINE_CURVE_WITH_KNOTS('',3,(#2443,#2444,#2445,#2446),
 .UNSPECIFIED.,.F.,.F.,(4,4),(0.0707462476028345,0.0780404461449447),
 .UNSPECIFIED.);
#375=B_SPLINE_CURVE_WITH_KNOTS('',3,(#2464,#2465,#2466,#2467,#2468,#2469,
#2470),.UNSPECIFIED.,.F.,.F.,(4,3,4),(-0.260664041814497,-0.118504171053657,
0.),.UNSPECIFIED.);
#376=B_SPLINE_CURVE_WITH_KNOTS('',3,(#2471,#2472,#2473,#2474),
 .UNSPECIFIED.,.F.,.F.,(4,4),(-3.19367874978863,-3.14159265358979),
 .UNSPECIFIED.);
#377=B_SPLINE_CURVE_WITH_KNOTS('',3,(#2477,#2478,#2479,#2480),
 .UNSPECIFIED.,.F.,.F.,(4,4),(0.508899344167886,0.72951206473514),
 .UNSPECIFIED.);
#378=B_SPLINE_CURVE_WITH_KNOTS('',3,(#2481,#2482,#2483,#2484,#2485,#2486,
#2487,#2488),.UNSPECIFIED.,.F.,.F.,(4,2,2,4),(6.70099232409093,8.4175846068595,
9.92031948421386,10.1986905431994),.UNSPECIFIED.);
#379=B_SPLINE_CURVE_WITH_KNOTS('',3,(#2663,#2664,#2665,#2666,#2667,#2668,
#2669,#2670,#2671,#2672,#2673,#2674,#2675,#2676,#2677,#2678,#2679,#2680,
#2681,#2682,#2683,#2684,#2685,#2686,#2687,#2688,#2689,#2690,#2691,#2692,
#2693,#2694,#2695,#2696,#2697,#2698,#2699,#2700,#2701,#2702,#2703),
 .UNSPECIFIED.,.F.,.F.,(4,1,1,1,1,1,1,1,1,1,1,1,1,1,1,1,1,1,1,1,1,1,1,1,
1,1,1,1,1,1,1,1,1,1,1,1,1,1,4),(0.388859026685491,0.825184030352272,1.26150903401905,
1.69783403768583,2.13415904135262,2.32808126520452,2.71592571290832,3.00680904868618,
3.29769238446403,3.58857572024189,3.87945905601974,4.1703423917976,4.46122572757545,
4.7521090633533,5.04299239913116,5.33387573490901,5.62475907068687,5.77020073857579,
5.91564240646472,6.20652574224257,6.49740907802043,6.60649032893712,6.93373408168721,
7.37005908535399,7.80638408902077,8.13362784177086,8.24270909268756,8.67903409635434,
9.11535910002112,9.5516841036879,9.98800910735468,10.0970903582714,10.4243341110215,
10.8606591146882,11.296984118355,11.7333091220218,12.1696341256886,12.2787153766053,
12.5669517304648),.UNSPECIFIED.);
#380=B_SPLINE_CURVE_WITH_KNOTS('',3,(#2704,#2705,#2706,#2707),
 .UNSPECIFIED.,.F.,.F.,(4,4),(-0.801625693264729,-0.771959271063806),
 .UNSPECIFIED.);
#381=B_SPLINE_CURVE_WITH_KNOTS('',3,(#2824,#2825,#2826,#2827,#2828,#2829,
#2830,#2831,#2832,#2833,#2834,#2835,#2836,#2837,#2838,#2839,#2840,#2841,
#2842,#2843,#2844,#2845,#2846,#2847,#2848,#2849,#2850,#2851,#2852),
 .UNSPECIFIED.,.F.,.F.,(4,1,1,1,1,1,1,1,1,1,1,1,1,1,1,1,1,1,1,1,1,1,1,1,
1,1,4),(0.,0.483528624676201,0.967057249352401,1.4505858740286,1.9341144987048,
2.417643123381,2.9011717480572,3.3847003727334,3.86822899740961,4.35175762208581,
4.83528624676201,5.31881487143821,5.80234349611441,6.28587212079061,6.76940074546681,
7.25292937014301,7.73645799481921,8.21998661949541,8.70351524417161,9.18704386884781,
9.67057249352401,10.1541011182002,10.6376297428764,11.1211583675526,11.6046869922288,
12.088215616905,12.5663706143592),.UNSPECIFIED.);
#382=B_SPLINE_CURVE_WITH_KNOTS('',3,(#3006,#3007,#3008,#3009),
 .UNSPECIFIED.,.F.,.F.,(4,4),(69.28771254132,69.3173388224199),
 .UNSPECIFIED.);
#383=B_SPLINE_CURVE_WITH_KNOTS('',3,(#3011,#3012,#3013,#3014,#3015,#3016,
#3017,#3018,#3019,#3020,#3021,#3022,#3023,#3024,#3025,#3026,#3027,#3028,
#3029,#3030,#3031,#3032,#3033,#3034,#3035,#3036,#3037,#3038,#3039,#3040,
#3041,#3042,#3043,#3044,#3045,#3046,#3047,#3048),.UNSPECIFIED.,.F.,.F.,
(4,1,1,1,1,1,1,1,1,1,1,1,1,1,1,1,1,1,1,1,1,1,1,1,1,1,1,1,1,1,1,1,1,1,1,
4),(-12.5657894982535,-12.1579442784053,-11.7061838045756,-11.2544233307459,
-11.0285430938311,-10.9156029753737,-10.8026628569162,-10.4010979912899,
-10.2003155584767,-9.89914190925687,-9.59796826003708,-9.29679461081729,
-8.9956209615975,-8.69444731237771,-8.39327366315792,-8.09210001393813,
-7.79092636471834,-7.38936149909195,-7.18857906627876,-6.88740541705897,
-6.58623176783918,-6.28505811861939,-5.83329764478971,-5.38153717096002,
-4.92977669713034,-4.47801622330065,-4.02625574947097,-3.57449527564128,
-3.1227348018116,-2.67097432798191,-2.21921385415223,-1.76745338032254,
-1.31569290649286,-0.863932432663174,-0.412171958833489,0.000581116105631718),
 .UNSPECIFIED.);
#384=B_SPLINE_CURVE_WITH_KNOTS('',3,(#3049,#3050,#3051,#3052),
 .UNSPECIFIED.,.F.,.F.,(4,4),(-0.801625693264784,-0.771959271063858),
 .UNSPECIFIED.);
#385=B_SPLINE_CURVE_WITH_KNOTS('',3,(#3325,#3326,#3327,#3328,#3329,#3330,
#3331,#3332,#3333,#3334,#3335,#3336,#3337),.UNSPECIFIED.,.F.,.F.,(4,3,3,
3,4),(0.,0.285714285714359,0.571428571428719,0.857142857143078,1.),
 .UNSPECIFIED.);
#386=B_SPLINE_CURVE_WITH_KNOTS('',3,(#3339,#3340,#3341,#3342,#3343,#3344,
#3345,#3346,#3347,#3348,#3349,#3350,#3351),.UNSPECIFIED.,.F.,.F.,(4,1,1,
1,1,1,1,1,1,1,4),(0.,1.24823834566329,2.49647669132658,3.32863558843544,
4.1607944855443,4.99295338265316,5.82511227976202,6.65727117687089,7.48943007397975,
8.32158897108861,8.73766841963912),.UNSPECIFIED.);
#387=B_SPLINE_CURVE_WITH_KNOTS('',3,(#3352,#3353,#3354,#3355,#3356,#3357,
#3358,#3359,#3360,#3361,#3362,#3363,#3364),.UNSPECIFIED.,.F.,.F.,(4,1,1,
1,1,1,1,1,1,1,4),(8.73766841963912,9.15374786819747,9.98590676530633,10.8180656624152,
11.650224559524,12.4823834566329,13.7306218022962,14.9788601479595,16.2270984936228,
16.8512176664544,17.4753368392861),.UNSPECIFIED.);
#388=B_SPLINE_CURVE_WITH_KNOTS('',3,(#3365,#3366,#3367,#3368,#3369,#3370,
#3371,#3372,#3373,#3374,#3375,#3376,#3377,#3378,#3379,#3380,#3381,#3382,
#3383,#3384,#3385,#3386),.UNSPECIFIED.,.T.,.F.,(4,1,1,1,1,1,1,1,1,1,1,1,
1,1,1,1,1,1,1,4),(-17.4753368392861,-16.8512176664544,-16.2270984936228,
-14.9788601479595,-13.7306218022962,-12.4823834566329,-11.650224559524,
-10.8180656624152,-9.98590676530633,-9.15374786819747,-8.32158897108861,
-7.48943007397975,-6.65727117687089,-5.82511227976202,-4.99295338265316,
-4.1607944855443,-3.32863558843544,-2.49647669132658,-1.24823834566329,
0.),.UNSPECIFIED.);
#389=B_SPLINE_CURVE_WITH_KNOTS('',3,(#3390,#3391,#3392,#3393,#3394,#3395,
#3396,#3397,#3398,#3399,#3400,#3401,#3402,#3403,#3404,#3405,#3406,#3407,
#3408,#3409,#3410,#3411,#3412,#3413,#3414,#3415,#3416,#3417,#3418,#3419,
#3420,#3421,#3422,#3423,#3424,#3425,#3426,#3427,#3428,#3429,#3430,#3431,
#3432,#3433,#3434,#3435,#3436,#3437,#3438,#3439,#3440,#3441,#3442,#3443,
#3444),.UNSPECIFIED.,.T.,.F.,(4,3,3,3,3,3,3,3,3,3,3,3,3,3,3,3,3,3,4),(0.,
3.75275665840075,7.50551331680149,10.0073510890687,12.5091888613358,15.011026633603,
17.5128644058701,20.0147021781373,22.5165399504045,25.0183777226716,27.5202154949388,
30.022053267206,32.5238910394731,35.0257288117403,37.5275665840075,41.2803232424082,
45.0330799008089,48.7858365592097,52.5385932176103),.UNSPECIFIED.);
#390=B_SPLINE_CURVE_WITH_KNOTS('',3,(#3598,#3599,#3600,#3601,#3602,#3603,
#3604,#3605,#3606,#3607,#3608,#3609,#3610),.UNSPECIFIED.,.F.,.F.,(4,3,3,
3,4),(0.,0.28571428571484,0.57142857142968,0.857142857144519,1.),
 .UNSPECIFIED.);
#391=B_SPLINE_CURVE_WITH_KNOTS('',3,(#3819,#3820,#3821,#3822),
 .UNSPECIFIED.,.F.,.F.,(4,4),(-0.0717508427099921,0.),.UNSPECIFIED.);
#392=B_SPLINE_CURVE_WITH_KNOTS('',3,(#3825,#3826,#3827,#3828),
 .UNSPECIFIED.,.F.,.F.,(4,4),(-0.0742468978366839,0.),.UNSPECIFIED.);
#393=LINE('',#2078,#493);
#394=LINE('',#2085,#494);
#395=LINE('',#2121,#495);
#396=LINE('',#2128,#496);
#397=LINE('',#2211,#497);
#398=LINE('',#2217,#498);
#399=LINE('',#2219,#499);
#400=LINE('',#2328,#500);
#401=LINE('',#2374,#501);
#402=LINE('',#2404,#502);
#403=LINE('',#2405,#503);
#404=LINE('',#2435,#504);
#405=LINE('',#3389,#505);
#406=LINE('',#3447,#506);
#407=LINE('',#3646,#507);
#408=LINE('',#3652,#508);
#409=LINE('',#3654,#509);
#410=LINE('',#3655,#510);
#411=LINE('',#3660,#511);
#412=LINE('',#3666,#512);
#413=LINE('',#3668,#513);
#414=LINE('',#3670,#514);
#415=LINE('',#3671,#515);
#416=LINE('',#3676,#516);
#417=LINE('',#3682,#517);
#418=LINE('',#3683,#518);
#419=LINE('',#3688,#519);
#420=LINE('',#3690,#520);
#421=LINE('',#3694,#521);
#422=LINE('',#3696,#522);
#423=LINE('',#3697,#523);
#424=LINE('',#3700,#524);
#425=LINE('',#3708,#525);
#426=LINE('',#3709,#526);
#427=LINE('',#3712,#527);
#428=LINE('',#3718,#528);
#429=LINE('',#3720,#529);
#430=LINE('',#3722,#530);
#431=LINE('',#3724,#531);
#432=LINE('',#3728,#532);
#433=LINE('',#3732,#533);
#434=LINE('',#3733,#534);
#435=LINE('',#3738,#535);
#436=LINE('',#3739,#536);
#437=LINE('',#3744,#537);
#438=LINE('',#3750,#538);
#439=LINE('',#3752,#539);
#440=LINE('',#3754,#540);
#441=LINE('',#3755,#541);
#442=LINE('',#3759,#542);
#443=LINE('',#3764,#543);
#444=LINE('',#3767,#544);
#445=LINE('',#3775,#545);
#446=LINE('',#3776,#546);
#447=LINE('',#3790,#547);
#448=LINE('',#3791,#548);
#449=LINE('',#3794,#549);
#450=LINE('',#3798,#550);
#451=LINE('',#3800,#551);
#452=LINE('',#3804,#552);
#453=LINE('',#3805,#553);
#454=LINE('',#3811,#554);
#455=LINE('',#3813,#555);
#456=LINE('',#3832,#556);
#457=LINE('',#3834,#557);
#458=LINE('',#3836,#558);
#459=LINE('',#3837,#559);
#460=LINE('',#3840,#560);
#461=LINE('',#3844,#561);
#462=LINE('',#3845,#562);
#463=LINE('',#3848,#563);
#464=LINE('',#3849,#564);
#465=LINE('',#3853,#565);
#466=LINE('',#3855,#566);
#467=LINE('',#3856,#567);
#468=LINE('',#3859,#568);
#469=LINE('',#3860,#569);
#470=LINE('',#3861,#570);
#471=LINE('',#3864,#571);
#472=LINE('',#3865,#572);
#473=LINE('',#3868,#573);
#474=LINE('',#3872,#574);
#475=LINE('',#3873,#575);
#476=LINE('',#3876,#576);
#477=LINE('',#3879,#577);
#478=LINE('',#3883,#578);
#479=LINE('',#3884,#579);
#480=LINE('',#3889,#580);
#481=LINE('',#3893,#581);
#482=LINE('',#3903,#582);
#483=LINE('',#3905,#583);
#484=LINE('',#3914,#584);
#485=LINE('',#3917,#585);
#486=LINE('',#3922,#586);
#487=LINE('',#3924,#587);
#488=LINE('',#3926,#588);
#489=LINE('',#3934,#589);
#490=LINE('',#3938,#590);
#491=LINE('',#3945,#591);
#492=LINE('',#3948,#592);
#493=VECTOR('',#1666,53.);
#494=VECTOR('',#1667,10.);
#495=VECTOR('',#1674,53.);
#496=VECTOR('',#1675,10.);
#497=VECTOR('',#1688,49.25);
#498=VECTOR('',#1695,10.);
#499=VECTOR('',#1696,10.);
#500=VECTOR('',#1699,49.);
#501=VECTOR('',#1702,10.);
#502=VECTOR('',#1709,10.);
#503=VECTOR('',#1710,10.);
#504=VECTOR('',#1711,10.);
#505=VECTOR('',#1728,62.94);
#506=VECTOR('',#1731,62.94);
#507=VECTOR('',#1746,66.94);
#508=VECTOR('',#1751,10.);
#509=VECTOR('',#1752,10.);
#510=VECTOR('',#1753,10.);
#511=VECTOR('',#1758,10.);
#512=VECTOR('',#1765,10.);
#513=VECTOR('',#1766,10.);
#514=VECTOR('',#1767,10.);
#515=VECTOR('',#1768,10.);
#516=VECTOR('',#1773,10.);
#517=VECTOR('',#1780,10.);
#518=VECTOR('',#1781,10.);
#519=VECTOR('',#1786,10.);
#520=VECTOR('',#1787,10.);
#521=VECTOR('',#1790,10.);
#522=VECTOR('',#1791,10.);
#523=VECTOR('',#1792,10.);
#524=VECTOR('',#1795,10.);
#525=VECTOR('',#1806,10.);
#526=VECTOR('',#1807,10.);
#527=VECTOR('',#1810,10.);
#528=VECTOR('',#1817,10.);
#529=VECTOR('',#1818,10.);
#530=VECTOR('',#1819,10.);
#531=VECTOR('',#1820,10.);
#532=VECTOR('',#1823,10.);
#533=VECTOR('',#1826,10.);
#534=VECTOR('',#1827,10.);
#535=VECTOR('',#1832,10.);
#536=VECTOR('',#1833,10.);
#537=VECTOR('',#1838,10.);
#538=VECTOR('',#1845,10.);
#539=VECTOR('',#1846,10.);
#540=VECTOR('',#1847,10.);
#541=VECTOR('',#1848,10.);
#542=VECTOR('',#1853,10.);
#543=VECTOR('',#1860,10.);
#544=VECTOR('',#1863,10.);
#545=VECTOR('',#1874,10.);
#546=VECTOR('',#1875,10.);
#547=VECTOR('',#1896,10.);
#548=VECTOR('',#1897,10.);
#549=VECTOR('',#1900,10.);
#550=VECTOR('',#1903,10.);
#551=VECTOR('',#1904,10.);
#552=VECTOR('',#1907,10.);
#553=VECTOR('',#1908,10.);
#554=VECTOR('',#1915,10.);
#555=VECTOR('',#1918,10.);
#556=VECTOR('',#1927,10.);
#557=VECTOR('',#1928,10.);
#558=VECTOR('',#1929,10.);
#559=VECTOR('',#1930,10.);
#560=VECTOR('',#1933,10.);
#561=VECTOR('',#1936,10.);
#562=VECTOR('',#1937,10.);
#563=VECTOR('',#1940,10.);
#564=VECTOR('',#1941,10.);
#565=VECTOR('',#1946,10.);
#566=VECTOR('',#1947,10.);
#567=VECTOR('',#1948,10.);
#568=VECTOR('',#1951,10.);
#569=VECTOR('',#1952,10.);
#570=VECTOR('',#1953,10.);
#571=VECTOR('',#1956,10.);
#572=VECTOR('',#1957,10.);
#573=VECTOR('',#1960,10.);
#574=VECTOR('',#1965,10.);
#575=VECTOR('',#1966,10.);
#576=VECTOR('',#1969,10.);
#577=VECTOR('',#1974,10.);
#578=VECTOR('',#1979,10.);
#579=VECTOR('',#1980,10.);
#580=VECTOR('',#1987,10.);
#581=VECTOR('',#1992,10.);
#582=VECTOR('',#2005,10.);
#583=VECTOR('',#2008,10.);
#584=VECTOR('',#2019,3.355);
#585=VECTOR('',#2022,3.105);
#586=VECTOR('',#2029,3.355);
#587=VECTOR('',#2032,3.105);
#588=VECTOR('',#2035,10.);
#589=VECTOR('',#2044,3.105);
#590=VECTOR('',#2049,3.105);
#591=VECTOR('',#2060,3.105);
#592=VECTOR('',#2065,3.105);
#593=VERTEX_POINT('',#2076);
#594=VERTEX_POINT('',#2077);
#595=VERTEX_POINT('',#2079);
#596=VERTEX_POINT('',#2084);
#597=VERTEX_POINT('',#2086);
#598=VERTEX_POINT('',#2091);
#599=VERTEX_POINT('',#2093);
#600=VERTEX_POINT('',#2119);
#601=VERTEX_POINT('',#2120);
#602=VERTEX_POINT('',#2122);
#603=VERTEX_POINT('',#2127);
#604=VERTEX_POINT('',#2129);
#605=VERTEX_POINT('',#2153);
#606=VERTEX_POINT('',#2161);
#607=VERTEX_POINT('',#2208);
#608=VERTEX_POINT('',#2210);
#609=VERTEX_POINT('',#2212);
#610=VERTEX_POINT('',#2216);
#611=VERTEX_POINT('',#2218);
#612=VERTEX_POINT('',#2220);
#613=VERTEX_POINT('',#2227);
#614=VERTEX_POINT('',#2327);
#615=VERTEX_POINT('',#2329);
#616=VERTEX_POINT('',#2356);
#617=VERTEX_POINT('',#2357);
#618=VERTEX_POINT('',#2385);
#619=VERTEX_POINT('',#2386);
#620=VERTEX_POINT('',#2403);
#621=VERTEX_POINT('',#2429);
#622=VERTEX_POINT('',#2430);
#623=VERTEX_POINT('',#2436);
#624=VERTEX_POINT('',#2463);
#625=VERTEX_POINT('',#2476);
#626=VERTEX_POINT('',#2489);
#627=VERTEX_POINT('',#2491);
#628=VERTEX_POINT('',#2495);
#629=VERTEX_POINT('',#2662);
#630=VERTEX_POINT('',#3005);
#631=VERTEX_POINT('',#3010);
#632=VERTEX_POINT('',#3323);
#633=VERTEX_POINT('',#3324);
#634=VERTEX_POINT('',#3338);
#635=VERTEX_POINT('',#3388);
#636=VERTEX_POINT('',#3446);
#637=VERTEX_POINT('',#3448);
#638=VERTEX_POINT('',#3638);
#639=VERTEX_POINT('',#3639);
#640=VERTEX_POINT('',#3642);
#641=VERTEX_POINT('',#3648);
#642=VERTEX_POINT('',#3649);
#643=VERTEX_POINT('',#3651);
#644=VERTEX_POINT('',#3653);
#645=VERTEX_POINT('',#3657);
#646=VERTEX_POINT('',#3659);
#647=VERTEX_POINT('',#3663);
#648=VERTEX_POINT('',#3664);
#649=VERTEX_POINT('',#3667);
#650=VERTEX_POINT('',#3669);
#651=VERTEX_POINT('',#3673);
#652=VERTEX_POINT('',#3675);
#653=VERTEX_POINT('',#3679);
#654=VERTEX_POINT('',#3680);
#655=VERTEX_POINT('',#3685);
#656=VERTEX_POINT('',#3687);
#657=VERTEX_POINT('',#3689);
#658=VERTEX_POINT('',#3691);
#659=VERTEX_POINT('',#3693);
#660=VERTEX_POINT('',#3695);
#661=VERTEX_POINT('',#3699);
#662=VERTEX_POINT('',#3704);
#663=VERTEX_POINT('',#3707);
#664=VERTEX_POINT('',#3711);
#665=VERTEX_POINT('',#3715);
#666=VERTEX_POINT('',#3717);
#667=VERTEX_POINT('',#3719);
#668=VERTEX_POINT('',#3721);
#669=VERTEX_POINT('',#3723);
#670=VERTEX_POINT('',#3725);
#671=VERTEX_POINT('',#3727);
#672=VERTEX_POINT('',#3729);
#673=VERTEX_POINT('',#3731);
#674=VERTEX_POINT('',#3735);
#675=VERTEX_POINT('',#3737);
#676=VERTEX_POINT('',#3741);
#677=VERTEX_POINT('',#3743);
#678=VERTEX_POINT('',#3747);
#679=VERTEX_POINT('',#3748);
#680=VERTEX_POINT('',#3751);
#681=VERTEX_POINT('',#3753);
#682=VERTEX_POINT('',#3758);
#683=VERTEX_POINT('',#3762);
#684=VERTEX_POINT('',#3766);
#685=VERTEX_POINT('',#3771);
#686=VERTEX_POINT('',#3774);
#687=VERTEX_POINT('',#3780);
#688=VERTEX_POINT('',#3787);
#689=VERTEX_POINT('',#3788);
#690=VERTEX_POINT('',#3793);
#691=VERTEX_POINT('',#3795);
#692=VERTEX_POINT('',#3797);
#693=VERTEX_POINT('',#3799);
#694=VERTEX_POINT('',#3801);
#695=VERTEX_POINT('',#3803);
#696=VERTEX_POINT('',#3806);
#697=VERTEX_POINT('',#3808);
#698=VERTEX_POINT('',#3815);
#699=VERTEX_POINT('',#3816);
#700=VERTEX_POINT('',#3818);
#701=VERTEX_POINT('',#3823);
#702=VERTEX_POINT('',#3830);
#703=VERTEX_POINT('',#3831);
#704=VERTEX_POINT('',#3833);
#705=VERTEX_POINT('',#3835);
#706=VERTEX_POINT('',#3839);
#707=VERTEX_POINT('',#3841);
#708=VERTEX_POINT('',#3843);
#709=VERTEX_POINT('',#3847);
#710=VERTEX_POINT('',#3852);
#711=VERTEX_POINT('',#3854);
#712=VERTEX_POINT('',#3858);
#713=VERTEX_POINT('',#3863);
#714=VERTEX_POINT('',#3867);
#715=VERTEX_POINT('',#3871);
#716=VERTEX_POINT('',#3875);
#717=VERTEX_POINT('',#3882);
#718=VERTEX_POINT('',#3887);
#719=VERTEX_POINT('',#3891);
#720=VERTEX_POINT('',#3895);
#721=VERTEX_POINT('',#3898);
#722=VERTEX_POINT('',#3901);
#723=VERTEX_POINT('',#3907);
#724=VERTEX_POINT('',#3909);
#725=VERTEX_POINT('',#3912);
#726=VERTEX_POINT('',#3916);
#727=VERTEX_POINT('',#3920);
#728=VERTEX_POINT('',#3927);
#729=VERTEX_POINT('',#3929);
#730=VERTEX_POINT('',#3933);
#731=VERTEX_POINT('',#3937);
#732=VERTEX_POINT('',#3944);
#733=EDGE_CURVE('',#593,#594,#393,.T.);
#734=EDGE_CURVE('',#594,#595,#355,.T.);
#735=EDGE_CURVE('',#596,#595,#394,.T.);
#736=EDGE_CURVE('',#597,#596,#356,.T.);
#737=EDGE_CURVE('',#598,#597,#279,.T.);
#738=EDGE_CURVE('',#599,#598,#280,.T.);
#739=EDGE_CURVE('',#599,#593,#357,.T.);
#740=EDGE_CURVE('',#600,#601,#395,.T.);
#741=EDGE_CURVE('',#600,#602,#358,.T.);
#742=EDGE_CURVE('',#603,#602,#396,.T.);
#743=EDGE_CURVE('',#604,#603,#281,.T.);
#744=EDGE_CURVE('',#601,#604,#359,.T.);
#745=EDGE_CURVE('',#605,#604,#360,.F.);
#746=EDGE_CURVE('',#603,#606,#84,.F.);
#747=EDGE_CURVE('',#606,#605,#282,.T.);
#748=EDGE_CURVE('',#594,#601,#361,.T.);
#749=EDGE_CURVE('',#600,#593,#362,.T.);
#750=EDGE_CURVE('',#607,#607,#283,.T.);
#751=EDGE_CURVE('',#607,#608,#397,.T.);
#752=EDGE_CURVE('',#608,#609,#284,.T.);
#753=EDGE_CURVE('',#609,#608,#285,.T.);
#754=EDGE_CURVE('',#610,#606,#398,.T.);
#755=EDGE_CURVE('',#611,#610,#399,.T.);
#756=EDGE_CURVE('',#612,#611,#363,.T.);
#757=EDGE_CURVE('',#613,#612,#364,.T.);
#758=EDGE_CURVE('',#605,#613,#365,.T.);
#759=EDGE_CURVE('',#609,#614,#400,.T.);
#760=EDGE_CURVE('',#615,#614,#366,.T.);
#761=EDGE_CURVE('',#614,#615,#367,.T.);
#762=EDGE_CURVE('',#616,#617,#368,.T.);
#763=EDGE_CURVE('',#617,#610,#401,.T.);
#764=EDGE_CURVE('',#602,#616,#369,.T.);
#765=EDGE_CURVE('',#611,#617,#286,.T.);
#766=EDGE_CURVE('',#618,#619,#370,.T.);
#767=EDGE_CURVE('',#619,#620,#402,.T.);
#768=EDGE_CURVE('',#620,#596,#403,.T.);
#769=EDGE_CURVE('',#595,#618,#371,.T.);
#770=EDGE_CURVE('',#621,#622,#372,.F.);
#771=EDGE_CURVE('',#621,#597,#404,.T.);
#772=EDGE_CURVE('',#620,#623,#373,.T.);
#773=EDGE_CURVE('',#623,#622,#374,.T.);
#774=EDGE_CURVE('',#624,#621,#375,.F.);
#775=EDGE_CURVE('',#624,#597,#376,.T.);
#776=EDGE_CURVE('',#624,#625,#377,.T.);
#777=EDGE_CURVE('',#625,#599,#378,.T.);
#778=EDGE_CURVE('',#598,#626,#287,.T.);
#779=EDGE_CURVE('',#626,#627,#288,.T.);
#780=EDGE_CURVE('',#627,#626,#289,.T.);
#781=EDGE_CURVE('',#619,#628,#290,.T.);
#782=EDGE_CURVE('',#628,#620,#291,.T.);
#783=EDGE_CURVE('',#612,#629,#379,.T.);
#784=EDGE_CURVE('',#618,#629,#380,.F.);
#785=EDGE_CURVE('',#611,#628,#381,.T.);
#786=EDGE_CURVE('',#622,#630,#382,.F.);
#787=EDGE_CURVE('',#630,#631,#383,.T.);
#788=EDGE_CURVE('',#616,#631,#384,.F.);
#789=EDGE_CURVE('',#632,#633,#385,.T.);
#790=EDGE_CURVE('',#633,#634,#386,.T.);
#791=EDGE_CURVE('',#634,#633,#387,.T.);
#792=EDGE_CURVE('',#632,#632,#388,.T.);
#793=EDGE_CURVE('',#634,#635,#405,.T.);
#794=EDGE_CURVE('',#635,#635,#389,.T.);
#795=EDGE_CURVE('',#632,#636,#406,.T.);
#796=EDGE_CURVE('',#637,#636,#292,.T.);
#797=EDGE_CURVE('',#636,#637,#293,.T.);
#798=EDGE_CURVE('',#615,#635,#390,.T.);
#799=EDGE_CURVE('',#638,#639,#294,.T.);
#800=EDGE_CURVE('',#639,#638,#295,.T.);
#801=EDGE_CURVE('',#638,#640,#296,.T.);
#802=EDGE_CURVE('',#640,#640,#297,.T.);
#803=EDGE_CURVE('',#627,#640,#407,.T.);
#804=EDGE_CURVE('',#641,#642,#298,.F.);
#805=EDGE_CURVE('',#642,#643,#408,.T.);
#806=EDGE_CURVE('',#643,#644,#409,.T.);
#807=EDGE_CURVE('',#644,#641,#410,.T.);
#808=EDGE_CURVE('',#643,#645,#299,.T.);
#809=EDGE_CURVE('',#645,#646,#411,.T.);
#810=EDGE_CURVE('',#646,#644,#300,.T.);
#811=EDGE_CURVE('',#647,#648,#301,.T.);
#812=EDGE_CURVE('',#647,#646,#412,.T.);
#813=EDGE_CURVE('',#645,#649,#413,.T.);
#814=EDGE_CURVE('',#649,#650,#414,.T.);
#815=EDGE_CURVE('',#650,#648,#415,.T.);
#816=EDGE_CURVE('',#649,#651,#302,.T.);
#817=EDGE_CURVE('',#651,#652,#416,.T.);
#818=EDGE_CURVE('',#652,#650,#303,.T.);
#819=EDGE_CURVE('',#653,#654,#304,.F.);
#820=EDGE_CURVE('',#654,#652,#417,.T.);
#821=EDGE_CURVE('',#651,#653,#418,.T.);
#822=EDGE_CURVE('',#653,#655,#305,.T.);
#823=EDGE_CURVE('',#656,#651,#419,.T.);
#824=EDGE_CURVE('',#657,#656,#420,.T.);
#825=EDGE_CURVE('',#657,#658,#306,.T.);
#826=EDGE_CURVE('',#658,#659,#421,.T.);
#827=EDGE_CURVE('',#660,#659,#422,.T.);
#828=EDGE_CURVE('',#655,#660,#423,.T.);
#829=EDGE_CURVE('',#649,#661,#424,.T.);
#830=EDGE_CURVE('',#656,#661,#307,.T.);
#831=EDGE_CURVE('',#641,#647,#308,.T.);
#832=EDGE_CURVE('',#662,#662,#309,.T.);
#833=EDGE_CURVE('',#663,#645,#425,.T.);
#834=EDGE_CURVE('',#661,#663,#426,.T.);
#835=EDGE_CURVE('',#643,#664,#427,.T.);
#836=EDGE_CURVE('',#663,#664,#310,.T.);
#837=EDGE_CURVE('',#665,#642,#311,.T.);
#838=EDGE_CURVE('',#666,#665,#428,.T.);
#839=EDGE_CURVE('',#667,#666,#429,.T.);
#840=EDGE_CURVE('',#667,#668,#430,.T.);
#841=EDGE_CURVE('',#668,#669,#431,.T.);
#842=EDGE_CURVE('',#670,#669,#312,.F.);
#843=EDGE_CURVE('',#670,#671,#432,.T.);
#844=EDGE_CURVE('',#672,#671,#313,.F.);
#845=EDGE_CURVE('',#672,#673,#433,.T.);
#846=EDGE_CURVE('',#664,#673,#434,.T.);
#847=EDGE_CURVE('',#674,#655,#314,.F.);
#848=EDGE_CURVE('',#660,#675,#435,.T.);
#849=EDGE_CURVE('',#675,#674,#436,.T.);
#850=EDGE_CURVE('',#660,#676,#315,.T.);
#851=EDGE_CURVE('',#676,#677,#437,.T.);
#852=EDGE_CURVE('',#677,#675,#316,.T.);
#853=EDGE_CURVE('',#678,#679,#317,.T.);
#854=EDGE_CURVE('',#678,#677,#438,.T.);
#855=EDGE_CURVE('',#676,#680,#439,.T.);
#856=EDGE_CURVE('',#680,#681,#440,.T.);
#857=EDGE_CURVE('',#681,#679,#441,.T.);
#858=EDGE_CURVE('',#680,#666,#318,.T.);
#859=EDGE_CURVE('',#666,#682,#442,.T.);
#860=EDGE_CURVE('',#682,#681,#319,.T.);
#861=EDGE_CURVE('',#665,#683,#320,.F.);
#862=EDGE_CURVE('',#683,#682,#443,.T.);
#863=EDGE_CURVE('',#680,#684,#444,.T.);
#864=EDGE_CURVE('',#684,#667,#321,.T.);
#865=EDGE_CURVE('',#674,#678,#322,.T.);
#866=EDGE_CURVE('',#685,#685,#323,.T.);
#867=EDGE_CURVE('',#686,#676,#445,.T.);
#868=EDGE_CURVE('',#686,#684,#446,.T.);
#869=EDGE_CURVE('',#659,#686,#324,.T.);
#870=EDGE_CURVE('',#639,#687,#325,.T.);
#871=EDGE_CURVE('',#687,#687,#326,.T.);
#872=EDGE_CURVE('',#679,#683,#327,.T.);
#873=EDGE_CURVE('',#648,#654,#328,.T.);
#874=EDGE_CURVE('',#688,#689,#329,.T.);
#875=EDGE_CURVE('',#689,#672,#447,.T.);
#876=EDGE_CURVE('',#671,#688,#448,.T.);
#877=EDGE_CURVE('',#688,#690,#449,.T.);
#878=EDGE_CURVE('',#691,#690,#330,.T.);
#879=EDGE_CURVE('',#691,#692,#450,.T.);
#880=EDGE_CURVE('',#692,#693,#451,.T.);
#881=EDGE_CURVE('',#693,#694,#331,.T.);
#882=EDGE_CURVE('',#695,#694,#452,.T.);
#883=EDGE_CURVE('',#695,#689,#453,.T.);
#884=EDGE_CURVE('',#696,#696,#332,.T.);
#885=EDGE_CURVE('',#697,#697,#333,.T.);
#886=EDGE_CURVE('',#690,#670,#454,.T.);
#887=EDGE_CURVE('',#669,#691,#455,.T.);
#888=EDGE_CURVE('',#698,#699,#334,.T.);
#889=EDGE_CURVE('',#699,#700,#391,.T.);
#890=EDGE_CURVE('',#700,#701,#335,.T.);
#891=EDGE_CURVE('',#701,#698,#392,.T.);
#892=EDGE_CURVE('',#702,#703,#456,.T.);
#893=EDGE_CURVE('',#703,#704,#457,.T.);
#894=EDGE_CURVE('',#704,#705,#458,.T.);
#895=EDGE_CURVE('',#702,#705,#459,.T.);
#896=EDGE_CURVE('',#699,#706,#460,.T.);
#897=EDGE_CURVE('',#706,#707,#15,.T.);
#898=EDGE_CURVE('',#707,#708,#461,.T.);
#899=EDGE_CURVE('',#708,#700,#462,.T.);
#900=EDGE_CURVE('',#703,#709,#463,.T.);
#901=EDGE_CURVE('',#709,#695,#464,.T.);
#902=EDGE_CURVE('',#694,#704,#16,.T.);
#903=EDGE_CURVE('',#707,#710,#465,.T.);
#904=EDGE_CURVE('',#710,#711,#466,.T.);
#905=EDGE_CURVE('',#711,#708,#467,.T.);
#906=EDGE_CURVE('',#709,#712,#468,.T.);
#907=EDGE_CURVE('',#712,#673,#469,.T.);
#908=EDGE_CURVE('',#673,#695,#470,.T.);
#909=EDGE_CURVE('',#712,#713,#471,.T.);
#910=EDGE_CURVE('',#713,#664,#472,.T.);
#911=EDGE_CURVE('',#714,#663,#473,.T.);
#912=EDGE_CURVE('',#713,#714,#336,.T.);
#913=EDGE_CURVE('',#715,#661,#474,.T.);
#914=EDGE_CURVE('',#714,#715,#475,.T.);
#915=EDGE_CURVE('',#716,#656,#476,.T.);
#916=EDGE_CURVE('',#715,#716,#337,.T.);
#917=EDGE_CURVE('',#716,#711,#477,.T.);
#918=EDGE_CURVE('',#710,#657,#17,.T.);
#919=EDGE_CURVE('',#717,#698,#478,.T.);
#920=EDGE_CURVE('',#701,#702,#479,.T.);
#921=EDGE_CURVE('',#705,#717,#18,.T.);
#922=EDGE_CURVE('',#718,#706,#338,.T.);
#923=EDGE_CURVE('',#718,#658,#480,.T.);
#924=EDGE_CURVE('',#719,#699,#339,.T.);
#925=EDGE_CURVE('',#719,#718,#481,.T.);
#926=EDGE_CURVE('',#698,#720,#340,.T.);
#927=EDGE_CURVE('',#720,#719,#341,.T.);
#928=EDGE_CURVE('',#721,#721,#342,.T.);
#929=EDGE_CURVE('',#717,#722,#343,.T.);
#930=EDGE_CURVE('',#722,#720,#482,.T.);
#931=EDGE_CURVE('',#693,#722,#483,.T.);
#932=EDGE_CURVE('',#723,#723,#344,.T.);
#933=EDGE_CURVE('',#724,#724,#345,.T.);
#934=EDGE_CURVE('',#725,#725,#346,.T.);
#935=EDGE_CURVE('',#725,#723,#484,.T.);
#936=EDGE_CURVE('',#725,#726,#485,.T.);
#937=EDGE_CURVE('',#726,#726,#347,.T.);
#938=EDGE_CURVE('',#727,#727,#348,.T.);
#939=EDGE_CURVE('',#727,#724,#486,.T.);
#940=EDGE_CURVE('',#727,#662,#487,.T.);
#941=EDGE_CURVE('',#668,#692,#488,.T.);
#942=EDGE_CURVE('',#728,#728,#349,.T.);
#943=EDGE_CURVE('',#729,#729,#350,.T.);
#944=EDGE_CURVE('',#696,#730,#489,.T.);
#945=EDGE_CURVE('',#730,#730,#351,.T.);
#946=EDGE_CURVE('',#697,#731,#490,.T.);
#947=EDGE_CURVE('',#731,#731,#352,.T.);
#948=EDGE_CURVE('',#729,#732,#491,.T.);
#949=EDGE_CURVE('',#732,#732,#353,.T.);
#950=EDGE_CURVE('',#728,#685,#492,.T.);
#951=EDGE_CURVE('',#637,#721,#354,.T.);
#952=ORIENTED_EDGE('',*,*,#733,.T.);
#953=ORIENTED_EDGE('',*,*,#734,.T.);
#954=ORIENTED_EDGE('',*,*,#735,.F.);
#955=ORIENTED_EDGE('',*,*,#736,.F.);
#956=ORIENTED_EDGE('',*,*,#737,.F.);
#957=ORIENTED_EDGE('',*,*,#738,.F.);
#958=ORIENTED_EDGE('',*,*,#739,.T.);
#959=ORIENTED_EDGE('',*,*,#740,.F.);
#960=ORIENTED_EDGE('',*,*,#741,.T.);
#961=ORIENTED_EDGE('',*,*,#742,.F.);
#962=ORIENTED_EDGE('',*,*,#743,.F.);
#963=ORIENTED_EDGE('',*,*,#744,.F.);
#964=ORIENTED_EDGE('',*,*,#745,.T.);
#965=ORIENTED_EDGE('',*,*,#743,.T.);
#966=ORIENTED_EDGE('',*,*,#746,.T.);
#967=ORIENTED_EDGE('',*,*,#747,.T.);
#968=ORIENTED_EDGE('',*,*,#740,.T.);
#969=ORIENTED_EDGE('',*,*,#748,.F.);
#970=ORIENTED_EDGE('',*,*,#733,.F.);
#971=ORIENTED_EDGE('',*,*,#749,.F.);
#972=ORIENTED_EDGE('',*,*,#750,.T.);
#973=ORIENTED_EDGE('',*,*,#751,.T.);
#974=ORIENTED_EDGE('',*,*,#752,.T.);
#975=ORIENTED_EDGE('',*,*,#753,.T.);
#976=ORIENTED_EDGE('',*,*,#751,.F.);
#977=ORIENTED_EDGE('',*,*,#754,.F.);
#978=ORIENTED_EDGE('',*,*,#755,.F.);
#979=ORIENTED_EDGE('',*,*,#756,.F.);
#980=ORIENTED_EDGE('',*,*,#757,.F.);
#981=ORIENTED_EDGE('',*,*,#758,.F.);
#982=ORIENTED_EDGE('',*,*,#747,.F.);
#983=ORIENTED_EDGE('',*,*,#750,.F.);
#984=ORIENTED_EDGE('',*,*,#752,.F.);
#985=ORIENTED_EDGE('',*,*,#753,.F.);
#986=ORIENTED_EDGE('',*,*,#759,.T.);
#987=ORIENTED_EDGE('',*,*,#760,.F.);
#988=ORIENTED_EDGE('',*,*,#761,.F.);
#989=ORIENTED_EDGE('',*,*,#759,.F.);
#990=ORIENTED_EDGE('',*,*,#762,.T.);
#991=ORIENTED_EDGE('',*,*,#763,.T.);
#992=ORIENTED_EDGE('',*,*,#754,.T.);
#993=ORIENTED_EDGE('',*,*,#746,.F.);
#994=ORIENTED_EDGE('',*,*,#742,.T.);
#995=ORIENTED_EDGE('',*,*,#764,.T.);
#996=ORIENTED_EDGE('',*,*,#763,.F.);
#997=ORIENTED_EDGE('',*,*,#765,.F.);
#998=ORIENTED_EDGE('',*,*,#755,.T.);
#999=ORIENTED_EDGE('',*,*,#766,.T.);
#1000=ORIENTED_EDGE('',*,*,#767,.T.);
#1001=ORIENTED_EDGE('',*,*,#768,.T.);
#1002=ORIENTED_EDGE('',*,*,#735,.T.);
#1003=ORIENTED_EDGE('',*,*,#769,.T.);
#1004=ORIENTED_EDGE('',*,*,#770,.F.);
#1005=ORIENTED_EDGE('',*,*,#771,.T.);
#1006=ORIENTED_EDGE('',*,*,#736,.T.);
#1007=ORIENTED_EDGE('',*,*,#768,.F.);
#1008=ORIENTED_EDGE('',*,*,#772,.T.);
#1009=ORIENTED_EDGE('',*,*,#773,.T.);
#1010=ORIENTED_EDGE('',*,*,#774,.F.);
#1011=ORIENTED_EDGE('',*,*,#775,.T.);
#1012=ORIENTED_EDGE('',*,*,#771,.F.);
#1013=ORIENTED_EDGE('',*,*,#775,.F.);
#1014=ORIENTED_EDGE('',*,*,#776,.T.);
#1015=ORIENTED_EDGE('',*,*,#777,.T.);
#1016=ORIENTED_EDGE('',*,*,#738,.T.);
#1017=ORIENTED_EDGE('',*,*,#778,.T.);
#1018=ORIENTED_EDGE('',*,*,#779,.T.);
#1019=ORIENTED_EDGE('',*,*,#780,.T.);
#1020=ORIENTED_EDGE('',*,*,#778,.F.);
#1021=ORIENTED_EDGE('',*,*,#737,.T.);
#1022=ORIENTED_EDGE('',*,*,#767,.F.);
#1023=ORIENTED_EDGE('',*,*,#781,.T.);
#1024=ORIENTED_EDGE('',*,*,#782,.T.);
#1025=ORIENTED_EDGE('',*,*,#757,.T.);
#1026=ORIENTED_EDGE('',*,*,#783,.T.);
#1027=ORIENTED_EDGE('',*,*,#784,.F.);
#1028=ORIENTED_EDGE('',*,*,#769,.F.);
#1029=ORIENTED_EDGE('',*,*,#734,.F.);
#1030=ORIENTED_EDGE('',*,*,#748,.T.);
#1031=ORIENTED_EDGE('',*,*,#744,.T.);
#1032=ORIENTED_EDGE('',*,*,#745,.F.);
#1033=ORIENTED_EDGE('',*,*,#758,.T.);
#1034=ORIENTED_EDGE('',*,*,#756,.T.);
#1035=ORIENTED_EDGE('',*,*,#785,.T.);
#1036=ORIENTED_EDGE('',*,*,#781,.F.);
#1037=ORIENTED_EDGE('',*,*,#766,.F.);
#1038=ORIENTED_EDGE('',*,*,#784,.T.);
#1039=ORIENTED_EDGE('',*,*,#783,.F.);
#1040=ORIENTED_EDGE('',*,*,#777,.F.);
#1041=ORIENTED_EDGE('',*,*,#776,.F.);
#1042=ORIENTED_EDGE('',*,*,#774,.T.);
#1043=ORIENTED_EDGE('',*,*,#770,.T.);
#1044=ORIENTED_EDGE('',*,*,#786,.T.);
#1045=ORIENTED_EDGE('',*,*,#787,.T.);
#1046=ORIENTED_EDGE('',*,*,#788,.F.);
#1047=ORIENTED_EDGE('',*,*,#764,.F.);
#1048=ORIENTED_EDGE('',*,*,#741,.F.);
#1049=ORIENTED_EDGE('',*,*,#749,.T.);
#1050=ORIENTED_EDGE('',*,*,#739,.F.);
#1051=ORIENTED_EDGE('',*,*,#787,.F.);
#1052=ORIENTED_EDGE('',*,*,#786,.F.);
#1053=ORIENTED_EDGE('',*,*,#773,.F.);
#1054=ORIENTED_EDGE('',*,*,#772,.F.);
#1055=ORIENTED_EDGE('',*,*,#782,.F.);
#1056=ORIENTED_EDGE('',*,*,#785,.F.);
#1057=ORIENTED_EDGE('',*,*,#765,.T.);
#1058=ORIENTED_EDGE('',*,*,#762,.F.);
#1059=ORIENTED_EDGE('',*,*,#788,.T.);
#1060=ORIENTED_EDGE('',*,*,#789,.T.);
#1061=ORIENTED_EDGE('',*,*,#790,.T.);
#1062=ORIENTED_EDGE('',*,*,#791,.T.);
#1063=ORIENTED_EDGE('',*,*,#789,.F.);
#1064=ORIENTED_EDGE('',*,*,#792,.T.);
#1065=ORIENTED_EDGE('',*,*,#790,.F.);
#1066=ORIENTED_EDGE('',*,*,#791,.F.);
#1067=ORIENTED_EDGE('',*,*,#793,.T.);
#1068=ORIENTED_EDGE('',*,*,#794,.F.);
#1069=ORIENTED_EDGE('',*,*,#793,.F.);
#1070=ORIENTED_EDGE('',*,*,#792,.F.);
#1071=ORIENTED_EDGE('',*,*,#795,.T.);
#1072=ORIENTED_EDGE('',*,*,#796,.F.);
#1073=ORIENTED_EDGE('',*,*,#797,.F.);
#1074=ORIENTED_EDGE('',*,*,#795,.F.);
#1075=ORIENTED_EDGE('',*,*,#798,.T.);
#1076=ORIENTED_EDGE('',*,*,#794,.T.);
#1077=ORIENTED_EDGE('',*,*,#798,.F.);
#1078=ORIENTED_EDGE('',*,*,#760,.T.);
#1079=ORIENTED_EDGE('',*,*,#761,.T.);
#1080=ORIENTED_EDGE('',*,*,#799,.T.);
#1081=ORIENTED_EDGE('',*,*,#800,.T.);
#1082=ORIENTED_EDGE('',*,*,#801,.T.);
#1083=ORIENTED_EDGE('',*,*,#802,.T.);
#1084=ORIENTED_EDGE('',*,*,#801,.F.);
#1085=ORIENTED_EDGE('',*,*,#780,.F.);
#1086=ORIENTED_EDGE('',*,*,#803,.T.);
#1087=ORIENTED_EDGE('',*,*,#802,.F.);
#1088=ORIENTED_EDGE('',*,*,#803,.F.);
#1089=ORIENTED_EDGE('',*,*,#779,.F.);
#1090=ORIENTED_EDGE('',*,*,#804,.T.);
#1091=ORIENTED_EDGE('',*,*,#805,.T.);
#1092=ORIENTED_EDGE('',*,*,#806,.T.);
#1093=ORIENTED_EDGE('',*,*,#807,.T.);
#1094=ORIENTED_EDGE('',*,*,#806,.F.);
#1095=ORIENTED_EDGE('',*,*,#808,.T.);
#1096=ORIENTED_EDGE('',*,*,#809,.T.);
#1097=ORIENTED_EDGE('',*,*,#810,.T.);
#1098=ORIENTED_EDGE('',*,*,#811,.F.);
#1099=ORIENTED_EDGE('',*,*,#812,.T.);
#1100=ORIENTED_EDGE('',*,*,#809,.F.);
#1101=ORIENTED_EDGE('',*,*,#813,.T.);
#1102=ORIENTED_EDGE('',*,*,#814,.T.);
#1103=ORIENTED_EDGE('',*,*,#815,.T.);
#1104=ORIENTED_EDGE('',*,*,#814,.F.);
#1105=ORIENTED_EDGE('',*,*,#816,.T.);
#1106=ORIENTED_EDGE('',*,*,#817,.T.);
#1107=ORIENTED_EDGE('',*,*,#818,.T.);
#1108=ORIENTED_EDGE('',*,*,#819,.T.);
#1109=ORIENTED_EDGE('',*,*,#820,.T.);
#1110=ORIENTED_EDGE('',*,*,#817,.F.);
#1111=ORIENTED_EDGE('',*,*,#821,.T.);
#1112=ORIENTED_EDGE('',*,*,#822,.F.);
#1113=ORIENTED_EDGE('',*,*,#821,.F.);
#1114=ORIENTED_EDGE('',*,*,#823,.F.);
#1115=ORIENTED_EDGE('',*,*,#824,.F.);
#1116=ORIENTED_EDGE('',*,*,#825,.T.);
#1117=ORIENTED_EDGE('',*,*,#826,.T.);
#1118=ORIENTED_EDGE('',*,*,#827,.F.);
#1119=ORIENTED_EDGE('',*,*,#828,.F.);
#1120=ORIENTED_EDGE('',*,*,#816,.F.);
#1121=ORIENTED_EDGE('',*,*,#829,.T.);
#1122=ORIENTED_EDGE('',*,*,#830,.F.);
#1123=ORIENTED_EDGE('',*,*,#823,.T.);
#1124=ORIENTED_EDGE('',*,*,#812,.F.);
#1125=ORIENTED_EDGE('',*,*,#831,.F.);
#1126=ORIENTED_EDGE('',*,*,#807,.F.);
#1127=ORIENTED_EDGE('',*,*,#810,.F.);
#1128=ORIENTED_EDGE('',*,*,#832,.T.);
#1129=ORIENTED_EDGE('',*,*,#813,.F.);
#1130=ORIENTED_EDGE('',*,*,#833,.F.);
#1131=ORIENTED_EDGE('',*,*,#834,.F.);
#1132=ORIENTED_EDGE('',*,*,#829,.F.);
#1133=ORIENTED_EDGE('',*,*,#808,.F.);
#1134=ORIENTED_EDGE('',*,*,#835,.T.);
#1135=ORIENTED_EDGE('',*,*,#836,.F.);
#1136=ORIENTED_EDGE('',*,*,#833,.T.);
#1137=ORIENTED_EDGE('',*,*,#805,.F.);
#1138=ORIENTED_EDGE('',*,*,#837,.F.);
#1139=ORIENTED_EDGE('',*,*,#838,.F.);
#1140=ORIENTED_EDGE('',*,*,#839,.F.);
#1141=ORIENTED_EDGE('',*,*,#840,.T.);
#1142=ORIENTED_EDGE('',*,*,#841,.T.);
#1143=ORIENTED_EDGE('',*,*,#842,.F.);
#1144=ORIENTED_EDGE('',*,*,#843,.T.);
#1145=ORIENTED_EDGE('',*,*,#844,.F.);
#1146=ORIENTED_EDGE('',*,*,#845,.T.);
#1147=ORIENTED_EDGE('',*,*,#846,.F.);
#1148=ORIENTED_EDGE('',*,*,#835,.F.);
#1149=ORIENTED_EDGE('',*,*,#847,.T.);
#1150=ORIENTED_EDGE('',*,*,#828,.T.);
#1151=ORIENTED_EDGE('',*,*,#848,.T.);
#1152=ORIENTED_EDGE('',*,*,#849,.T.);
#1153=ORIENTED_EDGE('',*,*,#848,.F.);
#1154=ORIENTED_EDGE('',*,*,#850,.T.);
#1155=ORIENTED_EDGE('',*,*,#851,.T.);
#1156=ORIENTED_EDGE('',*,*,#852,.T.);
#1157=ORIENTED_EDGE('',*,*,#853,.F.);
#1158=ORIENTED_EDGE('',*,*,#854,.T.);
#1159=ORIENTED_EDGE('',*,*,#851,.F.);
#1160=ORIENTED_EDGE('',*,*,#855,.T.);
#1161=ORIENTED_EDGE('',*,*,#856,.T.);
#1162=ORIENTED_EDGE('',*,*,#857,.T.);
#1163=ORIENTED_EDGE('',*,*,#856,.F.);
#1164=ORIENTED_EDGE('',*,*,#858,.T.);
#1165=ORIENTED_EDGE('',*,*,#859,.T.);
#1166=ORIENTED_EDGE('',*,*,#860,.T.);
#1167=ORIENTED_EDGE('',*,*,#861,.T.);
#1168=ORIENTED_EDGE('',*,*,#862,.T.);
#1169=ORIENTED_EDGE('',*,*,#859,.F.);
#1170=ORIENTED_EDGE('',*,*,#838,.T.);
#1171=ORIENTED_EDGE('',*,*,#858,.F.);
#1172=ORIENTED_EDGE('',*,*,#863,.T.);
#1173=ORIENTED_EDGE('',*,*,#864,.T.);
#1174=ORIENTED_EDGE('',*,*,#839,.T.);
#1175=ORIENTED_EDGE('',*,*,#854,.F.);
#1176=ORIENTED_EDGE('',*,*,#865,.F.);
#1177=ORIENTED_EDGE('',*,*,#849,.F.);
#1178=ORIENTED_EDGE('',*,*,#852,.F.);
#1179=ORIENTED_EDGE('',*,*,#866,.T.);
#1180=ORIENTED_EDGE('',*,*,#855,.F.);
#1181=ORIENTED_EDGE('',*,*,#867,.F.);
#1182=ORIENTED_EDGE('',*,*,#868,.T.);
#1183=ORIENTED_EDGE('',*,*,#863,.F.);
#1184=ORIENTED_EDGE('',*,*,#850,.F.);
#1185=ORIENTED_EDGE('',*,*,#827,.T.);
#1186=ORIENTED_EDGE('',*,*,#869,.T.);
#1187=ORIENTED_EDGE('',*,*,#867,.T.);
#1188=ORIENTED_EDGE('',*,*,#799,.F.);
#1189=ORIENTED_EDGE('',*,*,#800,.F.);
#1190=ORIENTED_EDGE('',*,*,#870,.T.);
#1191=ORIENTED_EDGE('',*,*,#871,.T.);
#1192=ORIENTED_EDGE('',*,*,#870,.F.);
#1193=ORIENTED_EDGE('',*,*,#865,.T.);
#1194=ORIENTED_EDGE('',*,*,#853,.T.);
#1195=ORIENTED_EDGE('',*,*,#872,.T.);
#1196=ORIENTED_EDGE('',*,*,#861,.F.);
#1197=ORIENTED_EDGE('',*,*,#837,.T.);
#1198=ORIENTED_EDGE('',*,*,#804,.F.);
#1199=ORIENTED_EDGE('',*,*,#831,.T.);
#1200=ORIENTED_EDGE('',*,*,#811,.T.);
#1201=ORIENTED_EDGE('',*,*,#873,.T.);
#1202=ORIENTED_EDGE('',*,*,#819,.F.);
#1203=ORIENTED_EDGE('',*,*,#822,.T.);
#1204=ORIENTED_EDGE('',*,*,#847,.F.);
#1205=ORIENTED_EDGE('',*,*,#871,.F.);
#1206=ORIENTED_EDGE('',*,*,#874,.T.);
#1207=ORIENTED_EDGE('',*,*,#875,.T.);
#1208=ORIENTED_EDGE('',*,*,#844,.T.);
#1209=ORIENTED_EDGE('',*,*,#876,.T.);
#1210=ORIENTED_EDGE('',*,*,#874,.F.);
#1211=ORIENTED_EDGE('',*,*,#877,.T.);
#1212=ORIENTED_EDGE('',*,*,#878,.F.);
#1213=ORIENTED_EDGE('',*,*,#879,.T.);
#1214=ORIENTED_EDGE('',*,*,#880,.T.);
#1215=ORIENTED_EDGE('',*,*,#881,.T.);
#1216=ORIENTED_EDGE('',*,*,#882,.F.);
#1217=ORIENTED_EDGE('',*,*,#883,.T.);
#1218=ORIENTED_EDGE('',*,*,#884,.T.);
#1219=ORIENTED_EDGE('',*,*,#885,.T.);
#1220=ORIENTED_EDGE('',*,*,#876,.F.);
#1221=ORIENTED_EDGE('',*,*,#843,.F.);
#1222=ORIENTED_EDGE('',*,*,#886,.F.);
#1223=ORIENTED_EDGE('',*,*,#877,.F.);
#1224=ORIENTED_EDGE('',*,*,#878,.T.);
#1225=ORIENTED_EDGE('',*,*,#886,.T.);
#1226=ORIENTED_EDGE('',*,*,#842,.T.);
#1227=ORIENTED_EDGE('',*,*,#887,.T.);
#1228=ORIENTED_EDGE('',*,*,#888,.T.);
#1229=ORIENTED_EDGE('',*,*,#889,.T.);
#1230=ORIENTED_EDGE('',*,*,#890,.T.);
#1231=ORIENTED_EDGE('',*,*,#891,.T.);
#1232=ORIENTED_EDGE('',*,*,#892,.T.);
#1233=ORIENTED_EDGE('',*,*,#893,.T.);
#1234=ORIENTED_EDGE('',*,*,#894,.T.);
#1235=ORIENTED_EDGE('',*,*,#895,.F.);
#1236=ORIENTED_EDGE('',*,*,#896,.T.);
#1237=ORIENTED_EDGE('',*,*,#897,.T.);
#1238=ORIENTED_EDGE('',*,*,#898,.T.);
#1239=ORIENTED_EDGE('',*,*,#899,.T.);
#1240=ORIENTED_EDGE('',*,*,#889,.F.);
#1241=ORIENTED_EDGE('',*,*,#900,.T.);
#1242=ORIENTED_EDGE('',*,*,#901,.T.);
#1243=ORIENTED_EDGE('',*,*,#882,.T.);
#1244=ORIENTED_EDGE('',*,*,#902,.T.);
#1245=ORIENTED_EDGE('',*,*,#893,.F.);
#1246=ORIENTED_EDGE('',*,*,#903,.T.);
#1247=ORIENTED_EDGE('',*,*,#904,.T.);
#1248=ORIENTED_EDGE('',*,*,#905,.T.);
#1249=ORIENTED_EDGE('',*,*,#898,.F.);
#1250=ORIENTED_EDGE('',*,*,#906,.T.);
#1251=ORIENTED_EDGE('',*,*,#907,.T.);
#1252=ORIENTED_EDGE('',*,*,#908,.T.);
#1253=ORIENTED_EDGE('',*,*,#901,.F.);
#1254=ORIENTED_EDGE('',*,*,#909,.T.);
#1255=ORIENTED_EDGE('',*,*,#910,.T.);
#1256=ORIENTED_EDGE('',*,*,#846,.T.);
#1257=ORIENTED_EDGE('',*,*,#907,.F.);
#1258=ORIENTED_EDGE('',*,*,#911,.T.);
#1259=ORIENTED_EDGE('',*,*,#836,.T.);
#1260=ORIENTED_EDGE('',*,*,#910,.F.);
#1261=ORIENTED_EDGE('',*,*,#912,.T.);
#1262=ORIENTED_EDGE('',*,*,#913,.T.);
#1263=ORIENTED_EDGE('',*,*,#834,.T.);
#1264=ORIENTED_EDGE('',*,*,#911,.F.);
#1265=ORIENTED_EDGE('',*,*,#914,.T.);
#1266=ORIENTED_EDGE('',*,*,#915,.T.);
#1267=ORIENTED_EDGE('',*,*,#830,.T.);
#1268=ORIENTED_EDGE('',*,*,#913,.F.);
#1269=ORIENTED_EDGE('',*,*,#916,.T.);
#1270=ORIENTED_EDGE('',*,*,#824,.T.);
#1271=ORIENTED_EDGE('',*,*,#915,.F.);
#1272=ORIENTED_EDGE('',*,*,#917,.T.);
#1273=ORIENTED_EDGE('',*,*,#904,.F.);
#1274=ORIENTED_EDGE('',*,*,#918,.T.);
#1275=ORIENTED_EDGE('',*,*,#919,.T.);
#1276=ORIENTED_EDGE('',*,*,#891,.F.);
#1277=ORIENTED_EDGE('',*,*,#920,.T.);
#1278=ORIENTED_EDGE('',*,*,#895,.T.);
#1279=ORIENTED_EDGE('',*,*,#921,.T.);
#1280=ORIENTED_EDGE('',*,*,#918,.F.);
#1281=ORIENTED_EDGE('',*,*,#903,.F.);
#1282=ORIENTED_EDGE('',*,*,#897,.F.);
#1283=ORIENTED_EDGE('',*,*,#922,.F.);
#1284=ORIENTED_EDGE('',*,*,#923,.T.);
#1285=ORIENTED_EDGE('',*,*,#825,.F.);
#1286=ORIENTED_EDGE('',*,*,#896,.F.);
#1287=ORIENTED_EDGE('',*,*,#924,.F.);
#1288=ORIENTED_EDGE('',*,*,#925,.T.);
#1289=ORIENTED_EDGE('',*,*,#922,.T.);
#1290=ORIENTED_EDGE('',*,*,#888,.F.);
#1291=ORIENTED_EDGE('',*,*,#926,.T.);
#1292=ORIENTED_EDGE('',*,*,#927,.T.);
#1293=ORIENTED_EDGE('',*,*,#924,.T.);
#1294=ORIENTED_EDGE('',*,*,#928,.T.);
#1295=ORIENTED_EDGE('',*,*,#919,.F.);
#1296=ORIENTED_EDGE('',*,*,#929,.T.);
#1297=ORIENTED_EDGE('',*,*,#930,.T.);
#1298=ORIENTED_EDGE('',*,*,#926,.F.);
#1299=ORIENTED_EDGE('',*,*,#921,.F.);
#1300=ORIENTED_EDGE('',*,*,#894,.F.);
#1301=ORIENTED_EDGE('',*,*,#902,.F.);
#1302=ORIENTED_EDGE('',*,*,#881,.F.);
#1303=ORIENTED_EDGE('',*,*,#931,.T.);
#1304=ORIENTED_EDGE('',*,*,#929,.F.);
#1305=ORIENTED_EDGE('',*,*,#892,.F.);
#1306=ORIENTED_EDGE('',*,*,#920,.F.);
#1307=ORIENTED_EDGE('',*,*,#890,.F.);
#1308=ORIENTED_EDGE('',*,*,#899,.F.);
#1309=ORIENTED_EDGE('',*,*,#905,.F.);
#1310=ORIENTED_EDGE('',*,*,#917,.F.);
#1311=ORIENTED_EDGE('',*,*,#916,.F.);
#1312=ORIENTED_EDGE('',*,*,#914,.F.);
#1313=ORIENTED_EDGE('',*,*,#912,.F.);
#1314=ORIENTED_EDGE('',*,*,#909,.F.);
#1315=ORIENTED_EDGE('',*,*,#906,.F.);
#1316=ORIENTED_EDGE('',*,*,#900,.F.);
#1317=ORIENTED_EDGE('',*,*,#932,.F.);
#1318=ORIENTED_EDGE('',*,*,#933,.F.);
#1319=ORIENTED_EDGE('',*,*,#934,.T.);
#1320=ORIENTED_EDGE('',*,*,#935,.T.);
#1321=ORIENTED_EDGE('',*,*,#932,.T.);
#1322=ORIENTED_EDGE('',*,*,#935,.F.);
#1323=ORIENTED_EDGE('',*,*,#934,.F.);
#1324=ORIENTED_EDGE('',*,*,#936,.T.);
#1325=ORIENTED_EDGE('',*,*,#937,.F.);
#1326=ORIENTED_EDGE('',*,*,#936,.F.);
#1327=ORIENTED_EDGE('',*,*,#938,.T.);
#1328=ORIENTED_EDGE('',*,*,#939,.T.);
#1329=ORIENTED_EDGE('',*,*,#933,.T.);
#1330=ORIENTED_EDGE('',*,*,#939,.F.);
#1331=ORIENTED_EDGE('',*,*,#938,.F.);
#1332=ORIENTED_EDGE('',*,*,#940,.T.);
#1333=ORIENTED_EDGE('',*,*,#832,.F.);
#1334=ORIENTED_EDGE('',*,*,#940,.F.);
#1335=ORIENTED_EDGE('',*,*,#923,.F.);
#1336=ORIENTED_EDGE('',*,*,#925,.F.);
#1337=ORIENTED_EDGE('',*,*,#927,.F.);
#1338=ORIENTED_EDGE('',*,*,#930,.F.);
#1339=ORIENTED_EDGE('',*,*,#931,.F.);
#1340=ORIENTED_EDGE('',*,*,#880,.F.);
#1341=ORIENTED_EDGE('',*,*,#941,.F.);
#1342=ORIENTED_EDGE('',*,*,#840,.F.);
#1343=ORIENTED_EDGE('',*,*,#864,.F.);
#1344=ORIENTED_EDGE('',*,*,#868,.F.);
#1345=ORIENTED_EDGE('',*,*,#869,.F.);
#1346=ORIENTED_EDGE('',*,*,#826,.F.);
#1347=ORIENTED_EDGE('',*,*,#942,.F.);
#1348=ORIENTED_EDGE('',*,*,#943,.F.);
#1349=ORIENTED_EDGE('',*,*,#875,.F.);
#1350=ORIENTED_EDGE('',*,*,#883,.F.);
#1351=ORIENTED_EDGE('',*,*,#908,.F.);
#1352=ORIENTED_EDGE('',*,*,#845,.F.);
#1353=ORIENTED_EDGE('',*,*,#884,.F.);
#1354=ORIENTED_EDGE('',*,*,#944,.T.);
#1355=ORIENTED_EDGE('',*,*,#945,.F.);
#1356=ORIENTED_EDGE('',*,*,#944,.F.);
#1357=ORIENTED_EDGE('',*,*,#885,.F.);
#1358=ORIENTED_EDGE('',*,*,#946,.T.);
#1359=ORIENTED_EDGE('',*,*,#947,.F.);
#1360=ORIENTED_EDGE('',*,*,#946,.F.);
#1361=ORIENTED_EDGE('',*,*,#887,.F.);
#1362=ORIENTED_EDGE('',*,*,#841,.F.);
#1363=ORIENTED_EDGE('',*,*,#941,.T.);
#1364=ORIENTED_EDGE('',*,*,#879,.F.);
#1365=ORIENTED_EDGE('',*,*,#947,.T.);
#1366=ORIENTED_EDGE('',*,*,#945,.T.);
#1367=ORIENTED_EDGE('',*,*,#943,.T.);
#1368=ORIENTED_EDGE('',*,*,#948,.T.);
#1369=ORIENTED_EDGE('',*,*,#949,.F.);
#1370=ORIENTED_EDGE('',*,*,#948,.F.);
#1371=ORIENTED_EDGE('',*,*,#942,.T.);
#1372=ORIENTED_EDGE('',*,*,#950,.T.);
#1373=ORIENTED_EDGE('',*,*,#866,.F.);
#1374=ORIENTED_EDGE('',*,*,#950,.F.);
#1375=ORIENTED_EDGE('',*,*,#796,.T.);
#1376=ORIENTED_EDGE('',*,*,#797,.T.);
#1377=ORIENTED_EDGE('',*,*,#951,.T.);
#1378=ORIENTED_EDGE('',*,*,#928,.F.);
#1379=ORIENTED_EDGE('',*,*,#951,.F.);
#1380=ORIENTED_EDGE('',*,*,#862,.F.);
#1381=ORIENTED_EDGE('',*,*,#872,.F.);
#1382=ORIENTED_EDGE('',*,*,#857,.F.);
#1383=ORIENTED_EDGE('',*,*,#860,.F.);
#1384=ORIENTED_EDGE('',*,*,#949,.T.);
#1385=ORIENTED_EDGE('',*,*,#820,.F.);
#1386=ORIENTED_EDGE('',*,*,#873,.F.);
#1387=ORIENTED_EDGE('',*,*,#815,.F.);
#1388=ORIENTED_EDGE('',*,*,#818,.F.);
#1389=ORIENTED_EDGE('',*,*,#937,.T.);
#1390=CYLINDRICAL_SURFACE('',#1507,53.);
#1391=CYLINDRICAL_SURFACE('',#1510,53.);
#1392=CYLINDRICAL_SURFACE('',#1514,53.);
#1393=CYLINDRICAL_SURFACE('',#1520,49.);
#1394=CYLINDRICAL_SURFACE('',#1533,62.94);
#1395=CYLINDRICAL_SURFACE('',#1556,5.);
#1396=CYLINDRICAL_SURFACE('',#1562,5.);
#1397=CYLINDRICAL_SURFACE('',#1580,5.);
#1398=CYLINDRICAL_SURFACE('',#1586,5.);
#1399=CYLINDRICAL_SURFACE('',#1594,5.);
#1400=CYLINDRICAL_SURFACE('',#1602,5.);
#1401=CYLINDRICAL_SURFACE('',#1623,10.25);
#1402=CYLINDRICAL_SURFACE('',#1633,10.25);
#1403=CYLINDRICAL_SURFACE('',#1639,3.105);
#1404=CYLINDRICAL_SURFACE('',#1643,3.105);
#1405=CYLINDRICAL_SURFACE('',#1648,3.105);
#1406=CYLINDRICAL_SURFACE('',#1650,3.105);
#1407=CYLINDRICAL_SURFACE('',#1655,3.105);
#1408=CYLINDRICAL_SURFACE('',#1657,3.105);
#1409=ADVANCED_FACE('',(#98),#1390,.T.);
#1410=ADVANCED_FACE('',(#99),#1391,.T.);
#1411=ADVANCED_FACE('',(#100),#85,.T.);
#1412=ADVANCED_FACE('',(#101),#1392,.T.);
#1413=ADVANCED_FACE('',(#102),#86,.F.);
#1414=ADVANCED_FACE('',(#103,#33),#46,.T.);
#1415=ADVANCED_FACE('',(#104),#1393,.F.);
#1416=ADVANCED_FACE('',(#105),#47,.T.);
#1417=ADVANCED_FACE('',(#106),#48,.F.);
#1418=ADVANCED_FACE('',(#107),#49,.T.);
#1419=ADVANCED_FACE('',(#108),#25,.T.);
#1420=ADVANCED_FACE('',(#109),#26,.T.);
#1421=ADVANCED_FACE('',(#110),#22,.F.);
#1422=ADVANCED_FACE('',(#111),#50,.T.);
#1423=ADVANCED_FACE('',(#112),#27,.T.);
#1424=ADVANCED_FACE('',(#113),#28,.F.);
#1425=ADVANCED_FACE('',(#114),#29,.T.);
#1426=ADVANCED_FACE('',(#115),#30,.F.);
#1427=ADVANCED_FACE('',(#116),#31,.T.);
#1428=ADVANCED_FACE('',(#117),#87,.F.);
#1429=ADVANCED_FACE('',(#118),#1394,.F.);
#1430=ADVANCED_FACE('',(#119),#32,.T.);
#1431=ADVANCED_FACE('',(#120),#21,.T.);
#1432=ADVANCED_FACE('',(#121),#88,.T.);
#1433=ADVANCED_FACE('',(#122),#51,.T.);
#1434=ADVANCED_FACE('',(#123),#89,.T.);
#1435=ADVANCED_FACE('',(#124),#52,.T.);
#1436=ADVANCED_FACE('',(#125),#90,.T.);
#1437=ADVANCED_FACE('',(#126),#53,.T.);
#1438=ADVANCED_FACE('',(#127),#54,.F.);
#1439=ADVANCED_FACE('',(#128),#1395,.T.);
#1440=ADVANCED_FACE('',(#129,#34),#55,.T.);
#1441=ADVANCED_FACE('',(#130),#56,.T.);
#1442=ADVANCED_FACE('',(#131),#1396,.T.);
#1443=ADVANCED_FACE('',(#132),#57,.F.);
#1444=ADVANCED_FACE('',(#133),#58,.T.);
#1445=ADVANCED_FACE('',(#134),#91,.T.);
#1446=ADVANCED_FACE('',(#135),#59,.T.);
#1447=ADVANCED_FACE('',(#136),#92,.T.);
#1448=ADVANCED_FACE('',(#137),#60,.T.);
#1449=ADVANCED_FACE('',(#138),#1397,.T.);
#1450=ADVANCED_FACE('',(#139,#35),#61,.T.);
#1451=ADVANCED_FACE('',(#140),#62,.T.);
#1452=ADVANCED_FACE('',(#141),#1398,.T.);
#1453=ADVANCED_FACE('',(#142),#23,.F.);
#1454=ADVANCED_FACE('',(#143,#36),#19,.T.);
#1455=ADVANCED_FACE('',(#144),#1399,.T.);
#1456=ADVANCED_FACE('',(#145,#37,#38),#63,.T.);
#1457=ADVANCED_FACE('',(#146),#64,.T.);
#1458=ADVANCED_FACE('',(#147),#1400,.T.);
#1459=ADVANCED_FACE('',(#148),#93,.F.);
#1460=ADVANCED_FACE('',(#149),#65,.T.);
#1461=ADVANCED_FACE('',(#150),#66,.T.);
#1462=ADVANCED_FACE('',(#151),#67,.T.);
#1463=ADVANCED_FACE('',(#152),#68,.T.);
#1464=ADVANCED_FACE('',(#153),#69,.T.);
#1465=ADVANCED_FACE('',(#154),#70,.T.);
#1466=ADVANCED_FACE('',(#155),#94,.T.);
#1467=ADVANCED_FACE('',(#156),#71,.T.);
#1468=ADVANCED_FACE('',(#157),#95,.T.);
#1469=ADVANCED_FACE('',(#158),#72,.T.);
#1470=ADVANCED_FACE('',(#159),#73,.T.);
#1471=ADVANCED_FACE('',(#160),#1401,.F.);
#1472=ADVANCED_FACE('',(#161),#74,.T.);
#1473=ADVANCED_FACE('',(#162,#39),#20,.F.);
#1474=ADVANCED_FACE('',(#163),#75,.T.);
#1475=ADVANCED_FACE('',(#164),#1402,.F.);
#1476=ADVANCED_FACE('',(#165,#40,#41),#76,.F.);
#1477=ADVANCED_FACE('',(#166),#96,.F.);
#1478=ADVANCED_FACE('',(#167),#1403,.F.);
#1479=ADVANCED_FACE('',(#168),#97,.F.);
#1480=ADVANCED_FACE('',(#169),#1404,.F.);
#1481=ADVANCED_FACE('',(#170,#42,#43),#77,.F.);
#1482=ADVANCED_FACE('',(#171),#78,.T.);
#1483=ADVANCED_FACE('',(#172),#1405,.F.);
#1484=ADVANCED_FACE('',(#173),#1406,.F.);
#1485=ADVANCED_FACE('',(#174),#79,.T.);
#1486=ADVANCED_FACE('',(#175),#80,.F.);
#1487=ADVANCED_FACE('',(#176),#81,.F.);
#1488=ADVANCED_FACE('',(#177),#1407,.F.);
#1489=ADVANCED_FACE('',(#178),#1408,.F.);
#1490=ADVANCED_FACE('',(#179),#24,.T.);
#1491=ADVANCED_FACE('',(#180,#44),#82,.T.);
#1492=ADVANCED_FACE('',(#181,#45),#83,.T.);
#1493=CLOSED_SHELL('',(#1409,#1410,#1411,#1412,#1413,#1414,#1415,#1416,
#1417,#1418,#1419,#1420,#1421,#1422,#1423,#1424,#1425,#1426,#1427,#1428,
#1429,#1430,#1431,#1432,#1433,#1434,#1435,#1436,#1437,#1438,#1439,#1440,
#1441,#1442,#1443,#1444,#1445,#1446,#1447,#1448,#1449,#1450,#1451,#1452,
#1453,#1454,#1455,#1456,#1457,#1458,#1459,#1460,#1461,#1462,#1463,#1464,
#1465,#1466,#1467,#1468,#1469,#1470,#1471,#1472,#1473,#1474,#1475,#1476,
#1477,#1478,#1479,#1480,#1481,#1482,#1483,#1484,#1485,#1486,#1487,#1488,
#1489,#1490,#1491,#1492));
#1494=DERIVED_UNIT_ELEMENT(#1496,1.);
#1495=DERIVED_UNIT_ELEMENT(#3958,-3.);
#1496=(
MASS_UNIT()
NAMED_UNIT(*)
SI_UNIT(.KILO.,.GRAM.)
);
#1497=DERIVED_UNIT((#1494,#1495));
#1498=MEASURE_REPRESENTATION_ITEM('density measure',
POSITIVE_RATIO_MEASURE(641.),#1497);
#1499=PROPERTY_DEFINITION_REPRESENTATION(#1504,#1501);
#1500=PROPERTY_DEFINITION_REPRESENTATION(#1505,#1502);
#1501=REPRESENTATION('material name',(#1503),#3955);
#1502=REPRESENTATION('density',(#1498),#3955);
#1503=DESCRIPTIVE_REPRESENTATION_ITEM('Ash','Ash');
#1504=PROPERTY_DEFINITION('material property','material name',#3965);
#1505=PROPERTY_DEFINITION('material property','density of part',#3965);
#1506=AXIS2_PLACEMENT_3D('',#2074,#1662,#1663);
#1507=AXIS2_PLACEMENT_3D('',#2075,#1664,#1665);
#1508=AXIS2_PLACEMENT_3D('',#2092,#1668,#1669);
#1509=AXIS2_PLACEMENT_3D('',#2094,#1670,#1671);
#1510=AXIS2_PLACEMENT_3D('',#2118,#1672,#1673);
#1511=AXIS2_PLACEMENT_3D('',#2130,#1676,#1677);
#1512=AXIS2_PLACEMENT_3D('',#2152,#1678,#1679);
#1513=AXIS2_PLACEMENT_3D('',#2165,#1680,#1681);
#1514=AXIS2_PLACEMENT_3D('',#2166,#1682,#1683);
#1515=AXIS2_PLACEMENT_3D('',#2207,#1684,#1685);
#1516=AXIS2_PLACEMENT_3D('',#2209,#1686,#1687);
#1517=AXIS2_PLACEMENT_3D('',#2213,#1689,#1690);
#1518=AXIS2_PLACEMENT_3D('',#2214,#1691,#1692);
#1519=AXIS2_PLACEMENT_3D('',#2215,#1693,#1694);
#1520=AXIS2_PLACEMENT_3D('',#2326,#1697,#1698);
#1521=AXIS2_PLACEMENT_3D('',#2355,#1700,#1701);
#1522=AXIS2_PLACEMENT_3D('',#2382,#1703,#1704);
#1523=AXIS2_PLACEMENT_3D('',#2383,#1705,#1706);
#1524=AXIS2_PLACEMENT_3D('',#2384,#1707,#1708);
#1525=AXIS2_PLACEMENT_3D('',#2475,#1712,#1713);
#1526=AXIS2_PLACEMENT_3D('',#2490,#1714,#1715);
#1527=AXIS2_PLACEMENT_3D('',#2492,#1716,#1717);
#1528=AXIS2_PLACEMENT_3D('',#2493,#1718,#1719);
#1529=AXIS2_PLACEMENT_3D('',#2494,#1720,#1721);
#1530=AXIS2_PLACEMENT_3D('',#2496,#1722,#1723);
#1531=AXIS2_PLACEMENT_3D('',#2497,#1724,#1725);
#1532=AXIS2_PLACEMENT_3D('',#3387,#1726,#1727);
#1533=AXIS2_PLACEMENT_3D('',#3445,#1729,#1730);
#1534=AXIS2_PLACEMENT_3D('',#3449,#1732,#1733);
#1535=AXIS2_PLACEMENT_3D('',#3450,#1734,#1735);
#1536=AXIS2_PLACEMENT_3D('',#3640,#1736,#1737);
#1537=AXIS2_PLACEMENT_3D('',#3641,#1738,#1739);
#1538=AXIS2_PLACEMENT_3D('',#3643,#1740,#1741);
#1539=AXIS2_PLACEMENT_3D('',#3644,#1742,#1743);
#1540=AXIS2_PLACEMENT_3D('',#3645,#1744,#1745);
#1541=AXIS2_PLACEMENT_3D('',#3647,#1747,#1748);
#1542=AXIS2_PLACEMENT_3D('',#3650,#1749,#1750);
#1543=AXIS2_PLACEMENT_3D('',#3656,#1754,#1755);
#1544=AXIS2_PLACEMENT_3D('',#3658,#1756,#1757);
#1545=AXIS2_PLACEMENT_3D('',#3661,#1759,#1760);
#1546=AXIS2_PLACEMENT_3D('',#3662,#1761,#1762);
#1547=AXIS2_PLACEMENT_3D('',#3665,#1763,#1764);
#1548=AXIS2_PLACEMENT_3D('',#3672,#1769,#1770);
#1549=AXIS2_PLACEMENT_3D('',#3674,#1771,#1772);
#1550=AXIS2_PLACEMENT_3D('',#3677,#1774,#1775);
#1551=AXIS2_PLACEMENT_3D('',#3678,#1776,#1777);
#1552=AXIS2_PLACEMENT_3D('',#3681,#1778,#1779);
#1553=AXIS2_PLACEMENT_3D('',#3684,#1782,#1783);
#1554=AXIS2_PLACEMENT_3D('',#3686,#1784,#1785);
#1555=AXIS2_PLACEMENT_3D('',#3692,#1788,#1789);
#1556=AXIS2_PLACEMENT_3D('',#3698,#1793,#1794);
#1557=AXIS2_PLACEMENT_3D('',#3701,#1796,#1797);
#1558=AXIS2_PLACEMENT_3D('',#3702,#1798,#1799);
#1559=AXIS2_PLACEMENT_3D('',#3703,#1800,#1801);
#1560=AXIS2_PLACEMENT_3D('',#3705,#1802,#1803);
#1561=AXIS2_PLACEMENT_3D('',#3706,#1804,#1805);
#1562=AXIS2_PLACEMENT_3D('',#3710,#1808,#1809);
#1563=AXIS2_PLACEMENT_3D('',#3713,#1811,#1812);
#1564=AXIS2_PLACEMENT_3D('',#3714,#1813,#1814);
#1565=AXIS2_PLACEMENT_3D('',#3716,#1815,#1816);
#1566=AXIS2_PLACEMENT_3D('',#3726,#1821,#1822);
#1567=AXIS2_PLACEMENT_3D('',#3730,#1824,#1825);
#1568=AXIS2_PLACEMENT_3D('',#3734,#1828,#1829);
#1569=AXIS2_PLACEMENT_3D('',#3736,#1830,#1831);
#1570=AXIS2_PLACEMENT_3D('',#3740,#1834,#1835);
#1571=AXIS2_PLACEMENT_3D('',#3742,#1836,#1837);
#1572=AXIS2_PLACEMENT_3D('',#3745,#1839,#1840);
#1573=AXIS2_PLACEMENT_3D('',#3746,#1841,#1842);
#1574=AXIS2_PLACEMENT_3D('',#3749,#1843,#1844);
#1575=AXIS2_PLACEMENT_3D('',#3756,#1849,#1850);
#1576=AXIS2_PLACEMENT_3D('',#3757,#1851,#1852);
#1577=AXIS2_PLACEMENT_3D('',#3760,#1854,#1855);
#1578=AXIS2_PLACEMENT_3D('',#3761,#1856,#1857);
#1579=AXIS2_PLACEMENT_3D('',#3763,#1858,#1859);
#1580=AXIS2_PLACEMENT_3D('',#3765,#1861,#1862);
#1581=AXIS2_PLACEMENT_3D('',#3768,#1864,#1865);
#1582=AXIS2_PLACEMENT_3D('',#3769,#1866,#1867);
#1583=AXIS2_PLACEMENT_3D('',#3770,#1868,#1869);
#1584=AXIS2_PLACEMENT_3D('',#3772,#1870,#1871);
#1585=AXIS2_PLACEMENT_3D('',#3773,#1872,#1873);
#1586=AXIS2_PLACEMENT_3D('',#3777,#1876,#1877);
#1587=AXIS2_PLACEMENT_3D('',#3778,#1878,#1879);
#1588=AXIS2_PLACEMENT_3D('',#3779,#1880,#1881);
#1589=AXIS2_PLACEMENT_3D('',#3781,#1882,#1883);
#1590=AXIS2_PLACEMENT_3D('',#3782,#1884,#1885);
#1591=AXIS2_PLACEMENT_3D('',#3783,#1886,#1887);
#1592=AXIS2_PLACEMENT_3D('',#3784,#1888,#1889);
#1593=AXIS2_PLACEMENT_3D('',#3785,#1890,#1891);
#1594=AXIS2_PLACEMENT_3D('',#3786,#1892,#1893);
#1595=AXIS2_PLACEMENT_3D('',#3789,#1894,#1895);
#1596=AXIS2_PLACEMENT_3D('',#3792,#1898,#1899);
#1597=AXIS2_PLACEMENT_3D('',#3796,#1901,#1902);
#1598=AXIS2_PLACEMENT_3D('',#3802,#1905,#1906);
#1599=AXIS2_PLACEMENT_3D('',#3807,#1909,#1910);
#1600=AXIS2_PLACEMENT_3D('',#3809,#1911,#1912);
#1601=AXIS2_PLACEMENT_3D('',#3810,#1913,#1914);
#1602=AXIS2_PLACEMENT_3D('',#3812,#1916,#1917);
#1603=AXIS2_PLACEMENT_3D('',#3814,#1919,#1920);
#1604=AXIS2_PLACEMENT_3D('',#3817,#1921,#1922);
#1605=AXIS2_PLACEMENT_3D('',#3824,#1923,#1924);
#1606=AXIS2_PLACEMENT_3D('',#3829,#1925,#1926);
#1607=AXIS2_PLACEMENT_3D('',#3838,#1931,#1932);
#1608=AXIS2_PLACEMENT_3D('',#3842,#1934,#1935);
#1609=AXIS2_PLACEMENT_3D('',#3846,#1938,#1939);
#1610=AXIS2_PLACEMENT_3D('',#3850,#1942,#1943);
#1611=AXIS2_PLACEMENT_3D('',#3851,#1944,#1945);
#1612=AXIS2_PLACEMENT_3D('',#3857,#1949,#1950);
#1613=AXIS2_PLACEMENT_3D('',#3862,#1954,#1955);
#1614=AXIS2_PLACEMENT_3D('',#3866,#1958,#1959);
#1615=AXIS2_PLACEMENT_3D('',#3869,#1961,#1962);
#1616=AXIS2_PLACEMENT_3D('',#3870,#1963,#1964);
#1617=AXIS2_PLACEMENT_3D('',#3874,#1967,#1968);
#1618=AXIS2_PLACEMENT_3D('',#3877,#1970,#1971);
#1619=AXIS2_PLACEMENT_3D('',#3878,#1972,#1973);
#1620=AXIS2_PLACEMENT_3D('',#3880,#1975,#1976);
#1621=AXIS2_PLACEMENT_3D('',#3881,#1977,#1978);
#1622=AXIS2_PLACEMENT_3D('',#3885,#1981,#1982);
#1623=AXIS2_PLACEMENT_3D('',#3886,#1983,#1984);
#1624=AXIS2_PLACEMENT_3D('',#3888,#1985,#1986);
#1625=AXIS2_PLACEMENT_3D('',#3890,#1988,#1989);
#1626=AXIS2_PLACEMENT_3D('',#3892,#1990,#1991);
#1627=AXIS2_PLACEMENT_3D('',#3894,#1993,#1994);
#1628=AXIS2_PLACEMENT_3D('',#3896,#1995,#1996);
#1629=AXIS2_PLACEMENT_3D('',#3897,#1997,#1998);
#1630=AXIS2_PLACEMENT_3D('',#3899,#1999,#2000);
#1631=AXIS2_PLACEMENT_3D('',#3900,#2001,#2002);
#1632=AXIS2_PLACEMENT_3D('',#3902,#2003,#2004);
#1633=AXIS2_PLACEMENT_3D('',#3904,#2006,#2007);
#1634=AXIS2_PLACEMENT_3D('',#3906,#2009,#2010);
#1635=AXIS2_PLACEMENT_3D('',#3908,#2011,#2012);
#1636=AXIS2_PLACEMENT_3D('',#3910,#2013,#2014);
#1637=AXIS2_PLACEMENT_3D('',#3911,#2015,#2016);
#1638=AXIS2_PLACEMENT_3D('',#3913,#2017,#2018);
#1639=AXIS2_PLACEMENT_3D('',#3915,#2020,#2021);
#1640=AXIS2_PLACEMENT_3D('',#3918,#2023,#2024);
#1641=AXIS2_PLACEMENT_3D('',#3919,#2025,#2026);
#1642=AXIS2_PLACEMENT_3D('',#3921,#2027,#2028);
#1643=AXIS2_PLACEMENT_3D('',#3923,#2030,#2031);
#1644=AXIS2_PLACEMENT_3D('',#3925,#2033,#2034);
#1645=AXIS2_PLACEMENT_3D('',#3928,#2036,#2037);
#1646=AXIS2_PLACEMENT_3D('',#3930,#2038,#2039);
#1647=AXIS2_PLACEMENT_3D('',#3931,#2040,#2041);
#1648=AXIS2_PLACEMENT_3D('',#3932,#2042,#2043);
#1649=AXIS2_PLACEMENT_3D('',#3935,#2045,#2046);
#1650=AXIS2_PLACEMENT_3D('',#3936,#2047,#2048);
#1651=AXIS2_PLACEMENT_3D('',#3939,#2050,#2051);
#1652=AXIS2_PLACEMENT_3D('',#3940,#2052,#2053);
#1653=AXIS2_PLACEMENT_3D('',#3941,#2054,#2055);
#1654=AXIS2_PLACEMENT_3D('',#3942,#2056,#2057);
#1655=AXIS2_PLACEMENT_3D('',#3943,#2058,#2059);
#1656=AXIS2_PLACEMENT_3D('',#3946,#2061,#2062);
#1657=AXIS2_PLACEMENT_3D('',#3947,#2063,#2064);
#1658=AXIS2_PLACEMENT_3D('',#3949,#2066,#2067);
#1659=AXIS2_PLACEMENT_3D('',#3950,#2068,#2069);
#1660=AXIS2_PLACEMENT_3D('',#3951,#2070,#2071);
#1661=AXIS2_PLACEMENT_3D('',#3952,#2072,#2073);
#1662=DIRECTION('axis',(0.,0.,1.));
#1663=DIRECTION('refdir',(1.,0.,0.));
#1664=DIRECTION('center_axis',(0.,1.,0.));
#1665=DIRECTION('ref_axis',(1.,0.,7.65717105701193E-33));
#1666=DIRECTION('',(0.,-1.,0.));
#1667=DIRECTION('',(0.,1.,0.));
#1668=DIRECTION('center_axis',(0.,-1.,0.));
#1669=DIRECTION('ref_axis',(-1.,0.,1.22464679914735E-16));
#1670=DIRECTION('center_axis',(0.,-1.,0.));
#1671=DIRECTION('ref_axis',(-1.,0.,1.22464679914735E-16));
#1672=DIRECTION('center_axis',(0.,1.,0.));
#1673=DIRECTION('ref_axis',(1.,0.,7.65717105701193E-33));
#1674=DIRECTION('',(0.,-1.,0.));
#1675=DIRECTION('',(0.,-1.,0.));
#1676=DIRECTION('center_axis',(0.,1.,0.));
#1677=DIRECTION('ref_axis',(1.,0.,7.65717105701193E-33));
#1678=DIRECTION('center_axis',(0.,-1.,0.));
#1679=DIRECTION('ref_axis',(1.,0.,7.65717105701193E-33));
#1680=DIRECTION('center_axis',(0.,-1.,0.));
#1681=DIRECTION('ref_axis',(1.,0.,7.65717105701193E-33));
#1682=DIRECTION('center_axis',(0.,1.,0.));
#1683=DIRECTION('ref_axis',(1.,0.,7.65717105701193E-33));
#1684=DIRECTION('center_axis',(0.,1.,0.));
#1685=DIRECTION('ref_axis',(-1.,0.,-7.65717105701194E-33));
#1686=DIRECTION('center_axis',(0.,1.,0.));
#1687=DIRECTION('ref_axis',(-1.,0.,-7.65717105701193E-33));
#1688=DIRECTION('',(-0.707106781186541,-0.707106781186554,8.65956056235486E-17));
#1689=DIRECTION('center_axis',(0.,-1.,0.));
#1690=DIRECTION('ref_axis',(-1.,0.,-7.65717105701193E-33));
#1691=DIRECTION('center_axis',(0.,-1.,0.));
#1692=DIRECTION('ref_axis',(-1.,0.,-7.65717105701193E-33));
#1693=DIRECTION('center_axis',(0.,1.,0.));
#1694=DIRECTION('ref_axis',(1.,0.,7.65717105701193E-33));
#1695=DIRECTION('',(0.714406997789471,0.,-0.699730406306197));
#1696=DIRECTION('',(1.,0.,0.));
#1697=DIRECTION('center_axis',(0.,1.,0.));
#1698=DIRECTION('ref_axis',(1.,0.,7.65717105701193E-33));
#1699=DIRECTION('',(0.,-1.,0.));
#1700=DIRECTION('center_axis',(-0.699730406306197,0.,-0.714406997789471));
#1701=DIRECTION('ref_axis',(-0.714406997789471,0.,0.699730406306197));
#1702=DIRECTION('',(0.,1.,0.));
#1703=DIRECTION('center_axis',(0.,0.,1.));
#1704=DIRECTION('ref_axis',(1.,0.,0.));
#1705=DIRECTION('center_axis',(0.,0.,1.));
#1706=DIRECTION('ref_axis',(1.,0.,0.));
#1707=DIRECTION('center_axis',(-0.699730406306197,0.,0.71440699778947));
#1708=DIRECTION('ref_axis',(0.71440699778947,0.,0.699730406306197));
#1709=DIRECTION('',(0.,-1.,0.));
#1710=DIRECTION('',(0.71440699778947,0.,0.699730406306197));
#1711=DIRECTION('',(0.714406997789472,0.,0.699730406306196));
#1712=DIRECTION('center_axis',(0.,-1.,0.));
#1713=DIRECTION('ref_axis',(0.,0.,-1.));
#1714=DIRECTION('center_axis',(-1.,0.,-1.22464679914735E-16));
#1715=DIRECTION('ref_axis',(-1.22464679914735E-16,0.,1.));
#1716=DIRECTION('center_axis',(0.,1.,0.));
#1717=DIRECTION('ref_axis',(-1.,0.,1.22464679914735E-16));
#1718=DIRECTION('center_axis',(0.,1.,0.));
#1719=DIRECTION('ref_axis',(-1.,0.,1.22464679914735E-16));
#1720=DIRECTION('center_axis',(-4.89858719658941E-16,0.,1.));
#1721=DIRECTION('ref_axis',(1.,0.,4.89858719658941E-16));
#1722=DIRECTION('center_axis',(-4.89858719658941E-16,0.,1.));
#1723=DIRECTION('ref_axis',(1.,0.,4.89858719658941E-16));
#1724=DIRECTION('center_axis',(-4.89858719658941E-16,0.,1.));
#1725=DIRECTION('ref_axis',(1.,0.,4.89858719658941E-16));
#1726=DIRECTION('center_axis',(0.,-1.,0.));
#1727=DIRECTION('ref_axis',(-1.,0.,0.));
#1728=DIRECTION('',(-0.48700681820684,0.873398167515853,5.96411341079943E-17));
#1729=DIRECTION('center_axis',(0.,1.,0.));
#1730=DIRECTION('ref_axis',(1.,0.,0.));
#1731=DIRECTION('',(0.,-1.,0.));
#1732=DIRECTION('center_axis',(0.,1.,0.));
#1733=DIRECTION('ref_axis',(-1.,0.,0.));
#1734=DIRECTION('center_axis',(0.,1.,0.));
#1735=DIRECTION('ref_axis',(-1.,0.,0.));
#1736=DIRECTION('center_axis',(0.,1.,0.));
#1737=DIRECTION('ref_axis',(-1.,0.,6.12323399573677E-17));
#1738=DIRECTION('center_axis',(0.,1.,0.));
#1739=DIRECTION('ref_axis',(-1.,0.,6.12323399573677E-17));
#1740=DIRECTION('center_axis',(1.83697019872103E-16,0.,1.));
#1741=DIRECTION('ref_axis',(1.,0.,-1.83697019872103E-16));
#1742=DIRECTION('center_axis',(0.,-1.,0.));
#1743=DIRECTION('ref_axis',(-1.,0.,6.12323399573677E-17));
#1744=DIRECTION('center_axis',(0.,-1.,0.));
#1745=DIRECTION('ref_axis',(-1.,0.,0.));
#1746=DIRECTION('',(0.48700681820684,-0.873398167515853,-5.96411341079943E-17));
#1747=DIRECTION('center_axis',(0.707106781186549,0.707106781186546,-2.10528631563767E-15));
#1748=DIRECTION('ref_axis',(-2.97732446025327E-15,0.,-1.));
#1749=DIRECTION('center_axis',(0.707106781186549,0.707106781186546,-2.10528631563767E-15));
#1750=DIRECTION('ref_axis',(0.,-2.97732446025328E-15,-1.));
#1751=DIRECTION('',(-2.97732446025327E-15,0.,-1.));
#1752=DIRECTION('',(-0.707106781186546,0.707106781186549,0.));
#1753=DIRECTION('',(2.97732446025327E-15,0.,1.));
#1754=DIRECTION('center_axis',(0.,-1.,0.));
#1755=DIRECTION('ref_axis',(0.707106781186548,0.,-0.707106781186548));
#1756=DIRECTION('center_axis',(0.,1.,0.));
#1757=DIRECTION('ref_axis',(0.707106781186547,0.,-0.707106781186547));
#1758=DIRECTION('',(0.,0.707106781186542,0.707106781186553));
#1759=DIRECTION('center_axis',(0.,-1.,0.));
#1760=DIRECTION('ref_axis',(0.707106781186548,0.,-0.707106781186548));
#1761=DIRECTION('center_axis',(-4.61325485978155E-16,0.707106781186546,
-0.707106781186549));
#1762=DIRECTION('ref_axis',(-1.,0.,6.52412758938665E-16));
#1763=DIRECTION('center_axis',(-4.61325485978155E-16,0.707106781186546,
-0.707106781186549));
#1764=DIRECTION('ref_axis',(0.,-0.707106781186549,-0.707106781186546));
#1765=DIRECTION('',(1.,0.,-6.52412758938665E-16));
#1766=DIRECTION('',(-1.,0.,6.52412758938665E-16));
#1767=DIRECTION('',(0.,0.707106781186549,0.707106781186546));
#1768=DIRECTION('',(1.,0.,-6.52412758938665E-16));
#1769=DIRECTION('center_axis',(0.,-1.,0.));
#1770=DIRECTION('ref_axis',(-0.707106781186548,0.,-0.707106781186548));
#1771=DIRECTION('center_axis',(0.,1.,0.));
#1772=DIRECTION('ref_axis',(-0.707106781186547,0.,-0.707106781186547));
#1773=DIRECTION('',(0.707106781186549,0.707106781186546,0.));
#1774=DIRECTION('center_axis',(0.,-1.,0.));
#1775=DIRECTION('ref_axis',(-0.707106781186548,0.,-0.707106781186548));
#1776=DIRECTION('center_axis',(-0.707106781186549,0.707106781186546,0.));
#1777=DIRECTION('ref_axis',(0.,0.,1.));
#1778=DIRECTION('center_axis',(-0.707106781186549,0.707106781186546,0.));
#1779=DIRECTION('ref_axis',(0.,0.,-1.));
#1780=DIRECTION('',(0.,0.,-1.));
#1781=DIRECTION('',(0.,0.,1.));
#1782=DIRECTION('center_axis',(1.,0.,0.));
#1783=DIRECTION('ref_axis',(0.,0.,-1.));
#1784=DIRECTION('center_axis',(1.,0.,0.));
#1785=DIRECTION('ref_axis',(0.,0.,1.));
#1786=DIRECTION('',(0.,1.,0.));
#1787=DIRECTION('',(0.,0.,-1.));
#1788=DIRECTION('center_axis',(1.,0.,0.));
#1789=DIRECTION('ref_axis',(0.,1.,0.));
#1790=DIRECTION('',(0.,0.,1.));
#1791=DIRECTION('',(0.,-1.,0.));
#1792=DIRECTION('',(0.,0.,1.));
#1793=DIRECTION('center_axis',(0.,-1.,0.));
#1794=DIRECTION('ref_axis',(-0.707106781186547,0.,-0.707106781186547));
#1795=DIRECTION('',(0.,-1.,0.));
#1796=DIRECTION('center_axis',(0.,-1.,0.));
#1797=DIRECTION('ref_axis',(-0.707106781186547,0.,-0.707106781186547));
#1798=DIRECTION('center_axis',(0.,1.,0.));
#1799=DIRECTION('ref_axis',(1.,0.,0.));
#1800=DIRECTION('center_axis',(0.,1.,0.));
#1801=DIRECTION('ref_axis',(0.,0.,-1.));
#1802=DIRECTION('center_axis',(0.,-1.,0.));
#1803=DIRECTION('ref_axis',(1.,0.,0.));
#1804=DIRECTION('center_axis',(-6.52412758938665E-16,0.,-1.));
#1805=DIRECTION('ref_axis',(-1.,0.,6.52412758938665E-16));
#1806=DIRECTION('',(0.,1.,0.));
#1807=DIRECTION('',(1.,0.,-6.52412758938665E-16));
#1808=DIRECTION('center_axis',(0.,1.,0.));
#1809=DIRECTION('ref_axis',(0.707106781186547,0.,-0.707106781186547));
#1810=DIRECTION('',(0.,-1.,0.));
#1811=DIRECTION('center_axis',(0.,-1.,0.));
#1812=DIRECTION('ref_axis',(0.707106781186547,0.,-0.707106781186547));
#1813=DIRECTION('center_axis',(-1.,0.,2.97732446025327E-15));
#1814=DIRECTION('ref_axis',(2.97732446025327E-15,0.,1.));
#1815=DIRECTION('center_axis',(-1.,0.,2.97732446025327E-15));
#1816=DIRECTION('ref_axis',(-2.97732446025327E-15,0.,-1.));
#1817=DIRECTION('',(-2.97732446025327E-15,0.,-1.));
#1818=DIRECTION('',(0.,1.,0.));
#1819=DIRECTION('',(-2.97732446025327E-15,0.,-1.));
#1820=DIRECTION('',(0.,1.,0.));
#1821=DIRECTION('center_axis',(-1.,0.,2.97732446025327E-15));
#1822=DIRECTION('ref_axis',(0.,0.707106781186547,0.707106781186547));
#1823=DIRECTION('',(-2.97732446025327E-15,0.,-1.));
#1824=DIRECTION('center_axis',(-1.,0.,2.97732446025327E-15));
#1825=DIRECTION('ref_axis',(-2.51214793389404E-15,0.707106781186547,-0.707106781186547));
#1826=DIRECTION('',(-1.32219766702114E-31,-1.,-4.44089209850063E-17));
#1827=DIRECTION('',(2.97732446025327E-15,0.,1.));
#1828=DIRECTION('center_axis',(-0.707106781186549,0.707106781186546,0.));
#1829=DIRECTION('ref_axis',(0.,0.,1.));
#1830=DIRECTION('center_axis',(-0.707106781186549,0.707106781186546,0.));
#1831=DIRECTION('ref_axis',(0.,0.,-1.));
#1832=DIRECTION('',(0.707106781186546,0.707106781186549,0.));
#1833=DIRECTION('',(0.,0.,-1.));
#1834=DIRECTION('center_axis',(0.,-1.,0.));
#1835=DIRECTION('ref_axis',(-0.707106781186548,0.,0.707106781186548));
#1836=DIRECTION('center_axis',(0.,1.,0.));
#1837=DIRECTION('ref_axis',(-0.707106781186547,0.,0.707106781186547));
#1838=DIRECTION('',(0.,0.707106781186542,-0.707106781186553));
#1839=DIRECTION('center_axis',(0.,-1.,0.));
#1840=DIRECTION('ref_axis',(-0.707106781186548,0.,0.707106781186548));
#1841=DIRECTION('center_axis',(0.,0.707106781186546,0.707106781186549));
#1842=DIRECTION('ref_axis',(1.,0.,0.));
#1843=DIRECTION('center_axis',(0.,0.707106781186546,0.707106781186549));
#1844=DIRECTION('ref_axis',(0.,0.707106781186549,-0.707106781186546));
#1845=DIRECTION('',(-1.,0.,0.));
#1846=DIRECTION('',(1.,0.,0.));
#1847=DIRECTION('',(0.,0.707106781186549,-0.707106781186546));
#1848=DIRECTION('',(-1.,0.,0.));
#1849=DIRECTION('center_axis',(0.,-1.,0.));
#1850=DIRECTION('ref_axis',(0.707106781186548,0.,0.707106781186548));
#1851=DIRECTION('center_axis',(0.,1.,0.));
#1852=DIRECTION('ref_axis',(0.707106781186547,0.,0.707106781186547));
#1853=DIRECTION('',(-0.707106781186546,0.707106781186549,0.));
#1854=DIRECTION('center_axis',(0.,-1.,0.));
#1855=DIRECTION('ref_axis',(0.707106781186548,0.,0.707106781186548));
#1856=DIRECTION('center_axis',(0.707106781186549,0.707106781186546,-2.10528631563767E-15));
#1857=DIRECTION('ref_axis',(-2.97732446025327E-15,0.,-1.));
#1858=DIRECTION('center_axis',(0.707106781186549,0.707106781186546,-2.10528631563767E-15));
#1859=DIRECTION('ref_axis',(0.,-2.97732446025328E-15,-1.));
#1860=DIRECTION('',(2.97732446025327E-15,0.,1.));
#1861=DIRECTION('center_axis',(0.,1.,0.));
#1862=DIRECTION('ref_axis',(0.707106781186547,0.,0.707106781186547));
#1863=DIRECTION('',(0.,-1.,0.));
#1864=DIRECTION('center_axis',(0.,1.,0.));
#1865=DIRECTION('ref_axis',(0.707106781186547,0.,0.707106781186547));
#1866=DIRECTION('center_axis',(0.,1.,0.));
#1867=DIRECTION('ref_axis',(1.,0.,0.));
#1868=DIRECTION('center_axis',(0.,1.,0.));
#1869=DIRECTION('ref_axis',(0.,0.,-1.));
#1870=DIRECTION('center_axis',(0.,-1.,0.));
#1871=DIRECTION('ref_axis',(1.,0.,0.));
#1872=DIRECTION('center_axis',(0.,0.,1.));
#1873=DIRECTION('ref_axis',(1.,0.,0.));
#1874=DIRECTION('',(0.,1.,0.));
#1875=DIRECTION('',(1.,0.,0.));
#1876=DIRECTION('center_axis',(0.,1.,0.));
#1877=DIRECTION('ref_axis',(-0.707106781186547,0.,0.707106781186547));
#1878=DIRECTION('center_axis',(0.,1.,0.));
#1879=DIRECTION('ref_axis',(-0.707106781186547,0.,0.707106781186547));
#1880=DIRECTION('center_axis',(0.,-1.,0.));
#1881=DIRECTION('ref_axis',(0.,0.,-1.));
#1882=DIRECTION('center_axis',(-1.,0.,-1.22464679914735E-16));
#1883=DIRECTION('ref_axis',(-1.22464679914735E-16,0.,1.));
#1884=DIRECTION('center_axis',(0.,1.,0.));
#1885=DIRECTION('ref_axis',(1.,0.,0.));
#1886=DIRECTION('center_axis',(6.12323399573677E-17,0.,1.));
#1887=DIRECTION('ref_axis',(1.,0.,0.));
#1888=DIRECTION('center_axis',(0.,1.,0.));
#1889=DIRECTION('ref_axis',(0.,0.,-1.));
#1890=DIRECTION('center_axis',(0.,1.,0.));
#1891=DIRECTION('ref_axis',(0.,0.,-1.));
#1892=DIRECTION('center_axis',(1.,0.,-1.77635683940025E-15));
#1893=DIRECTION('ref_axis',(-2.51214793389404E-15,0.707106781186547,-0.707106781186547));
#1894=DIRECTION('center_axis',(-1.,0.,2.05391259555654E-15));
#1895=DIRECTION('ref_axis',(-2.51214793389404E-15,0.707106781186547,-0.707106781186547));
#1896=DIRECTION('',(-1.,0.,1.77635683940025E-15));
#1897=DIRECTION('',(1.,0.,-1.77635683940025E-15));
#1898=DIRECTION('center_axis',(1.,0.,-2.05391259555654E-15));
#1899=DIRECTION('ref_axis',(0.,1.,0.));
#1900=DIRECTION('',(2.05391259555654E-15,0.,1.));
#1901=DIRECTION('center_axis',(-1.,0.,2.05391259555654E-15));
#1902=DIRECTION('ref_axis',(0.,0.707106781186547,0.707106781186547));
#1903=DIRECTION('',(0.,-1.,0.));
#1904=DIRECTION('',(-2.05391259555654E-15,0.,-1.));
#1905=DIRECTION('center_axis',(-1.,0.,2.05391259555654E-15));
#1906=DIRECTION('ref_axis',(0.,1.,0.));
#1907=DIRECTION('',(2.05391259555654E-15,0.,1.));
#1908=DIRECTION('',(9.12120421661795E-32,1.,4.44089209850063E-17));
#1909=DIRECTION('center_axis',(-1.,0.,2.05391259555654E-15));
#1910=DIRECTION('ref_axis',(0.,1.,0.));
#1911=DIRECTION('center_axis',(-1.,0.,2.05391259555654E-15));
#1912=DIRECTION('ref_axis',(0.,1.,0.));
#1913=DIRECTION('center_axis',(0.,1.,0.));
#1914=DIRECTION('ref_axis',(2.05391259555654E-15,0.,1.));
#1915=DIRECTION('',(-1.,0.,1.77635683940025E-15));
#1916=DIRECTION('center_axis',(1.,0.,-1.77635683940025E-15));
#1917=DIRECTION('ref_axis',(0.,0.707106781186547,0.707106781186547));
#1918=DIRECTION('',(1.,0.,-1.77635683940025E-15));
#1919=DIRECTION('center_axis',(0.,-1.,0.));
#1920=DIRECTION('ref_axis',(0.,0.,-1.));
#1921=DIRECTION('center_axis',(0.,1.,0.));
#1922=DIRECTION('ref_axis',(0.,0.,-1.));
#1923=DIRECTION('center_axis',(0.,-1.,0.));
#1924=DIRECTION('ref_axis',(0.,0.,-1.));
#1925=DIRECTION('center_axis',(1.43451478159942E-15,-0.715678085420547,
0.698430295769578));
#1926=DIRECTION('ref_axis',(1.,0.,-2.05391259555654E-15));
#1927=DIRECTION('',(1.,0.,-2.05391259555654E-15));
#1928=DIRECTION('',(0.572598334313866,0.572598334313871,0.586738694038468));
#1929=DIRECTION('',(-1.,0.,2.05391259555654E-15));
#1930=DIRECTION('',(-0.572598334313857,0.572598334313872,0.586738694038475));
#1931=DIRECTION('center_axis',(0.707106781186549,-0.707106781186546,0.));
#1932=DIRECTION('ref_axis',(0.,0.,-1.));
#1933=DIRECTION('',(0.,0.,1.));
#1934=DIRECTION('center_axis',(-0.707106781186549,0.707106781186546,0.));
#1935=DIRECTION('ref_axis',(0.707106781186546,0.707106781186549,-1.45233552428249E-15));
#1936=DIRECTION('',(-0.572598334313866,-0.572598334313871,-0.586738694038468));
#1937=DIRECTION('',(0.,0.,-1.));
#1938=DIRECTION('center_axis',(0.707106781186549,-0.707106781186546,-1.45233552428249E-15));
#1939=DIRECTION('ref_axis',(-2.05391259555654E-15,0.,-1.));
#1940=DIRECTION('',(-2.05391259555654E-15,0.,-1.));
#1941=DIRECTION('',(0.577350269189626,0.577350269189626,-0.577350269189626));
#1942=DIRECTION('center_axis',(-0.707106781186549,0.707106781186546,1.45233552428249E-15));
#1943=DIRECTION('ref_axis',(0.707106781186546,0.707106781186549,-1.45233552428249E-15));
#1944=DIRECTION('center_axis',(1.43451478159942E-15,-0.715678085420547,
0.698430295769578));
#1945=DIRECTION('ref_axis',(1.,0.,-2.05391259555654E-15));
#1946=DIRECTION('',(-1.,0.,2.05391259555654E-15));
#1947=DIRECTION('',(0.572598334313869,-0.572598334313864,-0.586738694038472));
#1948=DIRECTION('',(1.,0.,-2.05391259555654E-15));
#1949=DIRECTION('center_axis',(-1.25607396694702E-15,-0.707106781186548,
-0.707106781186548));
#1950=DIRECTION('ref_axis',(-1.,0.,1.77635683940025E-15));
#1951=DIRECTION('',(-1.,0.,1.77635683940025E-15));
#1952=DIRECTION('',(0.577350269189612,0.577350269189633,-0.577350269189633));
#1953=DIRECTION('',(1.,0.,-1.77635683940025E-15));
#1954=DIRECTION('center_axis',(0.707106781186555,-0.70710678118654,-2.10528631563769E-15));
#1955=DIRECTION('ref_axis',(-2.97732446025327E-15,0.,-1.));
#1956=DIRECTION('',(-2.97732446025327E-15,0.,-1.));
#1957=DIRECTION('',(0.70710678118654,0.707106781186555,0.));
#1958=DIRECTION('center_axis',(0.,1.,0.));
#1959=DIRECTION('ref_axis',(0.707106781186547,0.,-0.707106781186547));
#1960=DIRECTION('',(0.,0.707106781186542,-0.707106781186552));
#1961=DIRECTION('center_axis',(0.,1.,0.));
#1962=DIRECTION('ref_axis',(0.707106781186548,0.,-0.707106781186548));
#1963=DIRECTION('center_axis',(-4.61325485978143E-16,-0.707106781186565,
-0.70710678118653));
#1964=DIRECTION('ref_axis',(-1.,0.,6.52412758938665E-16));
#1965=DIRECTION('',(0.,0.70710678118653,-0.707106781186565));
#1966=DIRECTION('',(-1.,0.,6.52412758938665E-16));
#1967=DIRECTION('center_axis',(0.,1.,0.));
#1968=DIRECTION('ref_axis',(-0.707106781186547,0.,-0.707106781186547));
#1969=DIRECTION('',(-0.707106781186559,0.707106781186536,0.));
#1970=DIRECTION('center_axis',(0.,1.,0.));
#1971=DIRECTION('ref_axis',(-0.707106781186548,0.,-0.707106781186548));
#1972=DIRECTION('center_axis',(-0.707106781186549,-0.707106781186546,0.));
#1973=DIRECTION('ref_axis',(0.,0.,1.));
#1974=DIRECTION('',(0.,0.,1.));
#1975=DIRECTION('center_axis',(0.707106781186549,0.707106781186546,0.));
#1976=DIRECTION('ref_axis',(-0.707106781186546,0.707106781186549,1.45233552428249E-15));
#1977=DIRECTION('center_axis',(-0.707106781186549,-0.707106781186546,2.10528631563766E-15));
#1978=DIRECTION('ref_axis',(2.97732446025326E-15,0.,1.));
#1979=DIRECTION('',(-2.97732446025326E-15,0.,-1.));
#1980=DIRECTION('',(2.97732446025326E-15,0.,1.));
#1981=DIRECTION('center_axis',(0.707106781186549,0.707106781186546,-2.10528631563766E-15));
#1982=DIRECTION('ref_axis',(-0.707106781186546,0.707106781186549,1.45233552428249E-15));
#1983=DIRECTION('center_axis',(-1.,0.,2.05391259555654E-15));
#1984=DIRECTION('ref_axis',(0.,1.,0.));
#1985=DIRECTION('center_axis',(-1.,0.,0.));
#1986=DIRECTION('ref_axis',(0.,1.,0.));
#1987=DIRECTION('',(-1.,0.,2.05391259555654E-15));
#1988=DIRECTION('center_axis',(1.,0.,0.));
#1989=DIRECTION('ref_axis',(0.,0.,-1.));
#1990=DIRECTION('center_axis',(-1.,0.,0.));
#1991=DIRECTION('ref_axis',(0.,0.,1.));
#1992=DIRECTION('',(0.,0.,-1.));
#1993=DIRECTION('center_axis',(1.,6.12321336777046E-17,1.58940021249934E-19));
#1994=DIRECTION('ref_axis',(0.,0.999996631197449,0.00259568752983462));
#1995=DIRECTION('center_axis',(1.,0.,-2.97732446025326E-15));
#1996=DIRECTION('ref_axis',(-2.97732446025326E-15,0.,-1.));
#1997=DIRECTION('center_axis',(0.,-1.,0.));
#1998=DIRECTION('ref_axis',(0.,0.,-1.));
#1999=DIRECTION('center_axis',(0.,1.,0.));
#2000=DIRECTION('ref_axis',(1.,0.,0.));
#2001=DIRECTION('center_axis',(-1.,0.,2.97732446025326E-15));
#2002=DIRECTION('ref_axis',(2.97732446025326E-15,0.,1.));
#2003=DIRECTION('center_axis',(1.,0.,-2.97732446025326E-15));
#2004=DIRECTION('ref_axis',(0.,1.,0.));
#2005=DIRECTION('',(2.97732446025326E-15,0.,1.));
#2006=DIRECTION('center_axis',(-1.,0.,2.05391259555654E-15));
#2007=DIRECTION('ref_axis',(0.,1.,0.));
#2008=DIRECTION('',(-1.,0.,2.05391259555654E-15));
#2009=DIRECTION('center_axis',(0.,1.,0.));
#2010=DIRECTION('ref_axis',(0.,0.,1.));
#2011=DIRECTION('center_axis',(0.,-1.,0.));
#2012=DIRECTION('ref_axis',(1.,0.,0.));
#2013=DIRECTION('center_axis',(0.,-1.,0.));
#2014=DIRECTION('ref_axis',(1.,0.,0.));
#2015=DIRECTION('center_axis',(0.,-1.,0.));
#2016=DIRECTION('ref_axis',(1.,0.,0.));
#2017=DIRECTION('center_axis',(0.,1.,0.));
#2018=DIRECTION('ref_axis',(1.,0.,0.));
#2019=DIRECTION('',(-0.707106781186546,-0.707106781186549,8.65956056235492E-17));
#2020=DIRECTION('center_axis',(0.,1.,0.));
#2021=DIRECTION('ref_axis',(1.,0.,0.));
#2022=DIRECTION('',(0.,1.,0.));
#2023=DIRECTION('center_axis',(0.,-1.,0.));
#2024=DIRECTION('ref_axis',(1.,0.,0.));
#2025=DIRECTION('center_axis',(0.,-1.,0.));
#2026=DIRECTION('ref_axis',(1.,0.,0.));
#2027=DIRECTION('center_axis',(0.,1.,0.));
#2028=DIRECTION('ref_axis',(1.,0.,0.));
#2029=DIRECTION('',(-0.707106781186546,-0.707106781186549,8.65956056235492E-17));
#2030=DIRECTION('center_axis',(0.,1.,0.));
#2031=DIRECTION('ref_axis',(1.,0.,0.));
#2032=DIRECTION('',(0.,1.,0.));
#2033=DIRECTION('center_axis',(0.,1.,0.));
#2034=DIRECTION('ref_axis',(0.,0.,1.));
#2035=DIRECTION('',(1.,0.,-1.77635683940025E-15));
#2036=DIRECTION('center_axis',(0.,-1.,0.));
#2037=DIRECTION('ref_axis',(1.,0.,0.));
#2038=DIRECTION('center_axis',(0.,-1.,0.));
#2039=DIRECTION('ref_axis',(1.,0.,0.));
#2040=DIRECTION('center_axis',(-1.77635683940025E-15,4.44089209850063E-17,
-1.));
#2041=DIRECTION('ref_axis',(9.12120421661795E-32,1.,4.44089209850063E-17));
#2042=DIRECTION('center_axis',(1.,0.,-1.77635683940025E-15));
#2043=DIRECTION('ref_axis',(0.,1.,0.));
#2044=DIRECTION('',(-1.,0.,1.77635683940025E-15));
#2045=DIRECTION('center_axis',(1.,0.,-2.97732446025327E-15));
#2046=DIRECTION('ref_axis',(0.,1.,0.));
#2047=DIRECTION('center_axis',(1.,0.,-1.77635683940025E-15));
#2048=DIRECTION('ref_axis',(0.,1.,0.));
#2049=DIRECTION('',(-1.,0.,1.77635683940025E-15));
#2050=DIRECTION('center_axis',(1.,0.,-2.97732446025327E-15));
#2051=DIRECTION('ref_axis',(0.,1.,0.));
#2052=DIRECTION('center_axis',(1.77635683940025E-15,0.,1.));
#2053=DIRECTION('ref_axis',(0.,-1.,0.));
#2054=DIRECTION('center_axis',(-1.,0.,2.97732446025327E-15));
#2055=DIRECTION('ref_axis',(2.97732446025327E-15,0.,1.));
#2056=DIRECTION('center_axis',(-1.,0.,2.97732446025327E-15));
#2057=DIRECTION('ref_axis',(2.97732446025327E-15,0.,1.));
#2058=DIRECTION('center_axis',(0.,1.,0.));
#2059=DIRECTION('ref_axis',(1.,0.,0.));
#2060=DIRECTION('',(0.,1.,0.));
#2061=DIRECTION('center_axis',(0.,-1.,0.));
#2062=DIRECTION('ref_axis',(1.,0.,0.));
#2063=DIRECTION('center_axis',(0.,1.,0.));
#2064=DIRECTION('ref_axis',(1.,0.,0.));
#2065=DIRECTION('',(0.,1.,0.));
#2066=DIRECTION('center_axis',(0.,-1.,0.));
#2067=DIRECTION('ref_axis',(-1.,0.,0.));
#2068=DIRECTION('center_axis',(1.22464679914735E-16,0.,1.));
#2069=DIRECTION('ref_axis',(1.,0.,-1.22464679914735E-16));
#2070=DIRECTION('center_axis',(0.,1.,0.));
#2071=DIRECTION('ref_axis',(1.,0.,0.));
#2072=DIRECTION('center_axis',(0.,1.,0.));
#2073=DIRECTION('ref_axis',(1.,0.,0.));
#2074=CARTESIAN_POINT('',(0.,0.,0.));
#2075=CARTESIAN_POINT('Origin',(0.,115.360176946907,0.));
#2076=CARTESIAN_POINT('',(-53.0019325057717,139.680521586921,0.000239126980771433));
#2077=CARTESIAN_POINT('',(-52.9996175662025,130.039832306962,5.67722305212619E-5));
#2078=CARTESIAN_POINT('',(-53.,115.360176946907,6.49062803548097E-15));
#2079=CARTESIAN_POINT('',(-52.9543396226415,129.927514905087,2.19952611485733));
#2080=CARTESIAN_POINT('Ctrl Pts',(-52.9996175662025,130.039832306962,5.67722305212402E-5));
#2081=CARTESIAN_POINT('Ctrl Pts',(-52.9998386670359,130.002393173004,0.733408358733486));
#2082=CARTESIAN_POINT('Ctrl Pts',(-52.9847755026858,129.964954039045,1.46677194672434));
#2083=CARTESIAN_POINT('Ctrl Pts',(-52.9543396226415,129.927514905087,2.19952611485737));
#2084=CARTESIAN_POINT('',(-52.9543396226415,125.944845753761,2.19952611485733));
#2085=CARTESIAN_POINT('',(-52.9543396226415,115.360176946907,2.19952611485733));
#2086=CARTESIAN_POINT('',(-52.9543396226415,124.458743889481,2.19952611485732));
#2087=CARTESIAN_POINT('Ctrl Pts',(-52.9543396226415,124.458743889481,2.19952611485732));
#2088=CARTESIAN_POINT('Ctrl Pts',(-52.9543396226415,124.954111177574,2.19952611485732));
#2089=CARTESIAN_POINT('Ctrl Pts',(-52.9543396226415,125.449478465667,2.19952611485732));
#2090=CARTESIAN_POINT('Ctrl Pts',(-52.9543396226415,125.944845753761,2.19952611485732));
#2091=CARTESIAN_POINT('',(-6.49062803548097E-15,124.458743889481,53.));
#2092=CARTESIAN_POINT('Origin',(0.,124.458743889481,0.));
#2093=CARTESIAN_POINT('',(-41.9594577900722,124.458743889481,-32.3790657981843));
#2094=CARTESIAN_POINT('Origin',(0.,124.458743889481,0.));
#2095=CARTESIAN_POINT('Ctrl Pts',(-41.95702884725,124.458743889481,-32.3778803060601));
#2096=CARTESIAN_POINT('Ctrl Pts',(-39.7458574383677,124.643521813709,-35.2446216427409));
#2097=CARTESIAN_POINT('Ctrl Pts',(-31.7262548415574,125.235732575457,-43.7118705558783));
#2098=CARTESIAN_POINT('Ctrl Pts',(-17.5607304770698,126.031659755965,-51.1306669742505));
#2099=CARTESIAN_POINT('Ctrl Pts',(-3.64550143785476,126.744667221625,-53.1378814623789));
#2100=CARTESIAN_POINT('Ctrl Pts',(4.34450262926215,127.152100059145,-52.9345227922721));
#2101=CARTESIAN_POINT('Ctrl Pts',(15.344126057748,127.717979000145,-51.409776407127));
#2102=CARTESIAN_POINT('Ctrl Pts',(27.2361808652484,128.363080992885,-46.4376386535126));
#2103=CARTESIAN_POINT('Ctrl Pts',(39.5384608469559,129.177946667925,-36.1367771731641));
#2104=CARTESIAN_POINT('Ctrl Pts',(47.9142001947625,129.902271712405,-24.4871299518767));
#2105=CARTESIAN_POINT('Ctrl Pts',(53.0208759000474,130.717137387445,-9.16987694982818));
#2106=CARTESIAN_POINT('Ctrl Pts',(53.3545221767204,131.532003062485,6.96994670977111));
#2107=CARTESIAN_POINT('Ctrl Pts',(48.885230781723,132.346868737525,22.4843229982754));
#2108=CARTESIAN_POINT('Ctrl Pts',(40.0154025981815,133.161734412565,35.9722801471357));
#2109=CARTESIAN_POINT('Ctrl Pts',(27.5427807160048,133.976600087605,46.2261894744768));
#2110=CARTESIAN_POINT('Ctrl Pts',(12.5920878018884,134.791465762645,52.3108410744564));
#2111=CARTESIAN_POINT('Ctrl Pts',(-5.28341839978336,135.696872068245,53.8541562625169));
#2112=CARTESIAN_POINT('Ctrl Pts',(-20.9950315465329,136.511737743285,49.5763060120576));
#2113=CARTESIAN_POINT('Ctrl Pts',(-34.5253287435337,137.326603418325,40.9518519694853));
#2114=CARTESIAN_POINT('Ctrl Pts',(-44.3425424596391,138.050928462805,30.4860793987033));
#2115=CARTESIAN_POINT('Ctrl Pts',(-51.3831131686278,138.865748062524,15.9591318665407));
#2116=CARTESIAN_POINT('Ctrl Pts',(-53.0037031138972,139.408945770562,5.3193736259301));
#2117=CARTESIAN_POINT('Ctrl Pts',(-53.0019325057717,139.680521586921,0.000239126980723388));
#2118=CARTESIAN_POINT('Origin',(0.,115.360176946907,0.));
#2119=CARTESIAN_POINT('',(-52.9993989891051,156.680521586892,-2.95702742988495E-5));
#2120=CARTESIAN_POINT('',(-52.9998808692073,147.039832306917,-0.000221628051729145));
#2121=CARTESIAN_POINT('',(-53.,115.360176946907,6.49062803548097E-15));
#2122=CARTESIAN_POINT('',(-52.9543396226415,156.792838988726,-2.19952611485735));
#2123=CARTESIAN_POINT('Ctrl Pts',(-52.9993989891051,156.680521586892,-2.95702743652851E-5));
#2124=CARTESIAN_POINT('Ctrl Pts',(-52.9997571713491,156.717960720837,-0.733398552584208));
#2125=CARTESIAN_POINT('Ctrl Pts',(-52.9847755026747,156.755399854781,-1.46677194699213));
#2126=CARTESIAN_POINT('Ctrl Pts',(-52.9543396226415,156.792838988726,-2.19952611485733));
#2127=CARTESIAN_POINT('',(-52.9543396226415,159.860176946907,-2.19952611485735));
#2128=CARTESIAN_POINT('',(-52.9543396226415,115.360176946907,-2.19952611485735));
#2129=CARTESIAN_POINT('',(-1.37780862505291,159.860176946907,52.9820879485957));
#2130=CARTESIAN_POINT('Origin',(0.,159.860176946907,0.));
#2131=CARTESIAN_POINT('Ctrl Pts',(-52.9998808692073,147.039832306917,-0.000221628051728928));
#2132=CARTESIAN_POINT('Ctrl Pts',(-53.000238116296,147.10723476007,-1.32053871754559));
#2133=CARTESIAN_POINT('Ctrl Pts',(-52.7607956531013,147.436978497484,-7.7796200813073));
#2134=CARTESIAN_POINT('Ctrl Pts',(-50.7663781879364,147.897892877029,-16.6838843014696));
#2135=CARTESIAN_POINT('Ctrl Pts',(-46.3906958550259,148.422575445553,-26.0136349418138));
#2136=CARTESIAN_POINT('Ctrl Pts',(-40.7126530494268,148.947258014077,-34.6134796101098));
#2137=CARTESIAN_POINT('Ctrl Pts',(-31.3816841464234,149.603111224732,-43.6418888988309));
#2138=CARTESIAN_POINT('Ctrl Pts',(-17.5467350740666,150.390135077518,-50.8086802664671));
#2139=CARTESIAN_POINT('Ctrl Pts',(-2.23791875510221,151.177158930303,-53.7065902777722));
#2140=CARTESIAN_POINT('Ctrl Pts',(13.259233075947,151.964182783089,-52.0920404990978));
#2141=CARTESIAN_POINT('Ctrl Pts',(27.64197607545,152.751206635875,-46.1013893459791));
#2142=CARTESIAN_POINT('Ctrl Pts',(39.7029414611905,153.538230488661,-36.2365163990055));
#2143=CARTESIAN_POINT('Ctrl Pts',(48.4268654880741,154.325254341447,-23.3284658062007));
#2144=CARTESIAN_POINT('Ctrl Pts',(53.0847115893105,155.112278194232,-8.45769517132533));
#2145=CARTESIAN_POINT('Ctrl Pts',(53.276874303258,155.899302047018,7.11831886579981));
#2146=CARTESIAN_POINT('Ctrl Pts',(48.5291365814835,156.773772994558,23.7718813724796));
#2147=CARTESIAN_POINT('Ctrl Pts',(39.4292566635163,157.560796847344,36.5708447532818));
#2148=CARTESIAN_POINT('Ctrl Pts',(25.1774510414767,158.478991342261,47.6883126243857));
#2149=CARTESIAN_POINT('Ctrl Pts',(11.8238610357886,159.187153312279,52.5253306698298));
#2150=CARTESIAN_POINT('Ctrl Pts',(1.36066661556169,159.720421092789,53.0534611663128));
#2151=CARTESIAN_POINT('Ctrl Pts',(-1.37633487081077,159.860176946907,52.9809954069911));
#2152=CARTESIAN_POINT('Origin',(0.,160.110176946907,0.));
#2153=CARTESIAN_POINT('',(2.36331976899884,160.360176946907,52.446779878935));
#2154=CARTESIAN_POINT('Ctrl Pts',(-1.37633487086284,159.8601769469,52.9809954069966));
#2155=CARTESIAN_POINT('Ctrl Pts',(-0.528654815333251,159.972422348855,52.8911524881246));
#2156=CARTESIAN_POINT('Ctrl Pts',(0.316523510713466,160.084968488688,52.7808424963807));
#2157=CARTESIAN_POINT('Ctrl Pts',(1.15842686222904,160.197854834404,52.6499672683741));
#2158=CARTESIAN_POINT('Ctrl Pts',(1.56136624292313,160.251882834352,52.5873296945645));
#2159=CARTESIAN_POINT('Ctrl Pts',(1.96355507844624,160.305988762882,52.5199807228059));
#2160=CARTESIAN_POINT('Ctrl Pts',(2.36490635105165,160.360176946901,52.4479059942263));
#2161=CARTESIAN_POINT('',(-52.4298414968873,160.360176946907,-2.71324908758357));
#2162=CARTESIAN_POINT('Ctrl Pts',(-52.4298414968873,160.360176946907,-2.71324908758358));
#2163=CARTESIAN_POINT('Ctrl Pts',(-52.6908476732111,160.112731494662,-2.4576049542358));
#2164=CARTESIAN_POINT('Ctrl Pts',(-52.9543396226415,159.860176946907,-2.19952611485736));
#2165=CARTESIAN_POINT('Origin',(0.,160.360176946907,0.));
#2166=CARTESIAN_POINT('Origin',(0.,115.360176946907,0.));
#2167=CARTESIAN_POINT('Ctrl Pts',(-52.9996175662025,130.039832306962,5.67722305212792E-5));
#2168=CARTESIAN_POINT('Ctrl Pts',(-52.9980957217741,130.297527117798,-5.04762671775704));
#2169=CARTESIAN_POINT('Ctrl Pts',(-51.9954460209502,130.653599910233,-12.021536251985));
#2170=CARTESIAN_POINT('Ctrl Pts',(-47.0902526385175,131.403184629061,-25.8858711003965));
#2171=CARTESIAN_POINT('Ctrl Pts',(-36.8806025572586,132.288586463445,-40.4154198933984));
#2172=CARTESIAN_POINT('Ctrl Pts',(-16.3406275517207,133.469122242623,-52.2132605168072));
#2173=CARTESIAN_POINT('Ctrl Pts',(7.25335854668694,134.649658021802,-54.2283753243983));
#2174=CARTESIAN_POINT('Ctrl Pts',(27.6408794357178,135.731815819382,-46.7602882710717));
#2175=CARTESIAN_POINT('Ctrl Pts',(39.2416393542789,136.518839672168,-36.2945194343194));
#2176=CARTESIAN_POINT('Ctrl Pts',(48.2156071036285,137.305863524954,-23.7304690543882));
#2177=CARTESIAN_POINT('Ctrl Pts',(54.2590399697519,138.191265359338,-7.02990375462983));
#2178=CARTESIAN_POINT('Ctrl Pts',(52.1446395823336,139.371801138517,16.5593974240706));
#2179=CARTESIAN_POINT('Ctrl Pts',(40.2616911722758,140.552336917695,37.0467648576466));
#2180=CARTESIAN_POINT('Ctrl Pts',(25.6903156324894,141.437738752079,47.2004022157939));
#2181=CARTESIAN_POINT('Ctrl Pts',(11.1114521398699,142.224762604865,52.2853299092983));
#2182=CARTESIAN_POINT('Ctrl Pts',(-4.40096478638605,143.011786457651,54.1389760333667));
#2183=CARTESIAN_POINT('Ctrl Pts',(-25.3647858269814,144.093944255231,48.4803343102707));
#2184=CARTESIAN_POINT('Ctrl Pts',(-41.9600547322741,145.176102052812,34.4875574495324));
#2185=CARTESIAN_POINT('Ctrl Pts',(-49.2899420942176,145.963125905598,20.6876398976657));
#2186=CARTESIAN_POINT('Ctrl Pts',(-52.3767917544757,146.5515766631,9.56432320177603));
#2187=CARTESIAN_POINT('Ctrl Pts',(-52.9988476526604,146.844893475808,3.81834962687731));
#2188=CARTESIAN_POINT('Ctrl Pts',(-52.9998808692073,147.039832306917,-0.000221628051728928));
#2189=CARTESIAN_POINT('Ctrl Pts',(-52.9993989891051,156.680521586892,-2.95702743077775E-5));
#2190=CARTESIAN_POINT('Ctrl Pts',(-52.9958592390882,156.310527883317,7.24751804271178));
#2191=CARTESIAN_POINT('Ctrl Pts',(-49.8405047395758,155.533101342221,22.4750768368646));
#2192=CARTESIAN_POINT('Ctrl Pts',(-35.6933881441381,154.348241963606,41.6299812952979));
#2193=CARTESIAN_POINT('Ctrl Pts',(-13.9403850577389,153.125943451046,53.0351110733395));
#2194=CARTESIAN_POINT('Ctrl Pts',(10.6118560326771,151.903644938486,53.8005391888269));
#2195=CARTESIAN_POINT('Ctrl Pts',(33.0320142481178,150.681346425926,43.7705692325087));
#2196=CARTESIAN_POINT('Ctrl Pts',(48.8301572495713,149.459047913365,24.959447206249));
#2197=CARTESIAN_POINT('Ctrl Pts',(54.8231461790268,148.236749400806,1.13965002438187));
#2198=CARTESIAN_POINT('Ctrl Pts',(49.8226449129882,147.014450888246,-22.9087184927796));
#2199=CARTESIAN_POINT('Ctrl Pts',(34.8220300352989,145.792152375685,-42.359141385371));
#2200=CARTESIAN_POINT('Ctrl Pts',(12.8392422614672,144.569853863126,-53.3152511218351));
#2201=CARTESIAN_POINT('Ctrl Pts',(-11.725430102034,143.347555350565,-53.5678266986476));
#2202=CARTESIAN_POINT('Ctrl Pts',(-33.9317076610096,142.125256838005,-43.0771704834115));
#2203=CARTESIAN_POINT('Ctrl Pts',(-49.3374630613393,140.902958325445,-23.941130686463));
#2204=CARTESIAN_POINT('Ctrl Pts',(-52.9990688397122,140.088046575084,-7.98162108614732));
#2205=CARTESIAN_POINT('Ctrl Pts',(-53.0019322053718,139.680567662242,-0.000663312843858233));
#2206=CARTESIAN_POINT('Ctrl Pts',(-53.0019325057717,139.680521586921,0.000239126980769831));
#2207=CARTESIAN_POINT('Origin',(0.,160.110176946907,0.));
#2208=CARTESIAN_POINT('',(49.5,160.360176946907,-6.0620016557794E-15));
#2209=CARTESIAN_POINT('Origin',(0.,160.360176946907,0.));
#2210=CARTESIAN_POINT('',(49.,159.860176946907,6.00076931582203E-15));
#2211=CARTESIAN_POINT('',(49.25,160.110176946907,-6.03138548580071E-15));
#2212=CARTESIAN_POINT('',(-49.,159.860176946907,6.00076931582203E-15));
#2213=CARTESIAN_POINT('Origin',(0.,159.860176946907,0.));
#2214=CARTESIAN_POINT('Origin',(0.,159.860176946907,0.));
#2215=CARTESIAN_POINT('Origin',(0.,160.360176946907,0.));
#2216=CARTESIAN_POINT('',(-55.2,160.360176946907,0.));
#2217=CARTESIAN_POINT('',(-40.5521698113208,160.360176946907,-14.3469089764559));
#2218=CARTESIAN_POINT('',(-55.25,160.360176946907,0.));
#2219=CARTESIAN_POINT('',(-26.75,160.360176946907,0.));
#2220=CARTESIAN_POINT('',(-50.8130025538786,160.360176946907,20.784716871718));
#2221=CARTESIAN_POINT('Ctrl Pts',(-50.8130025538786,160.360176946907,20.784716871718));
#2222=CARTESIAN_POINT('Ctrl Pts',(-51.1386744768407,160.360176946907,20.0656167914077));
#2223=CARTESIAN_POINT('Ctrl Pts',(-51.457651212744,160.360176946846,19.3138673028125));
#2224=CARTESIAN_POINT('Ctrl Pts',(-54.0764323064274,160.360176946846,12.6532835655528));
#2225=CARTESIAN_POINT('Ctrl Pts',(-55.25,160.360176946907,6.33908346702867));
#2226=CARTESIAN_POINT('Ctrl Pts',(-55.25,160.360176946907,0.));
#2227=CARTESIAN_POINT('',(-11.0897819284093,160.360176946907,51.8267955480592));
#2228=CARTESIAN_POINT('Ctrl Pts',(-11.0903298629281,160.360176946907,51.8271516517547));
#2229=CARTESIAN_POINT('Ctrl Pts',(-11.9535977061536,160.360176946907,51.6760406963999));
#2230=CARTESIAN_POINT('Ctrl Pts',(-12.8120640691984,160.360176946907,51.5037075579473));
#2231=CARTESIAN_POINT('Ctrl Pts',(-13.6649269112414,160.360176946907,51.3103330502509));
#2232=CARTESIAN_POINT('Ctrl Pts',(-14.4841527049442,160.360176946907,51.1245852643935));
#2233=CARTESIAN_POINT('Ctrl Pts',(-15.2982086871192,160.360176946907,50.9194228016358));
#2234=CARTESIAN_POINT('Ctrl Pts',(-16.106389043121,160.360176946907,50.6949609135109));
#2235=CARTESIAN_POINT('Ctrl Pts',(-16.9372333599878,160.360176946907,50.4642043964577));
#2236=CARTESIAN_POINT('Ctrl Pts',(-17.7618683623846,160.360176946907,50.2130513340898));
#2237=CARTESIAN_POINT('Ctrl Pts',(-18.5796628175878,160.360176946907,49.9419946388051));
#2238=CARTESIAN_POINT('Ctrl Pts',(-19.4071725091313,160.360176946907,49.6677178436047));
#2239=CARTESIAN_POINT('Ctrl Pts',(-20.2276785498663,160.360176946907,49.3730616218477));
#2240=CARTESIAN_POINT('Ctrl Pts',(-21.0405193696395,160.360176946907,49.0584837947616));
#2241=CARTESIAN_POINT('Ctrl Pts',(-21.8562804911801,160.360176946907,48.7427757806056));
#2242=CARTESIAN_POINT('Ctrl Pts',(-22.664321612231,160.360176946907,48.4070026017983));
#2243=CARTESIAN_POINT('Ctrl Pts',(-23.4639604861577,160.360176946907,48.0515760136868));
#2244=CARTESIAN_POINT('Ctrl Pts',(-24.2639252874965,160.360176946907,47.6960045560951));
#2245=CARTESIAN_POINT('Ctrl Pts',(-25.0554813877511,160.360176946907,47.3207634824294));
#2246=CARTESIAN_POINT('Ctrl Pts',(-25.8379262438668,160.360176946907,46.9262166736425));
#2247=CARTESIAN_POINT('Ctrl Pts',(-26.618117719513,160.360176946907,46.5328061290491));
#2248=CARTESIAN_POINT('Ctrl Pts',(-27.3892507397851,160.360176946907,46.1202006840887));
#2249=CARTESIAN_POINT('Ctrl Pts',(-28.1506036345262,160.360176946907,45.6887159189788));
#2250=CARTESIAN_POINT('Ctrl Pts',(-28.5273026328539,160.360176946907,45.4752276930415));
#2251=CARTESIAN_POINT('Ctrl Pts',(-28.9016070015903,160.360176946907,45.257117073055));
#2252=CARTESIAN_POINT('Ctrl Pts',(-29.2734265950654,160.360176946907,45.0344184076539));
#2253=CARTESIAN_POINT('Ctrl Pts',(-29.5987687393561,160.360176946907,44.8395570754278));
#2254=CARTESIAN_POINT('Ctrl Pts',(-29.9222084547071,160.360176946907,44.6411829807395));
#2255=CARTESIAN_POINT('Ctrl Pts',(-30.2436840704238,160.360176946907,44.4393175866308));
#2256=CARTESIAN_POINT('Ctrl Pts',(-30.3155619684547,160.360176946907,44.3941830274159));
#2257=CARTESIAN_POINT('Ctrl Pts',(-30.3873445328652,160.360176946907,44.3488720846744));
#2258=CARTESIAN_POINT('Ctrl Pts',(-30.4590093658912,160.360176946907,44.3033988445147));
#2259=CARTESIAN_POINT('Ctrl Pts',(-31.2058254464811,160.360176946907,43.8295242039992));
#2260=CARTESIAN_POINT('Ctrl Pts',(-31.9403206206789,160.360176946907,43.3377401921141));
#2261=CARTESIAN_POINT('Ctrl Pts',(-32.6618290395866,160.360176946907,42.8285240501679));
#2262=CARTESIAN_POINT('Ctrl Pts',(-33.3851954110099,160.360176946907,42.3179966284263));
#2263=CARTESIAN_POINT('Ctrl Pts',(-34.0955084581017,160.360176946907,41.7899470008725));
#2264=CARTESIAN_POINT('Ctrl Pts',(-34.7920786245336,160.360176946907,41.2448071385478));
#2265=CARTESIAN_POINT('Ctrl Pts',(-35.4213858174231,160.360176946907,40.7523076704053));
#2266=CARTESIAN_POINT('Ctrl Pts',(-36.0394760703469,160.360176946907,40.2458584661813));
#2267=CARTESIAN_POINT('Ctrl Pts',(-36.6458238388022,160.360176946907,39.7257457015528));
#2268=CARTESIAN_POINT('Ctrl Pts',(-37.3130502447023,160.360176946907,39.1534124818069));
#2269=CARTESIAN_POINT('Ctrl Pts',(-37.9660586294156,160.360176946907,38.5645347503682));
#2270=CARTESIAN_POINT('Ctrl Pts',(-38.6044325615705,160.360176946907,37.9597831619993));
#2271=CARTESIAN_POINT('Ctrl Pts',(-39.2451870116825,160.360176946907,37.3527764345289));
#2272=CARTESIAN_POINT('Ctrl Pts',(-39.8711979533546,160.360176946907,36.7297769392705));
#2273=CARTESIAN_POINT('Ctrl Pts',(-40.4820097349948,160.360176946907,36.0914235865467));
#2274=CARTESIAN_POINT('Ctrl Pts',(-41.0164700439299,160.360176946907,35.5328644029134));
#2275=CARTESIAN_POINT('Ctrl Pts',(-41.5392930943082,160.360176946907,34.9625491977855));
#2276=CARTESIAN_POINT('Ctrl Pts',(-42.0501494089029,160.360176946907,34.3808842462478));
#2277=CARTESIAN_POINT('Ctrl Pts',(-42.1149696209255,160.360176946907,34.3070794514207));
#2278=CARTESIAN_POINT('Ctrl Pts',(-42.179597137969,160.360176946907,34.2330919020576));
#2279=CARTESIAN_POINT('Ctrl Pts',(-42.2440312590046,160.360176946907,34.1589224070205));
#2280=CARTESIAN_POINT('Ctrl Pts',(-42.2945164977745,160.360176946907,34.1008093357748));
#2281=CARTESIAN_POINT('Ctrl Pts',(-42.3448769713627,160.360176946907,34.0425915112479));
#2282=CARTESIAN_POINT('Ctrl Pts',(-42.3951097615416,160.360176946907,33.9842725193827));
#2283=CARTESIAN_POINT('Ctrl Pts',(-42.9729338772825,160.360176946907,33.3134334163708));
#2284=CARTESIAN_POINT('Ctrl Pts',(-43.5339803399665,160.360176946907,32.6290798179773));
#2285=CARTESIAN_POINT('Ctrl Pts',(-44.0778800056875,160.360176946907,31.9319408924585));
#2286=CARTESIAN_POINT('Ctrl Pts',(-44.6250945494815,160.360176946907,31.2305531492191));
#2287=CARTESIAN_POINT('Ctrl Pts',(-45.154952945455,160.360176946907,30.5162234644136));
#2288=CARTESIAN_POINT('Ctrl Pts',(-45.6670468969871,160.360176946907,29.7896526947746));
#2289=CARTESIAN_POINT('Ctrl Pts',(-46.1809317689977,160.360176946907,29.0605409256442));
#2290=CARTESIAN_POINT('Ctrl Pts',(-46.6769280167368,160.360176946907,28.3191019817186));
#2291=CARTESIAN_POINT('Ctrl Pts',(-47.1545861704146,160.360176946907,27.5660068746801));
#2292=CARTESIAN_POINT('Ctrl Pts',(-47.6315734030754,160.360176946907,26.8139695687724));
#2293=CARTESIAN_POINT('Ctrl Pts',(-48.0902742851395,160.360176946907,26.0503084739823));
#2294=CARTESIAN_POINT('Ctrl Pts',(-48.5302004139714,160.360176946907,25.2756597755612));
#2295=CARTESIAN_POINT('Ctrl Pts',(-48.9669250926858,160.360176946907,24.5066483853244));
#2296=CARTESIAN_POINT('Ctrl Pts',(-49.3851474987163,160.360176946907,23.7268083663357));
#2297=CARTESIAN_POINT('Ctrl Pts',(-49.7843460251194,160.360176946907,22.936735887873));
#2298=CARTESIAN_POINT('Ctrl Pts',(-50.1426986333506,160.360176946907,22.227503476872));
#2299=CARTESIAN_POINT('Ctrl Pts',(-50.4857208024673,160.360176946907,21.5100249419374));
#2300=CARTESIAN_POINT('Ctrl Pts',(-50.8130025538788,160.360176946907,20.7847168717177));
#2301=CARTESIAN_POINT('Ctrl Pts',(2.36490635109506,160.360176946907,52.4479059942185));
#2302=CARTESIAN_POINT('Ctrl Pts',(1.50698492487474,160.360176946907,52.5180751505111));
#2303=CARTESIAN_POINT('Ctrl Pts',(0.647841652971685,160.360176946907,52.5670509327304));
#2304=CARTESIAN_POINT('Ctrl Pts',(-0.211726378090691,160.360176946907,52.5950063554494));
#2305=CARTESIAN_POINT('Ctrl Pts',(-1.12145957221256,160.360176946907,52.6245932817707));
#2306=CARTESIAN_POINT('Ctrl Pts',(-2.03166892779647,160.360176946907,52.6306352671416));
#2307=CARTESIAN_POINT('Ctrl Pts',(-2.94142413626187,160.360176946907,52.6132763281875));
#2308=CARTESIAN_POINT('Ctrl Pts',(-3.81057733278928,160.360176946907,52.5966921117523));
#2309=CARTESIAN_POINT('Ctrl Pts',(-4.67931653537086,160.360176946907,52.5587486851647));
#2310=CARTESIAN_POINT('Ctrl Pts',(-5.54683644930223,160.360176946907,52.4995182185917));
#2311=CARTESIAN_POINT('Ctrl Pts',(-6.41365450464736,160.360176946907,52.4403356718542));
#2312=CARTESIAN_POINT('Ctrl Pts',(-7.27925568724218,160.360176946907,52.3599005055401));
#2313=CARTESIAN_POINT('Ctrl Pts',(-8.14283570396642,160.360176946907,52.2582327462338));
#2314=CARTESIAN_POINT('Ctrl Pts',(-8.38936107281195,160.360176946907,52.2292097473485));
#2315=CARTESIAN_POINT('Ctrl Pts',(-8.63572170266753,160.360176946907,52.1984561257612));
#2316=CARTESIAN_POINT('Ctrl Pts',(-8.88189879018353,160.360176946907,52.1659715708467));
#2317=CARTESIAN_POINT('Ctrl Pts',(-9.02339759169069,160.360176946907,52.1472999485837));
#2318=CARTESIAN_POINT('Ctrl Pts',(-9.16483575396472,160.360176946907,52.1280564587978));
#2319=CARTESIAN_POINT('Ctrl Pts',(-9.30620969709256,160.360176946907,52.1082409909239));
#2320=CARTESIAN_POINT('Ctrl Pts',(-9.39147511646717,160.360176946907,52.0962898905939));
#2321=CARTESIAN_POINT('Ctrl Pts',(-9.47670931746216,160.360176946907,52.0841318220945));
#2322=CARTESIAN_POINT('Ctrl Pts',(-9.5619055590763,160.360176946907,52.0717677652823));
#2323=CARTESIAN_POINT('Ctrl Pts',(-10.0727309992495,160.360176946907,51.997634509592));
#2324=CARTESIAN_POINT('Ctrl Pts',(-10.5822598399425,160.360176946907,51.9160869076698));
#2325=CARTESIAN_POINT('Ctrl Pts',(-11.0903298629282,160.360176946907,51.8271516517547));
#2326=CARTESIAN_POINT('Origin',(0.,115.360176946907,0.));
#2327=CARTESIAN_POINT('',(-48.9995127723261,124.458743889481,-0.000134095491707287));
#2328=CARTESIAN_POINT('',(-49.,115.360176946907,6.00076931582203E-15));
#2329=CARTESIAN_POINT('',(49.,124.458743889481,5.55111512312578E-15));
#2330=CARTESIAN_POINT('Ctrl Pts',(49.,124.458743889481,5.55111512312578E-15));
#2331=CARTESIAN_POINT('Ctrl Pts',(49.,124.458743889481,-7.33035044313596));
#2332=CARTESIAN_POINT('Ctrl Pts',(45.6584327907581,124.458743889481,-21.9871123759891));
#2333=CARTESIAN_POINT('Ctrl Pts',(31.595647171759,124.458743889481,-39.6188152622606));
#2334=CARTESIAN_POINT('Ctrl Pts',(11.2752025611878,124.458743889481,-49.4071142627619));
#2335=CARTESIAN_POINT('Ctrl Pts',(-8.76870607359257,124.458743889481,-49.401096516641));
#2336=CARTESIAN_POINT('Ctrl Pts',(-24.8679086267683,124.458743889481,-43.0703594757168));
#2337=CARTESIAN_POINT('Ctrl Pts',(-36.460398907656,124.458743889481,-33.831862494933));
#2338=CARTESIAN_POINT('Ctrl Pts',(-44.8111848206807,124.458743889481,-21.5790994305935));
#2339=CARTESIAN_POINT('Ctrl Pts',(-48.4534991135917,124.458743889481,-9.77432419273356));
#2340=CARTESIAN_POINT('Ctrl Pts',(-48.999573492252,124.458743889481,-2.44370398680387));
#2341=CARTESIAN_POINT('Ctrl Pts',(-48.9995127723262,124.458743889481,-0.000134095491707842));
#2342=CARTESIAN_POINT('Ctrl Pts',(-48.9995127723262,124.458743889481,-0.000134095491707842));
#2343=CARTESIAN_POINT('Ctrl Pts',(-48.9994520524002,124.458743889481,2.44343579575336));
#2344=CARTESIAN_POINT('Ctrl Pts',(-48.4530133542045,124.458743889481,9.77423493749535));
#2345=CARTESIAN_POINT('Ctrl Pts',(-44.8119071347416,124.458743889481,21.5802030811681));
#2346=CARTESIAN_POINT('Ctrl Pts',(-36.459860390722,124.458743889481,33.8297243022673));
#2347=CARTESIAN_POINT('Ctrl Pts',(-24.8683947056688,124.458743889481,43.0737718570132));
#2348=CARTESIAN_POINT('Ctrl Pts',(-11.0679505893788,124.458743889481,48.489343004542));
#2349=CARTESIAN_POINT('Ctrl Pts',(3.71777175540556,124.458743889481,49.5995010622359));
#2350=CARTESIAN_POINT('Ctrl Pts',(18.1694696781306,124.458743889481,46.2967093333267));
#2351=CARTESIAN_POINT('Ctrl Pts',(33.1546295294458,124.458743889481,37.6561638208604));
#2352=CARTESIAN_POINT('Ctrl Pts',(45.6605816887828,124.458743889481,21.9890652057191));
#2353=CARTESIAN_POINT('Ctrl Pts',(49.,124.458743889481,7.33035044313597));
#2354=CARTESIAN_POINT('Ctrl Pts',(49.,124.458743889481,4.44089209850063E-15));
#2355=CARTESIAN_POINT('Origin',(-54.0771698113208,115.360176946907,-1.09976305742868));
#2356=CARTESIAN_POINT('',(-54.8988037568747,159.32417808664,-0.295008545873865));
#2357=CARTESIAN_POINT('',(-55.2,159.944845753761,0.));
#2358=CARTESIAN_POINT('Ctrl Pts',(-54.8988037568747,159.32417808664,-0.295008545873865));
#2359=CARTESIAN_POINT('Ctrl Pts',(-54.9328631094275,159.367660959911,-0.261636342154964));
#2360=CARTESIAN_POINT('Ctrl Pts',(-54.9651713492242,159.41364471104,-0.229898431235377));
#2361=CARTESIAN_POINT('Ctrl Pts',(-54.9954457915452,159.46209699194,-0.20014122330628));
#2362=CARTESIAN_POINT('Ctrl Pts',(-55.023937954412,159.507696850198,-0.172135844849175));
#2363=CARTESIAN_POINT('Ctrl Pts',(-55.0506286589018,159.5554833435,-0.145884890499354));
#2364=CARTESIAN_POINT('Ctrl Pts',(-55.0752434333557,159.605399357698,-0.121678189119915));
#2365=CARTESIAN_POINT('Ctrl Pts',(-55.0767831692819,159.608521770235,-0.120163979520456));
#2366=CARTESIAN_POINT('Ctrl Pts',(-55.0783147691062,159.61165250447,-0.118657769086626));
#2367=CARTESIAN_POINT('Ctrl Pts',(-55.0798381603034,159.614791541924,-0.117159628812352));
#2368=CARTESIAN_POINT('Ctrl Pts',(-55.1071318844586,159.67103187108,-0.0903183109243698));
#2369=CARTESIAN_POINT('Ctrl Pts',(-55.1314701414589,159.729271571773,-0.0664008796695238));
#2370=CARTESIAN_POINT('Ctrl Pts',(-55.1526368871692,159.78928483437,-0.045653218914918));
#2371=CARTESIAN_POINT('Ctrl Pts',(-55.1705206314175,159.839989928789,-0.028123558769457));
#2372=CARTESIAN_POINT('Ctrl Pts',(-55.186139776732,159.891961081776,-0.0128566225289789));
#2373=CARTESIAN_POINT('Ctrl Pts',(-55.1993375874964,159.945050078777,1.79280020868292E-6));
#2374=CARTESIAN_POINT('',(-55.2,115.360176946907,0.));
#2375=CARTESIAN_POINT('Ctrl Pts',(-52.9543396226415,156.792838988726,-2.19952611485734));
#2376=CARTESIAN_POINT('Ctrl Pts',(-53.3676756827774,157.319741498799,-1.79468152319632));
#2377=CARTESIAN_POINT('Ctrl Pts',(-53.7788990538204,157.851424087067,-1.39184806915035));
#2378=CARTESIAN_POINT('Ctrl Pts',(-54.1875161000846,158.386510793021,-0.991517441462995));
#2379=CARTESIAN_POINT('Ctrl Pts',(-54.4253863496451,158.698003447196,-0.758471005477636));
#2380=CARTESIAN_POINT('Ctrl Pts',(-54.6623732407195,159.010649692379,-0.526273796627401));
#2381=CARTESIAN_POINT('Ctrl Pts',(-54.8983785316668,159.324178086653,-0.295030762566749));
#2382=CARTESIAN_POINT('Origin',(-53.5,160.360176946907,0.));
#2383=CARTESIAN_POINT('Origin',(-53.5,160.360176946907,0.));
#2384=CARTESIAN_POINT('Origin',(-54.0771698113208,115.360176946907,1.09976305742865));
#2385=CARTESIAN_POINT('',(-54.8988037568747,127.396175807173,0.295008545873842));
#2386=CARTESIAN_POINT('',(-55.2,126.775508140052,-2.70402013251736E-14));
#2387=CARTESIAN_POINT('Ctrl Pts',(-54.8988037568747,127.396175807173,0.295008545873775));
#2388=CARTESIAN_POINT('Ctrl Pts',(-54.9326736648115,127.352934712048,0.261823415609072));
#2389=CARTESIAN_POINT('Ctrl Pts',(-54.9647707526984,127.30727213591,0.230300978448227));
#2390=CARTESIAN_POINT('Ctrl Pts',(-54.9948307902751,127.259239792347,0.200756484867944));
#2391=CARTESIAN_POINT('Ctrl Pts',(-55.0125811363717,127.230876862996,0.183310565681661));
#2392=CARTESIAN_POINT('Ctrl Pts',(-55.0296204799938,127.201688176143,0.166554359382806));
#2393=CARTESIAN_POINT('Ctrl Pts',(-55.0458877632297,127.171689902529,0.150552952016715));
#2394=CARTESIAN_POINT('Ctrl Pts',(-55.0741736291181,127.119528325699,0.122729396219553));
#2395=CARTESIAN_POINT('Ctrl Pts',(-55.0999404084762,127.065263362835,0.0973743900442369));
#2396=CARTESIAN_POINT('Ctrl Pts',(-55.122950611919,127.009047202929,0.0747736453795406));
#2397=CARTESIAN_POINT('Ctrl Pts',(-55.1448920190827,126.955442216049,0.053222678126093));
#2398=CARTESIAN_POINT('Ctrl Pts',(-55.1643269773706,126.900062735408,0.034176108159937));
#2399=CARTESIAN_POINT('Ctrl Pts',(-55.1810085325138,126.843064414913,0.0178795765023818));
#2400=CARTESIAN_POINT('Ctrl Pts',(-55.1875473013148,126.820722442803,0.0114917276566468));
#2401=CARTESIAN_POINT('Ctrl Pts',(-55.1936625630799,126.798132036938,0.00552638097725413));
#2402=CARTESIAN_POINT('Ctrl Pts',(-55.1993375993819,126.775303815036,-1.79462015187342E-6));
#2403=CARTESIAN_POINT('',(-55.2,125.944845753761,-2.70402013251736E-14));
#2404=CARTESIAN_POINT('',(-55.2,115.360176946907,-2.692290834716E-14));
#2405=CARTESIAN_POINT('',(-55.2,125.944845753761,-2.70402013251736E-14));
#2406=CARTESIAN_POINT('Ctrl Pts',(-52.9543396226415,129.927514905087,2.19952611485727));
#2407=CARTESIAN_POINT('Ctrl Pts',(-53.3676215317457,129.400681424352,1.79473456176325));
#2408=CARTESIAN_POINT('Ctrl Pts',(-53.7788146151935,128.869069117813,1.3919564245547));
#2409=CARTESIAN_POINT('Ctrl Pts',(-54.1874195565519,128.334053405257,0.991682517278055));
#2410=CARTESIAN_POINT('Ctrl Pts',(-54.4253674641164,128.022491168898,0.758586122573301));
#2411=CARTESIAN_POINT('Ctrl Pts',(-54.6624375687361,127.709774761125,0.52634003752068));
#2412=CARTESIAN_POINT('Ctrl Pts',(-54.898530547366,127.39617580716,0.295049164972485));
#2413=CARTESIAN_POINT('Ctrl Pts',(-52.9543396226415,125.944845753761,2.19952611485732));
#2414=CARTESIAN_POINT('Ctrl Pts',(-52.9543396226415,125.449478465667,2.19952611485732));
#2415=CARTESIAN_POINT('Ctrl Pts',(-52.9543396226415,124.954111177574,2.19952611485732));
#2416=CARTESIAN_POINT('Ctrl Pts',(-52.9543396226415,124.458743889481,2.19952611485732));
#2417=CARTESIAN_POINT('Ctrl Pts',(-53.702893081761,125.944845753761,1.4663507432382));
#2418=CARTESIAN_POINT('Ctrl Pts',(-53.702893081761,125.449478465667,1.4663507432382));
#2419=CARTESIAN_POINT('Ctrl Pts',(-53.702893081761,124.954111177574,1.4663507432382));
#2420=CARTESIAN_POINT('Ctrl Pts',(-53.702893081761,124.458743889481,1.4663507432382));
#2421=CARTESIAN_POINT('Ctrl Pts',(-54.4514465408805,125.944845753761,0.733175371619089));
#2422=CARTESIAN_POINT('Ctrl Pts',(-54.4514465408805,125.449478465667,0.733175371619089));
#2423=CARTESIAN_POINT('Ctrl Pts',(-54.4514465408805,124.954111177574,0.733175371619089));
#2424=CARTESIAN_POINT('Ctrl Pts',(-54.4514465408805,124.458743889481,0.733175371619089));
#2425=CARTESIAN_POINT('Ctrl Pts',(-55.2,125.944845753761,-2.70402013251736E-14));
#2426=CARTESIAN_POINT('Ctrl Pts',(-55.2,125.449478465667,-2.70402013251736E-14));
#2427=CARTESIAN_POINT('Ctrl Pts',(-55.2,124.954111177574,-2.70402013251736E-14));
#2428=CARTESIAN_POINT('Ctrl Pts',(-55.2,124.458743889481,-2.70402013251736E-14));
#2429=CARTESIAN_POINT('',(-54.3091299286233,124.458743889481,0.87256826842294));
#2430=CARTESIAN_POINT('',(-54.8988037568743,125.295099949259,0.295008545874192));
#2431=CARTESIAN_POINT('Ctrl Pts',(-54.8982597203635,125.295099949259,0.295050589216823));
#2432=CARTESIAN_POINT('Ctrl Pts',(-54.7023500863304,125.015783965706,0.48702443511469));
#2433=CARTESIAN_POINT('Ctrl Pts',(-54.5058621203841,124.736950456439,0.679555825412471));
#2434=CARTESIAN_POINT('Ctrl Pts',(-54.3088481785229,124.45874388948,0.872590155229164));
#2435=CARTESIAN_POINT('',(-55.2,124.458743889481,-2.70402013251736E-14));
#2436=CARTESIAN_POINT('',(-54.9361278094167,125.34830336083,0.258451268955965));
#2437=CARTESIAN_POINT('Ctrl Pts',(-55.2,125.944845753761,-2.63157551305682E-14));
#2438=CARTESIAN_POINT('Ctrl Pts',(-55.1524803661105,125.748060907201,0.0465434028948272));
#2439=CARTESIAN_POINT('Ctrl Pts',(-55.0743299972869,125.568913168024,0.12308827087506));
#2440=CARTESIAN_POINT('Ctrl Pts',(-54.9637500248131,125.390082333877,0.231396517165799));
#2441=CARTESIAN_POINT('Ctrl Pts',(-54.9501473420343,125.369049366848,0.244719749968839));
#2442=CARTESIAN_POINT('Ctrl Pts',(-54.9361278094167,125.34830336083,0.258451268955975));
#2443=CARTESIAN_POINT('Ctrl Pts',(-54.9361278094167,125.34830336083,0.258451268955971));
#2444=CARTESIAN_POINT('Ctrl Pts',(-54.923996413933,125.330351489341,0.270333440207358));
#2445=CARTESIAN_POINT('Ctrl Pts',(-54.9115528854748,125.312614277128,0.282521332054553));
#2446=CARTESIAN_POINT('Ctrl Pts',(-54.8988037568743,125.295099949259,0.295008545874199));
#2447=CARTESIAN_POINT('Ctrl Pts',(-52.9543396226415,124.458743889481,2.19952611485733));
#2448=CARTESIAN_POINT('Ctrl Pts',(-52.9543396226415,123.850280010225,2.19952611485733));
#2449=CARTESIAN_POINT('Ctrl Pts',(-52.9702238676815,123.241816211227,2.19952682900461));
#2450=CARTESIAN_POINT('Ctrl Pts',(-53.0019703567005,122.634182864322,2.19952824769838));
#2451=CARTESIAN_POINT('Ctrl Pts',(-53.4059363913021,124.458743889481,1.75720683271253));
#2452=CARTESIAN_POINT('Ctrl Pts',(-53.4059363913021,123.858120647804,1.75720683271253));
#2453=CARTESIAN_POINT('Ctrl Pts',(-53.4216094764404,123.257497484291,1.75720740324656));
#2454=CARTESIAN_POINT('Ctrl Pts',(-53.4529340251126,122.65769306594,1.7572085366445));
#2455=CARTESIAN_POINT('Ctrl Pts',(-53.8575331599628,124.458743889481,1.31488755056773));
#2456=CARTESIAN_POINT('Ctrl Pts',(-53.8575331599628,123.865961285382,1.31488755056773));
#2457=CARTESIAN_POINT('Ctrl Pts',(-53.8729950851992,123.273178757354,1.3148879774885));
#2458=CARTESIAN_POINT('Ctrl Pts',(-53.9038976935248,122.681203267558,1.31488882559063));
#2459=CARTESIAN_POINT('Ctrl Pts',(-54.3091299286234,124.458743889481,0.872568268422939));
#2460=CARTESIAN_POINT('Ctrl Pts',(-54.3091299286234,123.873801922961,0.872568268422939));
#2461=CARTESIAN_POINT('Ctrl Pts',(-54.324380693958,123.288860030418,0.872568551730445));
#2462=CARTESIAN_POINT('Ctrl Pts',(-54.3548613619369,122.704713469176,0.87256911453675));
#2463=CARTESIAN_POINT('',(-53.0019703567005,122.634182864322,2.19952824769838));
#2464=CARTESIAN_POINT('Ctrl Pts',(-54.3091299286234,124.458743889481,0.872568268422939));
#2465=CARTESIAN_POINT('Ctrl Pts',(-54.0707617303946,124.122270076956,1.10603949240757));
#2466=CARTESIAN_POINT('Ctrl Pts',(-53.832823291237,123.788254261861,1.34403135307614));
#2467=CARTESIAN_POINT('Ctrl Pts',(-53.5952681127039,123.456938103828,1.58607127501911));
#2468=CARTESIAN_POINT('Ctrl Pts',(-53.3972426125335,123.180753647171,1.78783524791971));
#2469=CARTESIAN_POINT('Ctrl Pts',(-53.19948380437,122.906446243868,1.99241215919766));
#2470=CARTESIAN_POINT('Ctrl Pts',(-53.0019703567005,122.634182864322,2.19952824769838));
#2471=CARTESIAN_POINT('Ctrl Pts',(-53.0019703567005,122.634182864322,2.19952824769838));
#2472=CARTESIAN_POINT('Ctrl Pts',(-52.9702238676815,123.241816211227,2.19952682900461));
#2473=CARTESIAN_POINT('Ctrl Pts',(-52.9543396226415,123.850280010225,2.19952611485733));
#2474=CARTESIAN_POINT('Ctrl Pts',(-52.9543396226415,124.458743889481,2.19952611485733));
#2475=CARTESIAN_POINT('Origin',(0.,124.458743889481,0.));
#2476=CARTESIAN_POINT('',(-53.0422738025591,122.739040686963,-2.59832203327206E-14));
#2477=CARTESIAN_POINT('Ctrl Pts',(-53.0019703567005,122.634182864322,2.19952824769838));
#2478=CARTESIAN_POINT('Ctrl Pts',(-53.0305589694021,122.669066950704,1.46671103087825));
#2479=CARTESIAN_POINT('Ctrl Pts',(-53.0437546187862,122.704016848695,0.733397258087484));
#2480=CARTESIAN_POINT('Ctrl Pts',(-53.0416744416793,122.739040686963,4.78370866283096E-5));
#2481=CARTESIAN_POINT('Ctrl Pts',(-53.0422738025591,122.739040686963,-3.21964677141295E-14));
#2482=CARTESIAN_POINT('Ctrl Pts',(-53.028887413786,123.011156080372,-5.69793278016192));
#2483=CARTESIAN_POINT('Ctrl Pts',(-52.1003352678377,123.286108361733,-11.3654670211897));
#2484=CARTESIAN_POINT('Ctrl Pts',(-48.6944521483247,123.814474526167,-21.5270257547258));
#2485=CARTESIAN_POINT('Ctrl Pts',(-46.4436158906108,124.063381481061,-26.0221482020495));
#2486=CARTESIAN_POINT('Ctrl Pts',(-43.0713909843959,124.364364539763,-30.898609445259));
#2487=CARTESIAN_POINT('Ctrl Pts',(-42.5248540749745,124.411498689763,-31.6463787682716));
#2488=CARTESIAN_POINT('Ctrl Pts',(-41.9594577900722,124.458743889481,-32.3790657981844));
#2489=CARTESIAN_POINT('',(-7.03327688669362E-15,107.413505252242,57.4310641369451));
#2490=CARTESIAN_POINT('Origin',(-1.07768918324967E-14,124.458743889481,
88.));
#2491=CARTESIAN_POINT('',(57.4310641369451,107.413505252242,-1.40665537733872E-14));
#2492=CARTESIAN_POINT('Origin',(0.,107.413505252242,4.93038065763132E-31));
#2493=CARTESIAN_POINT('Origin',(0.,107.413505252242,4.93038065763132E-31));
#2494=CARTESIAN_POINT('Origin',(-53.5,126.360176946907,-2.62074415017534E-14));
#2495=CARTESIAN_POINT('',(-55.25,126.360176946907,-2.70646942611565E-14));
#2496=CARTESIAN_POINT('Origin',(-53.5,126.360176946907,-2.62074415017534E-14));
#2497=CARTESIAN_POINT('Origin',(-53.5,126.360176946907,-2.62074415017534E-14));
#2498=CARTESIAN_POINT('Ctrl Pts',(-48.5282821254533,163.672832594071,20.0313712322697));
#2499=CARTESIAN_POINT('Ctrl Pts',(-45.6148860833297,163.279320667679,27.08940552438));
#2500=CARTESIAN_POINT('Ctrl Pts',(-36.6638577180311,162.492296814893,39.9109427199662));
#2501=CARTESIAN_POINT('Ctrl Pts',(-16.3618274967502,161.311761035714,51.666402579907));
#2502=CARTESIAN_POINT('Ctrl Pts',(7.00951784490205,160.131225256535,53.7418878336227));
#2503=CARTESIAN_POINT('Ctrl Pts',(24.9724962151283,159.169307214242,47.2212138056297));
#2504=CARTESIAN_POINT('Ctrl Pts',(39.0822535271574,158.251112719325,36.1988954132144));
#2505=CARTESIAN_POINT('Ctrl Pts',(48.0875408504703,157.464088866539,23.5144641738004));
#2506=CARTESIAN_POINT('Ctrl Pts',(52.7791120055474,156.589617918999,7.01477165639597));
#2507=CARTESIAN_POINT('Ctrl Pts',(52.578122758953,155.802594066214,-8.41416392266629));
#2508=CARTESIAN_POINT('Ctrl Pts',(47.9540619930045,155.015570213428,-23.1414591522001));
#2509=CARTESIAN_POINT('Ctrl Pts',(39.3036241509286,154.228546360642,-35.9217736324161));
#2510=CARTESIAN_POINT('Ctrl Pts',(27.3497059473217,153.441522507856,-45.6853409899086));
#2511=CARTESIAN_POINT('Ctrl Pts',(13.0985605855879,152.65449865507,-51.6096508029519));
#2512=CARTESIAN_POINT('Ctrl Pts',(-2.25349089155091,151.867474802285,-53.198383033868));
#2513=CARTESIAN_POINT('Ctrl Pts',(-17.4159013466772,151.080450949499,-50.3173555587677));
#2514=CARTESIAN_POINT('Ctrl Pts',(-31.1154333859755,150.293427096713,-43.2087269461988));
#2515=CARTESIAN_POINT('Ctrl Pts',(-40.3522050895378,149.637573886058,-34.2591197966436));
#2516=CARTESIAN_POINT('Ctrl Pts',(-45.9708058608834,149.112891317534,-25.7365292909149));
#2517=CARTESIAN_POINT('Ctrl Pts',(-50.2988343125373,148.588208749011,-16.4918084876663));
#2518=CARTESIAN_POINT('Ctrl Pts',(-53.1013411835165,147.932355538356,-3.93917543082798));
#2519=CARTESIAN_POINT('Ctrl Pts',(-52.2272348714947,147.309294988234,8.24804044333494));
#2520=CARTESIAN_POINT('Ctrl Pts',(-48.8108000200458,146.653441777579,20.5261368554426));
#2521=CARTESIAN_POINT('Ctrl Pts',(-41.5406380218649,145.866417924793,34.1908564633427));
#2522=CARTESIAN_POINT('Ctrl Pts',(-25.0923741876313,144.784260127213,48.0402870471984));
#2523=CARTESIAN_POINT('Ctrl Pts',(-4.32246476131774,143.702102329632,53.6312243672465));
#2524=CARTESIAN_POINT('Ctrl Pts',(11.0423387930444,142.915078476846,51.7844699147491));
#2525=CARTESIAN_POINT('Ctrl Pts',(25.4801890654721,142.128054624061,46.7375561204003));
#2526=CARTESIAN_POINT('Ctrl Pts',(39.9071597685292,141.242652789676,36.6697569860715));
#2527=CARTESIAN_POINT('Ctrl Pts',(51.66400788357,140.062117010498,16.367554601655));
#2528=CARTESIAN_POINT('Ctrl Pts',(53.7423475677751,138.881581231319,-7.00064471560058));
#2529=CARTESIAN_POINT('Ctrl Pts',(47.7445220675148,137.996179396935,-23.539525518943));
#2530=CARTESIAN_POINT('Ctrl Pts',(38.8466344395127,137.209155544149,-35.9789143561852));
#2531=CARTESIAN_POINT('Ctrl Pts',(27.3481695825555,136.422131691364,-46.3380229830915));
#2532=CARTESIAN_POINT('Ctrl Pts',(7.14788740894372,135.339973893783,-53.7217286186959));
#2533=CARTESIAN_POINT('Ctrl Pts',(-16.222131901286,134.159438114604,-51.7095085712272));
#2534=CARTESIAN_POINT('Ctrl Pts',(-36.5602700236582,132.978902335426,-40.0089409677676));
#2535=CARTESIAN_POINT('Ctrl Pts',(-46.6636756162222,132.093500501042,-25.6094929559378));
#2536=CARTESIAN_POINT('Ctrl Pts',(-51.7553350769462,131.306476648256,-11.1864970006105));
#2537=CARTESIAN_POINT('Ctrl Pts',(-52.694864632833,130.912964721863,-3.50672010415129));
#2538=CARTESIAN_POINT('Ctrl Pts',(-52.4532554849407,130.617830777068,2.21494661879904));
#2539=CARTESIAN_POINT('Ctrl Pts',(-49.2898556015983,162.568614045012,20.2824864454201));
#2540=CARTESIAN_POINT('Ctrl Pts',(-46.3399369440419,162.175102118619,27.4512852541209));
#2541=CARTESIAN_POINT('Ctrl Pts',(-37.2668279993685,161.388078265833,40.4781098455323));
#2542=CARTESIAN_POINT('Ctrl Pts',(-16.6686117176639,160.207542486654,52.4352564391531));
#2543=CARTESIAN_POINT('Ctrl Pts',(7.05645583237396,159.027006707476,54.5683838532553));
#2544=CARTESIAN_POINT('Ctrl Pts',(25.3003387726573,158.065088665182,47.9683778226383));
#2545=CARTESIAN_POINT('Ctrl Pts',(39.6373143555427,157.146894170265,36.7938598016677));
#2546=CARTESIAN_POINT('Ctrl Pts',(48.7939105243573,156.359870317479,23.9262247274333));
#2547=CARTESIAN_POINT('Ctrl Pts',(53.5753248473254,155.48539936994,7.1804041645968));
#2548=CARTESIAN_POINT('Ctrl Pts',(53.3884543852878,154.698375517154,-8.48379583203423));
#2549=CARTESIAN_POINT('Ctrl Pts',(48.7103511216577,153.911351664368,-23.4405920919547));
#2550=CARTESIAN_POINT('Ctrl Pts',(39.9423659195139,153.124327811582,-36.4252312742822));
#2551=CARTESIAN_POINT('Ctrl Pts',(27.8172167056781,152.337303958797,-46.3508454795568));
#2552=CARTESIAN_POINT('Ctrl Pts',(13.355569806119,151.550280106011,-52.3812738699847));
#2553=CARTESIAN_POINT('Ctrl Pts',(-2.22858194390381,150.763256253225,-54.0113034493801));
#2554=CARTESIAN_POINT('Ctrl Pts',(-17.6251809453215,149.976232400439,-51.1032709315317));
#2555=CARTESIAN_POINT('Ctrl Pts',(-31.5413239678393,149.189208547653,-43.9016060791536));
#2556=CARTESIAN_POINT('Ctrl Pts',(-40.9287720488601,148.533355336999,-34.8259482514895));
#2557=CARTESIAN_POINT('Ctrl Pts',(-46.6424553751356,148.008672768475,-26.1797831869809));
#2558=CARTESIAN_POINT('Ctrl Pts',(-51.046710235241,147.483990199951,-16.7990499767235));
#2559=CARTESIAN_POINT('Ctrl Pts',(-53.9058875585201,146.828136989296,-4.05831387493071));
#2560=CARTESIAN_POINT('Ctrl Pts',(-53.0320361743342,146.205076439174,8.31553239318324));
#2561=CARTESIAN_POINT('Ctrl Pts',(-49.5772282414004,145.549223228519,20.7844746138379));
#2562=CARTESIAN_POINT('Ctrl Pts',(-42.2115304788068,144.762199375733,34.6654547534482));
#2563=CARTESIAN_POINT('Ctrl Pts',(-25.528119615716,143.680041578153,48.7441798158129));
#2564=CARTESIAN_POINT('Ctrl Pts',(-4.4480321824076,142.597883780572,54.4434160476099));
#2565=CARTESIAN_POINT('Ctrl Pts',(11.1528914293807,141.810859927787,52.5856377842867));
#2566=CARTESIAN_POINT('Ctrl Pts',(25.8163042590643,141.023836075001,47.477917547158));
#2567=CARTESIAN_POINT('Ctrl Pts',(40.474262696523,140.138434240617,37.2728129229717));
#2568=CARTESIAN_POINT('Ctrl Pts',(52.4328188852896,138.957898461438,16.6744234013066));
#2569=CARTESIAN_POINT('Ctrl Pts',(54.5688407103759,137.77736268226,-7.04744702007467));
#2570=CARTESIAN_POINT('Ctrl Pts',(48.4980623759077,136.891960847876,-23.8449558331215));
#2571=CARTESIAN_POINT('Ctrl Pts',(39.4784781672293,136.10493699509,-36.4837513382077));
#2572=CARTESIAN_POINT('Ctrl Pts',(27.8163837182477,135.317913142304,-47.013471980481));
#2573=CARTESIAN_POINT('Ctrl Pts',(7.31659740303998,134.235755344723,-54.5321528215335));
#2574=CARTESIAN_POINT('Ctrl Pts',(-16.4116757036288,133.055219565545,-52.5153023607252));
#2575=CARTESIAN_POINT('Ctrl Pts',(-37.0726689700328,131.874683786366,-40.6591383450859));
#2576=CARTESIAN_POINT('Ctrl Pts',(-47.3460215968661,130.989281951982,-26.0515831439993));
#2577=CARTESIAN_POINT('Ctrl Pts',(-52.5313066053496,130.202258099196,-11.414540538802));
#2578=CARTESIAN_POINT('Ctrl Pts',(-53.4937003966556,129.808746172803,-3.61881800574321));
#2579=CARTESIAN_POINT('Ctrl Pts',(-53.2547818903829,129.513612228009,2.19028022015551));
#2580=CARTESIAN_POINT('Ctrl Pts',(-50.0514290777434,161.464395495952,20.5336016585705));
#2581=CARTESIAN_POINT('Ctrl Pts',(-47.0649878047541,161.070883569559,27.8131649838618));
#2582=CARTESIAN_POINT('Ctrl Pts',(-37.8697982807059,160.283859716773,41.0452769710985));
#2583=CARTESIAN_POINT('Ctrl Pts',(-16.9753959385776,159.103323937595,53.2041102983992));
#2584=CARTESIAN_POINT('Ctrl Pts',(7.10339381984581,157.922788158416,55.3948798728878));
#2585=CARTESIAN_POINT('Ctrl Pts',(25.6281813301865,156.960870116122,48.715541839647));
#2586=CARTESIAN_POINT('Ctrl Pts',(40.192375183928,156.042675621206,37.388824190121));
#2587=CARTESIAN_POINT('Ctrl Pts',(49.5002801982444,155.25565176842,24.3379852810663));
#2588=CARTESIAN_POINT('Ctrl Pts',(54.3715376891033,154.38118082088,7.34603667279762));
#2589=CARTESIAN_POINT('Ctrl Pts',(54.1987860116227,153.594156968094,-8.55342774140213));
#2590=CARTESIAN_POINT('Ctrl Pts',(49.4666402503109,152.807133115308,-23.7397250317094));
#2591=CARTESIAN_POINT('Ctrl Pts',(40.5811076880992,152.020109262523,-36.9286889161482));
#2592=CARTESIAN_POINT('Ctrl Pts',(28.2847274640344,151.233085409737,-47.016349969205));
#2593=CARTESIAN_POINT('Ctrl Pts',(13.6125790266502,150.446061556951,-53.1528969370175));
#2594=CARTESIAN_POINT('Ctrl Pts',(-2.20367299625671,149.659037704165,-54.8242238648922));
#2595=CARTESIAN_POINT('Ctrl Pts',(-17.8344605439657,148.87201385138,-51.8891863042957));
#2596=CARTESIAN_POINT('Ctrl Pts',(-31.967214549703,148.084989998594,-44.5944852121085));
#2597=CARTESIAN_POINT('Ctrl Pts',(-41.5053390081823,147.429136787939,-35.3927767063354));
#2598=CARTESIAN_POINT('Ctrl Pts',(-47.3141048893878,146.904454219415,-26.6230370830469));
#2599=CARTESIAN_POINT('Ctrl Pts',(-51.7945861579447,146.379771650891,-17.1062914657807));
#2600=CARTESIAN_POINT('Ctrl Pts',(-54.7104339335237,145.723918440236,-4.1774523190334));
#2601=CARTESIAN_POINT('Ctrl Pts',(-53.8368374771737,145.100857890114,8.38302434303153));
#2602=CARTESIAN_POINT('Ctrl Pts',(-50.343656462755,144.445004679459,21.0428123722331));
#2603=CARTESIAN_POINT('Ctrl Pts',(-42.8824229357486,143.657980826674,35.1400530435538));
#2604=CARTESIAN_POINT('Ctrl Pts',(-25.9638650438007,142.575823029093,49.4480725844273));
#2605=CARTESIAN_POINT('Ctrl Pts',(-4.57359960349742,141.493665231513,55.2556077279734));
#2606=CARTESIAN_POINT('Ctrl Pts',(11.263444065717,140.706641378727,53.3868056538242));
#2607=CARTESIAN_POINT('Ctrl Pts',(26.1524194526565,139.919617525941,48.2182789739156));
#2608=CARTESIAN_POINT('Ctrl Pts',(41.0413656245168,139.034215691557,37.875868859872));
#2609=CARTESIAN_POINT('Ctrl Pts',(53.2016298870093,137.853679912379,16.9812922009581));
#2610=CARTESIAN_POINT('Ctrl Pts',(55.3953338529767,136.6731441332,-7.09424932454875));
#2611=CARTESIAN_POINT('Ctrl Pts',(49.2516026843006,135.787742298816,-24.1503861473));
#2612=CARTESIAN_POINT('Ctrl Pts',(40.110321894946,135.00071844603,-36.9885883202301));
#2613=CARTESIAN_POINT('Ctrl Pts',(28.28459785394,134.213694593244,-47.6889209778706));
#2614=CARTESIAN_POINT('Ctrl Pts',(7.48530739713621,133.131536795664,-55.3425770243711));
#2615=CARTESIAN_POINT('Ctrl Pts',(-16.6012195059715,131.951001016485,-53.3210961502233));
#2616=CARTESIAN_POINT('Ctrl Pts',(-37.5850679164074,130.770465237307,-41.3093357224041));
#2617=CARTESIAN_POINT('Ctrl Pts',(-48.0283675775099,129.885063402922,-26.4936733320607));
#2618=CARTESIAN_POINT('Ctrl Pts',(-53.3072781337531,129.098039550137,-11.6425840769935));
#2619=CARTESIAN_POINT('Ctrl Pts',(-54.2925361604782,128.704527623744,-3.73091590733518));
#2620=CARTESIAN_POINT('Ctrl Pts',(-54.0563082958252,128.409393678949,2.16561382151198));
#2621=CARTESIAN_POINT('Ctrl Pts',(-50.8130025538885,160.360176946892,20.7847168717209));
#2622=CARTESIAN_POINT('Ctrl Pts',(-47.7900386654662,159.9666650205,28.1750447136028));
#2623=CARTESIAN_POINT('Ctrl Pts',(-38.4727685620433,159.179641167714,41.6124440966646));
#2624=CARTESIAN_POINT('Ctrl Pts',(-17.2821801594914,157.999105388535,53.9729641576454));
#2625=CARTESIAN_POINT('Ctrl Pts',(7.15033180731772,156.818569609356,56.2213758925203));
#2626=CARTESIAN_POINT('Ctrl Pts',(25.9560238877155,155.856651567063,49.4627058566557));
#2627=CARTESIAN_POINT('Ctrl Pts',(40.7474360123133,154.938457072146,37.9837885785743));
#2628=CARTESIAN_POINT('Ctrl Pts',(50.2066498721314,154.15143321936,24.7497458346993));
#2629=CARTESIAN_POINT('Ctrl Pts',(55.1677505308813,153.27696227182,7.51166918099846));
#2630=CARTESIAN_POINT('Ctrl Pts',(55.0091176379575,152.489938419035,-8.62305965077006));
#2631=CARTESIAN_POINT('Ctrl Pts',(50.2229293789642,151.702914566249,-24.038857971464));
#2632=CARTESIAN_POINT('Ctrl Pts',(41.2198494566845,150.915890713463,-37.4321465580142));
#2633=CARTESIAN_POINT('Ctrl Pts',(28.7522382223908,150.128866860677,-47.6818544588532));
#2634=CARTESIAN_POINT('Ctrl Pts',(13.8695882471813,149.341843007891,-53.9245200040502));
#2635=CARTESIAN_POINT('Ctrl Pts',(-2.17876404860962,148.554819155106,-55.6371442804043));
#2636=CARTESIAN_POINT('Ctrl Pts',(-18.04374014261,147.76779530232,-52.6751016770597));
#2637=CARTESIAN_POINT('Ctrl Pts',(-32.3931051315668,146.980771449534,-45.2873643450634));
#2638=CARTESIAN_POINT('Ctrl Pts',(-42.0819059675046,146.324918238879,-35.9596051611812));
#2639=CARTESIAN_POINT('Ctrl Pts',(-47.98575440364,145.800235670355,-27.066290979113));
#2640=CARTESIAN_POINT('Ctrl Pts',(-52.5424620806483,145.275553101832,-17.413532954838));
#2641=CARTESIAN_POINT('Ctrl Pts',(-55.5149803085274,144.619699891177,-4.29659076313614));
#2642=CARTESIAN_POINT('Ctrl Pts',(-54.6416387800131,143.996639341055,8.45051629287984));
#2643=CARTESIAN_POINT('Ctrl Pts',(-51.1100846841096,143.3407861304,21.3011501306283));
#2644=CARTESIAN_POINT('Ctrl Pts',(-43.5533153926904,142.553762277614,35.6146513336593));
#2645=CARTESIAN_POINT('Ctrl Pts',(-26.3996104718853,141.471604480034,50.1519653530418));
#2646=CARTESIAN_POINT('Ctrl Pts',(-4.69916702458729,140.389446682453,56.0677994083368));
#2647=CARTESIAN_POINT('Ctrl Pts',(11.3739967020533,139.602422829667,54.1879735233618));
#2648=CARTESIAN_POINT('Ctrl Pts',(26.4885346462487,138.815398976882,48.9586404006733));
#2649=CARTESIAN_POINT('Ctrl Pts',(41.6084685525106,137.929997142498,38.4789247967723));
#2650=CARTESIAN_POINT('Ctrl Pts',(53.9704408887289,136.749461363319,17.2881610006096));
#2651=CARTESIAN_POINT('Ctrl Pts',(56.2218269955775,135.56892558414,-7.14105162902285));
#2652=CARTESIAN_POINT('Ctrl Pts',(50.0051429926934,134.683523749756,-24.4558164614784));
#2653=CARTESIAN_POINT('Ctrl Pts',(40.7421656226626,133.89649989697,-37.4934253022525));
#2654=CARTESIAN_POINT('Ctrl Pts',(28.7528119896322,133.109476044185,-48.36436997526));
#2655=CARTESIAN_POINT('Ctrl Pts',(7.65401739123246,132.027318246604,-56.1530012272087));
#2656=CARTESIAN_POINT('Ctrl Pts',(-16.7907633083143,130.846782467425,-54.1268899397214));
#2657=CARTESIAN_POINT('Ctrl Pts',(-38.097466862782,129.666246688247,-41.9595330997225));
#2658=CARTESIAN_POINT('Ctrl Pts',(-48.7107135581538,128.780844853863,-26.9357635201222));
#2659=CARTESIAN_POINT('Ctrl Pts',(-54.0832496621566,127.993821001077,-11.8706276151851));
#2660=CARTESIAN_POINT('Ctrl Pts',(-55.0913719243009,127.600309074684,-3.8430138089271));
#2661=CARTESIAN_POINT('Ctrl Pts',(-54.8578347012675,127.305175129889,2.14094742286845));
#2662=CARTESIAN_POINT('',(-54.8995963917582,127.410714875864,-2.68930459982593E-14));
#2663=CARTESIAN_POINT('Ctrl Pts',(-50.8130025538885,160.360176946892,20.7847168717209));
#2664=CARTESIAN_POINT('Ctrl Pts',(-47.7900386654662,159.9666650205,28.1750447136028));
#2665=CARTESIAN_POINT('Ctrl Pts',(-38.4727685620433,159.179641167714,41.6124440966646));
#2666=CARTESIAN_POINT('Ctrl Pts',(-17.2821801594914,157.999105388535,53.9729641576454));
#2667=CARTESIAN_POINT('Ctrl Pts',(7.15033180731772,156.818569609356,56.2213758925203));
#2668=CARTESIAN_POINT('Ctrl Pts',(25.9560238877155,155.856651567063,49.4627058566557));
#2669=CARTESIAN_POINT('Ctrl Pts',(40.7474360123133,154.938457072146,37.9837885785743));
#2670=CARTESIAN_POINT('Ctrl Pts',(50.2066498721314,154.15143321936,24.7497458346993));
#2671=CARTESIAN_POINT('Ctrl Pts',(55.1677505308813,153.27696227182,7.51166918099846));
#2672=CARTESIAN_POINT('Ctrl Pts',(55.0091176379575,152.489938419035,-8.62305965077006));
#2673=CARTESIAN_POINT('Ctrl Pts',(50.2229293789642,151.702914566249,-24.038857971464));
#2674=CARTESIAN_POINT('Ctrl Pts',(41.2198494566845,150.915890713463,-37.4321465580142));
#2675=CARTESIAN_POINT('Ctrl Pts',(28.7522382223908,150.128866860677,-47.6818544588532));
#2676=CARTESIAN_POINT('Ctrl Pts',(13.8695882471813,149.341843007891,-53.9245200040502));
#2677=CARTESIAN_POINT('Ctrl Pts',(-2.17876404860962,148.554819155106,-55.6371442804043));
#2678=CARTESIAN_POINT('Ctrl Pts',(-18.04374014261,147.76779530232,-52.6751016770597));
#2679=CARTESIAN_POINT('Ctrl Pts',(-32.3931051315668,146.980771449534,-45.2873643450634));
#2680=CARTESIAN_POINT('Ctrl Pts',(-42.0819059675046,146.324918238879,-35.9596051611812));
#2681=CARTESIAN_POINT('Ctrl Pts',(-47.98575440364,145.800235670355,-27.066290979113));
#2682=CARTESIAN_POINT('Ctrl Pts',(-52.5424620806483,145.275553101832,-17.413532954838));
#2683=CARTESIAN_POINT('Ctrl Pts',(-55.5149803085274,144.619699891177,-4.29659076313614));
#2684=CARTESIAN_POINT('Ctrl Pts',(-54.6416387800131,143.996639341055,8.45051629287984));
#2685=CARTESIAN_POINT('Ctrl Pts',(-51.1100846841096,143.3407861304,21.3011501306283));
#2686=CARTESIAN_POINT('Ctrl Pts',(-43.5533153926904,142.553762277614,35.6146513336593));
#2687=CARTESIAN_POINT('Ctrl Pts',(-26.3996104718853,141.471604480034,50.1519653530418));
#2688=CARTESIAN_POINT('Ctrl Pts',(-4.69916702458729,140.389446682453,56.0677994083368));
#2689=CARTESIAN_POINT('Ctrl Pts',(11.3739967020533,139.602422829667,54.1879735233618));
#2690=CARTESIAN_POINT('Ctrl Pts',(26.4885346462487,138.815398976882,48.9586404006733));
#2691=CARTESIAN_POINT('Ctrl Pts',(41.6084685525106,137.929997142498,38.4789247967723));
#2692=CARTESIAN_POINT('Ctrl Pts',(53.9704408887289,136.749461363319,17.2881610006096));
#2693=CARTESIAN_POINT('Ctrl Pts',(56.2218269955775,135.56892558414,-7.14105162902285));
#2694=CARTESIAN_POINT('Ctrl Pts',(50.0051429926934,134.683523749756,-24.4558164614784));
#2695=CARTESIAN_POINT('Ctrl Pts',(40.7421656226626,133.89649989697,-37.4934253022525));
#2696=CARTESIAN_POINT('Ctrl Pts',(28.7528119896322,133.109476044185,-48.36436997526));
#2697=CARTESIAN_POINT('Ctrl Pts',(7.65401739123246,132.027318246604,-56.1530012272087));
#2698=CARTESIAN_POINT('Ctrl Pts',(-16.7907633083143,130.846782467425,-54.1268899397214));
#2699=CARTESIAN_POINT('Ctrl Pts',(-38.097466862782,129.666246688247,-41.9595330997225));
#2700=CARTESIAN_POINT('Ctrl Pts',(-48.7107135581538,128.780844853863,-26.9357635201222));
#2701=CARTESIAN_POINT('Ctrl Pts',(-53.8430976457678,128.029000916397,-12.5440382158221));
#2702=CARTESIAN_POINT('Ctrl Pts',(-54.89770761815,127.670668905324,-5.27439250756264));
#2703=CARTESIAN_POINT('Ctrl Pts',(-54.8992411231103,127.410714875849,5.33852230255594E-5));
#2704=CARTESIAN_POINT('Ctrl Pts',(-54.8992411231,127.410714875864,5.33852237387389E-5));
#2705=CARTESIAN_POINT('Ctrl Pts',(-54.8992697124292,127.405868519634,0.0983855548165033));
#2706=CARTESIAN_POINT('Ctrl Pts',(-54.8990329212565,127.401022163403,0.19671794663521));
#2707=CARTESIAN_POINT('Ctrl Pts',(-54.8985305473557,127.396175807173,0.295049164980658));
#2708=CARTESIAN_POINT('Ctrl Pts',(-55.25,160.360176946907,0.));
#2709=CARTESIAN_POINT('Ctrl Pts',(-55.25,159.924093112693,8.90498550445336));
#2710=CARTESIAN_POINT('Ctrl Pts',(-50.8645069172579,159.051925444265,26.70710480331));
#2711=CARTESIAN_POINT('Ctrl Pts',(-32.6148514822194,157.743673941623,47.2942904407212));
#2712=CARTESIAN_POINT('Ctrl Pts',(-6.88970540513569,156.435422438981,57.0346235058051));
#2713=CARTESIAN_POINT('Ctrl Pts',(20.416436793615,155.127170936339,53.69957949145));
#2714=CARTESIAN_POINT('Ctrl Pts',(43.0408938099591,153.818919433697,38.0515699998371));
#2715=CARTESIAN_POINT('Ctrl Pts',(55.797219921805,152.510667931055,13.6794356184));
#2716=CARTESIAN_POINT('Ctrl Pts',(55.7602183090209,151.202416428413,-13.829283111415));
#2717=CARTESIAN_POINT('Ctrl Pts',(42.9385740224269,149.894164925771,-38.1671457620428));
#2718=CARTESIAN_POINT('Ctrl Pts',(20.2719392144653,148.585913423129,-53.7540785243658));
#2719=CARTESIAN_POINT('Ctrl Pts',(-7.04263289569652,147.277661920487,-57.0162544782669));
#2720=CARTESIAN_POINT('Ctrl Pts',(-32.7424765338541,145.969410417845,-47.205746999082));
#2721=CARTESIAN_POINT('Ctrl Pts',(-50.9351190111868,144.661158915203,-26.5718982599321));
#2722=CARTESIAN_POINT('Ctrl Pts',(-57.449355092409,143.352907412561,0.154356080637419));
#2723=CARTESIAN_POINT('Ctrl Pts',(-50.7915968263846,142.044655909919,26.8452196423488));
#2724=CARTESIAN_POINT('Ctrl Pts',(-32.4883389349434,140.736404407277,47.3810104636823));
#2725=CARTESIAN_POINT('Ctrl Pts',(-6.73614859221922,139.428152904636,57.0532755849967));
#2726=CARTESIAN_POINT('Ctrl Pts',(20.5604995197366,138.119901401994,53.6443691082071));
#2727=CARTESIAN_POINT('Ctrl Pts',(43.1430491059901,136.811649899352,37.9358599288139));
#2728=CARTESIAN_POINT('Ctrl Pts',(55.8337263031092,135.50339839671,13.5294502606286));
#2729=CARTESIAN_POINT('Ctrl Pts',(55.7229064932695,134.195146894068,-13.9790701329724));
#2730=CARTESIAN_POINT('Ctrl Pts',(42.8357984215089,132.886895391426,-38.2823052206178));
#2731=CARTESIAN_POINT('Ctrl Pts',(20.1275818897164,131.578643888784,-53.8085139748255));
#2732=CARTESIAN_POINT('Ctrl Pts',(-7.19608726273695,130.270392386142,-56.9967775152733));
#2733=CARTESIAN_POINT('Ctrl Pts',(-32.8685212557212,128.9621408835,-47.1183484001797));
#2734=CARTESIAN_POINT('Ctrl Pts',(-51.0072858753046,127.653889380858,-26.433393625218));
#2735=CARTESIAN_POINT('Ctrl Pts',(-55.2970541482479,126.78172171243,-8.60796545998305));
#2736=CARTESIAN_POINT('Ctrl Pts',(-55.249202306024,126.345637878216,0.296891475179923));
#2737=CARTESIAN_POINT('Ctrl Pts',(-55.25,160.735776763078,0.));
#2738=CARTESIAN_POINT('Ctrl Pts',(-55.25,160.299692928864,8.90512387921391));
#2739=CARTESIAN_POINT('Ctrl Pts',(-50.8645586934624,159.427525260437,26.7070638694674));
#2740=CARTESIAN_POINT('Ctrl Pts',(-32.6148708949564,158.119273757794,47.2943611625877));
#2741=CARTESIAN_POINT('Ctrl Pts',(-6.88971409893934,156.811022255153,57.0346552444463));
#2742=CARTESIAN_POINT('Ctrl Pts',(20.4164549408639,155.502770752511,53.6996303372882));
#2743=CARTESIAN_POINT('Ctrl Pts',(43.0409282035728,154.194519249869,38.05159769198));
#2744=CARTESIAN_POINT('Ctrl Pts',(55.797265757946,152.886267747227,13.6794483569901));
#2745=CARTESIAN_POINT('Ctrl Pts',(55.7602636212869,151.578016244585,-13.8292951393346));
#2746=CARTESIAN_POINT('Ctrl Pts',(42.9386091130187,150.269764741943,-38.1671765306832));
#2747=CARTESIAN_POINT('Ctrl Pts',(20.2719557099346,148.961513239301,-53.754122527708));
#2748=CARTESIAN_POINT('Ctrl Pts',(-7.04263862167649,147.653261736659,-57.0163008944543));
#2749=CARTESIAN_POINT('Ctrl Pts',(-32.7425032429062,146.345010234017,-47.2057855301461));
#2750=CARTESIAN_POINT('Ctrl Pts',(-50.9351605428144,145.036758731375,-26.5719199146887));
#2751=CARTESIAN_POINT('Ctrl Pts',(-57.4494019444216,143.728507228733,0.154356206520335));
#2752=CARTESIAN_POINT('Ctrl Pts',(-50.7916382410485,142.420255726091,26.8452415199671));
#2753=CARTESIAN_POINT('Ctrl Pts',(-32.4883654365593,141.112004223449,47.3810491377138));
#2754=CARTESIAN_POINT('Ctrl Pts',(-6.73615406869443,139.803752720807,57.0533220312831));
#2755=CARTESIAN_POINT('Ctrl Pts',(20.5605162514242,138.495501218165,53.644413022274));
#2756=CARTESIAN_POINT('Ctrl Pts',(43.1430843614136,137.187249715524,37.9358905084472));
#2757=CARTESIAN_POINT('Ctrl Pts',(55.8337716793542,135.878998212882,13.5294620448845));
#2758=CARTESIAN_POINT('Ctrl Pts',(55.7229522602966,134.57074671024,-13.9790831176838));
#2759=CARTESIAN_POINT('Ctrl Pts',(42.8358326658194,133.262495207598,-38.2823330971785));
#2760=CARTESIAN_POINT('Ctrl Pts',(20.127599763478,131.954243704956,-53.8085649174457));
#2761=CARTESIAN_POINT('Ctrl Pts',(-7.19609612696589,130.645992202314,-56.9968092067392));
#2762=CARTESIAN_POINT('Ctrl Pts',(-32.868541048209,129.337740699672,-47.1184190167088));
#2763=CARTESIAN_POINT('Ctrl Pts',(-51.0073374307994,128.02948919703,-26.4333524137417));
#2764=CARTESIAN_POINT('Ctrl Pts',(-55.2970548918187,127.157321528602,-8.60810383274577));
#2765=CARTESIAN_POINT('Ctrl Pts',(-55.249202306024,126.721237694388,0.296891475179923));
#2766=CARTESIAN_POINT('Ctrl Pts',(-55.1250717363284,161.110321648744,0.));
#2767=CARTESIAN_POINT('Ctrl Pts',(-55.1250717363284,160.67423781453,8.8849837960575));
#2768=CARTESIAN_POINT('Ctrl Pts',(-50.7495449373121,159.802070146102,26.6466765982869));
#2769=CARTESIAN_POINT('Ctrl Pts',(-32.5411233371233,158.49381864346,47.1874195512721));
#2770=CARTESIAN_POINT('Ctrl Pts',(-6.87413518548679,157.185567140818,56.9056906286591));
#2771=CARTESIAN_POINT('Ctrl Pts',(20.3702898101919,155.877315638176,53.578206101896));
#2772=CARTESIAN_POINT('Ctrl Pts',(42.943605351702,154.569064135534,37.9655566486275));
#2773=CARTESIAN_POINT('Ctrl Pts',(55.671098620528,153.260812632892,13.6485167436911));
#2774=CARTESIAN_POINT('Ctrl Pts',(55.6341801673706,151.95256113025,-13.7980247228436));
#2775=CARTESIAN_POINT('Ctrl Pts',(42.8415175977615,150.644309627609,-38.0808740510671));
#2776=CARTESIAN_POINT('Ctrl Pts',(20.2261173643883,149.336058124967,-53.6325752905184));
#2777=CARTESIAN_POINT('Ctrl Pts',(-7.02671401606039,148.027806622325,-56.8873773237272));
#2778=CARTESIAN_POINT('Ctrl Pts',(-32.6684668627497,146.719555119683,-47.0990452030094));
#2779=CARTESIAN_POINT('Ctrl Pts',(-50.8199874644692,145.411303617041,-26.5118362757397));
#2780=CARTESIAN_POINT('Ctrl Pts',(-57.3194990558383,144.103052114399,0.154007180831312));
#2781=CARTESIAN_POINT('Ctrl Pts',(-50.6767896910847,142.794800611757,26.7845398542892));
#2782=CARTESIAN_POINT('Ctrl Pts',(-32.4149037052998,141.486549109115,47.2739125096902));
#2783=CARTESIAN_POINT('Ctrl Pts',(-6.72092247687133,140.178297606473,56.9243147494592));
#2784=CARTESIAN_POINT('Ctrl Pts',(20.5140254212882,138.870046103831,53.5231138569672));
#2785=CARTESIAN_POINT('Ctrl Pts',(43.0455304928321,137.561794601189,37.8501110059562));
#2786=CARTESIAN_POINT('Ctrl Pts',(55.7075220110656,136.253543098547,13.4988696020922));
#2787=CARTESIAN_POINT('Ctrl Pts',(55.5969531586265,134.945291595905,-13.9474739790711));
#2788=CARTESIAN_POINT('Ctrl Pts',(42.7389735693539,133.637040093263,-38.1957703218687));
#2789=CARTESIAN_POINT('Ctrl Pts',(20.0820877847701,132.328788590621,-53.6868943621555));
#2790=CARTESIAN_POINT('Ctrl Pts',(-7.17982443400527,131.02053708798,-56.8679301678008));
#2791=CARTESIAN_POINT('Ctrl Pts',(-32.7942198935477,129.712285585338,-47.0118752393827));
#2792=CARTESIAN_POINT('Ctrl Pts',(-50.8920008380837,128.404034082696,-26.3735840525032));
#2793=CARTESIAN_POINT('Ctrl Pts',(-55.1720202070707,127.531866414268,-8.58863535505751));
#2794=CARTESIAN_POINT('Ctrl Pts',(-55.1242758460542,127.095782580054,0.296220160492264));
#2795=CARTESIAN_POINT('Ctrl Pts',(-54.8995963917582,161.410714875864,0.));
#2796=CARTESIAN_POINT('Ctrl Pts',(-54.8995963917582,160.97463104165,8.84850877952845));
#2797=CARTESIAN_POINT('Ctrl Pts',(-50.5419167497421,160.102463373222,26.5377244252327));
#2798=CARTESIAN_POINT('Ctrl Pts',(-32.4080033077101,158.79421187058,46.9943431100485));
#2799=CARTESIAN_POINT('Ctrl Pts',(-6.84600988235411,157.485960367938,56.6729015533861));
#2800=CARTESIAN_POINT('Ctrl Pts',(20.2869527552453,156.177708865296,53.3590088776062));
#2801=CARTESIAN_POINT('Ctrl Pts',(42.7679221449281,154.869457362654,37.8102413586207));
#2802=CARTESIAN_POINT('Ctrl Pts',(55.4433457645116,153.561205860012,13.5926786301756));
#2803=CARTESIAN_POINT('Ctrl Pts',(55.4065788213859,152.25295435737,-13.741575768399));
#2804=CARTESIAN_POINT('Ctrl Pts',(42.6662512845045,150.944702854728,-37.9250841223811));
#2805=CARTESIAN_POINT('Ctrl Pts',(20.1433716009484,149.636451352086,-53.4131622696572));
#2806=CARTESIAN_POINT('Ctrl Pts',(-6.99796748432683,148.328199849444,-56.6546490249164));
#2807=CARTESIAN_POINT('Ctrl Pts',(-32.5348189425377,147.019948346802,-46.9063612239105));
#2808=CARTESIAN_POINT('Ctrl Pts',(-50.6120810114086,145.71169684416,-26.4033753815952));
#2809=CARTESIAN_POINT('Ctrl Pts',(-57.0850028514037,144.403445341518,0.153377131721404));
#2810=CARTESIAN_POINT('Ctrl Pts',(-50.4694690653651,143.095193838876,26.6749633196932));
#2811=CARTESIAN_POINT('Ctrl Pts',(-32.2822931215754,141.786942336235,47.0805131418974));
#2812=CARTESIAN_POINT('Ctrl Pts',(-6.69342694928047,140.478690833593,56.6914353383543));
#2813=CARTESIAN_POINT('Ctrl Pts',(20.4301018144159,139.170439330951,53.3041486467162));
#2814=CARTESIAN_POINT('Ctrl Pts',(42.8694295570798,137.862187828309,37.695265137849));
#2815=CARTESIAN_POINT('Ctrl Pts',(55.4796206169881,136.553936325667,13.4436445015544));
#2816=CARTESIAN_POINT('Ctrl Pts',(55.3695036426458,135.245684823025,-13.8904128186836));
#2817=CARTESIAN_POINT('Ctrl Pts',(42.5641275015303,133.937433320383,-38.0395132227695));
#2818=CARTESIAN_POINT('Ctrl Pts',(19.9999298115383,132.629181817741,-53.4672524825014));
#2819=CARTESIAN_POINT('Ctrl Pts',(-7.15044862125125,131.320930315099,-56.6352955876804));
#2820=CARTESIAN_POINT('Ctrl Pts',(-32.6600642702809,130.012678812457,-46.8195169197487));
#2821=CARTESIAN_POINT('Ctrl Pts',(-50.6837901826833,128.704427309815,-26.2657491636008));
#2822=CARTESIAN_POINT('Ctrl Pts',(-54.9463521156925,127.832259641387,-8.5533724797695));
#2823=CARTESIAN_POINT('Ctrl Pts',(-54.8988037568745,127.396175807173,0.295008545873872));
#2824=CARTESIAN_POINT('Ctrl Pts',(-55.25,160.360176946907,0.));
#2825=CARTESIAN_POINT('Ctrl Pts',(-55.25,159.924093112693,8.90498550445336));
#2826=CARTESIAN_POINT('Ctrl Pts',(-50.8645069172579,159.051925444265,26.70710480331));
#2827=CARTESIAN_POINT('Ctrl Pts',(-32.6148514822194,157.743673941623,47.2942904407212));
#2828=CARTESIAN_POINT('Ctrl Pts',(-6.88970540513569,156.435422438981,57.0346235058051));
#2829=CARTESIAN_POINT('Ctrl Pts',(20.416436793615,155.127170936339,53.69957949145));
#2830=CARTESIAN_POINT('Ctrl Pts',(43.0408938099591,153.818919433697,38.0515699998371));
#2831=CARTESIAN_POINT('Ctrl Pts',(55.797219921805,152.510667931055,13.6794356184));
#2832=CARTESIAN_POINT('Ctrl Pts',(55.7602183090209,151.202416428413,-13.829283111415));
#2833=CARTESIAN_POINT('Ctrl Pts',(42.9385740224269,149.894164925771,-38.1671457620428));
#2834=CARTESIAN_POINT('Ctrl Pts',(20.2719392144653,148.585913423129,-53.7540785243658));
#2835=CARTESIAN_POINT('Ctrl Pts',(-7.04263289569652,147.277661920487,-57.0162544782669));
#2836=CARTESIAN_POINT('Ctrl Pts',(-32.7424765338541,145.969410417845,-47.205746999082));
#2837=CARTESIAN_POINT('Ctrl Pts',(-50.9351190111868,144.661158915203,-26.5718982599321));
#2838=CARTESIAN_POINT('Ctrl Pts',(-57.449355092409,143.352907412561,0.154356080637419));
#2839=CARTESIAN_POINT('Ctrl Pts',(-50.7915968263846,142.044655909919,26.8452196423488));
#2840=CARTESIAN_POINT('Ctrl Pts',(-32.4883389349434,140.736404407277,47.3810104636823));
#2841=CARTESIAN_POINT('Ctrl Pts',(-6.73614859221922,139.428152904636,57.0532755849967));
#2842=CARTESIAN_POINT('Ctrl Pts',(20.5604995197366,138.119901401994,53.6443691082071));
#2843=CARTESIAN_POINT('Ctrl Pts',(43.1430491059901,136.811649899352,37.9358599288139));
#2844=CARTESIAN_POINT('Ctrl Pts',(55.8337263031092,135.50339839671,13.5294502606286));
#2845=CARTESIAN_POINT('Ctrl Pts',(55.7229064932695,134.195146894068,-13.9790701329724));
#2846=CARTESIAN_POINT('Ctrl Pts',(42.8357984215089,132.886895391426,-38.2823052206178));
#2847=CARTESIAN_POINT('Ctrl Pts',(20.1275818897164,131.578643888784,-53.8085139748255));
#2848=CARTESIAN_POINT('Ctrl Pts',(-7.19608726273695,130.270392386142,-56.9967775152733));
#2849=CARTESIAN_POINT('Ctrl Pts',(-32.8685212557212,128.9621408835,-47.1183484001797));
#2850=CARTESIAN_POINT('Ctrl Pts',(-50.9400916739276,127.658735737088,-26.510020068406));
#2851=CARTESIAN_POINT('Ctrl Pts',(-55.2491394903351,126.79141442489,-8.80594124200514));
#2852=CARTESIAN_POINT('Ctrl Pts',(-55.2499855692892,126.360176946907,1.34196642034845E-6));
#2853=CARTESIAN_POINT('Ctrl Pts',(-52.9545640858475,122.568480637045,2.19411542036236));
#2854=CARTESIAN_POINT('Ctrl Pts',(-53.2849689598274,122.975913474565,-5.78014423392659));
#2855=CARTESIAN_POINT('Ctrl Pts',(-50.2853736276055,123.790779149605,-21.8733976134514));
#2856=CARTESIAN_POINT('Ctrl Pts',(-35.6889585616361,125.013077662165,-41.6365155313025));
#2857=CARTESIAN_POINT('Ctrl Pts',(-17.5607304770698,126.031659755965,-51.1306669742505));
#2858=CARTESIAN_POINT('Ctrl Pts',(-3.64550143785476,126.744667221625,-53.1378814623789));
#2859=CARTESIAN_POINT('Ctrl Pts',(4.34450262926215,127.152100059145,-52.9345227922721));
#2860=CARTESIAN_POINT('Ctrl Pts',(15.344126057748,127.717979000145,-51.409776407127));
#2861=CARTESIAN_POINT('Ctrl Pts',(27.2361808652484,128.363080992885,-46.4376386535126));
#2862=CARTESIAN_POINT('Ctrl Pts',(39.5384608469559,129.177946667925,-36.1367771731641));
#2863=CARTESIAN_POINT('Ctrl Pts',(47.9142001947625,129.902271712405,-24.4871299518767));
#2864=CARTESIAN_POINT('Ctrl Pts',(53.0208759000474,130.717137387445,-9.16987694982818));
#2865=CARTESIAN_POINT('Ctrl Pts',(53.3545221767204,131.532003062485,6.96994670977111));
#2866=CARTESIAN_POINT('Ctrl Pts',(48.885230781723,132.346868737525,22.4843229982754));
#2867=CARTESIAN_POINT('Ctrl Pts',(40.0154025981815,133.161734412565,35.9722801471357));
#2868=CARTESIAN_POINT('Ctrl Pts',(27.5427807160048,133.976600087605,46.2261894744768));
#2869=CARTESIAN_POINT('Ctrl Pts',(12.5920878018884,134.791465762645,52.3108410744564));
#2870=CARTESIAN_POINT('Ctrl Pts',(-5.28341839978336,135.696872068245,53.8541562625169));
#2871=CARTESIAN_POINT('Ctrl Pts',(-20.9950315465329,136.511737743285,49.5763060120576));
#2872=CARTESIAN_POINT('Ctrl Pts',(-34.5253287435337,137.326603418325,40.9518519694853));
#2873=CARTESIAN_POINT('Ctrl Pts',(-44.3425424596391,138.050928462805,30.4860793987033));
#2874=CARTESIAN_POINT('Ctrl Pts',(-51.3835112893394,138.865794137845,15.9583104162736));
#2875=CARTESIAN_POINT('Ctrl Pts',(-54.2193280616507,139.816470758725,-2.66298769245214));
#2876=CARTESIAN_POINT('Ctrl Pts',(-49.3374630613393,140.902958325445,-23.941130686463));
#2877=CARTESIAN_POINT('Ctrl Pts',(-33.9317076610096,142.125256838005,-43.0771704834115));
#2878=CARTESIAN_POINT('Ctrl Pts',(-11.725430102034,143.347555350565,-53.5678266986476));
#2879=CARTESIAN_POINT('Ctrl Pts',(12.8392422614672,144.569853863126,-53.3152511218351));
#2880=CARTESIAN_POINT('Ctrl Pts',(34.8220300352989,145.792152375685,-42.359141385371));
#2881=CARTESIAN_POINT('Ctrl Pts',(49.8226449129882,147.014450888246,-22.9087184927796));
#2882=CARTESIAN_POINT('Ctrl Pts',(54.8231461790268,148.236749400806,1.13965002438187));
#2883=CARTESIAN_POINT('Ctrl Pts',(48.8301572495713,149.459047913365,24.959447206249));
#2884=CARTESIAN_POINT('Ctrl Pts',(33.0320142481178,150.681346425926,43.7705692325087));
#2885=CARTESIAN_POINT('Ctrl Pts',(10.6118560326771,151.903644938486,53.8005391888269));
#2886=CARTESIAN_POINT('Ctrl Pts',(-13.9403850577389,153.125943451046,53.0351110733395));
#2887=CARTESIAN_POINT('Ctrl Pts',(-35.6933881441381,154.348241963606,41.6299812952979));
#2888=CARTESIAN_POINT('Ctrl Pts',(-50.287524700514,155.570540476166,21.8698210177711));
#2889=CARTESIAN_POINT('Ctrl Pts',(-53.2855592759244,156.385406151206,5.77469973823019));
#2890=CARTESIAN_POINT('Ctrl Pts',(-52.9543396226415,156.792838988726,-2.19952611485734));
#2891=CARTESIAN_POINT('Ctrl Pts',(-53.5852649250963,123.442593895444,2.2661285671909));
#2892=CARTESIAN_POINT('Ctrl Pts',(-53.9265140301874,123.850026732964,-5.80310632375933));
#2893=CARTESIAN_POINT('Ctrl Pts',(-50.9050049127762,124.664892408004,-22.0912051810236));
#2894=CARTESIAN_POINT('Ctrl Pts',(-36.1513138971594,125.887190920564,-42.1030394744936));
#2895=CARTESIAN_POINT('Ctrl Pts',(-17.814736640278,126.905773014364,-51.7262883431316));
#2896=CARTESIAN_POINT('Ctrl Pts',(-3.73501149171177,127.618780480024,-53.7695168722964));
#2897=CARTESIAN_POINT('Ctrl Pts',(4.35061756506702,128.026213317544,-53.5706396778065));
#2898=CARTESIAN_POINT('Ctrl Pts',(15.4829619987637,128.592092258544,-52.0371925028459));
#2899=CARTESIAN_POINT('Ctrl Pts',(27.5213806132205,129.237194251284,-47.0159430948192));
#2900=CARTESIAN_POINT('Ctrl Pts',(39.9795339623603,130.052059926324,-36.6026675034706));
#2901=CARTESIAN_POINT('Ctrl Pts',(48.4654065808673,130.776384970804,-24.8210972995263));
#2902=CARTESIAN_POINT('Ctrl Pts',(53.646335344159,131.591250645844,-9.32528034404282));
#2903=CARTESIAN_POINT('Ctrl Pts',(53.997927232639,132.406116320884,7.00706209705743));
#2904=CARTESIAN_POINT('Ctrl Pts',(49.4886642801474,133.220981995925,22.7106397479998));
#2905=CARTESIAN_POINT('Ctrl Pts',(40.5245427309268,134.035847670964,36.3673966926756));
#2906=CARTESIAN_POINT('Ctrl Pts',(27.9117910478689,134.850713346005,46.7545878463172));
#2907=CARTESIAN_POINT('Ctrl Pts',(12.7877590132849,135.665579021044,52.9248584171212));
#2908=CARTESIAN_POINT('Ctrl Pts',(-5.29995426273086,136.570985326645,54.5020712465641));
#2909=CARTESIAN_POINT('Ctrl Pts',(-21.20295939241,137.385851001685,50.1867070032306));
#2910=CARTESIAN_POINT('Ctrl Pts',(-34.9023499501628,138.200716676725,41.470927471386));
#2911=CARTESIAN_POINT('Ctrl Pts',(-44.8458929104875,138.925041721205,30.8886213375333));
#2912=CARTESIAN_POINT('Ctrl Pts',(-51.983539137137,139.739907396245,16.1933926604009));
#2913=CARTESIAN_POINT('Ctrl Pts',(-54.869338916581,140.690584017125,-2.64790387420734));
#2914=CARTESIAN_POINT('Ctrl Pts',(-49.9475589952021,141.777071583845,-24.18445940352));
#2915=CARTESIAN_POINT('Ctrl Pts',(-34.3743168339517,142.999370096405,-43.5624244853198));
#2916=CARTESIAN_POINT('Ctrl Pts',(-11.9118353725271,144.221668608965,-54.1976096718465));
#2917=CARTESIAN_POINT('Ctrl Pts',(12.9465065945736,145.443967121525,-53.9632635855482));
#2918=CARTESIAN_POINT('Ctrl Pts',(35.2013784446477,146.666265634085,-42.8952850828765));
#2919=CARTESIAN_POINT('Ctrl Pts',(50.3980149202138,147.888564146645,-23.2254807116236));
#2920=CARTESIAN_POINT('Ctrl Pts',(55.4790527000021,149.110862659205,1.10584605549875));
#2921=CARTESIAN_POINT('Ctrl Pts',(49.4350736505287,150.333161171765,25.2153795825007));
#2922=CARTESIAN_POINT('Ctrl Pts',(33.4644753690233,151.555459684325,44.2648847938435));
#2923=CARTESIAN_POINT('Ctrl Pts',(10.7851597568209,152.777758196885,54.4340653262718));
#2924=CARTESIAN_POINT('Ctrl Pts',(-14.0610460150537,154.000056709445,53.6807293799527));
#2925=CARTESIAN_POINT('Ctrl Pts',(-36.0837765270251,155.222355222005,42.1581680654868));
#2926=CARTESIAN_POINT('Ctrl Pts',(-50.8693467671419,156.444653734565,22.1745745905807));
#2927=CARTESIAN_POINT('Ctrl Pts',(-53.9171172423943,157.259519409605,5.88977306207677));
#2928=CARTESIAN_POINT('Ctrl Pts',(-53.5888379821835,157.666952247125,-2.17999988419438));
#2929=CARTESIAN_POINT('Ctrl Pts',(-54.2159657643452,124.316707153843,2.33814171401944));
#2930=CARTESIAN_POINT('Ctrl Pts',(-54.5680591005474,124.724139991364,-5.82606841359209));
#2931=CARTESIAN_POINT('Ctrl Pts',(-51.5246361979469,125.539005666404,-22.3090127485959));
#2932=CARTESIAN_POINT('Ctrl Pts',(-36.6136692326827,126.761304178964,-42.5695634176847));
#2933=CARTESIAN_POINT('Ctrl Pts',(-18.0687428034862,127.779886272764,-52.3219097120127));
#2934=CARTESIAN_POINT('Ctrl Pts',(-3.82452154556879,128.492893738424,-54.4011522822139));
#2935=CARTESIAN_POINT('Ctrl Pts',(4.35673250087189,128.900326575944,-54.2067565633408));
#2936=CARTESIAN_POINT('Ctrl Pts',(15.6217979397794,129.466205516944,-52.6646085985649));
#2937=CARTESIAN_POINT('Ctrl Pts',(27.8065803611926,130.111307509684,-47.5942475361257));
#2938=CARTESIAN_POINT('Ctrl Pts',(40.4206070777647,130.926173184724,-37.0685578337772));
#2939=CARTESIAN_POINT('Ctrl Pts',(49.0166129669721,131.650498229204,-25.1550646471758));
#2940=CARTESIAN_POINT('Ctrl Pts',(54.2717947882707,132.465363904244,-9.48068373825744));
#2941=CARTESIAN_POINT('Ctrl Pts',(54.6413322885576,133.280229579284,7.04417748434372));
#2942=CARTESIAN_POINT('Ctrl Pts',(50.0920977785719,134.095095254324,22.9369564977242));
#2943=CARTESIAN_POINT('Ctrl Pts',(41.0336828636722,134.909960929364,36.7625132382154));
#2944=CARTESIAN_POINT('Ctrl Pts',(28.2808013797328,135.724826604404,47.2829862181576));
#2945=CARTESIAN_POINT('Ctrl Pts',(12.9834302246815,136.539692279444,53.538875759786));
#2946=CARTESIAN_POINT('Ctrl Pts',(-5.31649012567838,137.445098585044,55.1499862306113));
#2947=CARTESIAN_POINT('Ctrl Pts',(-21.4108872382871,138.259964260084,50.7971079944035));
#2948=CARTESIAN_POINT('Ctrl Pts',(-35.2793711567919,139.074829935124,41.9900029732867));
#2949=CARTESIAN_POINT('Ctrl Pts',(-45.3492433613358,139.799154979604,31.2911632763633));
#2950=CARTESIAN_POINT('Ctrl Pts',(-52.5835669849346,140.614020654644,16.4284749045282));
#2951=CARTESIAN_POINT('Ctrl Pts',(-55.5193497715113,141.564697275524,-2.63282005596254));
#2952=CARTESIAN_POINT('Ctrl Pts',(-50.5576549290648,142.651184842244,-24.427788120577));
#2953=CARTESIAN_POINT('Ctrl Pts',(-34.8169260068938,143.873483354804,-44.0476784872281));
#2954=CARTESIAN_POINT('Ctrl Pts',(-12.0982406430202,145.095781867364,-54.8273926450453));
#2955=CARTESIAN_POINT('Ctrl Pts',(13.05377092768,146.318080379924,-54.6112760492613));
#2956=CARTESIAN_POINT('Ctrl Pts',(35.5807268539965,147.540378892484,-43.4314287803818));
#2957=CARTESIAN_POINT('Ctrl Pts',(50.9733849274393,148.762677405044,-23.5422429304676));
#2958=CARTESIAN_POINT('Ctrl Pts',(56.1349592209774,149.984975917604,1.07204208661566));
#2959=CARTESIAN_POINT('Ctrl Pts',(50.039990051486,151.207274430164,25.4713119587524));
#2960=CARTESIAN_POINT('Ctrl Pts',(33.8969364899288,152.429572942724,44.7592003551784));
#2961=CARTESIAN_POINT('Ctrl Pts',(10.9584634809646,153.651871455284,55.0675914637166));
#2962=CARTESIAN_POINT('Ctrl Pts',(-14.1817069723685,154.874169967844,54.3263476865658));
#2963=CARTESIAN_POINT('Ctrl Pts',(-36.4741649099121,156.096468480404,42.6863548356758));
#2964=CARTESIAN_POINT('Ctrl Pts',(-51.4511688337698,157.318766992964,22.4793281633903));
#2965=CARTESIAN_POINT('Ctrl Pts',(-54.5486752088641,158.133632668004,6.00484638592336));
#2966=CARTESIAN_POINT('Ctrl Pts',(-54.2233363417255,158.541065505524,-2.16047365353141));
#2967=CARTESIAN_POINT('Ctrl Pts',(-54.8466666035941,125.190820412243,2.41015486084798));
#2968=CARTESIAN_POINT('Ctrl Pts',(-55.2096041709073,125.598253249763,-5.84903050342484));
#2969=CARTESIAN_POINT('Ctrl Pts',(-52.1442674831176,126.413118924803,-22.5268203161681));
#2970=CARTESIAN_POINT('Ctrl Pts',(-37.076024568206,127.635417437363,-43.0360873608757));
#2971=CARTESIAN_POINT('Ctrl Pts',(-18.3227489666944,128.653999531163,-52.9175310808938));
#2972=CARTESIAN_POINT('Ctrl Pts',(-3.9140315994258,129.367006996823,-55.0327876921314));
#2973=CARTESIAN_POINT('Ctrl Pts',(4.36284743667676,129.774439834343,-54.8428734488752));
#2974=CARTESIAN_POINT('Ctrl Pts',(15.7606338807951,130.340318775343,-53.2920246942838));
#2975=CARTESIAN_POINT('Ctrl Pts',(28.0917801091647,130.985420768083,-48.1725519774322));
#2976=CARTESIAN_POINT('Ctrl Pts',(40.8616801931691,131.800286443123,-37.5344481640837));
#2977=CARTESIAN_POINT('Ctrl Pts',(49.567819353077,132.524611487603,-25.4890319948253));
#2978=CARTESIAN_POINT('Ctrl Pts',(54.8972542323822,133.339477162643,-9.63608713247208));
#2979=CARTESIAN_POINT('Ctrl Pts',(55.2847373444762,134.154342837683,7.08129287163005));
#2980=CARTESIAN_POINT('Ctrl Pts',(50.6955312769964,134.969208512723,23.1632732474486));
#2981=CARTESIAN_POINT('Ctrl Pts',(41.5428229964175,135.784074187763,37.1576297837553));
#2982=CARTESIAN_POINT('Ctrl Pts',(28.6498117115969,136.598939862803,47.8113845899979));
#2983=CARTESIAN_POINT('Ctrl Pts',(13.1791014360781,137.413805537843,54.1528931024508));
#2984=CARTESIAN_POINT('Ctrl Pts',(-5.33302598862588,138.319211843443,55.7979012146585));
#2985=CARTESIAN_POINT('Ctrl Pts',(-21.6188150841641,139.134077518483,51.4075089855765));
#2986=CARTESIAN_POINT('Ctrl Pts',(-35.656392363421,139.948943193523,42.5090784751874));
#2987=CARTESIAN_POINT('Ctrl Pts',(-45.8525938121842,140.673268238003,31.6937052151933));
#2988=CARTESIAN_POINT('Ctrl Pts',(-53.1835948327322,141.488133913043,16.6635571486555));
#2989=CARTESIAN_POINT('Ctrl Pts',(-56.1693606264415,142.438810533923,-2.61773623771772));
#2990=CARTESIAN_POINT('Ctrl Pts',(-51.1677508629276,143.525298100643,-24.6711168376341));
#2991=CARTESIAN_POINT('Ctrl Pts',(-35.2595351798359,144.747596613203,-44.5329324891363));
#2992=CARTESIAN_POINT('Ctrl Pts',(-12.2846459135132,145.969895125763,-55.4571756182442));
#2993=CARTESIAN_POINT('Ctrl Pts',(13.1610352607865,147.192193638323,-55.2592885129744));
#2994=CARTESIAN_POINT('Ctrl Pts',(35.9600752633453,148.414492150883,-43.9675724778873));
#2995=CARTESIAN_POINT('Ctrl Pts',(51.5487549346649,149.636790663443,-23.8590051493116));
#2996=CARTESIAN_POINT('Ctrl Pts',(56.7908657419526,150.859089176003,1.03823811773255));
#2997=CARTESIAN_POINT('Ctrl Pts',(50.6449064524435,152.081387688563,25.7272443350042));
#2998=CARTESIAN_POINT('Ctrl Pts',(34.3293976108343,153.303686201124,45.2535159165133));
#2999=CARTESIAN_POINT('Ctrl Pts',(11.1317672051084,154.525984713683,55.7011176011614));
#3000=CARTESIAN_POINT('Ctrl Pts',(-14.3023679296832,155.748283226244,54.9719659931789));
#3001=CARTESIAN_POINT('Ctrl Pts',(-36.864553292799,156.970581738804,43.2145416058648));
#3002=CARTESIAN_POINT('Ctrl Pts',(-52.0329909003977,158.192880251364,22.7840817361999));
#3003=CARTESIAN_POINT('Ctrl Pts',(-55.180233175334,159.007745926404,6.11991970976994));
#3004=CARTESIAN_POINT('Ctrl Pts',(-54.8578347012675,159.415178763924,-2.14094742286844));
#3005=CARTESIAN_POINT('',(-54.8995963917583,125.30963901795,-2.70696229825292E-13));
#3006=CARTESIAN_POINT('Ctrl Pts',(-54.8989092093444,125.30963901795,5.31904604817932E-5));
#3007=CARTESIAN_POINT('Ctrl Pts',(-54.8989589314842,125.304792661719,0.0983859720408776));
#3008=CARTESIAN_POINT('Ctrl Pts',(-54.8987425196238,125.299946305489,0.196718904447013));
#3009=CARTESIAN_POINT('Ctrl Pts',(-54.8982597203637,125.295099949259,0.295050589217037));
#3010=CARTESIAN_POINT('',(-54.8995963917582,159.30963901795,-1.98172401836991E-16));
#3011=CARTESIAN_POINT('Ctrl Pts',(-54.8989092093545,125.309639017964,5.3190461287711E-5));
#3012=CARTESIAN_POINT('Ctrl Pts',(-54.8951354200296,125.677465653577,-7.46316546328473));
#3013=CARTESIAN_POINT('Ctrl Pts',(-51.6560104287744,126.45272512671,-23.1913831567418));
#3014=CARTESIAN_POINT('Ctrl Pts',(-37.076024568206,127.635417437363,-43.0360873608757));
#3015=CARTESIAN_POINT('Ctrl Pts',(-18.3227489666944,128.653999531163,-52.9175310808938));
#3016=CARTESIAN_POINT('Ctrl Pts',(-3.9140315994258,129.367006996823,-55.0327876921314));
#3017=CARTESIAN_POINT('Ctrl Pts',(4.36284743667676,129.774439834343,-54.8428734488752));
#3018=CARTESIAN_POINT('Ctrl Pts',(15.7606338807951,130.340318775343,-53.2920246942838));
#3019=CARTESIAN_POINT('Ctrl Pts',(28.0917801091647,130.985420768083,-48.1725519774322));
#3020=CARTESIAN_POINT('Ctrl Pts',(40.8616801931691,131.800286443123,-37.5344481640837));
#3021=CARTESIAN_POINT('Ctrl Pts',(49.567819353077,132.524611487603,-25.4890319948253));
#3022=CARTESIAN_POINT('Ctrl Pts',(54.8972542323822,133.339477162643,-9.63608713247208));
#3023=CARTESIAN_POINT('Ctrl Pts',(55.2847373444762,134.154342837683,7.08129287163005));
#3024=CARTESIAN_POINT('Ctrl Pts',(50.6955312769964,134.969208512723,23.1632732474486));
#3025=CARTESIAN_POINT('Ctrl Pts',(41.5428229964175,135.784074187763,37.1576297837553));
#3026=CARTESIAN_POINT('Ctrl Pts',(28.6498117115969,136.598939862803,47.8113845899979));
#3027=CARTESIAN_POINT('Ctrl Pts',(13.1791014360781,137.413805537843,54.1528931024508));
#3028=CARTESIAN_POINT('Ctrl Pts',(-5.33302598862588,138.319211843443,55.7979012146585));
#3029=CARTESIAN_POINT('Ctrl Pts',(-21.6188150841641,139.134077518483,51.4075089855765));
#3030=CARTESIAN_POINT('Ctrl Pts',(-35.656392363421,139.948943193523,42.5090784751874));
#3031=CARTESIAN_POINT('Ctrl Pts',(-45.8525938121842,140.673268238003,31.6937052151933));
#3032=CARTESIAN_POINT('Ctrl Pts',(-53.1835948327322,141.488133913043,16.6635571486555));
#3033=CARTESIAN_POINT('Ctrl Pts',(-56.1693606264415,142.438810533923,-2.61773623771772));
#3034=CARTESIAN_POINT('Ctrl Pts',(-51.1677508629276,143.525298100643,-24.6711168376341));
#3035=CARTESIAN_POINT('Ctrl Pts',(-35.2595351798359,144.747596613203,-44.5329324891363));
#3036=CARTESIAN_POINT('Ctrl Pts',(-12.2846459135132,145.969895125763,-55.4571756182442));
#3037=CARTESIAN_POINT('Ctrl Pts',(13.1610352607865,147.192193638323,-55.2592885129744));
#3038=CARTESIAN_POINT('Ctrl Pts',(35.9600752633453,148.414492150883,-43.9675724778873));
#3039=CARTESIAN_POINT('Ctrl Pts',(51.5487549346649,149.636790663443,-23.8590051493116));
#3040=CARTESIAN_POINT('Ctrl Pts',(56.7908657419526,150.859089176003,1.03823811773255));
#3041=CARTESIAN_POINT('Ctrl Pts',(50.6449064524435,152.081387688563,25.7272443350042));
#3042=CARTESIAN_POINT('Ctrl Pts',(34.3293976108343,153.303686201124,45.2535159165133));
#3043=CARTESIAN_POINT('Ctrl Pts',(11.1317672051084,154.525984713683,55.7011176011614));
#3044=CARTESIAN_POINT('Ctrl Pts',(-14.3023679296832,155.748283226244,54.9719659931789));
#3045=CARTESIAN_POINT('Ctrl Pts',(-36.864553292799,156.970581738804,43.2145416058648));
#3046=CARTESIAN_POINT('Ctrl Pts',(-51.5964164097239,158.157700336044,23.3721065441974));
#3047=CARTESIAN_POINT('Ctrl Pts',(-54.8955015564355,158.937386095764,7.55311859699292));
#3048=CARTESIAN_POINT('Ctrl Pts',(-54.8990397204828,159.309639017964,-2.88876399746896E-5));
#3049=CARTESIAN_POINT('Ctrl Pts',(-54.8990397204726,159.30963901795,-2.88876407432588E-5));
#3050=CARTESIAN_POINT('Ctrl Pts',(-54.899085783787,159.31448537418,-0.0983632221367161));
#3051=CARTESIAN_POINT('Ctrl Pts',(-54.8988654743325,159.31933173041,-0.196697647293167));
#3052=CARTESIAN_POINT('Ctrl Pts',(-54.8983785316566,159.32417808664,-0.295030762574951));
#3053=CARTESIAN_POINT('Ctrl Pts',(-54.8988037568743,159.32417808664,-0.295008545873863));
#3054=CARTESIAN_POINT('Ctrl Pts',(-54.9463724396148,158.887907854109,8.55715460420957));
#3055=CARTESIAN_POINT('Ctrl Pts',(-50.6800605775214,158.015367389048,26.2770988890213));
#3056=CARTESIAN_POINT('Ctrl Pts',(-32.6417984615739,156.706556691456,46.8345812152922));
#3057=CARTESIAN_POINT('Ctrl Pts',(-7.11557024155064,155.397745993865,56.6416113024625));
#3058=CARTESIAN_POINT('Ctrl Pts',(20.0447956288377,154.088935296273,53.4524880098382));
#3059=CARTESIAN_POINT('Ctrl Pts',(42.6048389539301,152.780124598682,37.9967779177387));
#3060=CARTESIAN_POINT('Ctrl Pts',(55.3885383811647,151.47131390109,13.8222025710804));
#3061=CARTESIAN_POINT('Ctrl Pts',(55.4619676378393,150.162503203499,-13.5243476373199));
#3062=CARTESIAN_POINT('Ctrl Pts',(42.8084762672994,148.853692505907,-37.767357814364));
#3063=CARTESIAN_POINT('Ctrl Pts',(20.3315952691812,147.544881808316,-53.3438423100004));
#3064=CARTESIAN_POINT('Ctrl Pts',(-6.8108090279295,146.236071110724,-56.6793757736235));
#3065=CARTESIAN_POINT('Ctrl Pts',(-32.39032828762,144.927260413132,-47.008571075722));
#3066=CARTESIAN_POINT('Ctrl Pts',(-50.5371612627731,143.618449715541,-26.5505981276709));
#3067=CARTESIAN_POINT('Ctrl Pts',(-57.0871178893001,142.309639017949,2.90667958602517E-13));
#3068=CARTESIAN_POINT('Ctrl Pts',(-50.5371612627728,141.000828320358,26.5505981276714));
#3069=CARTESIAN_POINT('Ctrl Pts',(-32.3903282876195,139.692017622766,47.0085710757223));
#3070=CARTESIAN_POINT('Ctrl Pts',(-6.81080902792888,138.383206925175,56.6793757736236));
#3071=CARTESIAN_POINT('Ctrl Pts',(20.3315952691818,137.074396227583,53.3438423100001));
#3072=CARTESIAN_POINT('Ctrl Pts',(42.8084762672998,135.765585529991,37.7673578143636));
#3073=CARTESIAN_POINT('Ctrl Pts',(55.4619676378394,134.4567748324,13.5243476373194));
#3074=CARTESIAN_POINT('Ctrl Pts',(55.3885383811646,133.147964134808,-13.822202571081));
#3075=CARTESIAN_POINT('Ctrl Pts',(42.6048389539297,131.839153437217,-37.9967779177391));
#3076=CARTESIAN_POINT('Ctrl Pts',(20.0447956288372,130.530342739625,-53.4524880098384));
#3077=CARTESIAN_POINT('Ctrl Pts',(-7.11557024155121,129.221532042034,-56.6416113024624));
#3078=CARTESIAN_POINT('Ctrl Pts',(-32.6417984615743,127.912721344442,-46.8345812152918));
#3079=CARTESIAN_POINT('Ctrl Pts',(-50.6800605775216,126.603910646851,-26.2770988890208));
#3080=CARTESIAN_POINT('Ctrl Pts',(-54.9463724396149,125.731370181789,-8.55715460420906));
#3081=CARTESIAN_POINT('Ctrl Pts',(-54.8988037568743,125.295099949259,0.295008545874359));
#3082=CARTESIAN_POINT('Ctrl Pts',(-55.1242758460541,159.624571313759,-0.296220160492255));
#3083=CARTESIAN_POINT('Ctrl Pts',(-55.1720406147716,159.188301081229,8.59243307004003));
#3084=CARTESIAN_POINT('Ctrl Pts',(-50.8882558421901,158.315760616167,26.3849802731003));
#3085=CARTESIAN_POINT('Ctrl Pts',(-32.7758790036099,157.006949918576,47.027001358478));
#3086=CARTESIAN_POINT('Ctrl Pts',(-7.14480276631382,155.698139220984,56.8742717105744));
#3087=CARTESIAN_POINT('Ctrl Pts',(20.127137867908,154.389328523393,53.6720691535527));
#3088=CARTESIAN_POINT('Ctrl Pts',(42.7798521833061,153.080517825801,38.1528593958671));
#3089=CARTESIAN_POINT('Ctrl Pts',(55.6160659915318,151.77170712821,13.8789835124717));
#3090=CARTESIAN_POINT('Ctrl Pts',(55.6897964188499,150.462896430618,-13.5799042310295));
#3091=CARTESIAN_POINT('Ctrl Pts',(42.9843267413604,149.154085733026,-37.9224997609111));
#3092=CARTESIAN_POINT('Ctrl Pts',(20.4151141909651,147.845275035435,-53.5629704821791));
#3093=CARTESIAN_POINT('Ctrl Pts',(-6.83878673064862,146.536464337843,-56.9122055462403));
#3094=CARTESIAN_POINT('Ctrl Pts',(-32.5233826058981,145.227653640252,-47.201674834346));
#3095=CARTESIAN_POINT('Ctrl Pts',(-50.7447598686374,143.91884294266,-26.6596637429896));
#3096=CARTESIAN_POINT('Ctrl Pts',(-57.3216226816729,142.610032245069,3.05519606122354E-13));
#3097=CARTESIAN_POINT('Ctrl Pts',(-50.7447598686371,141.301221547477,26.65966374299));
#3098=CARTESIAN_POINT('Ctrl Pts',(-32.5233826058977,139.992410849886,47.2016748343464));
#3099=CARTESIAN_POINT('Ctrl Pts',(-6.83878673064798,138.683600152294,56.9122055462403));
#3100=CARTESIAN_POINT('Ctrl Pts',(20.4151141909656,137.374789454703,53.5629704821789));
#3101=CARTESIAN_POINT('Ctrl Pts',(42.9843267413608,136.065978757111,37.9224997609106));
#3102=CARTESIAN_POINT('Ctrl Pts',(55.68979641885,134.757168059519,13.579904231029));
#3103=CARTESIAN_POINT('Ctrl Pts',(55.6160659915316,133.448357361928,-13.8789835124722));
#3104=CARTESIAN_POINT('Ctrl Pts',(42.7798521833057,132.139546664336,-38.1528593958676));
#3105=CARTESIAN_POINT('Ctrl Pts',(20.1271378679074,130.830735966745,-53.6720691535528));
#3106=CARTESIAN_POINT('Ctrl Pts',(-7.14480276631436,129.521925269153,-56.8742717105744));
#3107=CARTESIAN_POINT('Ctrl Pts',(-32.7758790036103,128.213114571562,-47.0270013584777));
#3108=CARTESIAN_POINT('Ctrl Pts',(-50.8882558421903,126.90430387397,-26.3849802730998));
#3109=CARTESIAN_POINT('Ctrl Pts',(-55.1720406147717,126.031763408909,-8.59243307003952));
#3110=CARTESIAN_POINT('Ctrl Pts',(-55.1242758460541,125.595493176379,0.296220160492753));
#3111=CARTESIAN_POINT('Ctrl Pts',(-55.249202306024,159.999116199425,-0.296891475179914));
#3112=CARTESIAN_POINT('Ctrl Pts',(-55.297075345779,159.562845966894,8.61191015621844));
#3113=CARTESIAN_POINT('Ctrl Pts',(-51.0035839453786,158.690305501833,26.4447744574145));
#3114=CARTESIAN_POINT('Ctrl Pts',(-32.8501585908516,157.381494804242,47.1335794141727));
#3115=CARTESIAN_POINT('Ctrl Pts',(-7.16099508942478,156.07268410665,57.0031651175767));
#3116=CARTESIAN_POINT('Ctrl Pts',(20.172751942232,154.763873409059,53.7937061077792));
#3117=CARTESIAN_POINT('Ctrl Pts',(42.876803920356,153.455062711467,38.2393249200708));
#3118=CARTESIAN_POINT('Ctrl Pts',(55.7421084053773,152.146252013876,13.9104374307779));
#3119=CARTESIAN_POINT('Ctrl Pts',(55.8160059125759,150.837441316284,-13.6106803214591));
#3120=CARTESIAN_POINT('Ctrl Pts',(43.0817419017662,149.528630618692,-38.0084433155089));
#3121=CARTESIAN_POINT('Ctrl Pts',(20.4613808579316,148.219819921101,-53.6843599713389));
#3122=CARTESIAN_POINT('Ctrl Pts',(-6.85428543724308,146.911009223509,-57.0411853818216));
#3123=CARTESIAN_POINT('Ctrl Pts',(-32.5970901805011,145.602198525918,-47.3086477478324));
#3124=CARTESIAN_POINT('Ctrl Pts',(-50.8597624562045,144.293387828326,-26.7200824010676));
#3125=CARTESIAN_POINT('Ctrl Pts',(-57.4515303797819,142.984577130735,3.07641270053759E-13));
#3126=CARTESIAN_POINT('Ctrl Pts',(-50.8597624562042,141.675766433143,26.7200824010681));
#3127=CARTESIAN_POINT('Ctrl Pts',(-32.5970901805006,140.366955735552,47.3086477478328));
#3128=CARTESIAN_POINT('Ctrl Pts',(-6.85428543724248,139.05814503796,57.0411853818216));
#3129=CARTESIAN_POINT('Ctrl Pts',(20.4613808579321,137.749334340368,53.6843599713387));
#3130=CARTESIAN_POINT('Ctrl Pts',(43.0817419017666,136.440523642777,38.0084433155085));
#3131=CARTESIAN_POINT('Ctrl Pts',(55.8160059125761,135.131712945185,13.6106803214585));
#3132=CARTESIAN_POINT('Ctrl Pts',(55.7421084053772,133.822902247594,-13.9104374307785));
#3133=CARTESIAN_POINT('Ctrl Pts',(42.8768039203557,132.514091550002,-38.2393249200712));
#3134=CARTESIAN_POINT('Ctrl Pts',(20.1727519422315,131.20528085241,-53.7937061077794));
#3135=CARTESIAN_POINT('Ctrl Pts',(-7.16099508942533,129.896470154819,-57.0031651175767));
#3136=CARTESIAN_POINT('Ctrl Pts',(-32.850158590852,128.587659457227,-47.1335794141723));
#3137=CARTESIAN_POINT('Ctrl Pts',(-51.0035839453789,127.278848759636,-26.444774457414));
#3138=CARTESIAN_POINT('Ctrl Pts',(-55.2970753457791,126.406308294575,-8.61191015621792));
#3139=CARTESIAN_POINT('Ctrl Pts',(-55.249202306024,125.970038062044,0.296891475180413));
#3140=CARTESIAN_POINT('Ctrl Pts',(-55.249202306024,160.374716015597,-0.296891475179914));
#3141=CARTESIAN_POINT('Ctrl Pts',(-55.2970746018904,159.938445783066,8.6117717243101));
#3142=CARTESIAN_POINT('Ctrl Pts',(-51.0035324654668,159.065905318005,26.4448157916946));
#3143=CARTESIAN_POINT('Ctrl Pts',(-32.8501388631831,157.757094620414,47.1335088454924));
#3144=CARTESIAN_POINT('Ctrl Pts',(-7.16098626737251,156.448283922822,57.0031335409028));
#3145=CARTESIAN_POINT('Ctrl Pts',(20.1727340687617,155.139473225231,53.7936552660508));
#3146=CARTESIAN_POINT('Ctrl Pts',(42.8767697198959,153.830662527639,38.239297152105));
#3147=CARTESIAN_POINT('Ctrl Pts',(55.7420627234115,152.521851830047,13.9104245248485));
#3148=CARTESIAN_POINT('Ctrl Pts',(55.8159606515915,151.213041132456,-13.6106684943517));
#3149=CARTESIAN_POINT('Ctrl Pts',(43.0817067741388,149.904230434864,-38.0084127459428));
#3150=CARTESIAN_POINT('Ctrl Pts',(20.4613642440348,148.595419737273,-53.6843161213109));
#3151=CARTESIAN_POINT('Ctrl Pts',(-6.85427987681159,147.286609039681,-57.041139048571));
#3152=CARTESIAN_POINT('Ctrl Pts',(-32.5970636490812,145.97779834209,-47.3086092181828));
#3153=CARTESIAN_POINT('Ctrl Pts',(-50.8597210777928,144.668987644498,-26.7200606737802));
#3154=CARTESIAN_POINT('Ctrl Pts',(-57.4514836298021,143.360176946907,3.03397942190949E-13));
#3155=CARTESIAN_POINT('Ctrl Pts',(-50.8597210777925,142.051366249315,26.7200606737807));
#3156=CARTESIAN_POINT('Ctrl Pts',(-32.5970636490807,140.742555551723,47.3086092181832));
#3157=CARTESIAN_POINT('Ctrl Pts',(-6.85427987681096,139.433744854132,57.0411390485711));
#3158=CARTESIAN_POINT('Ctrl Pts',(20.4613642440354,138.12493415654,53.6843161213107));
#3159=CARTESIAN_POINT('Ctrl Pts',(43.0817067741392,136.816123458949,38.0084127459423));
#3160=CARTESIAN_POINT('Ctrl Pts',(55.8159606515916,135.507312761357,13.6106684943512));
#3161=CARTESIAN_POINT('Ctrl Pts',(55.7420627234113,134.198502063766,-13.910424524849));
#3162=CARTESIAN_POINT('Ctrl Pts',(42.8767697198955,132.889691366174,-38.2392971521054));
#3163=CARTESIAN_POINT('Ctrl Pts',(20.1727340687611,131.580880668582,-53.7936552660511));
#3164=CARTESIAN_POINT('Ctrl Pts',(-7.16098626737306,130.272069970991,-57.0031335409028));
#3165=CARTESIAN_POINT('Ctrl Pts',(-32.8501388631835,128.963259273399,-47.1335088454921));
#3166=CARTESIAN_POINT('Ctrl Pts',(-51.003532465467,127.654448575808,-26.4448157916942));
#3167=CARTESIAN_POINT('Ctrl Pts',(-55.2970746018905,126.781908110747,-8.61177172430959));
#3168=CARTESIAN_POINT('Ctrl Pts',(-55.249202306024,126.345637878216,0.296891475180413));
#3169=CARTESIAN_POINT('Ctrl Pts',(-62.94,81.261610004332,8.88178419700125E-15));
#3170=CARTESIAN_POINT('Ctrl Pts',(-62.94,81.261610004332,9.41576032671631));
#3171=CARTESIAN_POINT('Ctrl Pts',(-58.6501053089422,81.261610004332,28.2447960708104));
#3172=CARTESIAN_POINT('Ctrl Pts',(-42.5868129788306,81.261610004332,48.3688356653447));
#3173=CARTESIAN_POINT('Ctrl Pts',(-23.3385305627872,81.261610004332,59.4676675434646));
#3174=CARTESIAN_POINT('Ctrl Pts',(-4.77539376988408,81.261610004332,63.7101677401745));
#3175=CARTESIAN_POINT('Ctrl Pts',(14.2164853234588,81.261610004332,62.2839369469558));
#3176=CARTESIAN_POINT('Ctrl Pts',(31.9436593002477,81.261610004332,55.3283940787617));
#3177=CARTESIAN_POINT('Ctrl Pts',(46.8317739224024,81.2616100043321,43.4534779644508));
#3178=CARTESIAN_POINT('Ctrl Pts',(57.5609045391124,81.2616100043319,27.7198477710551));
#3179=CARTESIAN_POINT('Ctrl Pts',(63.172442274583,81.2616100043321,9.52180984258412));
#3180=CARTESIAN_POINT('Ctrl Pts',(63.1739742703885,81.261610004332,-9.5222543855611));
#3181=CARTESIAN_POINT('Ctrl Pts',(57.5595115872082,81.261610004332,-27.7182228996472));
#3182=CARTESIAN_POINT('Ctrl Pts',(46.832906307095,81.2616100043321,-43.4568008175093));
#3183=CARTESIAN_POINT('Ctrl Pts',(31.9428524265201,81.261610004332,-55.3233062386506));
#3184=CARTESIAN_POINT('Ctrl Pts',(11.2624702676941,81.261610004332,-63.4559289733239));
#3185=CARTESIAN_POINT('Ctrl Pts',(-14.4810664467025,81.2616100043321,-63.4621611034576));
#3186=CARTESIAN_POINT('Ctrl Pts',(-40.588480355652,81.261610004332,-50.8899523346802));
#3187=CARTESIAN_POINT('Ctrl Pts',(-55.6296069187934,81.2616100043321,-32.0168404638757));
#3188=CARTESIAN_POINT('Ctrl Pts',(-61.8759657280448,81.261610004332,-14.1212791387297));
#3189=CARTESIAN_POINT('Ctrl Pts',(-62.94,81.261610004332,-4.70788016335814));
#3190=CARTESIAN_POINT('Ctrl Pts',(-62.94,81.261610004332,2.22044604925031E-15));
#3191=CARTESIAN_POINT('Ctrl Pts',(-62.94,82.3594439638308,4.7473260166569E-14));
#3192=CARTESIAN_POINT('Ctrl Pts',(-62.94,82.3594439638308,9.41551075773768));
#3193=CARTESIAN_POINT('Ctrl Pts',(-58.6501180905422,82.3594439638307,28.2449135063997));
#3194=CARTESIAN_POINT('Ctrl Pts',(-42.5867073734945,82.3594439638308,48.3688102883272));
#3195=CARTESIAN_POINT('Ctrl Pts',(-23.3385291086276,82.3594439638307,59.467674519118));
#3196=CARTESIAN_POINT('Ctrl Pts',(-4.77544246445191,82.3594439638308,63.7101029905065));
#3197=CARTESIAN_POINT('Ctrl Pts',(14.2164835232911,82.3594439638307,62.2839491811708));
#3198=CARTESIAN_POINT('Ctrl Pts',(31.9436857472876,82.3594439638308,55.3283084699518));
#3199=CARTESIAN_POINT('Ctrl Pts',(46.8317616459378,82.3594439638308,43.4534933969085));
#3200=CARTESIAN_POINT('Ctrl Pts',(57.5608539289032,82.3594439638307,27.71982306921));
#3201=CARTESIAN_POINT('Ctrl Pts',(63.1724468719684,82.3594439638308,9.52179143636106));
#3202=CARTESIAN_POINT('Ctrl Pts',(63.1739230316271,82.3594439638307,-9.52218219274064));
#3203=CARTESIAN_POINT('Ctrl Pts',(57.5595220943658,82.3594439638308,-27.7182276888392));
#3204=CARTESIAN_POINT('Ctrl Pts',(46.8328207400878,82.3594439638307,-43.4568076586612));
#3205=CARTESIAN_POINT('Ctrl Pts',(31.9428657792127,82.3594439638308,-55.3232946164667));
#3206=CARTESIAN_POINT('Ctrl Pts',(11.2624948954741,82.3594439638307,-63.4558706820528));
#3207=CARTESIAN_POINT('Ctrl Pts',(-14.4810623579881,82.3594439638308,-63.4621513012401));
#3208=CARTESIAN_POINT('Ctrl Pts',(-40.5884305177553,82.3594439638307,-50.8899660051597));
#3209=CARTESIAN_POINT('Ctrl Pts',(-55.6296300248353,82.3594439638308,-32.0167261563507));
#3210=CARTESIAN_POINT('Ctrl Pts',(-61.8759350751513,82.3594439638307,-14.12131958579));
#3211=CARTESIAN_POINT('Ctrl Pts',(-62.94,82.3594439638308,-4.70775537886885));
#3212=CARTESIAN_POINT('Ctrl Pts',(-62.94,82.3594439638308,-3.44149810224889E-14));
#3213=CARTESIAN_POINT('Ctrl Pts',(-62.691877908467,85.3729386702925,1.54294147046459E-13));
#3214=CARTESIAN_POINT('Ctrl Pts',(-62.691877908467,85.3729386702925,9.37876325304202));
#3215=CARTESIAN_POINT('Ctrl Pts',(-58.4188886069764,85.3729386702924,28.1333921398832));
#3216=CARTESIAN_POINT('Ctrl Pts',(-42.4189787432592,85.3729386702923,48.1781684022558));
#3217=CARTESIAN_POINT('Ctrl Pts',(-23.2465261082182,85.3729386702924,59.2332306795036));
#3218=CARTESIAN_POINT('Ctrl Pts',(-4.75654445747934,85.3729386702924,63.4590410780951));
#3219=CARTESIAN_POINT('Ctrl Pts',(14.1604419678261,85.3729386702925,62.0383952195634));
#3220=CARTESIAN_POINT('Ctrl Pts',(31.8177180936961,85.3729386702924,55.1103202230721));
#3221=CARTESIAN_POINT('Ctrl Pts',(46.6471596742174,85.3729386702925,43.2821681193911));
#3222=CARTESIAN_POINT('Ctrl Pts',(57.3340126074695,85.3729386702924,27.6105826264131));
#3223=CARTESIAN_POINT('Ctrl Pts',(62.9234016064152,85.3729386702925,9.48428193885187));
#3224=CARTESIAN_POINT('Ctrl Pts',(62.9249547997613,85.3729386702924,-9.48475096655232));
#3225=CARTESIAN_POINT('Ctrl Pts',(57.3325953336973,85.3729386702924,-27.6089497747918));
#3226=CARTESIAN_POINT('Ctrl Pts',(46.6483233460837,85.3729386702925,-43.2854820639518));
#3227=CARTESIAN_POINT('Ctrl Pts',(31.8169207882732,85.3729386702924,-55.1052163494341));
#3228=CARTESIAN_POINT('Ctrl Pts',(11.2180593397174,85.3729386702925,-63.2058014209886));
#3229=CARTESIAN_POINT('Ctrl Pts',(-14.4239811756242,85.3729386702925,-63.2119853297671));
#3230=CARTESIAN_POINT('Ctrl Pts',(-40.4284967442357,85.3729386702925,-50.6893272770739));
#3231=CARTESIAN_POINT('Ctrl Pts',(-55.4102925904288,85.3729386702925,-31.8906794228488));
#3232=CARTESIAN_POINT('Ctrl Pts',(-61.6320532253544,85.3729386702925,-14.0655904966788));
#3233=CARTESIAN_POINT('Ctrl Pts',(-62.691877908467,85.3729386702925,-4.68938162652106));
#3234=CARTESIAN_POINT('Ctrl Pts',(-62.691877908467,85.3729386702925,-1.36075190506279E-13));
#3235=CARTESIAN_POINT('Ctrl Pts',(-61.2652514928749,91.6393277162581,3.7968628157898E-13));
#3236=CARTESIAN_POINT('Ctrl Pts',(-61.2652514928749,91.6393277162581,9.16535313747099));
#3237=CARTESIAN_POINT('Ctrl Pts',(-57.0894982765651,91.6393277162577,27.4931773279876));
#3238=CARTESIAN_POINT('Ctrl Pts',(-41.4536918139029,91.6393277162577,47.0818197617527));
#3239=CARTESIAN_POINT('Ctrl Pts',(-22.7175245211227,91.6393277162579,57.8853093883179));
#3240=CARTESIAN_POINT('Ctrl Pts',(-4.64830093620004,91.639327716258,62.0149607425418));
#3241=CARTESIAN_POINT('Ctrl Pts',(13.8382047869623,91.639327716258,60.6266388487622));
#3242=CARTESIAN_POINT('Ctrl Pts',(31.0936674651875,91.6393277162581,53.85622593045));
#3243=CARTESIAN_POINT('Ctrl Pts',(45.5856501511974,91.639327716258,42.2972312707135));
#3244=CARTESIAN_POINT('Ctrl Pts',(56.0293135780686,91.639327716258,26.9822732230246));
#3245=CARTESIAN_POINT('Ctrl Pts',(61.4915063329294,91.6393277162581,9.26845717099346));
#3246=CARTESIAN_POINT('Ctrl Pts',(61.49302743086,91.639327716258,-9.26891865545495));
#3247=CARTESIAN_POINT('Ctrl Pts',(56.0279249993715,91.639327716258,-26.9806758126496));
#3248=CARTESIAN_POINT('Ctrl Pts',(45.5867916073938,91.6393277162581,-42.3004703025791));
#3249=CARTESIAN_POINT('Ctrl Pts',(31.0928890653806,91.639327716258,-53.851233895837));
#3250=CARTESIAN_POINT('Ctrl Pts',(10.9627779513111,91.6393277162581,-61.7674834717992));
#3251=CARTESIAN_POINT('Ctrl Pts',(-14.0957469875129,91.639327716258,-61.7735238368112));
#3252=CARTESIAN_POINT('Ctrl Pts',(-39.5085022967795,91.6393277162581,-49.5358320306703));
#3253=CARTESIAN_POINT('Ctrl Pts',(-54.1493657520676,91.6393277162579,-31.1649766656488));
#3254=CARTESIAN_POINT('Ctrl Pts',(-60.2295461338119,91.639327716258,-13.7455093125713));
#3255=CARTESIAN_POINT('Ctrl Pts',(-61.2652514928749,91.6393277162581,-4.58267656873565));
#3256=CARTESIAN_POINT('Ctrl Pts',(-61.2652514928749,91.6393277162581,-3.51501500521402E-13));
#3257=CARTESIAN_POINT('Ctrl Pts',(-59.6349611136275,96.112565175255,5.4277489113426E-13));
#3258=CARTESIAN_POINT('Ctrl Pts',(-59.6349611136275,96.112565175255,8.92104819991719));
#3259=CARTESIAN_POINT('Ctrl Pts',(-55.5703472720685,96.1125651752546,26.7617676669922));
#3260=CARTESIAN_POINT('Ctrl Pts',(-40.3504199976176,96.1125651752546,45.8289137503812));
#3261=CARTESIAN_POINT('Ctrl Pts',(-22.113000623928,96.1125651752548,56.3449719886103));
#3262=CARTESIAN_POINT('Ctrl Pts',(-4.5246882842877,96.112565175255,60.3646135441349));
#3263=CARTESIAN_POINT('Ctrl Pts',(13.469962211129,96.112565175255,59.0133623585775));
#3264=CARTESIAN_POINT('Ctrl Pts',(30.266297406542,96.112565175255,52.4229511987927));
#3265=CARTESIAN_POINT('Ctrl Pts',(44.372579357008,96.1125651752551,41.1717121838433));
#3266=CARTESIAN_POINT('Ctrl Pts',(54.5382699227951,96.1125651752549,26.2642244883331));
#3267=CARTESIAN_POINT('Ctrl Pts',(59.8552028130981,96.1125651752551,9.0217898359372));
#3268=CARTESIAN_POINT('Ctrl Pts',(59.8565913480537,96.112565175255,-9.0221503342743));
#3269=CARTESIAN_POINT('Ctrl Pts',(54.5370190905746,96.1125651752551,-26.2627182227896));
#3270=CARTESIAN_POINT('Ctrl Pts',(44.3735695665185,96.112565175255,-41.1748508549647));
#3271=CARTESIAN_POINT('Ctrl Pts',(30.2655181247926,96.112565175255,-52.4182140241363));
#3272=CARTESIAN_POINT('Ctrl Pts',(10.6710951033241,96.1125651752551,-60.123732383892));
#3273=CARTESIAN_POINT('Ctrl Pts',(-13.7206473467713,96.1125651752549,-60.1296919816673));
#3274=CARTESIAN_POINT('Ctrl Pts',(-38.4570846459251,96.1125651752552,-48.2176882679762));
#3275=CARTESIAN_POINT('Ctrl Pts',(-52.7084697588708,96.1125651752548,-30.3354769084827));
#3276=CARTESIAN_POINT('Ctrl Pts',(-58.6267656933888,96.112565175255,-13.3798030715683));
#3277=CARTESIAN_POINT('Ctrl Pts',(-59.6349611136275,96.1125651752551,-4.46052409995882));
#3278=CARTESIAN_POINT('Ctrl Pts',(-59.6349611136275,96.1125651752551,-5.07990405430182E-13));
#3279=CARTESIAN_POINT('Ctrl Pts',(-58.7762621748237,97.8274255573372,6.06134264031573E-13));
#3280=CARTESIAN_POINT('Ctrl Pts',(-58.7762621748237,97.8274255573372,8.7932667236917));
#3281=CARTESIAN_POINT('Ctrl Pts',(-54.7701411715477,97.8274255573368,26.3761005777272));
#3282=CARTESIAN_POINT('Ctrl Pts',(-39.7696896704673,97.8274255573368,45.1690802234479));
#3283=CARTESIAN_POINT('Ctrl Pts',(-21.7945938490498,97.827425557337,55.5336275724329));
#3284=CARTESIAN_POINT('Ctrl Pts',(-4.45940445470358,97.8274255573372,59.4955832706638));
#3285=CARTESIAN_POINT('Ctrl Pts',(13.2760096755051,97.8274255573372,58.1635808904885));
#3286=CARTESIAN_POINT('Ctrl Pts',(29.8304137832533,97.8274255573373,51.6683313504783));
#3287=CARTESIAN_POINT('Ctrl Pts',(43.7336805280632,97.8274255573372,40.5788285146795));
#3288=CARTESIAN_POINT('Ctrl Pts',(53.7530964094483,97.8274255573372,25.8861060610615));
#3289=CARTESIAN_POINT('Ctrl Pts',(58.9933201245173,97.8274255573373,8.89193257434013));
#3290=CARTESIAN_POINT('Ctrl Pts',(58.9948396747828,97.8274255573373,-8.8924333479291));
#3291=CARTESIAN_POINT('Ctrl Pts',(53.7516982960122,97.8274255573372,-25.8845417259401));
#3292=CARTESIAN_POINT('Ctrl Pts',(43.7348546939851,97.8274255573373,-40.5819452265142));
#3293=CARTESIAN_POINT('Ctrl Pts',(29.8296811363168,97.8274255573372,-51.6634622903503));
#3294=CARTESIAN_POINT('Ctrl Pts',(10.5173726909268,97.8274255573373,-59.2581531526055));
#3295=CARTESIAN_POINT('Ctrl Pts',(-13.5230913216501,97.8274255573372,-59.2638957976985));
#3296=CARTESIAN_POINT('Ctrl Pts',(-37.9034661116234,97.8274255573374,-47.5233525663802));
#3297=CARTESIAN_POINT('Ctrl Pts',(-51.949444636417,97.8274255573369,-29.8989778235124));
#3298=CARTESIAN_POINT('Ctrl Pts',(-57.7826669172186,97.8274255573372,-13.1870345024062));
#3299=CARTESIAN_POINT('Ctrl Pts',(-58.7762621748237,97.8274255573373,-4.3966333618461));
#3300=CARTESIAN_POINT('Ctrl Pts',(-58.7762621748237,97.8274255573373,-5.69016172144358E-13));
#3301=CARTESIAN_POINT('Ctrl Pts',(-58.5089358630563,98.3068486415687,6.23945339839338E-13));
#3302=CARTESIAN_POINT('Ctrl Pts',(-58.5089358630563,98.3068486415687,8.75287761451826));
#3303=CARTESIAN_POINT('Ctrl Pts',(-54.5210557655293,98.3068486415683,26.256322875312));
#3304=CARTESIAN_POINT('Ctrl Pts',(-39.5886417094114,98.3068486415681,44.9636019020401));
#3305=CARTESIAN_POINT('Ctrl Pts',(-21.6954653294583,98.3068486415685,55.2810604738819));
#3306=CARTESIAN_POINT('Ctrl Pts',(-4.43919936134406,98.3068486415686,59.2248827158313));
#3307=CARTESIAN_POINT('Ctrl Pts',(13.2156248488769,98.3068486415687,57.8990605676531));
#3308=CARTESIAN_POINT('Ctrl Pts',(29.6947809537579,98.3068486415687,51.4331976574542));
#3309=CARTESIAN_POINT('Ctrl Pts',(43.5347514581983,98.3068486415687,40.3942922664248));
#3310=CARTESIAN_POINT('Ctrl Pts',(53.5085362551387,98.3068486415687,25.768331670962));
#3311=CARTESIAN_POINT('Ctrl Pts',(58.7250138760121,98.3068486415687,8.85146109596375));
#3312=CARTESIAN_POINT('Ctrl Pts',(58.7264380171676,98.3068486415687,-8.85187434249245));
#3313=CARTESIAN_POINT('Ctrl Pts',(53.5072413689993,98.3068486415687,-25.7668211927766));
#3314=CARTESIAN_POINT('Ctrl Pts',(43.5358041214224,98.3068486415687,-40.397381185975));
#3315=CARTESIAN_POINT('Ctrl Pts',(29.6940308850708,98.3068486415687,-51.4284680084116));
#3316=CARTESIAN_POINT('Ctrl Pts',(10.4695765896421,98.3068486415686,-58.988542714186));
#3317=CARTESIAN_POINT('Ctrl Pts',(-13.4615790905425,98.3068486415687,-58.9943360936313));
#3318=CARTESIAN_POINT('Ctrl Pts',(-37.7309945012357,98.3068486415688,-47.3072284274514));
#3319=CARTESIAN_POINT('Ctrl Pts',(-51.7132046917494,98.3068486415684,-29.7628100609888));
#3320=CARTESIAN_POINT('Ctrl Pts',(-57.5198110938489,98.3068486415687,-13.1271213128733));
#3321=CARTESIAN_POINT('Ctrl Pts',(-58.5089358630563,98.3068486415688,-4.37643880725939));
#3322=CARTESIAN_POINT('Ctrl Pts',(-58.5089358630563,98.3068486415688,-5.86197757002083E-13));
#3323=CARTESIAN_POINT('',(-62.94,81.261610004332,2.22044604925031E-15));
#3324=CARTESIAN_POINT('',(-58.5089358630563,98.3068486415687,6.23945339839338E-13));
#3325=CARTESIAN_POINT('Ctrl Pts',(-62.94,81.261610004332,8.88178419700125E-15));
#3326=CARTESIAN_POINT('Ctrl Pts',(-62.94,82.3594439638308,4.7473260166569E-14));
#3327=CARTESIAN_POINT('Ctrl Pts',(-62.8159389542335,83.8661913170616,1.00883703606514E-13));
#3328=CARTESIAN_POINT('Ctrl Pts',(-62.5161373620849,85.6639631680046,1.65154281081907E-13));
#3329=CARTESIAN_POINT('Ctrl Pts',(-62.2163357699364,87.4617350189477,2.294248585573E-13));
#3330=CARTESIAN_POINT('Ctrl Pts',(-61.7407936314056,89.5505313676029,3.0455557006814E-13));
#3331=CARTESIAN_POINT('Ctrl Pts',(-61.1769644862908,91.4895770337299,3.74738647734616E-13));
#3332=CARTESIAN_POINT('Ctrl Pts',(-60.613135341176,93.4286226998569,4.44921725401092E-13));
#3333=CARTESIAN_POINT('Ctrl Pts',(-59.961019189477,95.2179176834557,5.10157169223204E-13));
#3334=CARTESIAN_POINT('Ctrl Pts',(-59.362003166109,96.5765095144695,5.60062038451603E-13));
#3335=CARTESIAN_POINT('Ctrl Pts',(-59.0624951544255,97.2558054299753,5.85014473065757E-13));
#3336=CARTESIAN_POINT('Ctrl Pts',(-58.7762621748247,97.8274255573352,6.06134264031496E-13));
#3337=CARTESIAN_POINT('Ctrl Pts',(-58.5089358630577,98.3068486415661,6.23945339839242E-13));
#3338=CARTESIAN_POINT('',(58.5083160659848,98.3068486415687,-0.000166545583751968));
#3339=CARTESIAN_POINT('Ctrl Pts',(-58.5089358630563,98.3068486415687,6.23945339839338E-13));
#3340=CARTESIAN_POINT('Ctrl Pts',(-58.5089358630563,98.3068486415687,8.75287761451826));
#3341=CARTESIAN_POINT('Ctrl Pts',(-54.5210557655293,98.3068486415683,26.256322875312));
#3342=CARTESIAN_POINT('Ctrl Pts',(-39.5886417094114,98.3068486415681,44.9636019020401));
#3343=CARTESIAN_POINT('Ctrl Pts',(-21.6954653294583,98.3068486415685,55.2810604738819));
#3344=CARTESIAN_POINT('Ctrl Pts',(-4.43919936134406,98.3068486415686,59.2248827158313));
#3345=CARTESIAN_POINT('Ctrl Pts',(13.2156248488769,98.3068486415687,57.8990605676531));
#3346=CARTESIAN_POINT('Ctrl Pts',(29.6947809537579,98.3068486415687,51.4331976574542));
#3347=CARTESIAN_POINT('Ctrl Pts',(43.5347514581983,98.3068486415687,40.3942922664248));
#3348=CARTESIAN_POINT('Ctrl Pts',(53.5085362551387,98.3068486415687,25.768331670962));
#3349=CARTESIAN_POINT('Ctrl Pts',(57.8556009391917,98.3068486415687,11.6709395251567));
#3350=CARTESIAN_POINT('Ctrl Pts',(58.5081946947383,98.3068486415687,2.91757991388919));
#3351=CARTESIAN_POINT('Ctrl Pts',(58.5083160659848,98.3068486415687,-0.00016654558375212));
#3352=CARTESIAN_POINT('Ctrl Pts',(58.5083160659848,98.3068486415687,-0.00016654558375212));
#3353=CARTESIAN_POINT('Ctrl Pts',(58.5084374372314,98.3068486415687,-2.91791300511162));
#3354=CARTESIAN_POINT('Ctrl Pts',(57.8565719091478,98.3068486415687,-11.6710321508466));
#3355=CARTESIAN_POINT('Ctrl Pts',(53.5072413689993,98.3068486415687,-25.7668211927766));
#3356=CARTESIAN_POINT('Ctrl Pts',(43.5358041214224,98.3068486415687,-40.397381185975));
#3357=CARTESIAN_POINT('Ctrl Pts',(29.6940308850708,98.3068486415687,-51.4284680084116));
#3358=CARTESIAN_POINT('Ctrl Pts',(10.4695765896421,98.3068486415686,-58.988542714186));
#3359=CARTESIAN_POINT('Ctrl Pts',(-13.4615790905425,98.3068486415687,-58.9943360936313));
#3360=CARTESIAN_POINT('Ctrl Pts',(-37.7309945012357,98.3068486415688,-47.3072284274514));
#3361=CARTESIAN_POINT('Ctrl Pts',(-51.7132046917494,98.3068486415684,-29.7628100609888));
#3362=CARTESIAN_POINT('Ctrl Pts',(-57.5198110938489,98.3068486415687,-13.1271213128733));
#3363=CARTESIAN_POINT('Ctrl Pts',(-58.5089358630563,98.3068486415688,-4.37643880725939));
#3364=CARTESIAN_POINT('Ctrl Pts',(-58.5089358630563,98.3068486415688,-5.86197757002083E-13));
#3365=CARTESIAN_POINT('Ctrl Pts',(-62.94,81.261610004332,2.22044604925031E-15));
#3366=CARTESIAN_POINT('Ctrl Pts',(-62.94,81.261610004332,-4.70788016335814));
#3367=CARTESIAN_POINT('Ctrl Pts',(-61.8759657280448,81.261610004332,-14.1212791387297));
#3368=CARTESIAN_POINT('Ctrl Pts',(-55.6296069187934,81.2616100043321,-32.0168404638757));
#3369=CARTESIAN_POINT('Ctrl Pts',(-40.588480355652,81.261610004332,-50.8899523346802));
#3370=CARTESIAN_POINT('Ctrl Pts',(-14.4810664467025,81.2616100043321,-63.4621611034576));
#3371=CARTESIAN_POINT('Ctrl Pts',(11.2624702676941,81.261610004332,-63.4559289733239));
#3372=CARTESIAN_POINT('Ctrl Pts',(31.9428524265201,81.261610004332,-55.3233062386506));
#3373=CARTESIAN_POINT('Ctrl Pts',(46.832906307095,81.2616100043321,-43.4568008175093));
#3374=CARTESIAN_POINT('Ctrl Pts',(57.5595115872082,81.261610004332,-27.7182228996472));
#3375=CARTESIAN_POINT('Ctrl Pts',(63.1739742703885,81.261610004332,-9.5222543855611));
#3376=CARTESIAN_POINT('Ctrl Pts',(63.172442274583,81.2616100043321,9.52180984258412));
#3377=CARTESIAN_POINT('Ctrl Pts',(57.5609045391124,81.2616100043319,27.7198477710551));
#3378=CARTESIAN_POINT('Ctrl Pts',(46.8317739224024,81.2616100043321,43.4534779644508));
#3379=CARTESIAN_POINT('Ctrl Pts',(31.9436593002477,81.261610004332,55.3283940787617));
#3380=CARTESIAN_POINT('Ctrl Pts',(14.2164853234588,81.261610004332,62.2839369469558));
#3381=CARTESIAN_POINT('Ctrl Pts',(-4.77539376988408,81.261610004332,63.7101677401745));
#3382=CARTESIAN_POINT('Ctrl Pts',(-23.3385305627872,81.261610004332,59.4676675434646));
#3383=CARTESIAN_POINT('Ctrl Pts',(-42.5868129788306,81.261610004332,48.3688356653447));
#3384=CARTESIAN_POINT('Ctrl Pts',(-58.6501053089422,81.261610004332,28.2447960708104));
#3385=CARTESIAN_POINT('Ctrl Pts',(-62.94,81.261610004332,9.41576032671631));
#3386=CARTESIAN_POINT('Ctrl Pts',(-62.94,81.261610004332,8.88178419700125E-15));
#3387=CARTESIAN_POINT('Origin',(0.,90.3601769469065,0.));
#3388=CARTESIAN_POINT('',(53.4310641369456,107.413505252241,3.66373598126302E-14));
#3389=CARTESIAN_POINT('',(62.94,90.3601769469065,-7.70792695383344E-15));
#3390=CARTESIAN_POINT('Ctrl Pts',(53.4310641369456,107.413505252241,3.66373598126302E-14));
#3391=CARTESIAN_POINT('Ctrl Pts',(53.4310641369456,107.413505252241,7.99323315660171));
#3392=CARTESIAN_POINT('Ctrl Pts',(51.6103633821828,107.413505252241,15.9853834488952));
#3393=CARTESIAN_POINT('Ctrl Pts',(48.1431010204171,107.413505252241,23.1846846828435));
#3394=CARTESIAN_POINT('Ctrl Pts',(44.6758386586514,107.413505252241,30.3839859167918));
#3395=CARTESIAN_POINT('Ctrl Pts',(39.5620146898827,107.413505252241,36.7904380923947));
#3396=CARTESIAN_POINT('Ctrl Pts',(33.3147024002983,107.413505252241,41.7757955650226));
#3397=CARTESIAN_POINT('Ctrl Pts',(29.1498275405754,107.413505252241,45.0993672134413));
#3398=CARTESIAN_POINT('Ctrl Pts',(24.4811800938232,107.413505252241,47.7913412160931));
#3399=CARTESIAN_POINT('Ctrl Pts',(19.5204291643353,107.413505252241,49.7375720157127));
#3400=CARTESIAN_POINT('Ctrl Pts',(14.5596782348474,107.413505252241,51.6838028153322));
#3401=CARTESIAN_POINT('Ctrl Pts',(9.30682382262369,107.413505252241,52.8842904119194));
#3402=CARTESIAN_POINT('Ctrl Pts',(3.99326437530357,107.413505252241,53.2827759572103));
#3403=CARTESIAN_POINT('Ctrl Pts',(-1.32029507201654,107.413505252241,53.6812615025012));
#3404=CARTESIAN_POINT('Ctrl Pts',(-6.69455955443311,107.413505252241,53.2777449964959));
#3405=CARTESIAN_POINT('Ctrl Pts',(-11.8897612333823,107.413505252241,52.0917699770925));
#3406=CARTESIAN_POINT('Ctrl Pts',(-17.0849629123316,107.413505252241,50.9057949576891));
#3407=CARTESIAN_POINT('Ctrl Pts',(-22.1011017878135,107.413505252241,48.9373614248877));
#3408=CARTESIAN_POINT('Ctrl Pts',(-26.7157846488852,107.413505252241,46.2731470469815));
#3409=CARTESIAN_POINT('Ctrl Pts',(-31.330467509957,107.413505252241,43.6089326690753));
#3410=CARTESIAN_POINT('Ctrl Pts',(-35.5436943566186,107.413505252241,40.2489374460644));
#3411=CARTESIAN_POINT('Ctrl Pts',(-39.1681946685701,107.413505252241,36.3427325079895));
#3412=CARTESIAN_POINT('Ctrl Pts',(-42.7926949805217,107.413505252241,32.4365275699146));
#3413=CARTESIAN_POINT('Ctrl Pts',(-45.8284687577631,107.413505252241,27.9841129167757));
#3414=CARTESIAN_POINT('Ctrl Pts',(-48.1404298502291,107.413505252241,23.1831895041448));
#3415=CARTESIAN_POINT('Ctrl Pts',(-50.452390942695,107.413505252241,18.3822660915139));
#3416=CARTESIAN_POINT('Ctrl Pts',(-52.0405393503854,107.413505252241,13.2328339193911));
#3417=CARTESIAN_POINT('Ctrl Pts',(-52.8347457459642,107.413505252241,7.96359100379157));
#3418=CARTESIAN_POINT('Ctrl Pts',(-53.6289521415429,107.413505252242,2.69434808819207));
#3419=CARTESIAN_POINT('Ctrl Pts',(-53.62921652501,107.413505252242,-2.69470557088411));
#3420=CARTESIAN_POINT('Ctrl Pts',(-52.8350110490256,107.413505252242,-7.96368833044093));
#3421=CARTESIAN_POINT('Ctrl Pts',(-52.0408055730413,107.413505252241,-13.2326710899978));
#3422=CARTESIAN_POINT('Ctrl Pts',(-50.4521302376055,107.413505252241,-18.3815829500353));
#3423=CARTESIAN_POINT('Ctrl Pts',(-48.1401348225654,107.413505252241,-23.1828353737463));
#3424=CARTESIAN_POINT('Ctrl Pts',(-45.8281394075253,107.41350525224,-27.9840877974574));
#3425=CARTESIAN_POINT('Ctrl Pts',(-42.792823912881,107.41350525224,-32.437680784842));
#3426=CARTESIAN_POINT('Ctrl Pts',(-39.1683665339091,107.41350525224,-36.3434661380895));
#3427=CARTESIAN_POINT('Ctrl Pts',(-35.5439091549371,107.41350525224,-40.249251491337));
#3428=CARTESIAN_POINT('Ctrl Pts',(-31.3303098916376,107.41350525224,-43.6072292104474));
#3429=CARTESIAN_POINT('Ctrl Pts',(-26.7156457580274,107.413505252241,-46.2723930462933));
#3430=CARTESIAN_POINT('Ctrl Pts',(-22.1009816244172,107.413505252241,-48.9375568821393));
#3431=CARTESIAN_POINT('Ctrl Pts',(-17.0852526204964,107.413505252241,-50.9099068347208));
#3432=CARTESIAN_POINT('Ctrl Pts',(-11.8901675287153,107.413505252241,-52.0939729992881));
#3433=CARTESIAN_POINT('Ctrl Pts',(-4.09753989104366,107.413505252241,-53.8700722461389));
#3434=CARTESIAN_POINT('Ctrl Pts',(4.09863894431358,107.413505252241,-53.8725329699575));
#3435=CARTESIAN_POINT('Ctrl Pts',(11.8897316928721,107.413505252241,-52.0948543805492));
#3436=CARTESIAN_POINT('Ctrl Pts',(19.6808244414307,107.413505252241,-50.3171757911408));
#3437=CARTESIAN_POINT('Ctrl Pts',(27.0668311031906,107.413505252241,-46.7593578885056));
#3438=CARTESIAN_POINT('Ctrl Pts',(33.3155813740461,107.413505252241,-41.7760929924262));
#3439=CARTESIAN_POINT('Ctrl Pts',(39.5643316449016,107.413505252241,-36.7928280963469));
#3440=CARTESIAN_POINT('Ctrl Pts',(44.6758255248528,107.413505252241,-30.3841162068234));
#3441=CARTESIAN_POINT('Ctrl Pts',(48.1425086478638,107.413505252241,-23.1842174718872));
#3442=CARTESIAN_POINT('Ctrl Pts',(51.6091917708747,107.413505252241,-15.9843187369512));
#3443=CARTESIAN_POINT('Ctrl Pts',(53.4310641369457,107.41350525224,-7.99323315660256));
#3444=CARTESIAN_POINT('Ctrl Pts',(53.4310641369459,107.41350525224,-1.26797118811528E-12));
#3445=CARTESIAN_POINT('Origin',(0.,70.3601769469065,0.));
#3446=CARTESIAN_POINT('',(-62.94,73.930891161178,7.70792695383344E-15));
#3447=CARTESIAN_POINT('',(-62.94,70.3601769469065,7.70792695383344E-15));
#3448=CARTESIAN_POINT('',(62.94,73.930891161178,-7.70792695383344E-15));
#3449=CARTESIAN_POINT('Origin',(0.,73.930891161178,0.));
#3450=CARTESIAN_POINT('Origin',(0.,73.930891161178,0.));
#3451=CARTESIAN_POINT('Ctrl Pts',(49.,124.458743889481,4.44089209850063E-15));
#3452=CARTESIAN_POINT('Ctrl Pts',(49.,124.458743889481,7.33035044313597));
#3453=CARTESIAN_POINT('Ctrl Pts',(45.6605816887828,124.458743889481,21.9890652057191));
#3454=CARTESIAN_POINT('Ctrl Pts',(33.1546295294458,124.458743889481,37.6561638208604));
#3455=CARTESIAN_POINT('Ctrl Pts',(18.1694696781306,124.458743889481,46.2967093333267));
#3456=CARTESIAN_POINT('Ctrl Pts',(3.71777175540556,124.458743889481,49.5995010622359));
#3457=CARTESIAN_POINT('Ctrl Pts',(-11.0679505893788,124.458743889481,48.489343004542));
#3458=CARTESIAN_POINT('Ctrl Pts',(-24.8683947056688,124.458743889481,43.0737718570132));
#3459=CARTESIAN_POINT('Ctrl Pts',(-36.459860390722,124.458743889481,33.8297243022673));
#3460=CARTESIAN_POINT('Ctrl Pts',(-44.8119071347416,124.458743889481,21.5802030811681));
#3461=CARTESIAN_POINT('Ctrl Pts',(-49.1812345981091,124.458743889481,7.41304130872191));
#3462=CARTESIAN_POINT('Ctrl Pts',(-49.1819619721619,124.458743889481,-7.41336914520048));
#3463=CARTESIAN_POINT('Ctrl Pts',(-44.8111848206807,124.458743889481,-21.5790994305935));
#3464=CARTESIAN_POINT('Ctrl Pts',(-36.460398907656,124.458743889481,-33.831862494933));
#3465=CARTESIAN_POINT('Ctrl Pts',(-24.8679086267683,124.458743889481,-43.0703594757168));
#3466=CARTESIAN_POINT('Ctrl Pts',(-8.76870607359257,124.458743889481,-49.401096516641));
#3467=CARTESIAN_POINT('Ctrl Pts',(11.2752025611878,124.458743889481,-49.4071142627619));
#3468=CARTESIAN_POINT('Ctrl Pts',(31.595647171759,124.458743889481,-39.6188152622606));
#3469=CARTESIAN_POINT('Ctrl Pts',(45.6584327907581,124.458743889481,-21.9871123759891));
#3470=CARTESIAN_POINT('Ctrl Pts',(49.,124.458743889481,-7.33035044313596));
#3471=CARTESIAN_POINT('Ctrl Pts',(49.,124.458743889481,5.55111512312578E-15));
#3472=CARTESIAN_POINT('Ctrl Pts',(49.,123.360909929982,6.24298785754018E-15));
#3473=CARTESIAN_POINT('Ctrl Pts',(49.,123.360909929982,7.33060001211507));
#3474=CARTESIAN_POINT('Ctrl Pts',(45.6605709038823,123.360909929982,21.9889128555481));
#3475=CARTESIAN_POINT('Ctrl Pts',(33.1546795231142,123.360909929982,37.6562116889654));
#3476=CARTESIAN_POINT('Ctrl Pts',(18.1694710954797,123.360909929982,46.2966907425534));
#3477=CARTESIAN_POINT('Ctrl Pts',(3.71774092550345,123.360909929982,49.599537469763));
#3478=CARTESIAN_POINT('Ctrl Pts',(-11.0679382047935,123.360909929982,48.4893377590912));
#3479=CARTESIAN_POINT('Ctrl Pts',(-24.8683872148468,123.360909929982,43.0738006869576));
#3480=CARTESIAN_POINT('Ctrl Pts',(-36.4598732064106,123.360909929982,33.8297124582178));
#3481=CARTESIAN_POINT('Ctrl Pts',(-44.8119221531676,123.360909929982,21.5802212546142));
#3482=CARTESIAN_POINT('Ctrl Pts',(-49.181231902423,123.360909929982,7.4130499437259));
#3483=CARTESIAN_POINT('Ctrl Pts',(-49.1819867471649,123.360909929982,-7.41340669827984));
#3484=CARTESIAN_POINT('Ctrl Pts',(-44.8111722320894,123.360909929982,-21.57909099772));
#3485=CARTESIAN_POINT('Ctrl Pts',(-36.4604445665263,123.360909929982,-33.8318647265932));
#3486=CARTESIAN_POINT('Ctrl Pts',(-24.8678977974084,123.360909929982,-43.0703531057217));
#3487=CARTESIAN_POINT('Ctrl Pts',(-8.76869831627416,123.360909929982,-49.4011483057618));
#3488=CARTESIAN_POINT('Ctrl Pts',(11.2752083242377,123.360909929982,-49.4070697029121));
#3489=CARTESIAN_POINT('Ctrl Pts',(31.5956569136523,123.360909929982,-39.6189069296776));
#3490=CARTESIAN_POINT('Ctrl Pts',(45.6584444291794,123.360909929982,-21.9869519035727));
#3491=CARTESIAN_POINT('Ctrl Pts',(49.,123.360909929982,-7.33060001211506));
#3492=CARTESIAN_POINT('Ctrl Pts',(49.,123.360909929982,1.50215352742212E-16));
#3493=CARTESIAN_POINT('Ctrl Pts',(49.2481273646346,120.347335808572,1.14258962832996E-14));
#3494=CARTESIAN_POINT('Ctrl Pts',(49.2481273646346,120.347335808572,7.36734751688112));
#3495=CARTESIAN_POINT('Ctrl Pts',(45.8918041225854,120.347335808572,22.1004887549945));
#3496=CARTESIAN_POINT('Ctrl Pts',(33.3224941854521,120.347335808572,37.8468244967766));
#3497=CARTESIAN_POINT('Ctrl Pts',(18.2614759746741,120.347335808572,46.5311568378075));
#3498=CARTESIAN_POINT('Ctrl Pts',(3.73661303271643,120.347335808572,49.8506463198611));
#3499=CARTESIAN_POINT('Ctrl Pts',(-11.1240028210061,120.347335808572,48.7348870674664));
#3500=CARTESIAN_POINT('Ctrl Pts',(-24.9943275515669,120.347335808572,43.2918756922954));
#3501=CARTESIAN_POINT('Ctrl Pts',(-36.6444804063234,120.347335808572,34.0010378792422));
#3502=CARTESIAN_POINT('Ctrl Pts',(-45.0388193616956,120.347335808572,21.6894725039659));
#3503=CARTESIAN_POINT('Ctrl Pts',(-49.4302810262905,120.347335808572,7.45057540402978));
#3504=CARTESIAN_POINT('Ctrl Pts',(-49.4309985965539,120.347335808572,-7.45089070291846));
#3505=CARTESIAN_POINT('Ctrl Pts',(-45.0381069439788,120.347335808572,-21.6883763274096));
#3506=CARTESIAN_POINT('Ctrl Pts',(-36.6450055254356,120.347335808571,-34.0031799886905));
#3507=CARTESIAN_POINT('Ctrl Pts',(-24.9938406503459,120.347335808571,-43.2884633131585));
#3508=CARTESIAN_POINT('Ctrl Pts',(-8.81311306437698,120.347335808572,-49.6512295368239));
#3509=CARTESIAN_POINT('Ctrl Pts',(11.3322953704642,120.347335808571,-49.6573250595003));
#3510=CARTESIAN_POINT('Ctrl Pts',(31.7556371779684,120.347335808572,-39.8193929553663));
#3511=CARTESIAN_POINT('Ctrl Pts',(45.8896333339053,120.347335808572,-22.0985300241985));
#3512=CARTESIAN_POINT('Ctrl Pts',(49.2481273646347,120.347335808571,-7.36734751688112));
#3513=CARTESIAN_POINT('Ctrl Pts',(49.2481273646347,120.347335808571,-1.51397274605651E-14));
#3514=CARTESIAN_POINT('Ctrl Pts',(50.6747534397976,114.080978221807,2.30697352933232E-14));
#3515=CARTESIAN_POINT('Ctrl Pts',(50.6747534397976,114.080978221807,7.58075763286023));
#3516=CARTESIAN_POINT('Ctrl Pts',(47.2212041475499,114.080978221807,22.7407035269198));
#3517=CARTESIAN_POINT('Ctrl Pts',(34.2877828412829,114.080978221807,38.94317460326));
#3518=CARTESIAN_POINT('Ctrl Pts',(18.7904767085161,114.080978221806,47.8790779692881));
#3519=CARTESIAN_POINT('Ctrl Pts',(3.84485672580347,114.080978221807,51.2947250521478));
#3520=CARTESIAN_POINT('Ctrl Pts',(-11.4462447672047,114.080978221807,50.146645703171));
#3521=CARTESIAN_POINT('Ctrl Pts',(-25.7183666851415,114.080978221807,44.5459593626701));
#3522=CARTESIAN_POINT('Ctrl Pts',(-37.7060019999032,114.080978221807,34.9859846959275));
#3523=CARTESIAN_POINT('Ctrl Pts',(-46.3435091717057,114.080978221807,22.3177753339324));
#3524=CARTESIAN_POINT('Ctrl Pts',(-50.8621838401652,114.080978221807,7.6664043466391));
#3525=CARTESIAN_POINT('Ctrl Pts',(-50.8629212997201,114.080978221807,-7.66672783448908));
#3526=CARTESIAN_POINT('Ctrl Pts',(-46.3427770184105,114.080978221806,-22.3166482723328));
#3527=CARTESIAN_POINT('Ctrl Pts',(-37.7065412578559,114.080978221806,-34.9881883984708));
#3528=CARTESIAN_POINT('Ctrl Pts',(-25.7178657883624,114.080978221806,-44.5424492831614));
#3529=CARTESIAN_POINT('Ctrl Pts',(-9.06841270831406,114.080978221807,-51.0895310356759));
#3530=CARTESIAN_POINT('Ctrl Pts',(11.6605705691498,114.080978221807,-51.0958062816365));
#3531=CARTESIAN_POINT('Ctrl Pts',(32.6755382337707,114.080978221807,-40.9728832473861));
#3532=CARTESIAN_POINT('Ctrl Pts',(47.2189697426894,114.080978221807,-22.7386883206854));
#3533=CARTESIAN_POINT('Ctrl Pts',(50.6747534397977,114.080978221806,-7.58075763286025));
#3534=CARTESIAN_POINT('Ctrl Pts',(50.6747534397977,114.080978221806,-4.86376339424225E-14));
#3535=CARTESIAN_POINT('Ctrl Pts',(52.3050395987802,109.60775856367,3.19639432015145E-14));
#3536=CARTESIAN_POINT('Ctrl Pts',(52.3050395987802,109.60775856367,7.82506257088126));
#3537=CARTESIAN_POINT('Ctrl Pts',(48.740366064554,109.60775856367,23.4720511153618));
#3538=CARTESIAN_POINT('Ctrl Pts',(35.3909586528607,109.60775856367,40.1961180787786));
#3539=CARTESIAN_POINT('Ctrl Pts',(19.3949981500457,109.60775856367,49.4193915776492));
#3540=CARTESIAN_POINT('Ctrl Pts',(3.96849989098536,109.60775856367,52.9450179528483));
#3541=CARTESIAN_POINT('Ctrl Pts',(-11.8144675358128,109.60775856367,51.7599329798228));
#3542=CARTESIAN_POINT('Ctrl Pts',(-26.5457541991328,109.60775856367,45.9791211494466));
#3543=CARTESIAN_POINT('Ctrl Pts',(-38.9190846925177,109.60775856367,36.1115186637936));
#3544=CARTESIAN_POINT('Ctrl Pts',(-47.8344777015096,109.60775856367,23.0358037001858));
#3545=CARTESIAN_POINT('Ctrl Pts',(-52.4984953909753,109.60775856367,7.91305911284147));
#3546=CARTESIAN_POINT('Ctrl Pts',(-52.4993028167747,109.607758563671,-7.91344168518265));
#3547=CARTESIAN_POINT('Ctrl Pts',(-47.8336755232015,109.60775856367,-23.0345955932146));
#3548=CARTESIAN_POINT('Ctrl Pts',(-38.9196965836988,109.607758563669,-36.113816956338));
#3549=CARTESIAN_POINT('Ctrl Pts',(-26.5452315680074,109.60775856367,-45.9754388936322));
#3550=CARTESIAN_POINT('Ctrl Pts',(-9.36014468565766,109.60775856367,-52.7332484152126));
#3551=CARTESIAN_POINT('Ctrl Pts',(12.0357190820271,109.60775856367,-52.7395633628233));
#3552=CARTESIAN_POINT('Ctrl Pts',(33.7267778568195,109.60775856367,-42.2911993546279));
#3553=CARTESIAN_POINT('Ctrl Pts',(48.7380975202461,109.60775856367,-23.4699574047285));
#3554=CARTESIAN_POINT('Ctrl Pts',(52.3050395987805,109.607758563669,-7.8250625708813));
#3555=CARTESIAN_POINT('Ctrl Pts',(52.3050395987805,109.607758563669,-7.36951795710015E-14));
#3556=CARTESIAN_POINT('Ctrl Pts',(53.163737825178,107.892928336472,3.55959932517458E-14));
#3557=CARTESIAN_POINT('Ctrl Pts',(53.163737825178,107.892928336472,7.95284404735103));
#3558=CARTESIAN_POINT('Ctrl Pts',(49.5405721481842,107.892928336473,23.8578119108605));
#3559=CARTESIAN_POINT('Ctrl Pts',(35.971839420445,107.892928336473,40.8558915574133));
#3560=CARTESIAN_POINT('Ctrl Pts',(19.7134043226998,107.892928336473,50.2307666852121));
#3561=CARTESIAN_POINT('Ctrl Pts',(4.03373567708633,107.892928336472,53.8141230673411));
#3562=CARTESIAN_POINT('Ctrl Pts',(-12.0084610125099,107.892928336473,52.6096964907504));
#3563=CARTESIAN_POINT('Ctrl Pts',(-26.9815796057584,107.892928336472,46.7338870387948));
#3564=CARTESIAN_POINT('Ctrl Pts',(-39.5579889613057,107.892928336473,36.7043983173397));
#3565=CARTESIAN_POINT('Ctrl Pts',(-48.6197410337575,107.892928336472,23.413935530006));
#3566=CARTESIAN_POINT('Ctrl Pts',(-53.3603769878314,107.892928336473,8.04294512123853));
#3567=CARTESIAN_POINT('Ctrl Pts',(-53.3611224311502,107.892928336473,-8.04325477205452));
#3568=CARTESIAN_POINT('Ctrl Pts',(-48.6190012974609,107.892928336472,-23.4127804601056));
#3569=CARTESIAN_POINT('Ctrl Pts',(-39.558520945441,107.892928336472,-36.7066957899804));
#3570=CARTESIAN_POINT('Ctrl Pts',(-26.9810575382872,107.892928336472,-46.7302407382806));
#3571=CARTESIAN_POINT('Ctrl Pts',(-9.51383257083456,107.892928336473,-53.5988347554557));
#3572=CARTESIAN_POINT('Ctrl Pts',(12.2332951687486,107.892928336473,-53.6055172616826));
#3573=CARTESIAN_POINT('Ctrl Pts',(34.2804478084863,107.892928336472,-42.9852480788399));
#3574=CARTESIAN_POINT('Ctrl Pts',(49.5382049467988,107.892928336473,-23.8557060731336));
#3575=CARTESIAN_POINT('Ctrl Pts',(53.1637378251783,107.892928336472,-7.95284404735108));
#3576=CARTESIAN_POINT('Ctrl Pts',(53.1637378251783,107.892928336472,-8.37385217179007E-14));
#3577=CARTESIAN_POINT('Ctrl Pts',(53.4310641369456,107.413505252241,3.66373598126302E-14));
#3578=CARTESIAN_POINT('Ctrl Pts',(53.4310641369456,107.413505252241,7.99323315660172));
#3579=CARTESIAN_POINT('Ctrl Pts',(49.7896626274201,107.413505252241,23.9775337411888));
#3580=CARTESIAN_POINT('Ctrl Pts',(36.1527987107036,107.413505252241,41.0614062094634));
#3581=CARTESIAN_POINT('Ctrl Pts',(19.812532647071,107.413505252241,50.483315218745));
#3582=CARTESIAN_POINT('Ctrl Pts',(4.05396941040002,107.413505252241,54.0847780085066));
#3583=CARTESIAN_POINT('Ctrl Pts',(-12.0688240368497,107.413505252241,52.8742284904906));
#3584=CARTESIAN_POINT('Ctrl Pts',(-27.1172406632954,107.413505252241,46.9689278920862));
#3585=CARTESIAN_POINT('Ctrl Pts',(-39.7569212032802,107.413505252241,36.8889422230535));
#3586=CARTESIAN_POINT('Ctrl Pts',(-48.8642425350046,107.413505252241,23.5316982636367));
#3587=CARTESIAN_POINT('Ctrl Pts',(-53.6286877580758,107.413505252241,8.08340174726825));
#3588=CARTESIAN_POINT('Ctrl Pts',(-53.6294809084771,107.413505252242,-8.08375922996033));
#3589=CARTESIAN_POINT('Ctrl Pts',(-48.8634549021696,107.413505252241,-23.5304948100727));
#3590=CARTESIAN_POINT('Ctrl Pts',(-39.7575084182367,107.41350525224,-36.8912737722266));
#3591=CARTESIAN_POINT('Ctrl Pts',(-27.116710628338,107.413505252241,-46.9652069295577));
#3592=CARTESIAN_POINT('Ctrl Pts',(-9.56165911461508,107.413505252242,-53.8684317635932));
#3593=CARTESIAN_POINT('Ctrl Pts',(12.2948177796708,107.413505252241,-53.8749936937761));
#3594=CARTESIAN_POINT('Ctrl Pts',(34.4528377649505,107.413505252241,-43.2015399858703));
#3595=CARTESIAN_POINT('Ctrl Pts',(49.7873194048039,107.413505252241,-23.9754043173));
#3596=CARTESIAN_POINT('Ctrl Pts',(53.4310641369459,107.41350525224,-7.99323315660177));
#3597=CARTESIAN_POINT('Ctrl Pts',(53.4310641369459,107.41350525224,-8.65973959207622E-14));
#3598=CARTESIAN_POINT('Ctrl Pts',(49.,124.458743889481,4.44089209850063E-15));
#3599=CARTESIAN_POINT('Ctrl Pts',(49.,123.360909929982,6.24298785754018E-15));
#3600=CARTESIAN_POINT('Ctrl Pts',(49.1240636823173,121.854122869277,8.8344420704199E-15));
#3601=CARTESIAN_POINT('Ctrl Pts',(49.4238665360031,120.056336407797,1.20708090118637E-14));
#3602=CARTESIAN_POINT('Ctrl Pts',(49.723669389689,118.258549946317,1.53071759533075E-14));
#3603=CARTESIAN_POINT('Ctrl Pts',(50.1992114147433,116.169764084062,1.91884556233154E-14));
#3604=CARTESIAN_POINT('Ctrl Pts',(50.763039659067,114.230727221307,2.29079370399576E-14));
#3605=CARTESIAN_POINT('Ctrl Pts',(51.3268679033907,112.291690358552,2.66274184565997E-14));
#3606=CARTESIAN_POINT('Ctrl Pts',(51.9789823669837,110.502402495297,3.01851016198762E-14));
#3607=CARTESIAN_POINT('Ctrl Pts',(52.5779975110249,109.143826439902,3.29852404744045E-14));
#3608=CARTESIAN_POINT('Ctrl Pts',(52.8775050830414,108.464538412214,3.43853099016497E-14));
#3609=CARTESIAN_POINT('Ctrl Pts',(53.1637378251703,107.892928336488,3.55959932517129E-14));
#3610=CARTESIAN_POINT('Ctrl Pts',(53.4310641369347,107.41350525226,3.66373598125878E-14));
#3611=CARTESIAN_POINT('Ctrl Pts',(62.5920967116337,98.1577079518677,-3.83266054449119E-15));
#3612=CARTESIAN_POINT('Ctrl Pts',(62.5920967116336,98.1577079518677,-62.5920967116336));
#3613=CARTESIAN_POINT('Ctrl Pts',(-3.83266054449119E-15,98.1577079518677,
-62.5920967116337));
#3614=CARTESIAN_POINT('Ctrl Pts',(-62.5920967116336,98.1577079518677,-62.5920967116336));
#3615=CARTESIAN_POINT('Ctrl Pts',(-62.5920967116337,98.1577079518677,3.83266054449119E-15));
#3616=CARTESIAN_POINT('Ctrl Pts',(-62.5920967116336,98.1577079518677,62.5920967116336));
#3617=CARTESIAN_POINT('Ctrl Pts',(3.83266054449119E-15,98.1577079518677,
62.5920967116337));
#3618=CARTESIAN_POINT('Ctrl Pts',(62.5920967116336,98.1577079518677,62.5920967116336));
#3619=CARTESIAN_POINT('Ctrl Pts',(62.5920967116337,98.1577079518677,-3.83266054449119E-15));
#3620=CARTESIAN_POINT('Ctrl Pts',(66.4615635845543,91.2182049516512,-4.06959705550764E-15));
#3621=CARTESIAN_POINT('Ctrl Pts',(66.4615635845543,91.2182049516512,-66.4615635845543));
#3622=CARTESIAN_POINT('Ctrl Pts',(-4.06959705550764E-15,91.2182049516512,
-66.4615635845543));
#3623=CARTESIAN_POINT('Ctrl Pts',(-66.4615635845543,91.2182049516512,-66.4615635845543));
#3624=CARTESIAN_POINT('Ctrl Pts',(-66.4615635845543,91.2182049516512,4.06959705550764E-15));
#3625=CARTESIAN_POINT('Ctrl Pts',(-66.4615635845543,91.2182049516512,66.4615635845543));
#3626=CARTESIAN_POINT('Ctrl Pts',(4.06959705550764E-15,91.2182049516512,
66.4615635845543));
#3627=CARTESIAN_POINT('Ctrl Pts',(66.4615635845543,91.2182049516512,66.4615635845543));
#3628=CARTESIAN_POINT('Ctrl Pts',(66.4615635845543,91.2182049516512,-4.06959705550764E-15));
#3629=CARTESIAN_POINT('Ctrl Pts',(66.9554717857821,83.2881652002122,-4.09984021039295E-15));
#3630=CARTESIAN_POINT('Ctrl Pts',(66.9554717857821,83.2881652002122,-66.9554717857821));
#3631=CARTESIAN_POINT('Ctrl Pts',(-4.09984021039295E-15,83.2881652002122,
-66.9554717857821));
#3632=CARTESIAN_POINT('Ctrl Pts',(-66.9554717857821,83.2881652002122,-66.9554717857821));
#3633=CARTESIAN_POINT('Ctrl Pts',(-66.9554717857821,83.2881652002122,4.09984021039295E-15));
#3634=CARTESIAN_POINT('Ctrl Pts',(-66.9554717857821,83.2881652002122,66.9554717857821));
#3635=CARTESIAN_POINT('Ctrl Pts',(4.09984021039295E-15,83.2881652002122,
66.9554717857821));
#3636=CARTESIAN_POINT('Ctrl Pts',(66.9554717857821,83.2881652002122,66.9554717857821));
#3637=CARTESIAN_POINT('Ctrl Pts',(66.9554717857821,83.2881652002122,-4.09984021039295E-15));
#3638=CARTESIAN_POINT('',(66.9554717857821,83.2881652002122,-1.22995206311788E-14));
#3639=CARTESIAN_POINT('',(-8.1996804207859E-15,83.2881652002122,66.9554717857821));
#3640=CARTESIAN_POINT('Origin',(0.,83.2881652002122,0.));
#3641=CARTESIAN_POINT('Origin',(0.,83.2881652002122,0.));
#3642=CARTESIAN_POINT('',(62.5920967116337,98.1577079518677,3.83266054449119E-15));
#3643=CARTESIAN_POINT('Origin',(32.0231608485788,81.1124693146283,-5.88255921476893E-15));
#3644=CARTESIAN_POINT('Origin',(0.,98.1577079518677,0.));
#3645=CARTESIAN_POINT('Origin',(0.,90.3601769469065,0.));
#3646=CARTESIAN_POINT('',(66.94,90.3601769469065,-8.19778567349238E-15));
#3647=CARTESIAN_POINT('Origin',(73.44,9.5,-96.0216971663977));
#3648=CARTESIAN_POINT('',(72.9400000000001,10.,-74.0351571890003));
#3649=CARTESIAN_POINT('',(73.9400000000001,9.,-73.1664164764135));
#3650=CARTESIAN_POINT('Origin',(41.4700000000003,41.4700000000001,-1.23469645366704E-13));
#3651=CARTESIAN_POINT('',(73.94,9.,-99.4100000000002));
#3652=CARTESIAN_POINT('',(73.94,9.,-96.0216971663977));
#3653=CARTESIAN_POINT('',(72.94,10.,-99.4100000000002));
#3654=CARTESIAN_POINT('',(73.94,9.,-99.4100000000002));
#3655=CARTESIAN_POINT('',(72.94,10.,-96.0216971663977));
#3656=CARTESIAN_POINT('Origin',(68.94,9.5,-99.4100000000002));
#3657=CARTESIAN_POINT('',(68.94,9.,-104.41));
#3658=CARTESIAN_POINT('Origin',(68.94,9.,-99.4100000000002));
#3659=CARTESIAN_POINT('',(68.94,10.,-103.41));
#3660=CARTESIAN_POINT('',(68.94,9.,-104.41));
#3661=CARTESIAN_POINT('Origin',(68.94,10.,-99.4100000000002));
#3662=CARTESIAN_POINT('Origin',(36.9699999999999,9.5,-103.91));
#3663=CARTESIAN_POINT('',(10.3836409799242,10.,-103.41));
#3664=CARTESIAN_POINT('',(-10.3836409799243,10.,-103.41));
#3665=CARTESIAN_POINT('Origin',(-3.69950654956172E-14,56.7050000000001,
-56.7050000000003));
#3666=CARTESIAN_POINT('',(36.9699999999999,10.,-103.41));
#3667=CARTESIAN_POINT('',(-68.9400000000002,9.,-104.41));
#3668=CARTESIAN_POINT('',(36.9699999999999,9.,-104.41));
#3669=CARTESIAN_POINT('',(-68.9400000000002,10.,-103.41));
#3670=CARTESIAN_POINT('',(-68.9400000000002,9.,-104.41));
#3671=CARTESIAN_POINT('',(36.9699999999999,10.,-103.41));
#3672=CARTESIAN_POINT('Origin',(-68.9400000000002,9.5,-99.4100000000001));
#3673=CARTESIAN_POINT('',(-73.9400000000002,9.,-99.4100000000001));
#3674=CARTESIAN_POINT('Origin',(-68.9400000000002,9.,-99.4100000000001));
#3675=CARTESIAN_POINT('',(-72.9400000000002,10.,-99.4100000000001));
#3676=CARTESIAN_POINT('',(-73.9400000000002,9.,-99.4100000000001));
#3677=CARTESIAN_POINT('Origin',(-68.9400000000002,10.,-99.4100000000001));
#3678=CARTESIAN_POINT('Origin',(-73.4400000000002,9.5,8.38830283360255));
#3679=CARTESIAN_POINT('',(-73.9400000000002,9.,-73.1664164764133));
#3680=CARTESIAN_POINT('',(-72.9400000000002,10.,-74.0351571890002));
#3681=CARTESIAN_POINT('Origin',(-41.4700000000002,41.4700000000001,0.));
#3682=CARTESIAN_POINT('',(-72.9400000000002,10.,8.38830283360255));
#3683=CARTESIAN_POINT('',(-73.9400000000002,9.,8.38830283360255));
#3684=CARTESIAN_POINT('Origin',(-73.9400000000002,0.,104.41));
#3685=CARTESIAN_POINT('',(-73.9400000000002,9.,73.1664164764133));
#3686=CARTESIAN_POINT('Origin',(-73.9400000000002,0.,0.));
#3687=CARTESIAN_POINT('',(-73.9400000000002,0.5,-99.4100000000001));
#3688=CARTESIAN_POINT('',(-73.9400000000002,0.,-99.4100000000001));
#3689=CARTESIAN_POINT('',(-73.9400000000004,0.5,-10.2377976147215));
#3690=CARTESIAN_POINT('',(-73.9400000000002,0.5,52.2049999999999));
#3691=CARTESIAN_POINT('',(-73.9400000000004,0.,10.2500000000002));
#3692=CARTESIAN_POINT('Origin',(-73.9400000000004,0.,1.57288082341175E-13));
#3693=CARTESIAN_POINT('',(-73.9400000000002,0.,99.4099999999999));
#3694=CARTESIAN_POINT('',(-73.9400000000002,0.,52.2049999999999));
#3695=CARTESIAN_POINT('',(-73.9400000000002,9.,99.4099999999999));
#3696=CARTESIAN_POINT('',(-73.9400000000002,0.,99.4099999999999));
#3697=CARTESIAN_POINT('',(-73.9400000000002,9.,96.0216971663971));
#3698=CARTESIAN_POINT('Origin',(-68.9400000000002,0.,-99.4100000000001));
#3699=CARTESIAN_POINT('',(-68.9400000000002,0.5,-104.41));
#3700=CARTESIAN_POINT('',(-68.9400000000002,0.,-104.41));
#3701=CARTESIAN_POINT('Origin',(-68.9400000000002,0.5,-99.4100000000001));
#3702=CARTESIAN_POINT('Origin',(-6.21724893790088E-14,10.,-87.6333943327948));
#3703=CARTESIAN_POINT('Origin',(0.,10.,0.));
#3704=CARTESIAN_POINT('',(62.8350000000006,10.,-96.4099999999996));
#3705=CARTESIAN_POINT('Origin',(65.9400000000006,10.,-96.4099999999996));
#3706=CARTESIAN_POINT('Origin',(73.9399999999999,0.,-104.41));
#3707=CARTESIAN_POINT('',(68.94,0.5,-104.41));
#3708=CARTESIAN_POINT('',(68.94,0.,-104.41));
#3709=CARTESIAN_POINT('',(38.2199999999999,0.5,-104.41));
#3710=CARTESIAN_POINT('Origin',(68.94,0.,-99.4100000000002));
#3711=CARTESIAN_POINT('',(73.94,0.5,-99.4100000000002));
#3712=CARTESIAN_POINT('',(73.94,0.,-99.4100000000002));
#3713=CARTESIAN_POINT('Origin',(68.94,0.5,-99.4100000000002));
#3714=CARTESIAN_POINT('Origin',(73.94,0.,-104.41));
#3715=CARTESIAN_POINT('',(73.9400000000005,9.,73.166416476413));
#3716=CARTESIAN_POINT('Origin',(73.9400000000003,0.,-2.20143370591128E-13));
#3717=CARTESIAN_POINT('',(73.9400000000006,9.,99.4099999999998));
#3718=CARTESIAN_POINT('',(73.9400000000003,9.,-8.3883028336031));
#3719=CARTESIAN_POINT('',(73.9400000000006,0.,99.4099999999998));
#3720=CARTESIAN_POINT('',(73.9400000000006,0.,99.4099999999998));
#3721=CARTESIAN_POINT('',(73.9400000000004,0.,29.9999999999999));
#3722=CARTESIAN_POINT('',(73.9400000000001,0.,-52.2050000000004));
#3723=CARTESIAN_POINT('',(73.9400000000004,45.,29.9999999999999));
#3724=CARTESIAN_POINT('',(73.9400000000004,25.,29.9999999999999));
#3725=CARTESIAN_POINT('',(73.9400000000004,50.,24.9999999999999));
#3726=CARTESIAN_POINT('Origin',(73.9400000000002,45.,24.9999999999999));
#3727=CARTESIAN_POINT('',(73.9400000000002,50.,-25.0000000000001));
#3728=CARTESIAN_POINT('',(73.9400000000001,50.,-67.2050000000003));
#3729=CARTESIAN_POINT('',(73.9400000000002,45.,-30.0000000000001));
#3730=CARTESIAN_POINT('Origin',(73.9400000000001,45.,-25.0000000000001));
#3731=CARTESIAN_POINT('',(73.9400000000002,0.499999999999998,-30.0000000000001));
#3732=CARTESIAN_POINT('',(73.9400000000002,-25.,-30.0000000000001));
#3733=CARTESIAN_POINT('',(73.9400000000001,0.5,-52.2050000000004));
#3734=CARTESIAN_POINT('Origin',(-73.4400000000002,9.5,96.0216971663971));
#3735=CARTESIAN_POINT('',(-72.9400000000002,10.,74.0351571890002));
#3736=CARTESIAN_POINT('Origin',(-41.4700000000002,41.4700000000001,0.));
#3737=CARTESIAN_POINT('',(-72.9400000000002,10.,99.4099999999999));
#3738=CARTESIAN_POINT('',(-73.9400000000002,9.,99.4099999999999));
#3739=CARTESIAN_POINT('',(-72.9400000000002,10.,96.0216971663971));
#3740=CARTESIAN_POINT('Origin',(-68.9400000000002,9.5,99.4099999999999));
#3741=CARTESIAN_POINT('',(-68.9400000000002,9.,104.41));
#3742=CARTESIAN_POINT('Origin',(-68.9400000000002,9.,99.4099999999999));
#3743=CARTESIAN_POINT('',(-68.9400000000002,10.,103.41));
#3744=CARTESIAN_POINT('',(-68.9400000000002,9.,104.41));
#3745=CARTESIAN_POINT('Origin',(-68.9400000000002,10.,99.4099999999999));
#3746=CARTESIAN_POINT('Origin',(-36.97,9.5,103.91));
#3747=CARTESIAN_POINT('',(-10.3836409799273,10.,103.41));
#3748=CARTESIAN_POINT('',(10.3836409799273,10.,103.41));
#3749=CARTESIAN_POINT('Origin',(0.,56.7049999999999,56.7050000000001));
#3750=CARTESIAN_POINT('',(-36.97,10.,103.41));
#3751=CARTESIAN_POINT('',(68.9400000000006,9.,104.41));
#3752=CARTESIAN_POINT('',(-36.97,9.,104.41));
#3753=CARTESIAN_POINT('',(68.9400000000006,10.,103.41));
#3754=CARTESIAN_POINT('',(68.9400000000006,9.,104.41));
#3755=CARTESIAN_POINT('',(-36.97,10.,103.41));
#3756=CARTESIAN_POINT('Origin',(68.9400000000006,9.5,99.4099999999999));
#3757=CARTESIAN_POINT('Origin',(68.9400000000006,9.,99.4099999999999));
#3758=CARTESIAN_POINT('',(72.9400000000006,10.,99.4099999999998));
#3759=CARTESIAN_POINT('',(73.9400000000006,9.,99.4099999999998));
#3760=CARTESIAN_POINT('Origin',(68.9400000000006,10.,99.4099999999999));
#3761=CARTESIAN_POINT('Origin',(73.4400000000003,9.5,-8.3883028336031));
#3762=CARTESIAN_POINT('',(72.9400000000005,10.,74.0351571889999));
#3763=CARTESIAN_POINT('Origin',(41.4700000000003,41.4700000000001,-1.23469645366704E-13));
#3764=CARTESIAN_POINT('',(72.9400000000003,10.,-8.38830283360309));
#3765=CARTESIAN_POINT('Origin',(68.9400000000006,0.,99.4099999999999));
#3766=CARTESIAN_POINT('',(68.9400000000006,0.,104.41));
#3767=CARTESIAN_POINT('',(68.9400000000006,0.,104.41));
#3768=CARTESIAN_POINT('Origin',(68.9400000000006,0.,99.4099999999999));
#3769=CARTESIAN_POINT('Origin',(1.77635683940025E-13,10.,87.6333943327944));
#3770=CARTESIAN_POINT('Origin',(0.,10.,0.));
#3771=CARTESIAN_POINT('',(-69.0450000000002,10.,96.4099999999999));
#3772=CARTESIAN_POINT('Origin',(-65.9400000000002,10.,96.4099999999999));
#3773=CARTESIAN_POINT('Origin',(-73.9400000000002,0.,104.41));
#3774=CARTESIAN_POINT('',(-68.9400000000002,0.,104.41));
#3775=CARTESIAN_POINT('',(-68.9400000000002,0.,104.41));
#3776=CARTESIAN_POINT('',(-35.7200000000001,0.,104.41));
#3777=CARTESIAN_POINT('Origin',(-68.9400000000002,0.,99.4099999999999));
#3778=CARTESIAN_POINT('Origin',(-68.9400000000002,0.,99.4099999999999));
#3779=CARTESIAN_POINT('Origin',(0.,83.7854671169171,0.));
#3780=CARTESIAN_POINT('',(-8.52435815326501E-15,77.8226191769177,69.6066666666667));
#3781=CARTESIAN_POINT('Origin',(-9.17750311281026E-15,83.7854671169171,
74.94));
#3782=CARTESIAN_POINT('Origin',(0.,77.8226191769177,0.));
#3783=CARTESIAN_POINT('Origin',(0.,0.,0.));
#3784=CARTESIAN_POINT('Origin',(0.,10.,0.));
#3785=CARTESIAN_POINT('Origin',(0.,10.,0.));
#3786=CARTESIAN_POINT('Origin',(73.9400000000002,45.,-25.0000000000001));
#3787=CARTESIAN_POINT('',(78.9400000000002,50.,-25.0000000000001));
#3788=CARTESIAN_POINT('',(78.9400000000002,45.,-30.0000000000001));
#3789=CARTESIAN_POINT('Origin',(78.9400000000002,45.,-25.0000000000001));
#3790=CARTESIAN_POINT('',(73.9400000000002,45.,-30.0000000000001));
#3791=CARTESIAN_POINT('',(73.9400000000002,50.,-25.0000000000001));
#3792=CARTESIAN_POINT('Origin',(78.9400000000003,0.,-1.55326296486729E-13));
#3793=CARTESIAN_POINT('',(78.9400000000003,50.,24.9999999999998));
#3794=CARTESIAN_POINT('',(78.9400000000003,50.,29.9999999999998));
#3795=CARTESIAN_POINT('',(78.9400000000003,45.,29.9999999999998));
#3796=CARTESIAN_POINT('Origin',(78.9400000000003,45.,24.9999999999998));
#3797=CARTESIAN_POINT('',(78.9400000000003,0.,29.9999999999998));
#3798=CARTESIAN_POINT('',(78.9400000000003,-50.,29.9999999999998));
#3799=CARTESIAN_POINT('',(78.9400000000003,0.,10.2499999999998));
#3800=CARTESIAN_POINT('',(78.9400000000003,0.,-2.40540637517048E-13));
#3801=CARTESIAN_POINT('',(78.9400000000003,0.5,-10.2377976147218));
#3802=CARTESIAN_POINT('Origin',(78.9400000000003,0.,-1.55326296486729E-13));
#3803=CARTESIAN_POINT('',(78.9400000000002,0.499999999999998,-30.0000000000001));
#3804=CARTESIAN_POINT('',(78.9400000000003,0.5,-2.40540637517048E-13));
#3805=CARTESIAN_POINT('',(78.9400000000002,50.,-30.0000000000001));
#3806=CARTESIAN_POINT('',(78.9400000000002,41.895,-25.0000000000002));
#3807=CARTESIAN_POINT('Origin',(78.9400000000002,45.,-25.0000000000002));
#3808=CARTESIAN_POINT('',(78.9400000000003,41.895,24.9999999999998));
#3809=CARTESIAN_POINT('Origin',(78.9400000000003,45.,24.9999999999998));
#3810=CARTESIAN_POINT('Origin',(73.9400000000002,50.,-30.0000000000001));
#3811=CARTESIAN_POINT('',(73.9400000000003,50.,24.9999999999999));
#3812=CARTESIAN_POINT('Origin',(73.9400000000003,45.,24.9999999999999));
#3813=CARTESIAN_POINT('',(73.9400000000003,45.,29.9999999999999));
#3814=CARTESIAN_POINT('Origin',(0.,0.249999141771398,0.));
#3815=CARTESIAN_POINT('',(69.9400000000001,0.499998283542796,-64.8938710643497));
#3816=CARTESIAN_POINT('',(-69.9400000000002,0.5,-64.8938710511244));
#3817=CARTESIAN_POINT('Origin',(0.,0.499998283542796,0.));
#3818=CARTESIAN_POINT('',(-70.4400000000002,0.,-65.0917391072014));
#3819=CARTESIAN_POINT('Ctrl Pts',(-69.9400012606148,0.49999873938538,-64.8938690337596));
#3820=CARTESIAN_POINT('Ctrl Pts',(-70.1085108602509,0.331489139749333,-64.9606534721884));
#3821=CARTESIAN_POINT('Ctrl Pts',(-70.2771206091529,0.162879390847286,-65.0273757155797));
#3822=CARTESIAN_POINT('Ctrl Pts',(-70.4400000000002,2.08513761812412E-14,
-65.0917391072014));
#3823=CARTESIAN_POINT('',(70.4400000000001,0.,-65.0917391072015));
#3824=CARTESIAN_POINT('Origin',(0.,0.,0.));
#3825=CARTESIAN_POINT('Ctrl Pts',(70.4400000000001,-1.52655665885959E-15,
-65.0917391072015));
#3826=CARTESIAN_POINT('Ctrl Pts',(70.277120609102,0.162879390898096,-65.0273757155597));
#3827=CARTESIAN_POINT('Ctrl Pts',(70.1085108602263,0.331489139773822,-64.9606534721789));
#3828=CARTESIAN_POINT('Ctrl Pts',(69.9400012606147,0.499998739385381,-64.8938690337597));
#3829=CARTESIAN_POINT('Origin',(73.9400000000003,0.249925628438039,-10.4939024390245));
#3830=CARTESIAN_POINT('',(70.4400000000002,0.,-10.7500000000001));
#3831=CARTESIAN_POINT('',(78.4400000000003,0.,-10.7500000000002));
#3832=CARTESIAN_POINT('',(73.9400000000003,0.,-10.7500000000001));
#3833=CARTESIAN_POINT('',(78.9398512568763,0.499851256876078,-10.2378048780489));
#3834=CARTESIAN_POINT('',(78.4400000000003,0.,-10.7500000000002));
#3835=CARTESIAN_POINT('',(69.9401487431242,0.499851256876078,-10.2378048780489));
#3836=CARTESIAN_POINT('',(73.9400000000003,0.499851256876078,-10.2378048780489));
#3837=CARTESIAN_POINT('',(70.4400000000002,0.,-10.7500000000001));
#3838=CARTESIAN_POINT('Origin',(-70.1900000000002,0.25,32.4478986222527));
#3839=CARTESIAN_POINT('',(-69.9400000000003,0.5,-10.2377976147215));
#3840=CARTESIAN_POINT('',(-69.9400000000002,0.5,32.4478986222527));
#3841=CARTESIAN_POINT('',(-69.9401487431241,0.499851256876078,-10.2378048780486));
#3842=CARTESIAN_POINT('Origin',(-70.4400000000002,0.,1.50099388256726E-13));
#3843=CARTESIAN_POINT('',(-70.4400000000002,0.,-10.7499999999999));
#3844=CARTESIAN_POINT('',(-69.9401487431241,0.499851256876078,-10.2378048780486));
#3845=CARTESIAN_POINT('',(-70.4400000000002,0.,32.4478986222527));
#3846=CARTESIAN_POINT('Origin',(78.6900000000003,0.25,-2.40027159368159E-13));
#3847=CARTESIAN_POINT('',(78.4400000000002,0.,-29.5000000000002));
#3848=CARTESIAN_POINT('',(78.4400000000003,0.,-2.39513681219269E-13));
#3849=CARTESIAN_POINT('',(78.4400000000002,0.,-29.5000000000002));
#3850=CARTESIAN_POINT('Origin',(78.4400000000003,0.,-1.55687118969732E-13));
#3851=CARTESIAN_POINT('Origin',(73.9400000000003,0.249925628438039,-10.4939024390245));
#3852=CARTESIAN_POINT('',(-73.9398512568763,0.499851256876078,-10.2378048780486));
#3853=CARTESIAN_POINT('',(73.9400000000003,0.499851256876078,-10.2378048780489));
#3854=CARTESIAN_POINT('',(-73.4400000000002,0.,-10.7499999999998));
#3855=CARTESIAN_POINT('',(-73.9398512568763,0.499851256876078,-10.2378048780486));
#3856=CARTESIAN_POINT('',(73.9400000000003,0.,-10.7500000000001));
#3857=CARTESIAN_POINT('Origin',(38.2200000000001,0.249999999999999,-29.7500000000001));
#3858=CARTESIAN_POINT('',(73.4400000000002,0.,-29.5000000000001));
#3859=CARTESIAN_POINT('',(38.2200000000001,0.,-29.5000000000001));
#3860=CARTESIAN_POINT('',(73.4400000000002,0.,-29.5000000000001));
#3861=CARTESIAN_POINT('',(38.2200000000001,0.499999999999998,-30.0000000000001));
#3862=CARTESIAN_POINT('Origin',(73.6900000000001,0.25,-52.2050000000004));
#3863=CARTESIAN_POINT('',(73.44,0.,-99.4100000000002));
#3864=CARTESIAN_POINT('',(73.4400000000001,0.,-52.2050000000004));
#3865=CARTESIAN_POINT('',(73.44,0.,-99.4100000000002));
#3866=CARTESIAN_POINT('Origin',(68.94,0.25,-99.4100000000002));
#3867=CARTESIAN_POINT('',(68.94,0.,-103.91));
#3868=CARTESIAN_POINT('',(68.94,0.,-103.91));
#3869=CARTESIAN_POINT('Origin',(68.94,0.,-99.4100000000002));
#3870=CARTESIAN_POINT('Origin',(38.2199999999999,0.25,-104.16));
#3871=CARTESIAN_POINT('',(-68.9400000000002,0.,-103.91));
#3872=CARTESIAN_POINT('',(-68.9400000000002,0.,-103.91));
#3873=CARTESIAN_POINT('',(38.2199999999999,0.,-103.91));
#3874=CARTESIAN_POINT('Origin',(-68.9400000000002,0.25,-99.4100000000001));
#3875=CARTESIAN_POINT('',(-73.4400000000002,0.,-99.4100000000001));
#3876=CARTESIAN_POINT('',(-73.4400000000002,0.,-99.4100000000001));
#3877=CARTESIAN_POINT('Origin',(-68.9400000000002,0.,-99.4100000000001));
#3878=CARTESIAN_POINT('Origin',(-73.6900000000002,0.25,52.2049999999999));
#3879=CARTESIAN_POINT('',(-73.4400000000002,0.,52.2049999999999));
#3880=CARTESIAN_POINT('Origin',(-73.4400000000002,0.,1.56261126043396E-13));
#3881=CARTESIAN_POINT('Origin',(70.1900000000002,0.25,-32.447898622253));
#3882=CARTESIAN_POINT('',(69.9400000000002,0.5,-10.2377976147218));
#3883=CARTESIAN_POINT('',(69.9400000000002,0.5,-32.447898622253));
#3884=CARTESIAN_POINT('',(70.4400000000002,0.,-32.447898622253));
#3885=CARTESIAN_POINT('Origin',(70.4400000000003,0.,-1.3925581820528E-13));
#3886=CARTESIAN_POINT('Origin',(73.9400000000003,0.,-1.46444512289728E-13));
#3887=CARTESIAN_POINT('',(-69.9400000000003,0.,10.2500000000001));
#3888=CARTESIAN_POINT('Origin',(-69.9400000000003,0.,1.49072431958948E-13));
#3889=CARTESIAN_POINT('',(73.9400000000003,0.,10.2499999999999));
#3890=CARTESIAN_POINT('Origin',(-69.9400000000002,0.,64.8957972445055));
#3891=CARTESIAN_POINT('',(-69.9400000000002,0.,64.8957972445055));
#3892=CARTESIAN_POINT('Origin',(-69.9400000000002,0.,0.));
#3893=CARTESIAN_POINT('',(-69.9400000000002,0.,32.4478986222527));
#3894=CARTESIAN_POINT('Origin',(0.,0.,0.));
#3895=CARTESIAN_POINT('',(69.9400000000005,0.,64.8957972445052));
#3896=CARTESIAN_POINT('Origin',(69.9400000000003,0.,-2.08234072750114E-13));
#3897=CARTESIAN_POINT('Origin',(0.,0.,0.));
#3898=CARTESIAN_POINT('',(64.44,70.3601769469065,-7.89162397370554E-15));
#3899=CARTESIAN_POINT('Origin',(0.,70.3601769469065,0.));
#3900=CARTESIAN_POINT('Origin',(69.9400000000001,0.,-64.8957972445056));
#3901=CARTESIAN_POINT('',(69.9400000000002,0.,10.2499999999999));
#3902=CARTESIAN_POINT('Origin',(69.9400000000002,0.,-1.38228861907502E-13));
#3903=CARTESIAN_POINT('',(69.9400000000002,0.,-32.447898622253));
#3904=CARTESIAN_POINT('Origin',(73.9400000000003,0.,-1.46444512289728E-13));
#3905=CARTESIAN_POINT('',(73.9400000000003,0.,10.2499999999999));
#3906=CARTESIAN_POINT('Origin',(2.49999999999996,0.,-1.68753899743024E-13));
#3907=CARTESIAN_POINT('',(-69.5450000000002,0.,-96.4099999999999));
#3908=CARTESIAN_POINT('Origin',(-65.9400000000002,0.,-96.4099999999999));
#3909=CARTESIAN_POINT('',(62.3350000000006,0.,-96.4099999999996));
#3910=CARTESIAN_POINT('Origin',(65.9400000000006,0.,-96.4099999999996));
#3911=CARTESIAN_POINT('Origin',(-65.9400000000002,0.25,-96.4099999999999));
#3912=CARTESIAN_POINT('',(-69.0450000000002,0.5,-96.4099999999999));
#3913=CARTESIAN_POINT('Origin',(-65.9400000000002,0.5,-96.4099999999999));
#3914=CARTESIAN_POINT('',(-69.2950000000002,0.25,-96.4099999999999));
#3915=CARTESIAN_POINT('Origin',(-65.9400000000002,0.,-96.4099999999999));
#3916=CARTESIAN_POINT('',(-69.0450000000002,10.,-96.4099999999999));
#3917=CARTESIAN_POINT('',(-69.0450000000002,0.,-96.4099999999999));
#3918=CARTESIAN_POINT('Origin',(-65.9400000000002,10.,-96.4099999999999));
#3919=CARTESIAN_POINT('Origin',(65.9400000000006,0.25,-96.4099999999996));
#3920=CARTESIAN_POINT('',(62.8350000000006,0.5,-96.4099999999996));
#3921=CARTESIAN_POINT('Origin',(65.9400000000006,0.5,-96.4099999999996));
#3922=CARTESIAN_POINT('',(62.5850000000006,0.25,-96.4099999999996));
#3923=CARTESIAN_POINT('Origin',(65.9400000000006,0.,-96.4099999999996));
#3924=CARTESIAN_POINT('',(62.8350000000006,0.,-96.4099999999996));
#3925=CARTESIAN_POINT('Origin',(2.49999999999996,0.,-1.68753899743024E-13));
#3926=CARTESIAN_POINT('',(38.2200000000002,0.,29.9999999999999));
#3927=CARTESIAN_POINT('',(-69.0450000000002,0.,96.4099999999999));
#3928=CARTESIAN_POINT('Origin',(-65.9400000000002,0.,96.4099999999999));
#3929=CARTESIAN_POINT('',(62.8350000000006,0.,96.4099999999996));
#3930=CARTESIAN_POINT('Origin',(65.9400000000006,0.,96.4099999999996));
#3931=CARTESIAN_POINT('Origin',(73.9400000000002,-50.,-30.0000000000001));
#3932=CARTESIAN_POINT('Origin',(73.9400000000002,45.,-25.0000000000001));
#3933=CARTESIAN_POINT('',(73.9400000000002,41.895,-25.0000000000001));
#3934=CARTESIAN_POINT('',(73.9400000000002,41.895,-25.0000000000001));
#3935=CARTESIAN_POINT('Origin',(73.9400000000001,45.,-25.0000000000001));
#3936=CARTESIAN_POINT('Origin',(73.9400000000003,45.,24.9999999999999));
#3937=CARTESIAN_POINT('',(73.9400000000003,41.895,24.9999999999999));
#3938=CARTESIAN_POINT('',(73.9400000000003,41.895,24.9999999999999));
#3939=CARTESIAN_POINT('Origin',(73.9400000000002,45.,24.9999999999999));
#3940=CARTESIAN_POINT('Origin',(73.9400000000003,50.,29.9999999999999));
#3941=CARTESIAN_POINT('Origin',(73.94,0.,-104.41));
#3942=CARTESIAN_POINT('Origin',(73.94,0.,-104.41));
#3943=CARTESIAN_POINT('Origin',(65.9400000000006,0.,96.4099999999996));
#3944=CARTESIAN_POINT('',(62.8350000000006,10.,96.4099999999996));
#3945=CARTESIAN_POINT('',(62.8350000000006,0.,96.4099999999996));
#3946=CARTESIAN_POINT('Origin',(65.9400000000006,10.,96.4099999999996));
#3947=CARTESIAN_POINT('Origin',(-65.9400000000002,0.,96.4099999999999));
#3948=CARTESIAN_POINT('',(-69.0450000000002,0.,96.4099999999999));
#3949=CARTESIAN_POINT('Origin',(0.,73.930891161178,0.));
#3950=CARTESIAN_POINT('Origin',(67.94,73.930891161178,-8.32025035340712E-15));
#3951=CARTESIAN_POINT('Origin',(1.77635683940025E-13,10.,87.6333943327944));
#3952=CARTESIAN_POINT('Origin',(-6.21724893790088E-14,10.,-87.6333943327948));
#3953=UNCERTAINTY_MEASURE_WITH_UNIT(LENGTH_MEASURE(0.01),#3957,
'DISTANCE_ACCURACY_VALUE',
'Maximum model space distance between geometric entities at asserted c
onnectivities');
#3954=UNCERTAINTY_MEASURE_WITH_UNIT(LENGTH_MEASURE(0.01),#3957,
'DISTANCE_ACCURACY_VALUE',
'Maximum model space distance between geometric entities at asserted c
onnectivities');
#3955=(
GEOMETRIC_REPRESENTATION_CONTEXT(3)
GLOBAL_UNCERTAINTY_ASSIGNED_CONTEXT((#3953))
GLOBAL_UNIT_ASSIGNED_CONTEXT((#3957,#3959,#3960))
REPRESENTATION_CONTEXT('','3D')
);
#3956=(
GEOMETRIC_REPRESENTATION_CONTEXT(3)
GLOBAL_UNCERTAINTY_ASSIGNED_CONTEXT((#3954))
GLOBAL_UNIT_ASSIGNED_CONTEXT((#3957,#3959,#3960))
REPRESENTATION_CONTEXT('','3D')
);
#3957=(
LENGTH_UNIT()
NAMED_UNIT(*)
SI_UNIT(.MILLI.,.METRE.)
);
#3958=(
LENGTH_UNIT()
NAMED_UNIT(*)
SI_UNIT($,.METRE.)
);
#3959=(
NAMED_UNIT(*)
PLANE_ANGLE_UNIT()
SI_UNIT($,.RADIAN.)
);
#3960=(
NAMED_UNIT(*)
SI_UNIT($,.STERADIAN.)
SOLID_ANGLE_UNIT()
);
#3961=SHAPE_DEFINITION_REPRESENTATION(#3962,#3963);
#3962=PRODUCT_DEFINITION_SHAPE('',$,#3965);
#3963=SHAPE_REPRESENTATION('',(#1506),#3955);
#3964=PRODUCT_DEFINITION_CONTEXT('part definition',#3969,'design');
#3965=PRODUCT_DEFINITION('BlastGateThreaded','BlastGateThreaded v3',#3966,
#3964);
#3966=PRODUCT_DEFINITION_FORMATION('',$,#3971);
#3967=PRODUCT_RELATED_PRODUCT_CATEGORY('BlastGateThreaded v3',
'BlastGateThreaded v3',(#3971));
#3968=APPLICATION_PROTOCOL_DEFINITION('international standard',
'automotive_design',2009,#3969);
#3969=APPLICATION_CONTEXT(
'Core Data for Automotive Mechanical Design Process');
#3970=PRODUCT_CONTEXT('part definition',#3969,'mechanical');
#3971=PRODUCT('BlastGateThreaded','BlastGateThreaded v3',$,(#3970));
#3972=PRESENTATION_STYLE_ASSIGNMENT((#3974));
#3973=PRESENTATION_STYLE_ASSIGNMENT((#3975));
#3974=SURFACE_STYLE_USAGE(.BOTH.,#3976);
#3975=SURFACE_STYLE_USAGE(.BOTH.,#3977);
#3976=SURFACE_SIDE_STYLE('',(#3978));
#3977=SURFACE_SIDE_STYLE('',(#3979));
#3978=SURFACE_STYLE_FILL_AREA(#3980);
#3979=SURFACE_STYLE_FILL_AREA(#3981);
#3980=FILL_AREA_STYLE('Surface - Matte',(#3982));
#3981=FILL_AREA_STYLE('Surface - Matte',(#3983));
#3982=FILL_AREA_STYLE_COLOUR('Surface - Matte',#3984);
#3983=FILL_AREA_STYLE_COLOUR('Surface - Matte',#3985);
#3984=COLOUR_RGB('Surface - Matte',0.701960784313725,0.701960784313725,
0.701960784313725);
#3985=COLOUR_RGB('Surface - Matte',0.454901960784314,0.596078431372549,
0.333333333333333);
ENDSEC;
END-ISO-10303-21;
