ISO-10303-21;
HEADER;
/* Generated by software containing ST-Developer
 * from STEP Tools, Inc. (www.steptools.com) 
 */

FILE_DESCRIPTION(
/* description */ (''),
/* implementation_level */ '2;1');

FILE_NAME(
/* name */ 'SensorBox.step',
/* time_stamp */ '2026-09-27T17:50:46+10:00',
/* author */ (''),
/* organization */ (''),
/* preprocessor_version */ 'ST-DEVELOPER v20.2',
/* originating_system */ 'Autodesk Translation Framework v15.15.0.0',
/* authorisation */ '');

FILE_SCHEMA (('AUTOMOTIVE_DESIGN { 1 0 10303 214 3 1 1 }'));
ENDSEC;

DATA;
#10=MECHANICAL_DESIGN_GEOMETRIC_PRESENTATION_REPRESENTATION('',(#49,#50),
#4132);
#11=ITEM_DEFINED_TRANSFORMATION($,$,#2309,#2548);
#12=ITEM_DEFINED_TRANSFORMATION($,$,#2401,#2549);
#13=ITEM_DEFINED_TRANSFORMATION($,$,#2308,#2550);
#14=(
REPRESENTATION_RELATIONSHIP($,$,#4150,#4149)
REPRESENTATION_RELATIONSHIP_WITH_TRANSFORMATION(#11)
SHAPE_REPRESENTATION_RELATIONSHIP()
);
#15=(
REPRESENTATION_RELATIONSHIP($,$,#4151,#4149)
REPRESENTATION_RELATIONSHIP_WITH_TRANSFORMATION(#12)
SHAPE_REPRESENTATION_RELATIONSHIP()
);
#16=(
REPRESENTATION_RELATIONSHIP($,$,#4149,#4148)
REPRESENTATION_RELATIONSHIP_WITH_TRANSFORMATION(#13)
SHAPE_REPRESENTATION_RELATIONSHIP()
);
#17=CONTEXT_DEPENDENT_SHAPE_REPRESENTATION(#14,#4145);
#18=CONTEXT_DEPENDENT_SHAPE_REPRESENTATION(#15,#4146);
#19=CONTEXT_DEPENDENT_SHAPE_REPRESENTATION(#16,#4147);
#20=NEXT_ASSEMBLY_USAGE_OCCURRENCE('Base:1','Base:1','Base:1',#4154,#4155,
'Base:1');
#21=NEXT_ASSEMBLY_USAGE_OCCURRENCE('Top:1','Top:1','Top:1',#4154,#4156,
'Top:1');
#22=NEXT_ASSEMBLY_USAGE_OCCURRENCE('Case:1','Case:1','Case:1',#4153,#4154,
'Case:1');
#23=B_SPLINE_SURFACE_WITH_KNOTS('',3,3,((#3916,#3917,#3918,#3919,#3920,
#3921,#3922,#3923,#3924,#3925,#3926),(#3927,#3928,#3929,#3930,#3931,#3932,
#3933,#3934,#3935,#3936,#3937),(#3938,#3939,#3940,#3941,#3942,#3943,#3944,
#3945,#3946,#3947,#3948),(#3949,#3950,#3951,#3952,#3953,#3954,#3955,#3956,
#3957,#3958,#3959),(#3960,#3961,#3962,#3963,#3964,#3965,#3966,#3967,#3968,
#3969,#3970)),.UNSPECIFIED.,.F.,.F.,.F.,(4,1,4),(4,1,1,1,1,1,2,4),(0.,0.571428571428571,
1.),(-0.667728660243609,-0.534182928194887,-0.400637196146165,-0.333864330121804,
-0.267091464097444,-0.133545732048722,0.,0.000866026320588476),
 .UNSPECIFIED.);
#24=B_SPLINE_SURFACE_WITH_KNOTS('',3,3,((#3986,#3987,#3988,#3989,#3990,
#3991,#3992,#3993,#3994,#3995,#3996,#3997),(#3998,#3999,#4000,#4001,#4002,
#4003,#4004,#4005,#4006,#4007,#4008,#4009),(#4010,#4011,#4012,#4013,#4014,
#4015,#4016,#4017,#4018,#4019,#4020,#4021),(#4022,#4023,#4024,#4025,#4026,
#4027,#4028,#4029,#4030,#4031,#4032,#4033),(#4034,#4035,#4036,#4037,#4038,
#4039,#4040,#4041,#4042,#4043,#4044,#4045)),.UNSPECIFIED.,.F.,.F.,.F.,(4,
1,4),(4,2,1,1,1,1,1,1,4),(0.,0.571428571428571,1.),(-0.668594686564584,
-0.667728660243995,-0.534182928195196,-0.467410062170797,-0.400637196146397,
-0.333864330121998,-0.267091464097598,-0.133545732048799,0.),
 .UNSPECIFIED.);
#25=B_SPLINE_CURVE_WITH_KNOTS('',3,(#3726,#3727,#3728,#3729),
 .UNSPECIFIED.,.F.,.F.,(4,4),(0.291810144807876,0.32756223273342),
 .UNSPECIFIED.);
#26=B_SPLINE_CURVE_WITH_KNOTS('',3,(#3730,#3731,#3732,#3733,#3734,#3735,
#3736,#3737,#3738,#3739,#3740,#3741,#3742,#3743,#3744,#3745),
 .UNSPECIFIED.,.F.,.F.,(4,2,2,2,2,2,2,4),(-0.455313101981357,-0.435581744806712,
-0.378878468832349,-0.265471916883625,-0.132735958441812,-0.066367979220906,
-0.0331839896104531,0.),.UNSPECIFIED.);
#27=B_SPLINE_CURVE_WITH_KNOTS('',3,(#3754,#3755,#3756,#3757,#3758,#3759,
#3760,#3761,#3762,#3763,#3764,#3765),.UNSPECIFIED.,.F.,.F.,(4,2,1,1,1,1,
1,1,4),(-0.668594686564584,-0.667728660243995,-0.534182928195196,-0.467410062170797,
-0.400637196146397,-0.333864330121998,-0.267091464097598,-0.133545732048799,
0.),.UNSPECIFIED.);
#28=B_SPLINE_CURVE_WITH_KNOTS('',3,(#3769,#3770,#3771,#3772,#3773,#3774,
#3775,#3776,#3777,#3778,#3779),.UNSPECIFIED.,.F.,.F.,(4,1,1,1,1,1,2,4),
(-0.667728660243609,-0.534182928194887,-0.400637196146165,-0.333864330121804,
-0.267091464097444,-0.133545732048722,0.,0.000866026320588476),
 .UNSPECIFIED.);
#29=B_SPLINE_CURVE_WITH_KNOTS('',3,(#3827,#3828,#3829,#3830),
 .UNSPECIFIED.,.F.,.F.,(4,4),(1.7221146904731,1.75786677839865),
 .UNSPECIFIED.);
#30=B_SPLINE_CURVE_WITH_KNOTS('',3,(#3833,#3834,#3835,#3836,#3837,#3838,
#3839,#3840,#3841,#3842,#3843,#3844,#3845,#3846,#3847,#3848),
 .UNSPECIFIED.,.F.,.F.,(4,2,2,2,2,2,2,4),(0.,0.0331839896104531,0.0663679792209061,
0.132735958441812,0.265471916883625,0.378878468832349,0.435581744806712,
0.455313101981354),.UNSPECIFIED.);
#31=B_SPLINE_CURVE_WITH_KNOTS('',3,(#3860,#3861,#3862,#3863,#3864,#3865,
#3866,#3867,#3868,#3869),.UNSPECIFIED.,.F.,.F.,(4,2,2,2,4),(1.25411599187833,
1.33509068261637,1.44231419741435,1.54082086301842,1.63932752862248),
 .UNSPECIFIED.);
#32=B_SPLINE_CURVE_WITH_KNOTS('',3,(#3874,#3875,#3876,#3877,#3878,#3879,
#3880,#3881,#3882,#3883),.UNSPECIFIED.,.F.,.F.,(4,2,2,2,4),(0.,0.098506665604061,
0.197013331208122,0.304236846006104,0.385211536744153),.UNSPECIFIED.);
#33=B_SPLINE_CURVE_WITH_KNOTS('',3,(#3888,#3889,#3890,#3891,#3892,#3893),
 .UNSPECIFIED.,.F.,.F.,(4,2,4),(0.255176457665916,0.285645682726948,0.299212241405767),
 .UNSPECIFIED.);
#34=B_SPLINE_CURVE_WITH_KNOTS('',3,(#3894,#3895,#3896,#3897,#3898,#3899),
 .UNSPECIFIED.,.F.,.F.,(4,2,4),(1.78110271712583,1.79466927580465,1.82513850086569),
 .UNSPECIFIED.);
#35=B_SPLINE_CURVE_WITH_KNOTS('',3,(#3971,#3972,#3973,#3974,#3975,#3976,
#3977,#3978,#3979,#3980,#3981),.UNSPECIFIED.,.F.,.F.,(4,2,1,1,1,1,1,4),
(-0.000866026320588476,0.,0.133545732048722,0.267091464097444,0.333864330121804,
0.400637196146165,0.534182928194887,0.667728660243609),.UNSPECIFIED.);
#36=B_SPLINE_CURVE_WITH_KNOTS('',3,(#4046,#4047,#4048,#4049,#4050,#4051,
#4052,#4053,#4054,#4055,#4056,#4057),.UNSPECIFIED.,.F.,.F.,(4,1,1,1,1,1,
1,2,4),(0.,0.133545732048799,0.267091464097598,0.333864330121998,0.400637196146397,
0.467410062170797,0.534182928195196,0.667728660243995,0.668594686564584),
 .UNSPECIFIED.);
#37=TOROIDAL_SURFACE('',#2405,3.25,1.5);
#38=TOROIDAL_SURFACE('',#2411,3.25,1.5);
#39=TOROIDAL_SURFACE('',#2481,2.75,1.75);
#40=TOROIDAL_SURFACE('',#2486,2.75,1.75);
#41=TOROIDAL_SURFACE('',#2511,5.5,1.);
#42=TOROIDAL_SURFACE('',#2514,5.5,1.);
#43=TOROIDAL_SURFACE('',#2518,3.5,1.);
#44=TOROIDAL_SURFACE('',#2524,3.5,1.);
#45=SHAPE_REPRESENTATION_RELATIONSHIP('SRR','None',#4150,#47);
#46=SHAPE_REPRESENTATION_RELATIONSHIP('SRR','None',#4151,#48);
#47=ADVANCED_BREP_SHAPE_REPRESENTATION('',(#51),#4130);
#48=ADVANCED_BREP_SHAPE_REPRESENTATION('',(#52),#4131);
#49=STYLED_ITEM('',(#4172),#51);
#50=STYLED_ITEM('',(#4172),#52);
#51=MANIFOLD_SOLID_BREP('Body1',#2282);
#52=MANIFOLD_SOLID_BREP('Body1',#2283);
#53=CONICAL_SURFACE('',#2331,4.75,0.785398163397453);
#54=CONICAL_SURFACE('',#2344,4.75,0.785398163397444);
#55=CONICAL_SURFACE('',#2364,3.25,0.785398163397446);
#56=CONICAL_SURFACE('',#2367,3.25,0.785398163397447);
#57=CONICAL_SURFACE('',#2370,3.25,0.785398163397453);
#58=CONICAL_SURFACE('',#2373,3.25,0.785398163397453);
#59=CONICAL_SURFACE('',#2384,1.875,0.785398163397455);
#60=CONICAL_SURFACE('',#2387,1.875,0.785398163397455);
#61=CONICAL_SURFACE('',#2390,1.875,0.785398163397455);
#62=CONICAL_SURFACE('',#2393,1.875,0.785398163397455);
#63=CONICAL_SURFACE('',#2434,3.25,0.785398163397453);
#64=CONICAL_SURFACE('',#2438,3.25,0.785398163397447);
#65=CONICAL_SURFACE('',#2442,3.,0.785398163397443);
#66=CONICAL_SURFACE('',#2445,0.750000000000001,0.78539816339744);
#67=CONICAL_SURFACE('',#2448,0.750000000000001,0.78539816339744);
#68=CONICAL_SURFACE('',#2451,3.,0.785398163397438);
#69=CONICAL_SURFACE('',#2454,3.25,0.785398163397447);
#70=CONICAL_SURFACE('',#2458,3.25,0.785398163397453);
#71=CONICAL_SURFACE('',#2491,1.4375,0.785398163397448);
#72=CONICAL_SURFACE('',#2501,1.4375,0.785398163397448);
#73=CONICAL_SURFACE('',#2530,2.25,0.785398163397448);
#74=CONICAL_SURFACE('',#2534,2.25,0.785398163397448);
#75=FACE_BOUND('',#278,.T.);
#76=FACE_BOUND('',#279,.T.);
#77=FACE_BOUND('',#283,.T.);
#78=FACE_BOUND('',#284,.T.);
#79=FACE_BOUND('',#320,.T.);
#80=FACE_BOUND('',#321,.T.);
#81=FACE_BOUND('',#322,.T.);
#82=FACE_BOUND('',#323,.T.);
#83=FACE_BOUND('',#368,.T.);
#84=FACE_BOUND('',#369,.T.);
#85=FACE_BOUND('',#413,.T.);
#86=FACE_BOUND('',#414,.T.);
#87=FACE_BOUND('',#415,.T.);
#88=FACE_BOUND('',#416,.T.);
#89=PLANE('',#2313);
#90=PLANE('',#2317);
#91=PLANE('',#2321);
#92=PLANE('',#2325);
#93=PLANE('',#2330);
#94=PLANE('',#2334);
#95=PLANE('',#2335);
#96=PLANE('',#2338);
#97=PLANE('',#2341);
#98=PLANE('',#2342);
#99=PLANE('',#2343);
#100=PLANE('',#2346);
#101=PLANE('',#2347);
#102=PLANE('',#2348);
#103=PLANE('',#2349);
#104=PLANE('',#2350);
#105=PLANE('',#2351);
#106=PLANE('',#2352);
#107=PLANE('',#2357);
#108=PLANE('',#2360);
#109=PLANE('',#2361);
#110=PLANE('',#2366);
#111=PLANE('',#2369);
#112=PLANE('',#2372);
#113=PLANE('',#2376);
#114=PLANE('',#2378);
#115=PLANE('',#2379);
#116=PLANE('',#2396);
#117=PLANE('',#2397);
#118=PLANE('',#2398);
#119=PLANE('',#2399);
#120=PLANE('',#2400);
#121=PLANE('',#2417);
#122=PLANE('',#2421);
#123=PLANE('',#2424);
#124=PLANE('',#2431);
#125=PLANE('',#2433);
#126=PLANE('',#2437);
#127=PLANE('',#2441);
#128=PLANE('',#2444);
#129=PLANE('',#2447);
#130=PLANE('',#2450);
#131=PLANE('',#2453);
#132=PLANE('',#2457);
#133=PLANE('',#2463);
#134=PLANE('',#2467);
#135=PLANE('',#2475);
#136=PLANE('',#2478);
#137=PLANE('',#2485);
#138=PLANE('',#2489);
#139=PLANE('',#2503);
#140=PLANE('',#2529);
#141=PLANE('',#2540);
#142=PLANE('',#2545);
#143=PLANE('',#2546);
#144=PLANE('',#2547);
#145=FACE_OUTER_BOUND('',#274,.T.);
#146=FACE_OUTER_BOUND('',#275,.T.);
#147=FACE_OUTER_BOUND('',#276,.T.);
#148=FACE_OUTER_BOUND('',#277,.T.);
#149=FACE_OUTER_BOUND('',#280,.T.);
#150=FACE_OUTER_BOUND('',#281,.T.);
#151=FACE_OUTER_BOUND('',#282,.T.);
#152=FACE_OUTER_BOUND('',#285,.T.);
#153=FACE_OUTER_BOUND('',#286,.T.);
#154=FACE_OUTER_BOUND('',#287,.T.);
#155=FACE_OUTER_BOUND('',#288,.T.);
#156=FACE_OUTER_BOUND('',#289,.T.);
#157=FACE_OUTER_BOUND('',#290,.T.);
#158=FACE_OUTER_BOUND('',#291,.T.);
#159=FACE_OUTER_BOUND('',#292,.T.);
#160=FACE_OUTER_BOUND('',#293,.T.);
#161=FACE_OUTER_BOUND('',#294,.T.);
#162=FACE_OUTER_BOUND('',#295,.T.);
#163=FACE_OUTER_BOUND('',#296,.T.);
#164=FACE_OUTER_BOUND('',#297,.T.);
#165=FACE_OUTER_BOUND('',#298,.T.);
#166=FACE_OUTER_BOUND('',#299,.T.);
#167=FACE_OUTER_BOUND('',#300,.T.);
#168=FACE_OUTER_BOUND('',#301,.T.);
#169=FACE_OUTER_BOUND('',#302,.T.);
#170=FACE_OUTER_BOUND('',#303,.T.);
#171=FACE_OUTER_BOUND('',#304,.T.);
#172=FACE_OUTER_BOUND('',#305,.T.);
#173=FACE_OUTER_BOUND('',#306,.T.);
#174=FACE_OUTER_BOUND('',#307,.T.);
#175=FACE_OUTER_BOUND('',#308,.T.);
#176=FACE_OUTER_BOUND('',#309,.T.);
#177=FACE_OUTER_BOUND('',#310,.T.);
#178=FACE_OUTER_BOUND('',#311,.T.);
#179=FACE_OUTER_BOUND('',#312,.T.);
#180=FACE_OUTER_BOUND('',#313,.T.);
#181=FACE_OUTER_BOUND('',#314,.T.);
#182=FACE_OUTER_BOUND('',#315,.T.);
#183=FACE_OUTER_BOUND('',#316,.T.);
#184=FACE_OUTER_BOUND('',#317,.T.);
#185=FACE_OUTER_BOUND('',#318,.T.);
#186=FACE_OUTER_BOUND('',#319,.T.);
#187=FACE_OUTER_BOUND('',#324,.T.);
#188=FACE_OUTER_BOUND('',#325,.T.);
#189=FACE_OUTER_BOUND('',#326,.T.);
#190=FACE_OUTER_BOUND('',#327,.T.);
#191=FACE_OUTER_BOUND('',#328,.T.);
#192=FACE_OUTER_BOUND('',#329,.T.);
#193=FACE_OUTER_BOUND('',#330,.T.);
#194=FACE_OUTER_BOUND('',#331,.T.);
#195=FACE_OUTER_BOUND('',#332,.T.);
#196=FACE_OUTER_BOUND('',#333,.T.);
#197=FACE_OUTER_BOUND('',#334,.T.);
#198=FACE_OUTER_BOUND('',#335,.T.);
#199=FACE_OUTER_BOUND('',#336,.T.);
#200=FACE_OUTER_BOUND('',#337,.T.);
#201=FACE_OUTER_BOUND('',#338,.T.);
#202=FACE_OUTER_BOUND('',#339,.T.);
#203=FACE_OUTER_BOUND('',#340,.T.);
#204=FACE_OUTER_BOUND('',#341,.T.);
#205=FACE_OUTER_BOUND('',#342,.T.);
#206=FACE_OUTER_BOUND('',#343,.T.);
#207=FACE_OUTER_BOUND('',#344,.T.);
#208=FACE_OUTER_BOUND('',#345,.T.);
#209=FACE_OUTER_BOUND('',#346,.T.);
#210=FACE_OUTER_BOUND('',#347,.T.);
#211=FACE_OUTER_BOUND('',#348,.T.);
#212=FACE_OUTER_BOUND('',#349,.T.);
#213=FACE_OUTER_BOUND('',#350,.T.);
#214=FACE_OUTER_BOUND('',#351,.T.);
#215=FACE_OUTER_BOUND('',#352,.T.);
#216=FACE_OUTER_BOUND('',#353,.T.);
#217=FACE_OUTER_BOUND('',#354,.T.);
#218=FACE_OUTER_BOUND('',#355,.T.);
#219=FACE_OUTER_BOUND('',#356,.T.);
#220=FACE_OUTER_BOUND('',#357,.T.);
#221=FACE_OUTER_BOUND('',#358,.T.);
#222=FACE_OUTER_BOUND('',#359,.T.);
#223=FACE_OUTER_BOUND('',#360,.T.);
#224=FACE_OUTER_BOUND('',#361,.T.);
#225=FACE_OUTER_BOUND('',#362,.T.);
#226=FACE_OUTER_BOUND('',#363,.T.);
#227=FACE_OUTER_BOUND('',#364,.T.);
#228=FACE_OUTER_BOUND('',#365,.T.);
#229=FACE_OUTER_BOUND('',#366,.T.);
#230=FACE_OUTER_BOUND('',#367,.T.);
#231=FACE_OUTER_BOUND('',#370,.T.);
#232=FACE_OUTER_BOUND('',#371,.T.);
#233=FACE_OUTER_BOUND('',#372,.T.);
#234=FACE_OUTER_BOUND('',#373,.T.);
#235=FACE_OUTER_BOUND('',#374,.T.);
#236=FACE_OUTER_BOUND('',#375,.T.);
#237=FACE_OUTER_BOUND('',#376,.T.);
#238=FACE_OUTER_BOUND('',#377,.T.);
#239=FACE_OUTER_BOUND('',#378,.T.);
#240=FACE_OUTER_BOUND('',#379,.T.);
#241=FACE_OUTER_BOUND('',#380,.T.);
#242=FACE_OUTER_BOUND('',#381,.T.);
#243=FACE_OUTER_BOUND('',#382,.T.);
#244=FACE_OUTER_BOUND('',#383,.T.);
#245=FACE_OUTER_BOUND('',#384,.T.);
#246=FACE_OUTER_BOUND('',#385,.T.);
#247=FACE_OUTER_BOUND('',#386,.T.);
#248=FACE_OUTER_BOUND('',#387,.T.);
#249=FACE_OUTER_BOUND('',#388,.T.);
#250=FACE_OUTER_BOUND('',#389,.T.);
#251=FACE_OUTER_BOUND('',#390,.T.);
#252=FACE_OUTER_BOUND('',#391,.T.);
#253=FACE_OUTER_BOUND('',#392,.T.);
#254=FACE_OUTER_BOUND('',#393,.T.);
#255=FACE_OUTER_BOUND('',#394,.T.);
#256=FACE_OUTER_BOUND('',#395,.T.);
#257=FACE_OUTER_BOUND('',#396,.T.);
#258=FACE_OUTER_BOUND('',#397,.T.);
#259=FACE_OUTER_BOUND('',#398,.T.);
#260=FACE_OUTER_BOUND('',#399,.T.);
#261=FACE_OUTER_BOUND('',#400,.T.);
#262=FACE_OUTER_BOUND('',#401,.T.);
#263=FACE_OUTER_BOUND('',#402,.T.);
#264=FACE_OUTER_BOUND('',#403,.T.);
#265=FACE_OUTER_BOUND('',#404,.T.);
#266=FACE_OUTER_BOUND('',#405,.T.);
#267=FACE_OUTER_BOUND('',#406,.T.);
#268=FACE_OUTER_BOUND('',#407,.T.);
#269=FACE_OUTER_BOUND('',#408,.T.);
#270=FACE_OUTER_BOUND('',#409,.T.);
#271=FACE_OUTER_BOUND('',#410,.T.);
#272=FACE_OUTER_BOUND('',#411,.T.);
#273=FACE_OUTER_BOUND('',#412,.T.);
#274=EDGE_LOOP('',(#1460,#1461,#1462,#1463));
#275=EDGE_LOOP('',(#1464,#1465,#1466,#1467));
#276=EDGE_LOOP('',(#1468,#1469,#1470,#1471));
#277=EDGE_LOOP('',(#1472,#1473,#1474,#1475,#1476,#1477,#1478,#1479,#1480,
#1481));
#278=EDGE_LOOP('',(#1482));
#279=EDGE_LOOP('',(#1483));
#280=EDGE_LOOP('',(#1484,#1485,#1486,#1487));
#281=EDGE_LOOP('',(#1488,#1489,#1490,#1491));
#282=EDGE_LOOP('',(#1492,#1493,#1494,#1495,#1496,#1497));
#283=EDGE_LOOP('',(#1498));
#284=EDGE_LOOP('',(#1499));
#285=EDGE_LOOP('',(#1500,#1501,#1502,#1503));
#286=EDGE_LOOP('',(#1504,#1505,#1506,#1507));
#287=EDGE_LOOP('',(#1508,#1509,#1510,#1511));
#288=EDGE_LOOP('',(#1512,#1513,#1514,#1515));
#289=EDGE_LOOP('',(#1516,#1517,#1518,#1519,#1520,#1521,#1522,#1523,#1524,
#1525,#1526,#1527,#1528));
#290=EDGE_LOOP('',(#1529,#1530,#1531,#1532,#1533,#1534,#1535,#1536,#1537,
#1538,#1539,#1540));
#291=EDGE_LOOP('',(#1541,#1542,#1543,#1544));
#292=EDGE_LOOP('',(#1545,#1546,#1547,#1548,#1549,#1550,#1551,#1552));
#293=EDGE_LOOP('',(#1553,#1554,#1555,#1556));
#294=EDGE_LOOP('',(#1557,#1558,#1559,#1560));
#295=EDGE_LOOP('',(#1561,#1562,#1563,#1564));
#296=EDGE_LOOP('',(#1565,#1566,#1567,#1568));
#297=EDGE_LOOP('',(#1569,#1570,#1571,#1572));
#298=EDGE_LOOP('',(#1573,#1574,#1575,#1576,#1577));
#299=EDGE_LOOP('',(#1578,#1579,#1580,#1581,#1582,#1583,#1584,#1585,#1586,
#1587));
#300=EDGE_LOOP('',(#1588,#1589,#1590,#1591,#1592,#1593));
#301=EDGE_LOOP('',(#1594,#1595,#1596,#1597));
#302=EDGE_LOOP('',(#1598,#1599,#1600,#1601,#1602,#1603,#1604,#1605,#1606,
#1607,#1608,#1609,#1610,#1611));
#303=EDGE_LOOP('',(#1612,#1613,#1614,#1615));
#304=EDGE_LOOP('',(#1616,#1617,#1618,#1619));
#305=EDGE_LOOP('',(#1620,#1621,#1622,#1623));
#306=EDGE_LOOP('',(#1624,#1625,#1626,#1627));
#307=EDGE_LOOP('',(#1628,#1629,#1630,#1631,#1632,#1633,#1634,#1635));
#308=EDGE_LOOP('',(#1636,#1637,#1638,#1639));
#309=EDGE_LOOP('',(#1640,#1641,#1642,#1643));
#310=EDGE_LOOP('',(#1644,#1645,#1646,#1647));
#311=EDGE_LOOP('',(#1648,#1649,#1650,#1651));
#312=EDGE_LOOP('',(#1652,#1653,#1654,#1655));
#313=EDGE_LOOP('',(#1656,#1657,#1658,#1659));
#314=EDGE_LOOP('',(#1660,#1661,#1662,#1663));
#315=EDGE_LOOP('',(#1664,#1665,#1666,#1667));
#316=EDGE_LOOP('',(#1668,#1669,#1670,#1671));
#317=EDGE_LOOP('',(#1672,#1673,#1674,#1675));
#318=EDGE_LOOP('',(#1676,#1677,#1678,#1679));
#319=EDGE_LOOP('',(#1680,#1681,#1682,#1683,#1684,#1685,#1686,#1687));
#320=EDGE_LOOP('',(#1688));
#321=EDGE_LOOP('',(#1689));
#322=EDGE_LOOP('',(#1690));
#323=EDGE_LOOP('',(#1691));
#324=EDGE_LOOP('',(#1692,#1693,#1694,#1695));
#325=EDGE_LOOP('',(#1696,#1697,#1698,#1699));
#326=EDGE_LOOP('',(#1700,#1701,#1702,#1703));
#327=EDGE_LOOP('',(#1704,#1705,#1706,#1707));
#328=EDGE_LOOP('',(#1708,#1709,#1710,#1711));
#329=EDGE_LOOP('',(#1712,#1713,#1714,#1715));
#330=EDGE_LOOP('',(#1716,#1717,#1718,#1719));
#331=EDGE_LOOP('',(#1720,#1721,#1722,#1723));
#332=EDGE_LOOP('',(#1724,#1725,#1726,#1727));
#333=EDGE_LOOP('',(#1728,#1729,#1730,#1731));
#334=EDGE_LOOP('',(#1732,#1733,#1734,#1735));
#335=EDGE_LOOP('',(#1736,#1737,#1738,#1739));
#336=EDGE_LOOP('',(#1740,#1741,#1742,#1743));
#337=EDGE_LOOP('',(#1744,#1745,#1746,#1747));
#338=EDGE_LOOP('',(#1748,#1749,#1750,#1751));
#339=EDGE_LOOP('',(#1752,#1753,#1754,#1755));
#340=EDGE_LOOP('',(#1756,#1757,#1758,#1759));
#341=EDGE_LOOP('',(#1760,#1761,#1762,#1763));
#342=EDGE_LOOP('',(#1764,#1765,#1766,#1767,#1768));
#343=EDGE_LOOP('',(#1769,#1770,#1771,#1772));
#344=EDGE_LOOP('',(#1773,#1774,#1775,#1776));
#345=EDGE_LOOP('',(#1777,#1778,#1779,#1780));
#346=EDGE_LOOP('',(#1781,#1782,#1783,#1784,#1785,#1786,#1787,#1788,#1789,
#1790,#1791,#1792,#1793,#1794,#1795,#1796,#1797,#1798,#1799,#1800));
#347=EDGE_LOOP('',(#1801,#1802,#1803,#1804,#1805));
#348=EDGE_LOOP('',(#1806,#1807,#1808,#1809));
#349=EDGE_LOOP('',(#1810,#1811,#1812,#1813));
#350=EDGE_LOOP('',(#1814,#1815,#1816,#1817));
#351=EDGE_LOOP('',(#1818,#1819,#1820,#1821));
#352=EDGE_LOOP('',(#1822,#1823,#1824,#1825));
#353=EDGE_LOOP('',(#1826,#1827,#1828,#1829));
#354=EDGE_LOOP('',(#1830,#1831,#1832,#1833));
#355=EDGE_LOOP('',(#1834,#1835,#1836,#1837));
#356=EDGE_LOOP('',(#1838,#1839,#1840,#1841));
#357=EDGE_LOOP('',(#1842,#1843,#1844,#1845));
#358=EDGE_LOOP('',(#1846,#1847,#1848,#1849));
#359=EDGE_LOOP('',(#1850,#1851,#1852,#1853));
#360=EDGE_LOOP('',(#1854,#1855,#1856,#1857));
#361=EDGE_LOOP('',(#1858,#1859,#1860,#1861));
#362=EDGE_LOOP('',(#1862,#1863,#1864,#1865));
#363=EDGE_LOOP('',(#1866,#1867,#1868,#1869));
#364=EDGE_LOOP('',(#1870,#1871,#1872,#1873));
#365=EDGE_LOOP('',(#1874,#1875,#1876,#1877,#1878,#1879,#1880,#1881,#1882,
#1883));
#366=EDGE_LOOP('',(#1884,#1885,#1886,#1887,#1888));
#367=EDGE_LOOP('',(#1889,#1890,#1891,#1892,#1893,#1894,#1895,#1896,#1897,
#1898,#1899,#1900,#1901,#1902,#1903,#1904,#1905,#1906,#1907));
#368=EDGE_LOOP('',(#1908));
#369=EDGE_LOOP('',(#1909));
#370=EDGE_LOOP('',(#1910,#1911,#1912,#1913));
#371=EDGE_LOOP('',(#1914,#1915,#1916,#1917));
#372=EDGE_LOOP('',(#1918,#1919,#1920,#1921));
#373=EDGE_LOOP('',(#1922,#1923,#1924,#1925));
#374=EDGE_LOOP('',(#1926,#1927,#1928,#1929));
#375=EDGE_LOOP('',(#1930,#1931,#1932,#1933));
#376=EDGE_LOOP('',(#1934,#1935,#1936,#1937));
#377=EDGE_LOOP('',(#1938,#1939,#1940,#1941));
#378=EDGE_LOOP('',(#1942,#1943,#1944,#1945));
#379=EDGE_LOOP('',(#1946,#1947,#1948,#1949));
#380=EDGE_LOOP('',(#1950,#1951));
#381=EDGE_LOOP('',(#1952,#1953,#1954,#1955,#1956,#1957,#1958,#1959));
#382=EDGE_LOOP('',(#1960,#1961,#1962,#1963,#1964,#1965));
#383=EDGE_LOOP('',(#1966,#1967,#1968,#1969,#1970));
#384=EDGE_LOOP('',(#1971,#1972,#1973,#1974,#1975,#1976,#1977));
#385=EDGE_LOOP('',(#1978,#1979,#1980,#1981,#1982,#1983,#1984,#1985));
#386=EDGE_LOOP('',(#1986,#1987));
#387=EDGE_LOOP('',(#1988,#1989,#1990,#1991,#1992));
#388=EDGE_LOOP('',(#1993,#1994,#1995,#1996,#1997));
#389=EDGE_LOOP('',(#1998,#1999,#2000,#2001));
#390=EDGE_LOOP('',(#2002,#2003,#2004,#2005));
#391=EDGE_LOOP('',(#2006,#2007,#2008));
#392=EDGE_LOOP('',(#2009,#2010,#2011,#2012));
#393=EDGE_LOOP('',(#2013,#2014,#2015));
#394=EDGE_LOOP('',(#2016,#2017,#2018,#2019));
#395=EDGE_LOOP('',(#2020,#2021,#2022,#2023));
#396=EDGE_LOOP('',(#2024,#2025,#2026,#2027));
#397=EDGE_LOOP('',(#2028,#2029,#2030,#2031));
#398=EDGE_LOOP('',(#2032,#2033,#2034,#2035));
#399=EDGE_LOOP('',(#2036,#2037,#2038,#2039));
#400=EDGE_LOOP('',(#2040,#2041,#2042,#2043,#2044,#2045,#2046,#2047,#2048,
#2049));
#401=EDGE_LOOP('',(#2050,#2051,#2052,#2053));
#402=EDGE_LOOP('',(#2054,#2055,#2056,#2057));
#403=EDGE_LOOP('',(#2058,#2059,#2060,#2061));
#404=EDGE_LOOP('',(#2062,#2063,#2064,#2065));
#405=EDGE_LOOP('',(#2066,#2067,#2068,#2069));
#406=EDGE_LOOP('',(#2070,#2071,#2072,#2073));
#407=EDGE_LOOP('',(#2074,#2075,#2076,#2077));
#408=EDGE_LOOP('',(#2078,#2079,#2080,#2081));
#409=EDGE_LOOP('',(#2082,#2083,#2084,#2085));
#410=EDGE_LOOP('',(#2086,#2087,#2088,#2089));
#411=EDGE_LOOP('',(#2090,#2091,#2092,#2093));
#412=EDGE_LOOP('',(#2094,#2095,#2096,#2097,#2098,#2099,#2100,#2101,#2102,
#2103,#2104,#2105,#2106,#2107));
#413=EDGE_LOOP('',(#2108));
#414=EDGE_LOOP('',(#2109));
#415=EDGE_LOOP('',(#2110));
#416=EDGE_LOOP('',(#2111));
#417=LINE('',#3251,#621);
#418=LINE('',#3254,#622);
#419=LINE('',#3257,#623);
#420=LINE('',#3259,#624);
#421=LINE('',#3260,#625);
#422=LINE('',#3266,#626);
#423=LINE('',#3269,#627);
#424=LINE('',#3272,#628);
#425=LINE('',#3276,#629);
#426=LINE('',#3278,#630);
#427=LINE('',#3280,#631);
#428=LINE('',#3282,#632);
#429=LINE('',#3284,#633);
#430=LINE('',#3286,#634);
#431=LINE('',#3287,#635);
#432=LINE('',#3294,#636);
#433=LINE('',#3295,#637);
#434=LINE('',#3300,#638);
#435=LINE('',#3304,#639);
#436=LINE('',#3306,#640);
#437=LINE('',#3307,#641);
#438=LINE('',#3315,#642);
#439=LINE('',#3319,#643);
#440=LINE('',#3321,#644);
#441=LINE('',#3323,#645);
#442=LINE('',#3324,#646);
#443=LINE('',#3329,#647);
#444=LINE('',#3334,#648);
#445=LINE('',#3335,#649);
#446=LINE('',#3336,#650);
#447=LINE('',#3339,#651);
#448=LINE('',#3340,#652);
#449=LINE('',#3342,#653);
#450=LINE('',#3344,#654);
#451=LINE('',#3346,#655);
#452=LINE('',#3350,#656);
#453=LINE('',#3353,#657);
#454=LINE('',#3356,#658);
#455=LINE('',#3358,#659);
#456=LINE('',#3360,#660);
#457=LINE('',#3361,#661);
#458=LINE('',#3363,#662);
#459=LINE('',#3365,#663);
#460=LINE('',#3366,#664);
#461=LINE('',#3367,#665);
#462=LINE('',#3370,#666);
#463=LINE('',#3374,#667);
#464=LINE('',#3375,#668);
#465=LINE('',#3377,#669);
#466=LINE('',#3379,#670);
#467=LINE('',#3380,#671);
#468=LINE('',#3383,#672);
#469=LINE('',#3385,#673);
#470=LINE('',#3386,#674);
#471=LINE('',#3389,#675);
#472=LINE('',#3391,#676);
#473=LINE('',#3392,#677);
#474=LINE('',#3395,#678);
#475=LINE('',#3399,#679);
#476=LINE('',#3400,#680);
#477=LINE('',#3403,#681);
#478=LINE('',#3404,#682);
#479=LINE('',#3406,#683);
#480=LINE('',#3407,#684);
#481=LINE('',#3410,#685);
#482=LINE('',#3412,#686);
#483=LINE('',#3414,#687);
#484=LINE('',#3415,#688);
#485=LINE('',#3418,#689);
#486=LINE('',#3421,#690);
#487=LINE('',#3425,#691);
#488=LINE('',#3427,#692);
#489=LINE('',#3430,#693);
#490=LINE('',#3433,#694);
#491=LINE('',#3436,#695);
#492=LINE('',#3437,#696);
#493=LINE('',#3443,#697);
#494=LINE('',#3444,#698);
#495=LINE('',#3447,#699);
#496=LINE('',#3451,#700);
#497=LINE('',#3453,#701);
#498=LINE('',#3457,#702);
#499=LINE('',#3458,#703);
#500=LINE('',#3461,#704);
#501=LINE('',#3465,#705);
#502=LINE('',#3466,#706);
#503=LINE('',#3469,#707);
#504=LINE('',#3473,#708);
#505=LINE('',#3474,#709);
#506=LINE('',#3478,#710);
#507=LINE('',#3482,#711);
#508=LINE('',#3483,#712);
#509=LINE('',#3485,#713);
#510=LINE('',#3498,#714);
#511=LINE('',#3501,#715);
#512=LINE('',#3504,#716);
#513=LINE('',#3507,#717);
#514=LINE('',#3510,#718);
#515=LINE('',#3513,#719);
#516=LINE('',#3516,#720);
#517=LINE('',#3519,#721);
#518=LINE('',#3523,#722);
#519=LINE('',#3525,#723);
#520=LINE('',#3526,#724);
#521=LINE('',#3528,#725);
#522=LINE('',#3530,#726);
#523=LINE('',#3538,#727);
#524=LINE('',#3541,#728);
#525=LINE('',#3552,#729);
#526=LINE('',#3553,#730);
#527=LINE('',#3564,#731);
#528=LINE('',#3565,#732);
#529=LINE('',#3568,#733);
#530=LINE('',#3572,#734);
#531=LINE('',#3573,#735);
#532=LINE('',#3576,#736);
#533=LINE('',#3580,#737);
#534=LINE('',#3581,#738);
#535=LINE('',#3584,#739);
#536=LINE('',#3590,#740);
#537=LINE('',#3593,#741);
#538=LINE('',#3595,#742);
#539=LINE('',#3597,#743);
#540=LINE('',#3599,#744);
#541=LINE('',#3603,#745);
#542=LINE('',#3607,#746);
#543=LINE('',#3611,#747);
#544=LINE('',#3615,#748);
#545=LINE('',#3617,#749);
#546=LINE('',#3618,#750);
#547=LINE('',#3621,#751);
#548=LINE('',#3626,#752);
#549=LINE('',#3628,#753);
#550=LINE('',#3630,#754);
#551=LINE('',#3631,#755);
#552=LINE('',#3635,#756);
#553=LINE('',#3641,#757);
#554=LINE('',#3642,#758);
#555=LINE('',#3643,#759);
#556=LINE('',#3646,#760);
#557=LINE('',#3651,#761);
#558=LINE('',#3652,#762);
#559=LINE('',#3656,#763);
#560=LINE('',#3659,#764);
#561=LINE('',#3660,#765);
#562=LINE('',#3664,#766);
#563=LINE('',#3667,#767);
#564=LINE('',#3668,#768);
#565=LINE('',#3672,#769);
#566=LINE('',#3675,#770);
#567=LINE('',#3676,#771);
#568=LINE('',#3680,#772);
#569=LINE('',#3683,#773);
#570=LINE('',#3684,#774);
#571=LINE('',#3688,#775);
#572=LINE('',#3694,#776);
#573=LINE('',#3695,#777);
#574=LINE('',#3696,#778);
#575=LINE('',#3702,#779);
#576=LINE('',#3705,#780);
#577=LINE('',#3708,#781);
#578=LINE('',#3710,#782);
#579=LINE('',#3712,#783);
#580=LINE('',#3714,#784);
#581=LINE('',#3716,#785);
#582=LINE('',#3720,#786);
#583=LINE('',#3724,#787);
#584=LINE('',#3748,#788);
#585=LINE('',#3752,#789);
#586=LINE('',#3767,#790);
#587=LINE('',#3781,#791);
#588=LINE('',#3791,#792);
#589=LINE('',#3795,#793);
#590=LINE('',#3796,#794);
#591=LINE('',#3799,#795);
#592=LINE('',#3803,#796);
#593=LINE('',#3804,#797);
#594=LINE('',#3808,#798);
#595=LINE('',#3813,#799);
#596=LINE('',#3816,#800);
#597=LINE('',#3825,#801);
#598=LINE('',#3854,#802);
#599=LINE('',#3858,#803);
#600=LINE('',#3887,#804);
#601=LINE('',#3901,#805);
#602=LINE('',#3904,#806);
#603=LINE('',#3907,#807);
#604=LINE('',#3911,#808);
#605=LINE('',#3915,#809);
#606=LINE('',#4069,#810);
#607=LINE('',#4074,#811);
#608=LINE('',#4075,#812);
#609=LINE('',#4083,#813);
#610=LINE('',#4084,#814);
#611=LINE('',#4089,#815);
#612=LINE('',#4092,#816);
#613=LINE('',#4097,#817);
#614=LINE('',#4100,#818);
#615=LINE('',#4105,#819);
#616=LINE('',#4108,#820);
#617=LINE('',#4109,#821);
#618=LINE('',#4113,#822);
#619=LINE('',#4115,#823);
#620=LINE('',#4116,#824);
#621=VECTOR('',#2561,10.);
#622=VECTOR('',#2564,10.);
#623=VECTOR('',#2567,10.);
#624=VECTOR('',#2568,10.);
#625=VECTOR('',#2569,10.);
#626=VECTOR('',#2574,10.);
#627=VECTOR('',#2577,10.);
#628=VECTOR('',#2580,10.);
#629=VECTOR('',#2583,10.);
#630=VECTOR('',#2584,10.);
#631=VECTOR('',#2585,10.);
#632=VECTOR('',#2586,10.);
#633=VECTOR('',#2587,10.);
#634=VECTOR('',#2588,10.);
#635=VECTOR('',#2589,10.);
#636=VECTOR('',#2596,10.);
#637=VECTOR('',#2597,10.);
#638=VECTOR('',#2602,10.);
#639=VECTOR('',#2607,10.);
#640=VECTOR('',#2608,10.);
#641=VECTOR('',#2609,10.);
#642=VECTOR('',#2618,10.);
#643=VECTOR('',#2621,10.);
#644=VECTOR('',#2622,10.);
#645=VECTOR('',#2623,10.);
#646=VECTOR('',#2624,10.);
#647=VECTOR('',#2629,10.);
#648=VECTOR('',#2634,10.);
#649=VECTOR('',#2635,10.);
#650=VECTOR('',#2636,10.);
#651=VECTOR('',#2639,10.);
#652=VECTOR('',#2640,10.);
#653=VECTOR('',#2641,10.);
#654=VECTOR('',#2642,10.);
#655=VECTOR('',#2643,10.);
#656=VECTOR('',#2646,10.);
#657=VECTOR('',#2649,10.);
#658=VECTOR('',#2652,10.);
#659=VECTOR('',#2653,10.);
#660=VECTOR('',#2654,10.);
#661=VECTOR('',#2655,10.);
#662=VECTOR('',#2656,10.);
#663=VECTOR('',#2657,10.);
#664=VECTOR('',#2658,10.);
#665=VECTOR('',#2659,10.);
#666=VECTOR('',#2662,10.);
#667=VECTOR('',#2667,10.);
#668=VECTOR('',#2668,10.);
#669=VECTOR('',#2669,10.);
#670=VECTOR('',#2670,10.);
#671=VECTOR('',#2671,10.);
#672=VECTOR('',#2674,10.);
#673=VECTOR('',#2675,10.);
#674=VECTOR('',#2676,10.);
#675=VECTOR('',#2679,10.);
#676=VECTOR('',#2680,10.);
#677=VECTOR('',#2681,10.);
#678=VECTOR('',#2684,10.);
#679=VECTOR('',#2689,10.);
#680=VECTOR('',#2690,10.);
#681=VECTOR('',#2693,10.);
#682=VECTOR('',#2694,10.);
#683=VECTOR('',#2697,10.);
#684=VECTOR('',#2698,10.);
#685=VECTOR('',#2701,10.);
#686=VECTOR('',#2702,10.);
#687=VECTOR('',#2703,10.);
#688=VECTOR('',#2704,10.);
#689=VECTOR('',#2709,10.);
#690=VECTOR('',#2712,10.);
#691=VECTOR('',#2715,10.);
#692=VECTOR('',#2718,10.);
#693=VECTOR('',#2721,10.);
#694=VECTOR('',#2724,10.);
#695=VECTOR('',#2727,10.);
#696=VECTOR('',#2728,10.);
#697=VECTOR('',#2737,10.);
#698=VECTOR('',#2738,10.);
#699=VECTOR('',#2741,10.);
#700=VECTOR('',#2746,10.);
#701=VECTOR('',#2747,10.);
#702=VECTOR('',#2752,10.);
#703=VECTOR('',#2753,10.);
#704=VECTOR('',#2756,10.);
#705=VECTOR('',#2761,10.);
#706=VECTOR('',#2762,10.);
#707=VECTOR('',#2765,10.);
#708=VECTOR('',#2770,10.);
#709=VECTOR('',#2771,10.);
#710=VECTOR('',#2774,10.);
#711=VECTOR('',#2781,10.);
#712=VECTOR('',#2782,10.);
#713=VECTOR('',#2785,10.);
#714=VECTOR('',#2800,1.875);
#715=VECTOR('',#2805,1.625);
#716=VECTOR('',#2808,1.875);
#717=VECTOR('',#2813,1.625);
#718=VECTOR('',#2816,1.875);
#719=VECTOR('',#2821,1.625);
#720=VECTOR('',#2824,1.875);
#721=VECTOR('',#2829,1.625);
#722=VECTOR('',#2834,10.);
#723=VECTOR('',#2835,10.);
#724=VECTOR('',#2836,10.);
#725=VECTOR('',#2839,10.);
#726=VECTOR('',#2842,10.);
#727=VECTOR('',#2851,10.);
#728=VECTOR('',#2854,10.);
#729=VECTOR('',#2867,10.);
#730=VECTOR('',#2868,10.);
#731=VECTOR('',#2881,10.);
#732=VECTOR('',#2882,10.);
#733=VECTOR('',#2885,10.);
#734=VECTOR('',#2888,10.);
#735=VECTOR('',#2889,10.);
#736=VECTOR('',#2892,10.);
#737=VECTOR('',#2897,10.);
#738=VECTOR('',#2898,10.);
#739=VECTOR('',#2901,10.);
#740=VECTOR('',#2908,10.);
#741=VECTOR('',#2911,10.);
#742=VECTOR('',#2912,10.);
#743=VECTOR('',#2913,10.);
#744=VECTOR('',#2914,10.);
#745=VECTOR('',#2917,10.);
#746=VECTOR('',#2920,10.);
#747=VECTOR('',#2923,10.);
#748=VECTOR('',#2926,10.);
#749=VECTOR('',#2927,10.);
#750=VECTOR('',#2928,10.);
#751=VECTOR('',#2931,10.);
#752=VECTOR('',#2936,10.);
#753=VECTOR('',#2937,10.);
#754=VECTOR('',#2938,10.);
#755=VECTOR('',#2939,10.);
#756=VECTOR('',#2942,10.);
#757=VECTOR('',#2949,10.);
#758=VECTOR('',#2950,10.);
#759=VECTOR('',#2951,10.);
#760=VECTOR('',#2954,10.);
#761=VECTOR('',#2961,10.);
#762=VECTOR('',#2962,10.);
#763=VECTOR('',#2967,10.);
#764=VECTOR('',#2970,10.);
#765=VECTOR('',#2971,10.);
#766=VECTOR('',#2976,10.);
#767=VECTOR('',#2979,10.);
#768=VECTOR('',#2980,10.);
#769=VECTOR('',#2985,10.);
#770=VECTOR('',#2988,10.);
#771=VECTOR('',#2989,10.);
#772=VECTOR('',#2994,10.);
#773=VECTOR('',#2997,10.);
#774=VECTOR('',#2998,10.);
#775=VECTOR('',#3001,10.);
#776=VECTOR('',#3008,10.);
#777=VECTOR('',#3009,10.);
#778=VECTOR('',#3010,10.);
#779=VECTOR('',#3019,10.);
#780=VECTOR('',#3022,10.);
#781=VECTOR('',#3025,10.);
#782=VECTOR('',#3026,10.);
#783=VECTOR('',#3027,10.);
#784=VECTOR('',#3028,10.);
#785=VECTOR('',#3029,10.);
#786=VECTOR('',#3032,10.);
#787=VECTOR('',#3037,10.);
#788=VECTOR('',#3040,10.);
#789=VECTOR('',#3043,10.);
#790=VECTOR('',#3044,10.);
#791=VECTOR('',#3045,10.);
#792=VECTOR('',#3056,10.);
#793=VECTOR('',#3061,10.);
#794=VECTOR('',#3062,10.);
#795=VECTOR('',#3065,10.);
#796=VECTOR('',#3070,10.);
#797=VECTOR('',#3071,10.);
#798=VECTOR('',#3076,10.);
#799=VECTOR('',#3083,10.);
#800=VECTOR('',#3088,10.);
#801=VECTOR('',#3103,1.4375);
#802=VECTOR('',#3114,10.);
#803=VECTOR('',#3117,10.);
#804=VECTOR('',#3126,1.4375);
#805=VECTOR('',#3129,10.);
#806=VECTOR('',#3132,10.);
#807=VECTOR('',#3137,10.);
#808=VECTOR('',#3142,1.625);
#809=VECTOR('',#3147,1.625);
#810=VECTOR('',#3170,10.);
#811=VECTOR('',#3175,10.);
#812=VECTOR('',#3176,10.);
#813=VECTOR('',#3187,10.);
#814=VECTOR('',#3188,10.);
#815=VECTOR('',#3195,2.25);
#816=VECTOR('',#3198,1.625);
#817=VECTOR('',#3205,2.25);
#818=VECTOR('',#3208,1.625);
#819=VECTOR('',#3215,10.);
#820=VECTOR('',#3218,10.);
#821=VECTOR('',#3219,10.);
#822=VECTOR('',#3226,10.);
#823=VECTOR('',#3229,10.);
#824=VECTOR('',#3230,10.);
#825=CIRCLE('',#2311,3.);
#826=CIRCLE('',#2312,3.);
#827=CIRCLE('',#2315,3.);
#828=CIRCLE('',#2316,3.);
#829=CIRCLE('',#2318,3.);
#830=CIRCLE('',#2319,1.625);
#831=CIRCLE('',#2320,1.625);
#832=CIRCLE('',#2323,3.);
#833=CIRCLE('',#2324,3.);
#834=CIRCLE('',#2326,1.625);
#835=CIRCLE('',#2327,1.625);
#836=CIRCLE('',#2329,3.);
#837=CIRCLE('',#2332,4.5);
#838=CIRCLE('',#2333,5.);
#839=CIRCLE('',#2336,3.5);
#840=CIRCLE('',#2337,3.5);
#841=CIRCLE('',#2340,4.5);
#842=CIRCLE('',#2345,5.);
#843=CIRCLE('',#2353,3.5);
#844=CIRCLE('',#2354,3.5);
#845=CIRCLE('',#2356,3.5);
#846=CIRCLE('',#2359,3.5);
#847=CIRCLE('',#2363,3.5);
#848=CIRCLE('',#2365,3.);
#849=CIRCLE('',#2368,3.);
#850=CIRCLE('',#2371,3.);
#851=CIRCLE('',#2374,3.5);
#852=CIRCLE('',#2375,3.);
#853=CIRCLE('',#2380,2.125);
#854=CIRCLE('',#2381,2.125);
#855=CIRCLE('',#2382,2.125);
#856=CIRCLE('',#2383,2.125);
#857=CIRCLE('',#2385,1.625);
#858=CIRCLE('',#2388,1.625);
#859=CIRCLE('',#2391,1.625);
#860=CIRCLE('',#2394,1.625);
#861=CIRCLE('',#2403,1.5);
#862=CIRCLE('',#2404,1.5);
#863=CIRCLE('',#2406,1.5);
#864=CIRCLE('',#2407,3.25);
#865=CIRCLE('',#2408,1.75);
#866=CIRCLE('',#2410,1.5);
#867=CIRCLE('',#2412,1.49999999999999);
#868=CIRCLE('',#2413,3.25);
#869=CIRCLE('',#2414,1.75);
#870=CIRCLE('',#2416,1.5);
#871=CIRCLE('',#2418,2.75);
#872=CIRCLE('',#2420,1.75000000000001);
#873=CIRCLE('',#2423,1.74999999999999);
#874=CIRCLE('',#2425,1.75);
#875=CIRCLE('',#2426,1.75);
#876=CIRCLE('',#2427,3.25);
#877=CIRCLE('',#2428,0.500000000000001);
#878=CIRCLE('',#2429,0.500000000000001);
#879=CIRCLE('',#2430,3.25);
#880=CIRCLE('',#2432,2.75);
#881=CIRCLE('',#2435,3.5);
#882=CIRCLE('',#2436,3.);
#883=CIRCLE('',#2439,3.5);
#884=CIRCLE('',#2440,3.);
#885=CIRCLE('',#2443,2.75);
#886=CIRCLE('',#2446,1.);
#887=CIRCLE('',#2449,1.);
#888=CIRCLE('',#2452,2.75);
#889=CIRCLE('',#2455,3.5);
#890=CIRCLE('',#2456,3.);
#891=CIRCLE('',#2459,3.5);
#892=CIRCLE('',#2460,3.);
#893=CIRCLE('',#2462,0.999999999999996);
#894=CIRCLE('',#2464,5.5);
#895=CIRCLE('',#2465,3.5);
#896=CIRCLE('',#2468,2.8400684311712);
#897=CIRCLE('',#2469,2.85);
#898=CIRCLE('',#2470,2.85);
#899=CIRCLE('',#2471,2.875);
#900=CIRCLE('',#2472,2.875);
#901=CIRCLE('',#2474,3.5);
#902=CIRCLE('',#2477,3.5);
#903=CIRCLE('',#2480,1.75);
#904=CIRCLE('',#2482,4.5);
#905=CIRCLE('',#2484,4.5);
#906=CIRCLE('',#2487,1.75);
#907=CIRCLE('',#2490,2.875);
#908=CIRCLE('',#2492,1.625);
#909=CIRCLE('',#2493,2.875);
#910=CIRCLE('',#2496,2.75);
#911=CIRCLE('',#2498,2.875);
#912=CIRCLE('',#2499,2.875);
#913=CIRCLE('',#2500,2.875);
#914=CIRCLE('',#2502,1.625);
#915=CIRCLE('',#2505,2.75);
#916=CIRCLE('',#2508,1.625);
#917=CIRCLE('',#2510,1.625);
#918=CIRCLE('',#2512,4.5);
#919=CIRCLE('',#2513,0.999999999999996);
#920=CIRCLE('',#2515,5.5);
#921=CIRCLE('',#2516,0.999999999999996);
#922=CIRCLE('',#2517,4.5);
#923=CIRCLE('',#2519,0.999999999999996);
#924=CIRCLE('',#2520,4.5);
#925=CIRCLE('',#2523,0.999999999999996);
#926=CIRCLE('',#2525,0.999999999999996);
#927=CIRCLE('',#2526,4.5);
#928=CIRCLE('',#2527,3.5);
#929=CIRCLE('',#2531,1.625);
#930=CIRCLE('',#2533,1.625);
#931=CIRCLE('',#2535,1.625);
#932=CIRCLE('',#2537,1.625);
#933=CIRCLE('',#2539,3.5);
#934=CIRCLE('',#2542,3.5);
#935=VERTEX_POINT('',#3247);
#936=VERTEX_POINT('',#3248);
#937=VERTEX_POINT('',#3250);
#938=VERTEX_POINT('',#3252);
#939=VERTEX_POINT('',#3256);
#940=VERTEX_POINT('',#3258);
#941=VERTEX_POINT('',#3262);
#942=VERTEX_POINT('',#3263);
#943=VERTEX_POINT('',#3265);
#944=VERTEX_POINT('',#3267);
#945=VERTEX_POINT('',#3271);
#946=VERTEX_POINT('',#3273);
#947=VERTEX_POINT('',#3275);
#948=VERTEX_POINT('',#3277);
#949=VERTEX_POINT('',#3279);
#950=VERTEX_POINT('',#3281);
#951=VERTEX_POINT('',#3283);
#952=VERTEX_POINT('',#3285);
#953=VERTEX_POINT('',#3288);
#954=VERTEX_POINT('',#3290);
#955=VERTEX_POINT('',#3293);
#956=VERTEX_POINT('',#3297);
#957=VERTEX_POINT('',#3299);
#958=VERTEX_POINT('',#3303);
#959=VERTEX_POINT('',#3305);
#960=VERTEX_POINT('',#3308);
#961=VERTEX_POINT('',#3310);
#962=VERTEX_POINT('',#3313);
#963=VERTEX_POINT('',#3317);
#964=VERTEX_POINT('',#3318);
#965=VERTEX_POINT('',#3320);
#966=VERTEX_POINT('',#3322);
#967=VERTEX_POINT('',#3326);
#968=VERTEX_POINT('',#3328);
#969=VERTEX_POINT('',#3332);
#970=VERTEX_POINT('',#3333);
#971=VERTEX_POINT('',#3338);
#972=VERTEX_POINT('',#3341);
#973=VERTEX_POINT('',#3343);
#974=VERTEX_POINT('',#3345);
#975=VERTEX_POINT('',#3347);
#976=VERTEX_POINT('',#3349);
#977=VERTEX_POINT('',#3351);
#978=VERTEX_POINT('',#3355);
#979=VERTEX_POINT('',#3357);
#980=VERTEX_POINT('',#3359);
#981=VERTEX_POINT('',#3362);
#982=VERTEX_POINT('',#3364);
#983=VERTEX_POINT('',#3369);
#984=VERTEX_POINT('',#3373);
#985=VERTEX_POINT('',#3376);
#986=VERTEX_POINT('',#3378);
#987=VERTEX_POINT('',#3382);
#988=VERTEX_POINT('',#3384);
#989=VERTEX_POINT('',#3388);
#990=VERTEX_POINT('',#3390);
#991=VERTEX_POINT('',#3394);
#992=VERTEX_POINT('',#3398);
#993=VERTEX_POINT('',#3402);
#994=VERTEX_POINT('',#3409);
#995=VERTEX_POINT('',#3411);
#996=VERTEX_POINT('',#3413);
#997=VERTEX_POINT('',#3420);
#998=VERTEX_POINT('',#3422);
#999=VERTEX_POINT('',#3424);
#1000=VERTEX_POINT('',#3429);
#1001=VERTEX_POINT('',#3431);
#1002=VERTEX_POINT('',#3435);
#1003=VERTEX_POINT('',#3442);
#1004=VERTEX_POINT('',#3446);
#1005=VERTEX_POINT('',#3450);
#1006=VERTEX_POINT('',#3452);
#1007=VERTEX_POINT('',#3456);
#1008=VERTEX_POINT('',#3460);
#1009=VERTEX_POINT('',#3464);
#1010=VERTEX_POINT('',#3468);
#1011=VERTEX_POINT('',#3472);
#1012=VERTEX_POINT('',#3476);
#1013=VERTEX_POINT('',#3477);
#1014=VERTEX_POINT('',#3488);
#1015=VERTEX_POINT('',#3490);
#1016=VERTEX_POINT('',#3492);
#1017=VERTEX_POINT('',#3494);
#1018=VERTEX_POINT('',#3497);
#1019=VERTEX_POINT('',#3503);
#1020=VERTEX_POINT('',#3509);
#1021=VERTEX_POINT('',#3515);
#1022=VERTEX_POINT('',#3522);
#1023=VERTEX_POINT('',#3524);
#1024=VERTEX_POINT('',#3534);
#1025=VERTEX_POINT('',#3535);
#1026=VERTEX_POINT('',#3537);
#1027=VERTEX_POINT('',#3539);
#1028=VERTEX_POINT('',#3543);
#1029=VERTEX_POINT('',#3544);
#1030=VERTEX_POINT('',#3549);
#1031=VERTEX_POINT('',#3550);
#1032=VERTEX_POINT('',#3555);
#1033=VERTEX_POINT('',#3556);
#1034=VERTEX_POINT('',#3561);
#1035=VERTEX_POINT('',#3562);
#1036=VERTEX_POINT('',#3567);
#1037=VERTEX_POINT('',#3569);
#1038=VERTEX_POINT('',#3571);
#1039=VERTEX_POINT('',#3575);
#1040=VERTEX_POINT('',#3579);
#1041=VERTEX_POINT('',#3583);
#1042=VERTEX_POINT('',#3587);
#1043=VERTEX_POINT('',#3589);
#1044=VERTEX_POINT('',#3591);
#1045=VERTEX_POINT('',#3594);
#1046=VERTEX_POINT('',#3596);
#1047=VERTEX_POINT('',#3598);
#1048=VERTEX_POINT('',#3600);
#1049=VERTEX_POINT('',#3602);
#1050=VERTEX_POINT('',#3604);
#1051=VERTEX_POINT('',#3606);
#1052=VERTEX_POINT('',#3608);
#1053=VERTEX_POINT('',#3610);
#1054=VERTEX_POINT('',#3612);
#1055=VERTEX_POINT('',#3614);
#1056=VERTEX_POINT('',#3616);
#1057=VERTEX_POINT('',#3620);
#1058=VERTEX_POINT('',#3624);
#1059=VERTEX_POINT('',#3625);
#1060=VERTEX_POINT('',#3627);
#1061=VERTEX_POINT('',#3629);
#1062=VERTEX_POINT('',#3633);
#1063=VERTEX_POINT('',#3634);
#1064=VERTEX_POINT('',#3639);
#1065=VERTEX_POINT('',#3640);
#1066=VERTEX_POINT('',#3645);
#1067=VERTEX_POINT('',#3650);
#1068=VERTEX_POINT('',#3654);
#1069=VERTEX_POINT('',#3658);
#1070=VERTEX_POINT('',#3662);
#1071=VERTEX_POINT('',#3666);
#1072=VERTEX_POINT('',#3670);
#1073=VERTEX_POINT('',#3674);
#1074=VERTEX_POINT('',#3678);
#1075=VERTEX_POINT('',#3682);
#1076=VERTEX_POINT('',#3686);
#1077=VERTEX_POINT('',#3687);
#1078=VERTEX_POINT('',#3692);
#1079=VERTEX_POINT('',#3693);
#1080=VERTEX_POINT('',#3701);
#1081=VERTEX_POINT('',#3703);
#1082=VERTEX_POINT('',#3707);
#1083=VERTEX_POINT('',#3709);
#1084=VERTEX_POINT('',#3711);
#1085=VERTEX_POINT('',#3713);
#1086=VERTEX_POINT('',#3715);
#1087=VERTEX_POINT('',#3717);
#1088=VERTEX_POINT('',#3719);
#1089=VERTEX_POINT('',#3723);
#1090=VERTEX_POINT('',#3725);
#1091=VERTEX_POINT('',#3747);
#1092=VERTEX_POINT('',#3749);
#1093=VERTEX_POINT('',#3751);
#1094=VERTEX_POINT('',#3753);
#1095=VERTEX_POINT('',#3766);
#1096=VERTEX_POINT('',#3768);
#1097=VERTEX_POINT('',#3780);
#1098=VERTEX_POINT('',#3782);
#1099=VERTEX_POINT('',#3785);
#1100=VERTEX_POINT('',#3787);
#1101=VERTEX_POINT('',#3790);
#1102=VERTEX_POINT('',#3794);
#1103=VERTEX_POINT('',#3798);
#1104=VERTEX_POINT('',#3802);
#1105=VERTEX_POINT('',#3806);
#1106=VERTEX_POINT('',#3812);
#1107=VERTEX_POINT('',#3823);
#1108=VERTEX_POINT('',#3826);
#1109=VERTEX_POINT('',#3852);
#1110=VERTEX_POINT('',#3853);
#1111=VERTEX_POINT('',#3855);
#1112=VERTEX_POINT('',#3857);
#1113=VERTEX_POINT('',#3859);
#1114=VERTEX_POINT('',#3870);
#1115=VERTEX_POINT('',#3872);
#1116=VERTEX_POINT('',#3885);
#1117=VERTEX_POINT('',#3903);
#1118=VERTEX_POINT('',#3909);
#1119=VERTEX_POINT('',#3913);
#1120=VERTEX_POINT('',#3983);
#1121=VERTEX_POINT('',#4059);
#1122=VERTEX_POINT('',#4061);
#1123=VERTEX_POINT('',#4065);
#1124=VERTEX_POINT('',#4071);
#1125=VERTEX_POINT('',#4072);
#1126=VERTEX_POINT('',#4077);
#1127=VERTEX_POINT('',#4078);
#1128=VERTEX_POINT('',#4087);
#1129=VERTEX_POINT('',#4091);
#1130=VERTEX_POINT('',#4095);
#1131=VERTEX_POINT('',#4099);
#1132=VERTEX_POINT('',#4103);
#1133=VERTEX_POINT('',#4107);
#1134=EDGE_CURVE('',#935,#936,#825,.T.);
#1135=EDGE_CURVE('',#935,#937,#417,.T.);
#1136=EDGE_CURVE('',#937,#938,#826,.T.);
#1137=EDGE_CURVE('',#938,#936,#418,.T.);
#1138=EDGE_CURVE('',#939,#935,#419,.T.);
#1139=EDGE_CURVE('',#940,#939,#420,.T.);
#1140=EDGE_CURVE('',#940,#937,#421,.T.);
#1141=EDGE_CURVE('',#941,#942,#827,.T.);
#1142=EDGE_CURVE('',#941,#943,#422,.T.);
#1143=EDGE_CURVE('',#943,#944,#828,.T.);
#1144=EDGE_CURVE('',#944,#942,#423,.T.);
#1145=EDGE_CURVE('',#942,#945,#424,.T.);
#1146=EDGE_CURVE('',#945,#946,#829,.T.);
#1147=EDGE_CURVE('',#946,#947,#425,.T.);
#1148=EDGE_CURVE('',#947,#948,#426,.T.);
#1149=EDGE_CURVE('',#948,#949,#427,.T.);
#1150=EDGE_CURVE('',#949,#950,#428,.T.);
#1151=EDGE_CURVE('',#950,#951,#429,.T.);
#1152=EDGE_CURVE('',#951,#952,#430,.T.);
#1153=EDGE_CURVE('',#952,#941,#431,.T.);
#1154=EDGE_CURVE('',#953,#953,#830,.T.);
#1155=EDGE_CURVE('',#954,#954,#831,.T.);
#1156=EDGE_CURVE('',#944,#955,#432,.T.);
#1157=EDGE_CURVE('',#945,#955,#433,.T.);
#1158=EDGE_CURVE('',#956,#939,#832,.T.);
#1159=EDGE_CURVE('',#956,#957,#434,.T.);
#1160=EDGE_CURVE('',#957,#940,#833,.T.);
#1161=EDGE_CURVE('',#936,#958,#435,.T.);
#1162=EDGE_CURVE('',#958,#959,#436,.T.);
#1163=EDGE_CURVE('',#959,#956,#437,.T.);
#1164=EDGE_CURVE('',#960,#960,#834,.T.);
#1165=EDGE_CURVE('',#961,#961,#835,.T.);
#1166=EDGE_CURVE('',#955,#962,#836,.T.);
#1167=EDGE_CURVE('',#962,#946,#438,.T.);
#1168=EDGE_CURVE('',#963,#964,#439,.T.);
#1169=EDGE_CURVE('',#964,#965,#440,.T.);
#1170=EDGE_CURVE('',#965,#966,#441,.T.);
#1171=EDGE_CURVE('',#966,#963,#442,.T.);
#1172=EDGE_CURVE('',#965,#967,#837,.T.);
#1173=EDGE_CURVE('',#967,#968,#443,.T.);
#1174=EDGE_CURVE('',#968,#966,#838,.T.);
#1175=EDGE_CURVE('',#969,#970,#444,.T.);
#1176=EDGE_CURVE('',#970,#968,#445,.T.);
#1177=EDGE_CURVE('',#967,#969,#446,.T.);
#1178=EDGE_CURVE('',#971,#969,#447,.T.);
#1179=EDGE_CURVE('',#962,#971,#448,.T.);
#1180=EDGE_CURVE('',#943,#972,#449,.T.);
#1181=EDGE_CURVE('',#972,#973,#450,.T.);
#1182=EDGE_CURVE('',#973,#974,#451,.T.);
#1183=EDGE_CURVE('',#975,#974,#839,.T.);
#1184=EDGE_CURVE('',#976,#975,#452,.T.);
#1185=EDGE_CURVE('',#977,#976,#840,.T.);
#1186=EDGE_CURVE('',#970,#977,#453,.T.);
#1187=EDGE_CURVE('',#978,#967,#454,.T.);
#1188=EDGE_CURVE('',#979,#978,#455,.T.);
#1189=EDGE_CURVE('',#980,#979,#456,.T.);
#1190=EDGE_CURVE('',#952,#980,#457,.T.);
#1191=EDGE_CURVE('',#951,#981,#458,.T.);
#1192=EDGE_CURVE('',#981,#982,#459,.T.);
#1193=EDGE_CURVE('',#982,#948,#460,.T.);
#1194=EDGE_CURVE('',#947,#971,#461,.T.);
#1195=EDGE_CURVE('',#965,#983,#462,.T.);
#1196=EDGE_CURVE('',#978,#983,#841,.T.);
#1197=EDGE_CURVE('',#964,#984,#463,.T.);
#1198=EDGE_CURVE('',#959,#984,#464,.T.);
#1199=EDGE_CURVE('',#958,#985,#465,.T.);
#1200=EDGE_CURVE('',#986,#985,#466,.T.);
#1201=EDGE_CURVE('',#983,#986,#467,.T.);
#1202=EDGE_CURVE('',#978,#987,#468,.T.);
#1203=EDGE_CURVE('',#987,#988,#469,.T.);
#1204=EDGE_CURVE('',#988,#979,#470,.T.);
#1205=EDGE_CURVE('',#988,#989,#471,.T.);
#1206=EDGE_CURVE('',#989,#990,#472,.F.);
#1207=EDGE_CURVE('',#990,#979,#473,.T.);
#1208=EDGE_CURVE('',#983,#991,#474,.T.);
#1209=EDGE_CURVE('',#991,#987,#842,.T.);
#1210=EDGE_CURVE('',#986,#992,#475,.T.);
#1211=EDGE_CURVE('',#992,#991,#476,.T.);
#1212=EDGE_CURVE('',#990,#993,#477,.T.);
#1213=EDGE_CURVE('',#993,#980,#478,.T.);
#1214=EDGE_CURVE('',#989,#973,#479,.T.);
#1215=EDGE_CURVE('',#993,#972,#480,.T.);
#1216=EDGE_CURVE('',#994,#992,#481,.T.);
#1217=EDGE_CURVE('',#995,#994,#482,.T.);
#1218=EDGE_CURVE('',#996,#995,#483,.T.);
#1219=EDGE_CURVE('',#996,#974,#484,.T.);
#1220=EDGE_CURVE('',#985,#938,#485,.T.);
#1221=EDGE_CURVE('',#997,#963,#486,.T.);
#1222=EDGE_CURVE('',#998,#997,#843,.T.);
#1223=EDGE_CURVE('',#999,#998,#487,.T.);
#1224=EDGE_CURVE('',#994,#999,#844,.T.);
#1225=EDGE_CURVE('',#984,#957,#488,.T.);
#1226=EDGE_CURVE('',#976,#1000,#489,.T.);
#1227=EDGE_CURVE('',#1001,#1000,#845,.T.);
#1228=EDGE_CURVE('',#1001,#977,#490,.T.);
#1229=EDGE_CURVE('',#1002,#975,#491,.T.);
#1230=EDGE_CURVE('',#1000,#1002,#492,.T.);
#1231=EDGE_CURVE('',#1002,#996,#846,.T.);
#1232=EDGE_CURVE('',#1003,#1001,#493,.T.);
#1233=EDGE_CURVE('',#997,#1003,#494,.T.);
#1234=EDGE_CURVE('',#999,#1004,#495,.T.);
#1235=EDGE_CURVE('',#995,#1004,#847,.T.);
#1236=EDGE_CURVE('',#1005,#995,#496,.T.);
#1237=EDGE_CURVE('',#1004,#1006,#497,.T.);
#1238=EDGE_CURVE('',#1006,#1005,#848,.T.);
#1239=EDGE_CURVE('',#1005,#1007,#498,.T.);
#1240=EDGE_CURVE('',#1007,#996,#499,.T.);
#1241=EDGE_CURVE('',#1008,#1002,#500,.T.);
#1242=EDGE_CURVE('',#1007,#1008,#849,.T.);
#1243=EDGE_CURVE('',#1008,#1009,#501,.T.);
#1244=EDGE_CURVE('',#1009,#1000,#502,.T.);
#1245=EDGE_CURVE('',#1010,#1001,#503,.T.);
#1246=EDGE_CURVE('',#1009,#1010,#850,.T.);
#1247=EDGE_CURVE('',#1010,#1011,#504,.T.);
#1248=EDGE_CURVE('',#1011,#1003,#505,.T.);
#1249=EDGE_CURVE('',#1012,#1013,#506,.T.);
#1250=EDGE_CURVE('',#1013,#1003,#851,.T.);
#1251=EDGE_CURVE('',#1011,#1012,#852,.T.);
#1252=EDGE_CURVE('',#1012,#1006,#507,.T.);
#1253=EDGE_CURVE('',#1004,#1013,#508,.T.);
#1254=EDGE_CURVE('',#1013,#998,#509,.T.);
#1255=EDGE_CURVE('',#1014,#1014,#853,.T.);
#1256=EDGE_CURVE('',#1015,#1015,#854,.T.);
#1257=EDGE_CURVE('',#1016,#1016,#855,.T.);
#1258=EDGE_CURVE('',#1017,#1017,#856,.T.);
#1259=EDGE_CURVE('',#1014,#1018,#510,.T.);
#1260=EDGE_CURVE('',#1018,#1018,#857,.T.);
#1261=EDGE_CURVE('',#1018,#961,#511,.T.);
#1262=EDGE_CURVE('',#1017,#1019,#512,.T.);
#1263=EDGE_CURVE('',#1019,#1019,#858,.T.);
#1264=EDGE_CURVE('',#1019,#954,#513,.T.);
#1265=EDGE_CURVE('',#1015,#1020,#514,.T.);
#1266=EDGE_CURVE('',#1020,#1020,#859,.T.);
#1267=EDGE_CURVE('',#1020,#953,#515,.T.);
#1268=EDGE_CURVE('',#1016,#1021,#516,.T.);
#1269=EDGE_CURVE('',#1021,#1021,#860,.T.);
#1270=EDGE_CURVE('',#1021,#960,#517,.T.);
#1271=EDGE_CURVE('',#949,#1022,#518,.T.);
#1272=EDGE_CURVE('',#1022,#1023,#519,.T.);
#1273=EDGE_CURVE('',#950,#1023,#520,.T.);
#1274=EDGE_CURVE('',#982,#1022,#521,.T.);
#1275=EDGE_CURVE('',#1023,#981,#522,.T.);
#1276=EDGE_CURVE('',#1024,#1025,#861,.T.);
#1277=EDGE_CURVE('',#1025,#1026,#523,.T.);
#1278=EDGE_CURVE('',#1026,#1027,#862,.T.);
#1279=EDGE_CURVE('',#1027,#1024,#524,.T.);
#1280=EDGE_CURVE('',#1028,#1029,#863,.T.);
#1281=EDGE_CURVE('',#1029,#1027,#864,.T.);
#1282=EDGE_CURVE('',#1026,#1028,#865,.T.);
#1283=EDGE_CURVE('',#1030,#1031,#866,.T.);
#1284=EDGE_CURVE('',#1031,#1029,#525,.T.);
#1285=EDGE_CURVE('',#1028,#1030,#526,.T.);
#1286=EDGE_CURVE('',#1032,#1033,#867,.T.);
#1287=EDGE_CURVE('',#1033,#1031,#868,.T.);
#1288=EDGE_CURVE('',#1030,#1032,#869,.T.);
#1289=EDGE_CURVE('',#1034,#1035,#870,.T.);
#1290=EDGE_CURVE('',#1035,#1033,#527,.T.);
#1291=EDGE_CURVE('',#1032,#1034,#528,.T.);
#1292=EDGE_CURVE('',#1036,#1032,#529,.T.);
#1293=EDGE_CURVE('',#1037,#1036,#871,.T.);
#1294=EDGE_CURVE('',#1038,#1037,#530,.T.);
#1295=EDGE_CURVE('',#1034,#1038,#531,.T.);
#1296=EDGE_CURVE('',#1030,#1039,#532,.T.);
#1297=EDGE_CURVE('',#1039,#1036,#872,.T.);
#1298=EDGE_CURVE('',#1040,#1028,#533,.T.);
#1299=EDGE_CURVE('',#1039,#1040,#534,.T.);
#1300=EDGE_CURVE('',#1026,#1041,#535,.T.);
#1301=EDGE_CURVE('',#1040,#1041,#873,.T.);
#1302=EDGE_CURVE('',#1042,#1038,#874,.T.);
#1303=EDGE_CURVE('',#1042,#1043,#536,.T.);
#1304=EDGE_CURVE('',#1044,#1043,#875,.T.);
#1305=EDGE_CURVE('',#1044,#1025,#537,.T.);
#1306=EDGE_CURVE('',#1045,#1024,#538,.T.);
#1307=EDGE_CURVE('',#1046,#1045,#539,.T.);
#1308=EDGE_CURVE('',#1047,#1046,#540,.T.);
#1309=EDGE_CURVE('',#1048,#1047,#876,.T.);
#1310=EDGE_CURVE('',#1049,#1048,#541,.T.);
#1311=EDGE_CURVE('',#1050,#1049,#877,.T.);
#1312=EDGE_CURVE('',#1051,#1050,#542,.T.);
#1313=EDGE_CURVE('',#1052,#1051,#878,.T.);
#1314=EDGE_CURVE('',#1053,#1052,#543,.T.);
#1315=EDGE_CURVE('',#1054,#1053,#879,.T.);
#1316=EDGE_CURVE('',#1055,#1054,#544,.T.);
#1317=EDGE_CURVE('',#1056,#1055,#545,.T.);
#1318=EDGE_CURVE('',#1035,#1056,#546,.T.);
#1319=EDGE_CURVE('',#1057,#1044,#547,.T.);
#1320=EDGE_CURVE('',#1041,#1057,#880,.T.);
#1321=EDGE_CURVE('',#1058,#1059,#548,.T.);
#1322=EDGE_CURVE('',#1059,#1060,#549,.T.);
#1323=EDGE_CURVE('',#1060,#1061,#550,.T.);
#1324=EDGE_CURVE('',#1061,#1058,#551,.T.);
#1325=EDGE_CURVE('',#1062,#1063,#552,.T.);
#1326=EDGE_CURVE('',#1063,#1059,#881,.T.);
#1327=EDGE_CURVE('',#1058,#1062,#882,.T.);
#1328=EDGE_CURVE('',#1064,#1065,#553,.T.);
#1329=EDGE_CURVE('',#1065,#1063,#554,.T.);
#1330=EDGE_CURVE('',#1062,#1064,#555,.T.);
#1331=EDGE_CURVE('',#1066,#1046,#556,.T.);
#1332=EDGE_CURVE('',#1046,#1065,#883,.T.);
#1333=EDGE_CURVE('',#1064,#1066,#884,.T.);
#1334=EDGE_CURVE('',#1067,#1047,#557,.T.);
#1335=EDGE_CURVE('',#1066,#1067,#558,.T.);
#1336=EDGE_CURVE('',#1067,#1068,#885,.T.);
#1337=EDGE_CURVE('',#1068,#1048,#559,.T.);
#1338=EDGE_CURVE('',#1069,#1049,#560,.T.);
#1339=EDGE_CURVE('',#1068,#1069,#561,.T.);
#1340=EDGE_CURVE('',#1069,#1070,#886,.T.);
#1341=EDGE_CURVE('',#1070,#1050,#562,.T.);
#1342=EDGE_CURVE('',#1070,#1071,#563,.T.);
#1343=EDGE_CURVE('',#1071,#1051,#564,.T.);
#1344=EDGE_CURVE('',#1071,#1072,#887,.T.);
#1345=EDGE_CURVE('',#1072,#1052,#565,.T.);
#1346=EDGE_CURVE('',#1073,#1053,#566,.T.);
#1347=EDGE_CURVE('',#1072,#1073,#567,.T.);
#1348=EDGE_CURVE('',#1073,#1074,#888,.T.);
#1349=EDGE_CURVE('',#1074,#1054,#568,.T.);
#1350=EDGE_CURVE('',#1075,#1055,#569,.T.);
#1351=EDGE_CURVE('',#1074,#1075,#570,.T.);
#1352=EDGE_CURVE('',#1076,#1077,#571,.T.);
#1353=EDGE_CURVE('',#1077,#1055,#889,.T.);
#1354=EDGE_CURVE('',#1075,#1076,#890,.T.);
#1355=EDGE_CURVE('',#1078,#1079,#572,.T.);
#1356=EDGE_CURVE('',#1079,#1077,#573,.T.);
#1357=EDGE_CURVE('',#1076,#1078,#574,.T.);
#1358=EDGE_CURVE('',#1060,#1079,#891,.T.);
#1359=EDGE_CURVE('',#1078,#1061,#892,.T.);
#1360=EDGE_CURVE('',#1069,#1080,#575,.T.);
#1361=EDGE_CURVE('',#1080,#1081,#893,.T.);
#1362=EDGE_CURVE('',#1081,#1070,#576,.T.);
#1363=EDGE_CURVE('',#1082,#1068,#577,.T.);
#1364=EDGE_CURVE('',#1082,#1083,#578,.T.);
#1365=EDGE_CURVE('',#1083,#1084,#579,.T.);
#1366=EDGE_CURVE('',#1084,#1085,#580,.T.);
#1367=EDGE_CURVE('',#1086,#1085,#581,.T.);
#1368=EDGE_CURVE('',#1087,#1086,#894,.T.);
#1369=EDGE_CURVE('',#1088,#1087,#582,.T.);
#1370=EDGE_CURVE('',#1080,#1088,#895,.T.);
#1371=EDGE_CURVE('',#1067,#1089,#583,.T.);
#1372=EDGE_CURVE('',#1089,#1090,#25,.T.);
#1373=EDGE_CURVE('',#1090,#1082,#26,.T.);
#1374=EDGE_CURVE('',#1091,#1074,#584,.T.);
#1375=EDGE_CURVE('',#1091,#1092,#896,.T.);
#1376=EDGE_CURVE('',#1093,#1092,#585,.T.);
#1377=EDGE_CURVE('',#1094,#1093,#27,.T.);
#1378=EDGE_CURVE('',#1095,#1094,#586,.T.);
#1379=EDGE_CURVE('',#1096,#1095,#28,.T.);
#1380=EDGE_CURVE('',#1097,#1096,#587,.T.);
#1381=EDGE_CURVE('',#1097,#1098,#897,.T.);
#1382=EDGE_CURVE('',#1098,#1089,#898,.T.);
#1383=EDGE_CURVE('',#1099,#1099,#899,.T.);
#1384=EDGE_CURVE('',#1100,#1100,#900,.T.);
#1385=EDGE_CURVE('',#1077,#1101,#588,.T.);
#1386=EDGE_CURVE('',#1101,#1056,#901,.T.);
#1387=EDGE_CURVE('',#1102,#1079,#589,.T.);
#1388=EDGE_CURVE('',#1101,#1102,#590,.T.);
#1389=EDGE_CURVE('',#1060,#1103,#591,.T.);
#1390=EDGE_CURVE('',#1103,#1102,#902,.T.);
#1391=EDGE_CURVE('',#1104,#1059,#592,.T.);
#1392=EDGE_CURVE('',#1103,#1104,#593,.T.);
#1393=EDGE_CURVE('',#1105,#1057,#903,.T.);
#1394=EDGE_CURVE('',#1043,#1105,#594,.T.);
#1395=EDGE_CURVE('',#1105,#1040,#904,.T.);
#1396=EDGE_CURVE('',#1105,#1106,#595,.T.);
#1397=EDGE_CURVE('',#1039,#1106,#905,.T.);
#1398=EDGE_CURVE('',#1106,#1042,#596,.T.);
#1399=EDGE_CURVE('',#1106,#1037,#906,.T.);
#1400=EDGE_CURVE('',#1084,#1083,#907,.T.);
#1401=EDGE_CURVE('',#1107,#1107,#908,.T.);
#1402=EDGE_CURVE('',#1107,#1098,#597,.T.);
#1403=EDGE_CURVE('',#1108,#1097,#29,.T.);
#1404=EDGE_CURVE('',#1108,#1090,#909,.T.);
#1405=EDGE_CURVE('',#1085,#1108,#30,.T.);
#1406=EDGE_CURVE('',#1096,#1086,#910,.T.);
#1407=EDGE_CURVE('',#1109,#1110,#598,.T.);
#1408=EDGE_CURVE('',#1109,#1111,#911,.T.);
#1409=EDGE_CURVE('',#1112,#1111,#599,.T.);
#1410=EDGE_CURVE('',#1113,#1112,#31,.T.);
#1411=EDGE_CURVE('',#1114,#1113,#912,.T.);
#1412=EDGE_CURVE('',#1115,#1114,#913,.T.);
#1413=EDGE_CURVE('',#1110,#1115,#32,.T.);
#1414=EDGE_CURVE('',#1116,#1116,#914,.T.);
#1415=EDGE_CURVE('',#1116,#1114,#600,.T.);
#1416=EDGE_CURVE('',#1092,#1113,#33,.T.);
#1417=EDGE_CURVE('',#1115,#1091,#34,.T.);
#1418=EDGE_CURVE('',#1111,#1109,#601,.T.);
#1419=EDGE_CURVE('',#1112,#1117,#602,.T.);
#1420=EDGE_CURVE('',#1093,#1117,#915,.T.);
#1421=EDGE_CURVE('',#1073,#1110,#603,.T.);
#1422=EDGE_CURVE('',#1118,#1118,#916,.T.);
#1423=EDGE_CURVE('',#1118,#1116,#604,.T.);
#1424=EDGE_CURVE('',#1119,#1119,#917,.T.);
#1425=EDGE_CURVE('',#1119,#1107,#605,.T.);
#1426=EDGE_CURVE('',#1095,#1086,#35,.T.);
#1427=EDGE_CURVE('',#1095,#1120,#918,.T.);
#1428=EDGE_CURVE('',#1087,#1120,#919,.T.);
#1429=EDGE_CURVE('',#1117,#1094,#36,.T.);
#1430=EDGE_CURVE('',#1117,#1121,#920,.T.);
#1431=EDGE_CURVE('',#1121,#1122,#921,.T.);
#1432=EDGE_CURVE('',#1122,#1094,#922,.T.);
#1433=EDGE_CURVE('',#1088,#1123,#923,.T.);
#1434=EDGE_CURVE('',#1123,#1081,#924,.T.);
#1435=EDGE_CURVE('',#1120,#1123,#606,.T.);
#1436=EDGE_CURVE('',#1124,#1125,#925,.T.);
#1437=EDGE_CURVE('',#1125,#1122,#607,.T.);
#1438=EDGE_CURVE('',#1121,#1124,#608,.T.);
#1439=EDGE_CURVE('',#1126,#1127,#926,.T.);
#1440=EDGE_CURVE('',#1127,#1125,#927,.T.);
#1441=EDGE_CURVE('',#1124,#1126,#928,.T.);
#1442=EDGE_CURVE('',#1071,#1127,#609,.T.);
#1443=EDGE_CURVE('',#1126,#1072,#610,.T.);
#1444=EDGE_CURVE('',#1128,#1128,#929,.T.);
#1445=EDGE_CURVE('',#1128,#1100,#611,.T.);
#1446=EDGE_CURVE('',#1128,#1129,#612,.T.);
#1447=EDGE_CURVE('',#1129,#1129,#930,.T.);
#1448=EDGE_CURVE('',#1130,#1130,#931,.T.);
#1449=EDGE_CURVE('',#1130,#1099,#613,.T.);
#1450=EDGE_CURVE('',#1130,#1131,#614,.T.);
#1451=EDGE_CURVE('',#1131,#1131,#932,.T.);
#1452=EDGE_CURVE('',#1045,#1132,#933,.T.);
#1453=EDGE_CURVE('',#1132,#1065,#615,.T.);
#1454=EDGE_CURVE('',#1133,#1132,#616,.T.);
#1455=EDGE_CURVE('',#1063,#1133,#617,.T.);
#1456=EDGE_CURVE('',#1133,#1104,#934,.T.);
#1457=EDGE_CURVE('',#1122,#1120,#618,.T.);
#1458=EDGE_CURVE('',#1123,#1125,#619,.T.);
#1459=EDGE_CURVE('',#1127,#1081,#620,.T.);
#1460=ORIENTED_EDGE('',*,*,#1134,.F.);
#1461=ORIENTED_EDGE('',*,*,#1135,.T.);
#1462=ORIENTED_EDGE('',*,*,#1136,.T.);
#1463=ORIENTED_EDGE('',*,*,#1137,.T.);
#1464=ORIENTED_EDGE('',*,*,#1135,.F.);
#1465=ORIENTED_EDGE('',*,*,#1138,.F.);
#1466=ORIENTED_EDGE('',*,*,#1139,.F.);
#1467=ORIENTED_EDGE('',*,*,#1140,.T.);
#1468=ORIENTED_EDGE('',*,*,#1141,.F.);
#1469=ORIENTED_EDGE('',*,*,#1142,.T.);
#1470=ORIENTED_EDGE('',*,*,#1143,.T.);
#1471=ORIENTED_EDGE('',*,*,#1144,.T.);
#1472=ORIENTED_EDGE('',*,*,#1141,.T.);
#1473=ORIENTED_EDGE('',*,*,#1145,.T.);
#1474=ORIENTED_EDGE('',*,*,#1146,.T.);
#1475=ORIENTED_EDGE('',*,*,#1147,.T.);
#1476=ORIENTED_EDGE('',*,*,#1148,.T.);
#1477=ORIENTED_EDGE('',*,*,#1149,.T.);
#1478=ORIENTED_EDGE('',*,*,#1150,.T.);
#1479=ORIENTED_EDGE('',*,*,#1151,.T.);
#1480=ORIENTED_EDGE('',*,*,#1152,.T.);
#1481=ORIENTED_EDGE('',*,*,#1153,.T.);
#1482=ORIENTED_EDGE('',*,*,#1154,.T.);
#1483=ORIENTED_EDGE('',*,*,#1155,.T.);
#1484=ORIENTED_EDGE('',*,*,#1144,.F.);
#1485=ORIENTED_EDGE('',*,*,#1156,.T.);
#1486=ORIENTED_EDGE('',*,*,#1157,.F.);
#1487=ORIENTED_EDGE('',*,*,#1145,.F.);
#1488=ORIENTED_EDGE('',*,*,#1158,.F.);
#1489=ORIENTED_EDGE('',*,*,#1159,.T.);
#1490=ORIENTED_EDGE('',*,*,#1160,.T.);
#1491=ORIENTED_EDGE('',*,*,#1139,.T.);
#1492=ORIENTED_EDGE('',*,*,#1134,.T.);
#1493=ORIENTED_EDGE('',*,*,#1161,.T.);
#1494=ORIENTED_EDGE('',*,*,#1162,.T.);
#1495=ORIENTED_EDGE('',*,*,#1163,.T.);
#1496=ORIENTED_EDGE('',*,*,#1158,.T.);
#1497=ORIENTED_EDGE('',*,*,#1138,.T.);
#1498=ORIENTED_EDGE('',*,*,#1164,.T.);
#1499=ORIENTED_EDGE('',*,*,#1165,.T.);
#1500=ORIENTED_EDGE('',*,*,#1146,.F.);
#1501=ORIENTED_EDGE('',*,*,#1157,.T.);
#1502=ORIENTED_EDGE('',*,*,#1166,.T.);
#1503=ORIENTED_EDGE('',*,*,#1167,.T.);
#1504=ORIENTED_EDGE('',*,*,#1168,.T.);
#1505=ORIENTED_EDGE('',*,*,#1169,.T.);
#1506=ORIENTED_EDGE('',*,*,#1170,.T.);
#1507=ORIENTED_EDGE('',*,*,#1171,.T.);
#1508=ORIENTED_EDGE('',*,*,#1170,.F.);
#1509=ORIENTED_EDGE('',*,*,#1172,.T.);
#1510=ORIENTED_EDGE('',*,*,#1173,.T.);
#1511=ORIENTED_EDGE('',*,*,#1174,.T.);
#1512=ORIENTED_EDGE('',*,*,#1175,.T.);
#1513=ORIENTED_EDGE('',*,*,#1176,.T.);
#1514=ORIENTED_EDGE('',*,*,#1173,.F.);
#1515=ORIENTED_EDGE('',*,*,#1177,.T.);
#1516=ORIENTED_EDGE('',*,*,#1175,.F.);
#1517=ORIENTED_EDGE('',*,*,#1178,.F.);
#1518=ORIENTED_EDGE('',*,*,#1179,.F.);
#1519=ORIENTED_EDGE('',*,*,#1166,.F.);
#1520=ORIENTED_EDGE('',*,*,#1156,.F.);
#1521=ORIENTED_EDGE('',*,*,#1143,.F.);
#1522=ORIENTED_EDGE('',*,*,#1180,.T.);
#1523=ORIENTED_EDGE('',*,*,#1181,.T.);
#1524=ORIENTED_EDGE('',*,*,#1182,.T.);
#1525=ORIENTED_EDGE('',*,*,#1183,.F.);
#1526=ORIENTED_EDGE('',*,*,#1184,.F.);
#1527=ORIENTED_EDGE('',*,*,#1185,.F.);
#1528=ORIENTED_EDGE('',*,*,#1186,.F.);
#1529=ORIENTED_EDGE('',*,*,#1177,.F.);
#1530=ORIENTED_EDGE('',*,*,#1187,.F.);
#1531=ORIENTED_EDGE('',*,*,#1188,.F.);
#1532=ORIENTED_EDGE('',*,*,#1189,.F.);
#1533=ORIENTED_EDGE('',*,*,#1190,.F.);
#1534=ORIENTED_EDGE('',*,*,#1152,.F.);
#1535=ORIENTED_EDGE('',*,*,#1191,.T.);
#1536=ORIENTED_EDGE('',*,*,#1192,.T.);
#1537=ORIENTED_EDGE('',*,*,#1193,.T.);
#1538=ORIENTED_EDGE('',*,*,#1148,.F.);
#1539=ORIENTED_EDGE('',*,*,#1194,.T.);
#1540=ORIENTED_EDGE('',*,*,#1178,.T.);
#1541=ORIENTED_EDGE('',*,*,#1172,.F.);
#1542=ORIENTED_EDGE('',*,*,#1195,.T.);
#1543=ORIENTED_EDGE('',*,*,#1196,.F.);
#1544=ORIENTED_EDGE('',*,*,#1187,.T.);
#1545=ORIENTED_EDGE('',*,*,#1169,.F.);
#1546=ORIENTED_EDGE('',*,*,#1197,.T.);
#1547=ORIENTED_EDGE('',*,*,#1198,.F.);
#1548=ORIENTED_EDGE('',*,*,#1162,.F.);
#1549=ORIENTED_EDGE('',*,*,#1199,.T.);
#1550=ORIENTED_EDGE('',*,*,#1200,.F.);
#1551=ORIENTED_EDGE('',*,*,#1201,.F.);
#1552=ORIENTED_EDGE('',*,*,#1195,.F.);
#1553=ORIENTED_EDGE('',*,*,#1188,.T.);
#1554=ORIENTED_EDGE('',*,*,#1202,.T.);
#1555=ORIENTED_EDGE('',*,*,#1203,.T.);
#1556=ORIENTED_EDGE('',*,*,#1204,.T.);
#1557=ORIENTED_EDGE('',*,*,#1205,.T.);
#1558=ORIENTED_EDGE('',*,*,#1206,.T.);
#1559=ORIENTED_EDGE('',*,*,#1207,.T.);
#1560=ORIENTED_EDGE('',*,*,#1204,.F.);
#1561=ORIENTED_EDGE('',*,*,#1202,.F.);
#1562=ORIENTED_EDGE('',*,*,#1196,.T.);
#1563=ORIENTED_EDGE('',*,*,#1208,.T.);
#1564=ORIENTED_EDGE('',*,*,#1209,.T.);
#1565=ORIENTED_EDGE('',*,*,#1210,.T.);
#1566=ORIENTED_EDGE('',*,*,#1211,.T.);
#1567=ORIENTED_EDGE('',*,*,#1208,.F.);
#1568=ORIENTED_EDGE('',*,*,#1201,.T.);
#1569=ORIENTED_EDGE('',*,*,#1207,.F.);
#1570=ORIENTED_EDGE('',*,*,#1212,.T.);
#1571=ORIENTED_EDGE('',*,*,#1213,.T.);
#1572=ORIENTED_EDGE('',*,*,#1189,.T.);
#1573=ORIENTED_EDGE('',*,*,#1214,.T.);
#1574=ORIENTED_EDGE('',*,*,#1181,.F.);
#1575=ORIENTED_EDGE('',*,*,#1215,.F.);
#1576=ORIENTED_EDGE('',*,*,#1212,.F.);
#1577=ORIENTED_EDGE('',*,*,#1206,.F.);
#1578=ORIENTED_EDGE('',*,*,#1211,.F.);
#1579=ORIENTED_EDGE('',*,*,#1216,.F.);
#1580=ORIENTED_EDGE('',*,*,#1217,.F.);
#1581=ORIENTED_EDGE('',*,*,#1218,.F.);
#1582=ORIENTED_EDGE('',*,*,#1219,.T.);
#1583=ORIENTED_EDGE('',*,*,#1182,.F.);
#1584=ORIENTED_EDGE('',*,*,#1214,.F.);
#1585=ORIENTED_EDGE('',*,*,#1205,.F.);
#1586=ORIENTED_EDGE('',*,*,#1203,.F.);
#1587=ORIENTED_EDGE('',*,*,#1209,.F.);
#1588=ORIENTED_EDGE('',*,*,#1142,.F.);
#1589=ORIENTED_EDGE('',*,*,#1153,.F.);
#1590=ORIENTED_EDGE('',*,*,#1190,.T.);
#1591=ORIENTED_EDGE('',*,*,#1213,.F.);
#1592=ORIENTED_EDGE('',*,*,#1215,.T.);
#1593=ORIENTED_EDGE('',*,*,#1180,.F.);
#1594=ORIENTED_EDGE('',*,*,#1137,.F.);
#1595=ORIENTED_EDGE('',*,*,#1220,.F.);
#1596=ORIENTED_EDGE('',*,*,#1199,.F.);
#1597=ORIENTED_EDGE('',*,*,#1161,.F.);
#1598=ORIENTED_EDGE('',*,*,#1168,.F.);
#1599=ORIENTED_EDGE('',*,*,#1221,.F.);
#1600=ORIENTED_EDGE('',*,*,#1222,.F.);
#1601=ORIENTED_EDGE('',*,*,#1223,.F.);
#1602=ORIENTED_EDGE('',*,*,#1224,.F.);
#1603=ORIENTED_EDGE('',*,*,#1216,.T.);
#1604=ORIENTED_EDGE('',*,*,#1210,.F.);
#1605=ORIENTED_EDGE('',*,*,#1200,.T.);
#1606=ORIENTED_EDGE('',*,*,#1220,.T.);
#1607=ORIENTED_EDGE('',*,*,#1136,.F.);
#1608=ORIENTED_EDGE('',*,*,#1140,.F.);
#1609=ORIENTED_EDGE('',*,*,#1160,.F.);
#1610=ORIENTED_EDGE('',*,*,#1225,.F.);
#1611=ORIENTED_EDGE('',*,*,#1197,.F.);
#1612=ORIENTED_EDGE('',*,*,#1185,.T.);
#1613=ORIENTED_EDGE('',*,*,#1226,.T.);
#1614=ORIENTED_EDGE('',*,*,#1227,.F.);
#1615=ORIENTED_EDGE('',*,*,#1228,.T.);
#1616=ORIENTED_EDGE('',*,*,#1184,.T.);
#1617=ORIENTED_EDGE('',*,*,#1229,.F.);
#1618=ORIENTED_EDGE('',*,*,#1230,.F.);
#1619=ORIENTED_EDGE('',*,*,#1226,.F.);
#1620=ORIENTED_EDGE('',*,*,#1183,.T.);
#1621=ORIENTED_EDGE('',*,*,#1219,.F.);
#1622=ORIENTED_EDGE('',*,*,#1231,.F.);
#1623=ORIENTED_EDGE('',*,*,#1229,.T.);
#1624=ORIENTED_EDGE('',*,*,#1159,.F.);
#1625=ORIENTED_EDGE('',*,*,#1163,.F.);
#1626=ORIENTED_EDGE('',*,*,#1198,.T.);
#1627=ORIENTED_EDGE('',*,*,#1225,.T.);
#1628=ORIENTED_EDGE('',*,*,#1176,.F.);
#1629=ORIENTED_EDGE('',*,*,#1186,.T.);
#1630=ORIENTED_EDGE('',*,*,#1228,.F.);
#1631=ORIENTED_EDGE('',*,*,#1232,.F.);
#1632=ORIENTED_EDGE('',*,*,#1233,.F.);
#1633=ORIENTED_EDGE('',*,*,#1221,.T.);
#1634=ORIENTED_EDGE('',*,*,#1171,.F.);
#1635=ORIENTED_EDGE('',*,*,#1174,.F.);
#1636=ORIENTED_EDGE('',*,*,#1224,.T.);
#1637=ORIENTED_EDGE('',*,*,#1234,.T.);
#1638=ORIENTED_EDGE('',*,*,#1235,.F.);
#1639=ORIENTED_EDGE('',*,*,#1217,.T.);
#1640=ORIENTED_EDGE('',*,*,#1236,.T.);
#1641=ORIENTED_EDGE('',*,*,#1235,.T.);
#1642=ORIENTED_EDGE('',*,*,#1237,.T.);
#1643=ORIENTED_EDGE('',*,*,#1238,.T.);
#1644=ORIENTED_EDGE('',*,*,#1236,.F.);
#1645=ORIENTED_EDGE('',*,*,#1239,.T.);
#1646=ORIENTED_EDGE('',*,*,#1240,.T.);
#1647=ORIENTED_EDGE('',*,*,#1218,.T.);
#1648=ORIENTED_EDGE('',*,*,#1241,.T.);
#1649=ORIENTED_EDGE('',*,*,#1231,.T.);
#1650=ORIENTED_EDGE('',*,*,#1240,.F.);
#1651=ORIENTED_EDGE('',*,*,#1242,.T.);
#1652=ORIENTED_EDGE('',*,*,#1241,.F.);
#1653=ORIENTED_EDGE('',*,*,#1243,.T.);
#1654=ORIENTED_EDGE('',*,*,#1244,.T.);
#1655=ORIENTED_EDGE('',*,*,#1230,.T.);
#1656=ORIENTED_EDGE('',*,*,#1245,.T.);
#1657=ORIENTED_EDGE('',*,*,#1227,.T.);
#1658=ORIENTED_EDGE('',*,*,#1244,.F.);
#1659=ORIENTED_EDGE('',*,*,#1246,.T.);
#1660=ORIENTED_EDGE('',*,*,#1245,.F.);
#1661=ORIENTED_EDGE('',*,*,#1247,.T.);
#1662=ORIENTED_EDGE('',*,*,#1248,.T.);
#1663=ORIENTED_EDGE('',*,*,#1232,.T.);
#1664=ORIENTED_EDGE('',*,*,#1249,.T.);
#1665=ORIENTED_EDGE('',*,*,#1250,.T.);
#1666=ORIENTED_EDGE('',*,*,#1248,.F.);
#1667=ORIENTED_EDGE('',*,*,#1251,.T.);
#1668=ORIENTED_EDGE('',*,*,#1249,.F.);
#1669=ORIENTED_EDGE('',*,*,#1252,.T.);
#1670=ORIENTED_EDGE('',*,*,#1237,.F.);
#1671=ORIENTED_EDGE('',*,*,#1253,.T.);
#1672=ORIENTED_EDGE('',*,*,#1222,.T.);
#1673=ORIENTED_EDGE('',*,*,#1233,.T.);
#1674=ORIENTED_EDGE('',*,*,#1250,.F.);
#1675=ORIENTED_EDGE('',*,*,#1254,.T.);
#1676=ORIENTED_EDGE('',*,*,#1223,.T.);
#1677=ORIENTED_EDGE('',*,*,#1254,.F.);
#1678=ORIENTED_EDGE('',*,*,#1253,.F.);
#1679=ORIENTED_EDGE('',*,*,#1234,.F.);
#1680=ORIENTED_EDGE('',*,*,#1238,.F.);
#1681=ORIENTED_EDGE('',*,*,#1252,.F.);
#1682=ORIENTED_EDGE('',*,*,#1251,.F.);
#1683=ORIENTED_EDGE('',*,*,#1247,.F.);
#1684=ORIENTED_EDGE('',*,*,#1246,.F.);
#1685=ORIENTED_EDGE('',*,*,#1243,.F.);
#1686=ORIENTED_EDGE('',*,*,#1242,.F.);
#1687=ORIENTED_EDGE('',*,*,#1239,.F.);
#1688=ORIENTED_EDGE('',*,*,#1255,.F.);
#1689=ORIENTED_EDGE('',*,*,#1256,.F.);
#1690=ORIENTED_EDGE('',*,*,#1257,.F.);
#1691=ORIENTED_EDGE('',*,*,#1258,.F.);
#1692=ORIENTED_EDGE('',*,*,#1255,.T.);
#1693=ORIENTED_EDGE('',*,*,#1259,.T.);
#1694=ORIENTED_EDGE('',*,*,#1260,.T.);
#1695=ORIENTED_EDGE('',*,*,#1259,.F.);
#1696=ORIENTED_EDGE('',*,*,#1260,.F.);
#1697=ORIENTED_EDGE('',*,*,#1261,.T.);
#1698=ORIENTED_EDGE('',*,*,#1165,.F.);
#1699=ORIENTED_EDGE('',*,*,#1261,.F.);
#1700=ORIENTED_EDGE('',*,*,#1258,.T.);
#1701=ORIENTED_EDGE('',*,*,#1262,.T.);
#1702=ORIENTED_EDGE('',*,*,#1263,.T.);
#1703=ORIENTED_EDGE('',*,*,#1262,.F.);
#1704=ORIENTED_EDGE('',*,*,#1263,.F.);
#1705=ORIENTED_EDGE('',*,*,#1264,.T.);
#1706=ORIENTED_EDGE('',*,*,#1155,.F.);
#1707=ORIENTED_EDGE('',*,*,#1264,.F.);
#1708=ORIENTED_EDGE('',*,*,#1256,.T.);
#1709=ORIENTED_EDGE('',*,*,#1265,.T.);
#1710=ORIENTED_EDGE('',*,*,#1266,.T.);
#1711=ORIENTED_EDGE('',*,*,#1265,.F.);
#1712=ORIENTED_EDGE('',*,*,#1266,.F.);
#1713=ORIENTED_EDGE('',*,*,#1267,.T.);
#1714=ORIENTED_EDGE('',*,*,#1154,.F.);
#1715=ORIENTED_EDGE('',*,*,#1267,.F.);
#1716=ORIENTED_EDGE('',*,*,#1257,.T.);
#1717=ORIENTED_EDGE('',*,*,#1268,.T.);
#1718=ORIENTED_EDGE('',*,*,#1269,.T.);
#1719=ORIENTED_EDGE('',*,*,#1268,.F.);
#1720=ORIENTED_EDGE('',*,*,#1269,.F.);
#1721=ORIENTED_EDGE('',*,*,#1270,.T.);
#1722=ORIENTED_EDGE('',*,*,#1164,.F.);
#1723=ORIENTED_EDGE('',*,*,#1270,.F.);
#1724=ORIENTED_EDGE('',*,*,#1167,.F.);
#1725=ORIENTED_EDGE('',*,*,#1179,.T.);
#1726=ORIENTED_EDGE('',*,*,#1194,.F.);
#1727=ORIENTED_EDGE('',*,*,#1147,.F.);
#1728=ORIENTED_EDGE('',*,*,#1150,.F.);
#1729=ORIENTED_EDGE('',*,*,#1271,.T.);
#1730=ORIENTED_EDGE('',*,*,#1272,.T.);
#1731=ORIENTED_EDGE('',*,*,#1273,.F.);
#1732=ORIENTED_EDGE('',*,*,#1193,.F.);
#1733=ORIENTED_EDGE('',*,*,#1274,.T.);
#1734=ORIENTED_EDGE('',*,*,#1271,.F.);
#1735=ORIENTED_EDGE('',*,*,#1149,.F.);
#1736=ORIENTED_EDGE('',*,*,#1191,.F.);
#1737=ORIENTED_EDGE('',*,*,#1151,.F.);
#1738=ORIENTED_EDGE('',*,*,#1273,.T.);
#1739=ORIENTED_EDGE('',*,*,#1275,.T.);
#1740=ORIENTED_EDGE('',*,*,#1192,.F.);
#1741=ORIENTED_EDGE('',*,*,#1275,.F.);
#1742=ORIENTED_EDGE('',*,*,#1272,.F.);
#1743=ORIENTED_EDGE('',*,*,#1274,.F.);
#1744=ORIENTED_EDGE('',*,*,#1276,.T.);
#1745=ORIENTED_EDGE('',*,*,#1277,.T.);
#1746=ORIENTED_EDGE('',*,*,#1278,.T.);
#1747=ORIENTED_EDGE('',*,*,#1279,.T.);
#1748=ORIENTED_EDGE('',*,*,#1280,.T.);
#1749=ORIENTED_EDGE('',*,*,#1281,.T.);
#1750=ORIENTED_EDGE('',*,*,#1278,.F.);
#1751=ORIENTED_EDGE('',*,*,#1282,.T.);
#1752=ORIENTED_EDGE('',*,*,#1283,.T.);
#1753=ORIENTED_EDGE('',*,*,#1284,.T.);
#1754=ORIENTED_EDGE('',*,*,#1280,.F.);
#1755=ORIENTED_EDGE('',*,*,#1285,.T.);
#1756=ORIENTED_EDGE('',*,*,#1286,.T.);
#1757=ORIENTED_EDGE('',*,*,#1287,.T.);
#1758=ORIENTED_EDGE('',*,*,#1283,.F.);
#1759=ORIENTED_EDGE('',*,*,#1288,.T.);
#1760=ORIENTED_EDGE('',*,*,#1289,.T.);
#1761=ORIENTED_EDGE('',*,*,#1290,.T.);
#1762=ORIENTED_EDGE('',*,*,#1286,.F.);
#1763=ORIENTED_EDGE('',*,*,#1291,.T.);
#1764=ORIENTED_EDGE('',*,*,#1291,.F.);
#1765=ORIENTED_EDGE('',*,*,#1292,.F.);
#1766=ORIENTED_EDGE('',*,*,#1293,.F.);
#1767=ORIENTED_EDGE('',*,*,#1294,.F.);
#1768=ORIENTED_EDGE('',*,*,#1295,.F.);
#1769=ORIENTED_EDGE('',*,*,#1288,.F.);
#1770=ORIENTED_EDGE('',*,*,#1296,.T.);
#1771=ORIENTED_EDGE('',*,*,#1297,.T.);
#1772=ORIENTED_EDGE('',*,*,#1292,.T.);
#1773=ORIENTED_EDGE('',*,*,#1285,.F.);
#1774=ORIENTED_EDGE('',*,*,#1298,.F.);
#1775=ORIENTED_EDGE('',*,*,#1299,.F.);
#1776=ORIENTED_EDGE('',*,*,#1296,.F.);
#1777=ORIENTED_EDGE('',*,*,#1282,.F.);
#1778=ORIENTED_EDGE('',*,*,#1300,.T.);
#1779=ORIENTED_EDGE('',*,*,#1301,.F.);
#1780=ORIENTED_EDGE('',*,*,#1298,.T.);
#1781=ORIENTED_EDGE('',*,*,#1289,.F.);
#1782=ORIENTED_EDGE('',*,*,#1295,.T.);
#1783=ORIENTED_EDGE('',*,*,#1302,.F.);
#1784=ORIENTED_EDGE('',*,*,#1303,.T.);
#1785=ORIENTED_EDGE('',*,*,#1304,.F.);
#1786=ORIENTED_EDGE('',*,*,#1305,.T.);
#1787=ORIENTED_EDGE('',*,*,#1276,.F.);
#1788=ORIENTED_EDGE('',*,*,#1306,.F.);
#1789=ORIENTED_EDGE('',*,*,#1307,.F.);
#1790=ORIENTED_EDGE('',*,*,#1308,.F.);
#1791=ORIENTED_EDGE('',*,*,#1309,.F.);
#1792=ORIENTED_EDGE('',*,*,#1310,.F.);
#1793=ORIENTED_EDGE('',*,*,#1311,.F.);
#1794=ORIENTED_EDGE('',*,*,#1312,.F.);
#1795=ORIENTED_EDGE('',*,*,#1313,.F.);
#1796=ORIENTED_EDGE('',*,*,#1314,.F.);
#1797=ORIENTED_EDGE('',*,*,#1315,.F.);
#1798=ORIENTED_EDGE('',*,*,#1316,.F.);
#1799=ORIENTED_EDGE('',*,*,#1317,.F.);
#1800=ORIENTED_EDGE('',*,*,#1318,.F.);
#1801=ORIENTED_EDGE('',*,*,#1277,.F.);
#1802=ORIENTED_EDGE('',*,*,#1305,.F.);
#1803=ORIENTED_EDGE('',*,*,#1319,.F.);
#1804=ORIENTED_EDGE('',*,*,#1320,.F.);
#1805=ORIENTED_EDGE('',*,*,#1300,.F.);
#1806=ORIENTED_EDGE('',*,*,#1321,.T.);
#1807=ORIENTED_EDGE('',*,*,#1322,.T.);
#1808=ORIENTED_EDGE('',*,*,#1323,.T.);
#1809=ORIENTED_EDGE('',*,*,#1324,.T.);
#1810=ORIENTED_EDGE('',*,*,#1325,.T.);
#1811=ORIENTED_EDGE('',*,*,#1326,.T.);
#1812=ORIENTED_EDGE('',*,*,#1321,.F.);
#1813=ORIENTED_EDGE('',*,*,#1327,.T.);
#1814=ORIENTED_EDGE('',*,*,#1328,.T.);
#1815=ORIENTED_EDGE('',*,*,#1329,.T.);
#1816=ORIENTED_EDGE('',*,*,#1325,.F.);
#1817=ORIENTED_EDGE('',*,*,#1330,.T.);
#1818=ORIENTED_EDGE('',*,*,#1331,.T.);
#1819=ORIENTED_EDGE('',*,*,#1332,.T.);
#1820=ORIENTED_EDGE('',*,*,#1328,.F.);
#1821=ORIENTED_EDGE('',*,*,#1333,.T.);
#1822=ORIENTED_EDGE('',*,*,#1334,.T.);
#1823=ORIENTED_EDGE('',*,*,#1308,.T.);
#1824=ORIENTED_EDGE('',*,*,#1331,.F.);
#1825=ORIENTED_EDGE('',*,*,#1335,.T.);
#1826=ORIENTED_EDGE('',*,*,#1334,.F.);
#1827=ORIENTED_EDGE('',*,*,#1336,.T.);
#1828=ORIENTED_EDGE('',*,*,#1337,.T.);
#1829=ORIENTED_EDGE('',*,*,#1309,.T.);
#1830=ORIENTED_EDGE('',*,*,#1338,.T.);
#1831=ORIENTED_EDGE('',*,*,#1310,.T.);
#1832=ORIENTED_EDGE('',*,*,#1337,.F.);
#1833=ORIENTED_EDGE('',*,*,#1339,.T.);
#1834=ORIENTED_EDGE('',*,*,#1338,.F.);
#1835=ORIENTED_EDGE('',*,*,#1340,.T.);
#1836=ORIENTED_EDGE('',*,*,#1341,.T.);
#1837=ORIENTED_EDGE('',*,*,#1311,.T.);
#1838=ORIENTED_EDGE('',*,*,#1341,.F.);
#1839=ORIENTED_EDGE('',*,*,#1342,.T.);
#1840=ORIENTED_EDGE('',*,*,#1343,.T.);
#1841=ORIENTED_EDGE('',*,*,#1312,.T.);
#1842=ORIENTED_EDGE('',*,*,#1343,.F.);
#1843=ORIENTED_EDGE('',*,*,#1344,.T.);
#1844=ORIENTED_EDGE('',*,*,#1345,.T.);
#1845=ORIENTED_EDGE('',*,*,#1313,.T.);
#1846=ORIENTED_EDGE('',*,*,#1346,.T.);
#1847=ORIENTED_EDGE('',*,*,#1314,.T.);
#1848=ORIENTED_EDGE('',*,*,#1345,.F.);
#1849=ORIENTED_EDGE('',*,*,#1347,.T.);
#1850=ORIENTED_EDGE('',*,*,#1346,.F.);
#1851=ORIENTED_EDGE('',*,*,#1348,.T.);
#1852=ORIENTED_EDGE('',*,*,#1349,.T.);
#1853=ORIENTED_EDGE('',*,*,#1315,.T.);
#1854=ORIENTED_EDGE('',*,*,#1350,.T.);
#1855=ORIENTED_EDGE('',*,*,#1316,.T.);
#1856=ORIENTED_EDGE('',*,*,#1349,.F.);
#1857=ORIENTED_EDGE('',*,*,#1351,.T.);
#1858=ORIENTED_EDGE('',*,*,#1352,.T.);
#1859=ORIENTED_EDGE('',*,*,#1353,.T.);
#1860=ORIENTED_EDGE('',*,*,#1350,.F.);
#1861=ORIENTED_EDGE('',*,*,#1354,.T.);
#1862=ORIENTED_EDGE('',*,*,#1355,.T.);
#1863=ORIENTED_EDGE('',*,*,#1356,.T.);
#1864=ORIENTED_EDGE('',*,*,#1352,.F.);
#1865=ORIENTED_EDGE('',*,*,#1357,.T.);
#1866=ORIENTED_EDGE('',*,*,#1323,.F.);
#1867=ORIENTED_EDGE('',*,*,#1358,.T.);
#1868=ORIENTED_EDGE('',*,*,#1355,.F.);
#1869=ORIENTED_EDGE('',*,*,#1359,.T.);
#1870=ORIENTED_EDGE('',*,*,#1340,.F.);
#1871=ORIENTED_EDGE('',*,*,#1360,.T.);
#1872=ORIENTED_EDGE('',*,*,#1361,.T.);
#1873=ORIENTED_EDGE('',*,*,#1362,.T.);
#1874=ORIENTED_EDGE('',*,*,#1339,.F.);
#1875=ORIENTED_EDGE('',*,*,#1363,.F.);
#1876=ORIENTED_EDGE('',*,*,#1364,.T.);
#1877=ORIENTED_EDGE('',*,*,#1365,.T.);
#1878=ORIENTED_EDGE('',*,*,#1366,.T.);
#1879=ORIENTED_EDGE('',*,*,#1367,.F.);
#1880=ORIENTED_EDGE('',*,*,#1368,.F.);
#1881=ORIENTED_EDGE('',*,*,#1369,.F.);
#1882=ORIENTED_EDGE('',*,*,#1370,.F.);
#1883=ORIENTED_EDGE('',*,*,#1360,.F.);
#1884=ORIENTED_EDGE('',*,*,#1336,.F.);
#1885=ORIENTED_EDGE('',*,*,#1371,.T.);
#1886=ORIENTED_EDGE('',*,*,#1372,.T.);
#1887=ORIENTED_EDGE('',*,*,#1373,.T.);
#1888=ORIENTED_EDGE('',*,*,#1363,.T.);
#1889=ORIENTED_EDGE('',*,*,#1335,.F.);
#1890=ORIENTED_EDGE('',*,*,#1333,.F.);
#1891=ORIENTED_EDGE('',*,*,#1330,.F.);
#1892=ORIENTED_EDGE('',*,*,#1327,.F.);
#1893=ORIENTED_EDGE('',*,*,#1324,.F.);
#1894=ORIENTED_EDGE('',*,*,#1359,.F.);
#1895=ORIENTED_EDGE('',*,*,#1357,.F.);
#1896=ORIENTED_EDGE('',*,*,#1354,.F.);
#1897=ORIENTED_EDGE('',*,*,#1351,.F.);
#1898=ORIENTED_EDGE('',*,*,#1374,.F.);
#1899=ORIENTED_EDGE('',*,*,#1375,.T.);
#1900=ORIENTED_EDGE('',*,*,#1376,.F.);
#1901=ORIENTED_EDGE('',*,*,#1377,.F.);
#1902=ORIENTED_EDGE('',*,*,#1378,.F.);
#1903=ORIENTED_EDGE('',*,*,#1379,.F.);
#1904=ORIENTED_EDGE('',*,*,#1380,.F.);
#1905=ORIENTED_EDGE('',*,*,#1381,.T.);
#1906=ORIENTED_EDGE('',*,*,#1382,.T.);
#1907=ORIENTED_EDGE('',*,*,#1371,.F.);
#1908=ORIENTED_EDGE('',*,*,#1383,.F.);
#1909=ORIENTED_EDGE('',*,*,#1384,.F.);
#1910=ORIENTED_EDGE('',*,*,#1353,.F.);
#1911=ORIENTED_EDGE('',*,*,#1385,.T.);
#1912=ORIENTED_EDGE('',*,*,#1386,.T.);
#1913=ORIENTED_EDGE('',*,*,#1317,.T.);
#1914=ORIENTED_EDGE('',*,*,#1356,.F.);
#1915=ORIENTED_EDGE('',*,*,#1387,.F.);
#1916=ORIENTED_EDGE('',*,*,#1388,.F.);
#1917=ORIENTED_EDGE('',*,*,#1385,.F.);
#1918=ORIENTED_EDGE('',*,*,#1358,.F.);
#1919=ORIENTED_EDGE('',*,*,#1389,.T.);
#1920=ORIENTED_EDGE('',*,*,#1390,.T.);
#1921=ORIENTED_EDGE('',*,*,#1387,.T.);
#1922=ORIENTED_EDGE('',*,*,#1322,.F.);
#1923=ORIENTED_EDGE('',*,*,#1391,.F.);
#1924=ORIENTED_EDGE('',*,*,#1392,.F.);
#1925=ORIENTED_EDGE('',*,*,#1389,.F.);
#1926=ORIENTED_EDGE('',*,*,#1393,.T.);
#1927=ORIENTED_EDGE('',*,*,#1319,.T.);
#1928=ORIENTED_EDGE('',*,*,#1304,.T.);
#1929=ORIENTED_EDGE('',*,*,#1394,.T.);
#1930=ORIENTED_EDGE('',*,*,#1301,.T.);
#1931=ORIENTED_EDGE('',*,*,#1320,.T.);
#1932=ORIENTED_EDGE('',*,*,#1393,.F.);
#1933=ORIENTED_EDGE('',*,*,#1395,.T.);
#1934=ORIENTED_EDGE('',*,*,#1395,.F.);
#1935=ORIENTED_EDGE('',*,*,#1396,.T.);
#1936=ORIENTED_EDGE('',*,*,#1397,.F.);
#1937=ORIENTED_EDGE('',*,*,#1299,.T.);
#1938=ORIENTED_EDGE('',*,*,#1394,.F.);
#1939=ORIENTED_EDGE('',*,*,#1303,.F.);
#1940=ORIENTED_EDGE('',*,*,#1398,.F.);
#1941=ORIENTED_EDGE('',*,*,#1396,.F.);
#1942=ORIENTED_EDGE('',*,*,#1399,.T.);
#1943=ORIENTED_EDGE('',*,*,#1293,.T.);
#1944=ORIENTED_EDGE('',*,*,#1297,.F.);
#1945=ORIENTED_EDGE('',*,*,#1397,.T.);
#1946=ORIENTED_EDGE('',*,*,#1302,.T.);
#1947=ORIENTED_EDGE('',*,*,#1294,.T.);
#1948=ORIENTED_EDGE('',*,*,#1399,.F.);
#1949=ORIENTED_EDGE('',*,*,#1398,.T.);
#1950=ORIENTED_EDGE('',*,*,#1365,.F.);
#1951=ORIENTED_EDGE('',*,*,#1400,.F.);
#1952=ORIENTED_EDGE('',*,*,#1401,.F.);
#1953=ORIENTED_EDGE('',*,*,#1402,.T.);
#1954=ORIENTED_EDGE('',*,*,#1381,.F.);
#1955=ORIENTED_EDGE('',*,*,#1403,.F.);
#1956=ORIENTED_EDGE('',*,*,#1404,.T.);
#1957=ORIENTED_EDGE('',*,*,#1372,.F.);
#1958=ORIENTED_EDGE('',*,*,#1382,.F.);
#1959=ORIENTED_EDGE('',*,*,#1402,.F.);
#1960=ORIENTED_EDGE('',*,*,#1364,.F.);
#1961=ORIENTED_EDGE('',*,*,#1373,.F.);
#1962=ORIENTED_EDGE('',*,*,#1404,.F.);
#1963=ORIENTED_EDGE('',*,*,#1405,.F.);
#1964=ORIENTED_EDGE('',*,*,#1366,.F.);
#1965=ORIENTED_EDGE('',*,*,#1400,.T.);
#1966=ORIENTED_EDGE('',*,*,#1405,.T.);
#1967=ORIENTED_EDGE('',*,*,#1403,.T.);
#1968=ORIENTED_EDGE('',*,*,#1380,.T.);
#1969=ORIENTED_EDGE('',*,*,#1406,.T.);
#1970=ORIENTED_EDGE('',*,*,#1367,.T.);
#1971=ORIENTED_EDGE('',*,*,#1407,.F.);
#1972=ORIENTED_EDGE('',*,*,#1408,.T.);
#1973=ORIENTED_EDGE('',*,*,#1409,.F.);
#1974=ORIENTED_EDGE('',*,*,#1410,.F.);
#1975=ORIENTED_EDGE('',*,*,#1411,.F.);
#1976=ORIENTED_EDGE('',*,*,#1412,.F.);
#1977=ORIENTED_EDGE('',*,*,#1413,.F.);
#1978=ORIENTED_EDGE('',*,*,#1414,.F.);
#1979=ORIENTED_EDGE('',*,*,#1415,.T.);
#1980=ORIENTED_EDGE('',*,*,#1411,.T.);
#1981=ORIENTED_EDGE('',*,*,#1416,.F.);
#1982=ORIENTED_EDGE('',*,*,#1375,.F.);
#1983=ORIENTED_EDGE('',*,*,#1417,.F.);
#1984=ORIENTED_EDGE('',*,*,#1412,.T.);
#1985=ORIENTED_EDGE('',*,*,#1415,.F.);
#1986=ORIENTED_EDGE('',*,*,#1418,.F.);
#1987=ORIENTED_EDGE('',*,*,#1408,.F.);
#1988=ORIENTED_EDGE('',*,*,#1410,.T.);
#1989=ORIENTED_EDGE('',*,*,#1419,.T.);
#1990=ORIENTED_EDGE('',*,*,#1420,.F.);
#1991=ORIENTED_EDGE('',*,*,#1376,.T.);
#1992=ORIENTED_EDGE('',*,*,#1416,.T.);
#1993=ORIENTED_EDGE('',*,*,#1348,.F.);
#1994=ORIENTED_EDGE('',*,*,#1421,.T.);
#1995=ORIENTED_EDGE('',*,*,#1413,.T.);
#1996=ORIENTED_EDGE('',*,*,#1417,.T.);
#1997=ORIENTED_EDGE('',*,*,#1374,.T.);
#1998=ORIENTED_EDGE('',*,*,#1422,.F.);
#1999=ORIENTED_EDGE('',*,*,#1423,.T.);
#2000=ORIENTED_EDGE('',*,*,#1414,.T.);
#2001=ORIENTED_EDGE('',*,*,#1423,.F.);
#2002=ORIENTED_EDGE('',*,*,#1424,.F.);
#2003=ORIENTED_EDGE('',*,*,#1425,.T.);
#2004=ORIENTED_EDGE('',*,*,#1401,.T.);
#2005=ORIENTED_EDGE('',*,*,#1425,.F.);
#2006=ORIENTED_EDGE('',*,*,#1379,.T.);
#2007=ORIENTED_EDGE('',*,*,#1426,.T.);
#2008=ORIENTED_EDGE('',*,*,#1406,.F.);
#2009=ORIENTED_EDGE('',*,*,#1426,.F.);
#2010=ORIENTED_EDGE('',*,*,#1427,.T.);
#2011=ORIENTED_EDGE('',*,*,#1428,.F.);
#2012=ORIENTED_EDGE('',*,*,#1368,.T.);
#2013=ORIENTED_EDGE('',*,*,#1420,.T.);
#2014=ORIENTED_EDGE('',*,*,#1429,.T.);
#2015=ORIENTED_EDGE('',*,*,#1377,.T.);
#2016=ORIENTED_EDGE('',*,*,#1429,.F.);
#2017=ORIENTED_EDGE('',*,*,#1430,.T.);
#2018=ORIENTED_EDGE('',*,*,#1431,.T.);
#2019=ORIENTED_EDGE('',*,*,#1432,.T.);
#2020=ORIENTED_EDGE('',*,*,#1433,.T.);
#2021=ORIENTED_EDGE('',*,*,#1434,.T.);
#2022=ORIENTED_EDGE('',*,*,#1361,.F.);
#2023=ORIENTED_EDGE('',*,*,#1370,.T.);
#2024=ORIENTED_EDGE('',*,*,#1428,.T.);
#2025=ORIENTED_EDGE('',*,*,#1435,.T.);
#2026=ORIENTED_EDGE('',*,*,#1433,.F.);
#2027=ORIENTED_EDGE('',*,*,#1369,.T.);
#2028=ORIENTED_EDGE('',*,*,#1436,.T.);
#2029=ORIENTED_EDGE('',*,*,#1437,.T.);
#2030=ORIENTED_EDGE('',*,*,#1431,.F.);
#2031=ORIENTED_EDGE('',*,*,#1438,.T.);
#2032=ORIENTED_EDGE('',*,*,#1439,.T.);
#2033=ORIENTED_EDGE('',*,*,#1440,.T.);
#2034=ORIENTED_EDGE('',*,*,#1436,.F.);
#2035=ORIENTED_EDGE('',*,*,#1441,.T.);
#2036=ORIENTED_EDGE('',*,*,#1344,.F.);
#2037=ORIENTED_EDGE('',*,*,#1442,.T.);
#2038=ORIENTED_EDGE('',*,*,#1439,.F.);
#2039=ORIENTED_EDGE('',*,*,#1443,.T.);
#2040=ORIENTED_EDGE('',*,*,#1347,.F.);
#2041=ORIENTED_EDGE('',*,*,#1443,.F.);
#2042=ORIENTED_EDGE('',*,*,#1441,.F.);
#2043=ORIENTED_EDGE('',*,*,#1438,.F.);
#2044=ORIENTED_EDGE('',*,*,#1430,.F.);
#2045=ORIENTED_EDGE('',*,*,#1419,.F.);
#2046=ORIENTED_EDGE('',*,*,#1409,.T.);
#2047=ORIENTED_EDGE('',*,*,#1418,.T.);
#2048=ORIENTED_EDGE('',*,*,#1407,.T.);
#2049=ORIENTED_EDGE('',*,*,#1421,.F.);
#2050=ORIENTED_EDGE('',*,*,#1444,.T.);
#2051=ORIENTED_EDGE('',*,*,#1445,.T.);
#2052=ORIENTED_EDGE('',*,*,#1384,.T.);
#2053=ORIENTED_EDGE('',*,*,#1445,.F.);
#2054=ORIENTED_EDGE('',*,*,#1444,.F.);
#2055=ORIENTED_EDGE('',*,*,#1446,.T.);
#2056=ORIENTED_EDGE('',*,*,#1447,.T.);
#2057=ORIENTED_EDGE('',*,*,#1446,.F.);
#2058=ORIENTED_EDGE('',*,*,#1448,.T.);
#2059=ORIENTED_EDGE('',*,*,#1449,.T.);
#2060=ORIENTED_EDGE('',*,*,#1383,.T.);
#2061=ORIENTED_EDGE('',*,*,#1449,.F.);
#2062=ORIENTED_EDGE('',*,*,#1448,.F.);
#2063=ORIENTED_EDGE('',*,*,#1450,.T.);
#2064=ORIENTED_EDGE('',*,*,#1451,.T.);
#2065=ORIENTED_EDGE('',*,*,#1450,.F.);
#2066=ORIENTED_EDGE('',*,*,#1332,.F.);
#2067=ORIENTED_EDGE('',*,*,#1307,.T.);
#2068=ORIENTED_EDGE('',*,*,#1452,.T.);
#2069=ORIENTED_EDGE('',*,*,#1453,.T.);
#2070=ORIENTED_EDGE('',*,*,#1329,.F.);
#2071=ORIENTED_EDGE('',*,*,#1453,.F.);
#2072=ORIENTED_EDGE('',*,*,#1454,.F.);
#2073=ORIENTED_EDGE('',*,*,#1455,.F.);
#2074=ORIENTED_EDGE('',*,*,#1326,.F.);
#2075=ORIENTED_EDGE('',*,*,#1455,.T.);
#2076=ORIENTED_EDGE('',*,*,#1456,.T.);
#2077=ORIENTED_EDGE('',*,*,#1391,.T.);
#2078=ORIENTED_EDGE('',*,*,#1427,.F.);
#2079=ORIENTED_EDGE('',*,*,#1378,.T.);
#2080=ORIENTED_EDGE('',*,*,#1432,.F.);
#2081=ORIENTED_EDGE('',*,*,#1457,.T.);
#2082=ORIENTED_EDGE('',*,*,#1434,.F.);
#2083=ORIENTED_EDGE('',*,*,#1458,.T.);
#2084=ORIENTED_EDGE('',*,*,#1440,.F.);
#2085=ORIENTED_EDGE('',*,*,#1459,.T.);
#2086=ORIENTED_EDGE('',*,*,#1342,.F.);
#2087=ORIENTED_EDGE('',*,*,#1362,.F.);
#2088=ORIENTED_EDGE('',*,*,#1459,.F.);
#2089=ORIENTED_EDGE('',*,*,#1442,.F.);
#2090=ORIENTED_EDGE('',*,*,#1435,.F.);
#2091=ORIENTED_EDGE('',*,*,#1457,.F.);
#2092=ORIENTED_EDGE('',*,*,#1437,.F.);
#2093=ORIENTED_EDGE('',*,*,#1458,.F.);
#2094=ORIENTED_EDGE('',*,*,#1290,.F.);
#2095=ORIENTED_EDGE('',*,*,#1318,.T.);
#2096=ORIENTED_EDGE('',*,*,#1386,.F.);
#2097=ORIENTED_EDGE('',*,*,#1388,.T.);
#2098=ORIENTED_EDGE('',*,*,#1390,.F.);
#2099=ORIENTED_EDGE('',*,*,#1392,.T.);
#2100=ORIENTED_EDGE('',*,*,#1456,.F.);
#2101=ORIENTED_EDGE('',*,*,#1454,.T.);
#2102=ORIENTED_EDGE('',*,*,#1452,.F.);
#2103=ORIENTED_EDGE('',*,*,#1306,.T.);
#2104=ORIENTED_EDGE('',*,*,#1279,.F.);
#2105=ORIENTED_EDGE('',*,*,#1281,.F.);
#2106=ORIENTED_EDGE('',*,*,#1284,.F.);
#2107=ORIENTED_EDGE('',*,*,#1287,.F.);
#2108=ORIENTED_EDGE('',*,*,#1422,.T.);
#2109=ORIENTED_EDGE('',*,*,#1424,.T.);
#2110=ORIENTED_EDGE('',*,*,#1451,.F.);
#2111=ORIENTED_EDGE('',*,*,#1447,.F.);
#2112=CYLINDRICAL_SURFACE('',#2310,3.);
#2113=CYLINDRICAL_SURFACE('',#2314,3.);
#2114=CYLINDRICAL_SURFACE('',#2322,3.);
#2115=CYLINDRICAL_SURFACE('',#2328,3.);
#2116=CYLINDRICAL_SURFACE('',#2339,4.5);
#2117=CYLINDRICAL_SURFACE('',#2355,3.5);
#2118=CYLINDRICAL_SURFACE('',#2358,3.5);
#2119=CYLINDRICAL_SURFACE('',#2362,3.5);
#2120=CYLINDRICAL_SURFACE('',#2377,3.5);
#2121=CYLINDRICAL_SURFACE('',#2386,1.625);
#2122=CYLINDRICAL_SURFACE('',#2389,1.625);
#2123=CYLINDRICAL_SURFACE('',#2392,1.625);
#2124=CYLINDRICAL_SURFACE('',#2395,1.625);
#2125=CYLINDRICAL_SURFACE('',#2402,1.5);
#2126=CYLINDRICAL_SURFACE('',#2409,1.5);
#2127=CYLINDRICAL_SURFACE('',#2415,1.5);
#2128=CYLINDRICAL_SURFACE('',#2419,1.75);
#2129=CYLINDRICAL_SURFACE('',#2422,1.75);
#2130=CYLINDRICAL_SURFACE('',#2461,1.);
#2131=CYLINDRICAL_SURFACE('',#2466,2.75);
#2132=CYLINDRICAL_SURFACE('',#2473,3.5);
#2133=CYLINDRICAL_SURFACE('',#2476,3.5);
#2134=CYLINDRICAL_SURFACE('',#2479,1.75);
#2135=CYLINDRICAL_SURFACE('',#2483,4.5);
#2136=CYLINDRICAL_SURFACE('',#2488,1.75);
#2137=CYLINDRICAL_SURFACE('',#2494,2.875);
#2138=CYLINDRICAL_SURFACE('',#2495,2.75);
#2139=CYLINDRICAL_SURFACE('',#2497,2.875);
#2140=CYLINDRICAL_SURFACE('',#2504,2.75);
#2141=CYLINDRICAL_SURFACE('',#2506,2.75);
#2142=CYLINDRICAL_SURFACE('',#2507,1.625);
#2143=CYLINDRICAL_SURFACE('',#2509,1.625);
#2144=CYLINDRICAL_SURFACE('',#2521,1.);
#2145=CYLINDRICAL_SURFACE('',#2522,1.);
#2146=CYLINDRICAL_SURFACE('',#2528,1.);
#2147=CYLINDRICAL_SURFACE('',#2532,1.625);
#2148=CYLINDRICAL_SURFACE('',#2536,1.625);
#2149=CYLINDRICAL_SURFACE('',#2538,3.5);
#2150=CYLINDRICAL_SURFACE('',#2541,3.5);
#2151=CYLINDRICAL_SURFACE('',#2543,4.5);
#2152=CYLINDRICAL_SURFACE('',#2544,4.5);
#2153=ADVANCED_FACE('',(#145),#2112,.F.);
#2154=ADVANCED_FACE('',(#146),#89,.T.);
#2155=ADVANCED_FACE('',(#147),#2113,.F.);
#2156=ADVANCED_FACE('',(#148,#75,#76),#90,.T.);
#2157=ADVANCED_FACE('',(#149),#91,.T.);
#2158=ADVANCED_FACE('',(#150),#2114,.F.);
#2159=ADVANCED_FACE('',(#151,#77,#78),#92,.T.);
#2160=ADVANCED_FACE('',(#152),#2115,.F.);
#2161=ADVANCED_FACE('',(#153),#93,.T.);
#2162=ADVANCED_FACE('',(#154),#53,.F.);
#2163=ADVANCED_FACE('',(#155),#94,.T.);
#2164=ADVANCED_FACE('',(#156),#95,.T.);
#2165=ADVANCED_FACE('',(#157),#96,.F.);
#2166=ADVANCED_FACE('',(#158),#2116,.F.);
#2167=ADVANCED_FACE('',(#159),#97,.F.);
#2168=ADVANCED_FACE('',(#160),#98,.T.);
#2169=ADVANCED_FACE('',(#161),#99,.T.);
#2170=ADVANCED_FACE('',(#162),#54,.F.);
#2171=ADVANCED_FACE('',(#163),#100,.T.);
#2172=ADVANCED_FACE('',(#164),#101,.T.);
#2173=ADVANCED_FACE('',(#165),#102,.T.);
#2174=ADVANCED_FACE('',(#166),#103,.T.);
#2175=ADVANCED_FACE('',(#167),#104,.T.);
#2176=ADVANCED_FACE('',(#168),#105,.T.);
#2177=ADVANCED_FACE('',(#169),#106,.T.);
#2178=ADVANCED_FACE('',(#170),#2117,.T.);
#2179=ADVANCED_FACE('',(#171),#107,.T.);
#2180=ADVANCED_FACE('',(#172),#2118,.T.);
#2181=ADVANCED_FACE('',(#173),#108,.T.);
#2182=ADVANCED_FACE('',(#174),#109,.T.);
#2183=ADVANCED_FACE('',(#175),#2119,.T.);
#2184=ADVANCED_FACE('',(#176),#55,.T.);
#2185=ADVANCED_FACE('',(#177),#110,.T.);
#2186=ADVANCED_FACE('',(#178),#56,.T.);
#2187=ADVANCED_FACE('',(#179),#111,.T.);
#2188=ADVANCED_FACE('',(#180),#57,.T.);
#2189=ADVANCED_FACE('',(#181),#112,.T.);
#2190=ADVANCED_FACE('',(#182),#58,.T.);
#2191=ADVANCED_FACE('',(#183),#113,.T.);
#2192=ADVANCED_FACE('',(#184),#2120,.T.);
#2193=ADVANCED_FACE('',(#185),#114,.T.);
#2194=ADVANCED_FACE('',(#186,#79,#80,#81,#82),#115,.F.);
#2195=ADVANCED_FACE('',(#187),#59,.F.);
#2196=ADVANCED_FACE('',(#188),#2121,.F.);
#2197=ADVANCED_FACE('',(#189),#60,.F.);
#2198=ADVANCED_FACE('',(#190),#2122,.F.);
#2199=ADVANCED_FACE('',(#191),#61,.F.);
#2200=ADVANCED_FACE('',(#192),#2123,.F.);
#2201=ADVANCED_FACE('',(#193),#62,.F.);
#2202=ADVANCED_FACE('',(#194),#2124,.F.);
#2203=ADVANCED_FACE('',(#195),#116,.T.);
#2204=ADVANCED_FACE('',(#196),#117,.F.);
#2205=ADVANCED_FACE('',(#197),#118,.F.);
#2206=ADVANCED_FACE('',(#198),#119,.F.);
#2207=ADVANCED_FACE('',(#199),#120,.F.);
#2208=ADVANCED_FACE('',(#200),#2125,.T.);
#2209=ADVANCED_FACE('',(#201),#37,.T.);
#2210=ADVANCED_FACE('',(#202),#2126,.T.);
#2211=ADVANCED_FACE('',(#203),#38,.T.);
#2212=ADVANCED_FACE('',(#204),#2127,.T.);
#2213=ADVANCED_FACE('',(#205),#121,.F.);
#2214=ADVANCED_FACE('',(#206),#2128,.F.);
#2215=ADVANCED_FACE('',(#207),#122,.F.);
#2216=ADVANCED_FACE('',(#208),#2129,.F.);
#2217=ADVANCED_FACE('',(#209),#123,.T.);
#2218=ADVANCED_FACE('',(#210),#124,.F.);
#2219=ADVANCED_FACE('',(#211),#125,.T.);
#2220=ADVANCED_FACE('',(#212),#63,.T.);
#2221=ADVANCED_FACE('',(#213),#126,.T.);
#2222=ADVANCED_FACE('',(#214),#64,.T.);
#2223=ADVANCED_FACE('',(#215),#127,.T.);
#2224=ADVANCED_FACE('',(#216),#65,.F.);
#2225=ADVANCED_FACE('',(#217),#128,.T.);
#2226=ADVANCED_FACE('',(#218),#66,.T.);
#2227=ADVANCED_FACE('',(#219),#129,.T.);
#2228=ADVANCED_FACE('',(#220),#67,.T.);
#2229=ADVANCED_FACE('',(#221),#130,.T.);
#2230=ADVANCED_FACE('',(#222),#68,.F.);
#2231=ADVANCED_FACE('',(#223),#131,.T.);
#2232=ADVANCED_FACE('',(#224),#69,.T.);
#2233=ADVANCED_FACE('',(#225),#132,.T.);
#2234=ADVANCED_FACE('',(#226),#70,.T.);
#2235=ADVANCED_FACE('',(#227),#2130,.T.);
#2236=ADVANCED_FACE('',(#228),#133,.F.);
#2237=ADVANCED_FACE('',(#229),#2131,.F.);
#2238=ADVANCED_FACE('',(#230,#83,#84),#134,.T.);
#2239=ADVANCED_FACE('',(#231),#2132,.T.);
#2240=ADVANCED_FACE('',(#232),#135,.T.);
#2241=ADVANCED_FACE('',(#233),#2133,.T.);
#2242=ADVANCED_FACE('',(#234),#136,.T.);
#2243=ADVANCED_FACE('',(#235),#2134,.F.);
#2244=ADVANCED_FACE('',(#236),#39,.F.);
#2245=ADVANCED_FACE('',(#237),#2135,.F.);
#2246=ADVANCED_FACE('',(#238),#137,.F.);
#2247=ADVANCED_FACE('',(#239),#40,.F.);
#2248=ADVANCED_FACE('',(#240),#2136,.F.);
#2249=ADVANCED_FACE('',(#241),#138,.F.);
#2250=ADVANCED_FACE('',(#242),#71,.F.);
#2251=ADVANCED_FACE('',(#243),#2137,.F.);
#2252=ADVANCED_FACE('',(#244),#2138,.F.);
#2253=ADVANCED_FACE('',(#245),#2139,.F.);
#2254=ADVANCED_FACE('',(#246),#72,.F.);
#2255=ADVANCED_FACE('',(#247),#139,.F.);
#2256=ADVANCED_FACE('',(#248),#2140,.F.);
#2257=ADVANCED_FACE('',(#249),#2141,.F.);
#2258=ADVANCED_FACE('',(#250),#2142,.F.);
#2259=ADVANCED_FACE('',(#251),#2143,.F.);
#2260=ADVANCED_FACE('',(#252),#23,.T.);
#2261=ADVANCED_FACE('',(#253),#41,.T.);
#2262=ADVANCED_FACE('',(#254),#24,.T.);
#2263=ADVANCED_FACE('',(#255),#42,.T.);
#2264=ADVANCED_FACE('',(#256),#43,.T.);
#2265=ADVANCED_FACE('',(#257),#2144,.T.);
#2266=ADVANCED_FACE('',(#258),#2145,.T.);
#2267=ADVANCED_FACE('',(#259),#44,.T.);
#2268=ADVANCED_FACE('',(#260),#2146,.T.);
#2269=ADVANCED_FACE('',(#261),#140,.F.);
#2270=ADVANCED_FACE('',(#262),#73,.F.);
#2271=ADVANCED_FACE('',(#263),#2147,.F.);
#2272=ADVANCED_FACE('',(#264),#74,.F.);
#2273=ADVANCED_FACE('',(#265),#2148,.F.);
#2274=ADVANCED_FACE('',(#266),#2149,.T.);
#2275=ADVANCED_FACE('',(#267),#141,.T.);
#2276=ADVANCED_FACE('',(#268),#2150,.T.);
#2277=ADVANCED_FACE('',(#269),#2151,.F.);
#2278=ADVANCED_FACE('',(#270),#2152,.T.);
#2279=ADVANCED_FACE('',(#271),#142,.T.);
#2280=ADVANCED_FACE('',(#272),#143,.F.);
#2281=ADVANCED_FACE('',(#273,#85,#86,#87,#88),#144,.F.);
#2282=CLOSED_SHELL('',(#2153,#2154,#2155,#2156,#2157,#2158,#2159,#2160,
#2161,#2162,#2163,#2164,#2165,#2166,#2167,#2168,#2169,#2170,#2171,#2172,
#2173,#2174,#2175,#2176,#2177,#2178,#2179,#2180,#2181,#2182,#2183,#2184,
#2185,#2186,#2187,#2188,#2189,#2190,#2191,#2192,#2193,#2194,#2195,#2196,
#2197,#2198,#2199,#2200,#2201,#2202,#2203,#2204,#2205,#2206,#2207));
#2283=CLOSED_SHELL('',(#2208,#2209,#2210,#2211,#2212,#2213,#2214,#2215,
#2216,#2217,#2218,#2219,#2220,#2221,#2222,#2223,#2224,#2225,#2226,#2227,
#2228,#2229,#2230,#2231,#2232,#2233,#2234,#2235,#2236,#2237,#2238,#2239,
#2240,#2241,#2242,#2243,#2244,#2245,#2246,#2247,#2248,#2249,#2250,#2251,
#2252,#2253,#2254,#2255,#2256,#2257,#2258,#2259,#2260,#2261,#2262,#2263,
#2264,#2265,#2266,#2267,#2268,#2269,#2270,#2271,#2272,#2273,#2274,#2275,
#2276,#2277,#2278,#2279,#2280,#2281));
#2284=DERIVED_UNIT_ELEMENT(#2288,1.);
#2285=DERIVED_UNIT_ELEMENT(#4134,-3.);
#2286=DERIVED_UNIT_ELEMENT(#2288,1.);
#2287=DERIVED_UNIT_ELEMENT(#4134,-3.);
#2288=(
MASS_UNIT()
NAMED_UNIT(*)
SI_UNIT(.KILO.,.GRAM.)
);
#2289=DERIVED_UNIT((#2284,#2285));
#2290=DERIVED_UNIT((#2286,#2287));
#2291=MEASURE_REPRESENTATION_ITEM('density measure',
POSITIVE_RATIO_MEASURE(641.),#2289);
#2292=MEASURE_REPRESENTATION_ITEM('density measure',
POSITIVE_RATIO_MEASURE(641.),#2290);
#2293=PROPERTY_DEFINITION_REPRESENTATION(#2303,#2297);
#2294=PROPERTY_DEFINITION_REPRESENTATION(#2304,#2298);
#2295=PROPERTY_DEFINITION_REPRESENTATION(#2305,#2299);
#2296=PROPERTY_DEFINITION_REPRESENTATION(#2306,#2300);
#2297=REPRESENTATION('material name',(#2301),#4130);
#2298=REPRESENTATION('density',(#2291),#4130);
#2299=REPRESENTATION('material name',(#2302),#4131);
#2300=REPRESENTATION('density',(#2292),#4131);
#2301=DESCRIPTIVE_REPRESENTATION_ITEM('Ash','Ash');
#2302=DESCRIPTIVE_REPRESENTATION_ITEM('Ash','Ash');
#2303=PROPERTY_DEFINITION('material property','material name',#4155);
#2304=PROPERTY_DEFINITION('material property','density of part',#4155);
#2305=PROPERTY_DEFINITION('material property','material name',#4156);
#2306=PROPERTY_DEFINITION('material property','density of part',#4156);
#2307=AXIS2_PLACEMENT_3D('',#3243,#2551,#2552);
#2308=AXIS2_PLACEMENT_3D('',#3244,#2553,#2554);
#2309=AXIS2_PLACEMENT_3D('',#3245,#2555,#2556);
#2310=AXIS2_PLACEMENT_3D('',#3246,#2557,#2558);
#2311=AXIS2_PLACEMENT_3D('',#3249,#2559,#2560);
#2312=AXIS2_PLACEMENT_3D('',#3253,#2562,#2563);
#2313=AXIS2_PLACEMENT_3D('',#3255,#2565,#2566);
#2314=AXIS2_PLACEMENT_3D('',#3261,#2570,#2571);
#2315=AXIS2_PLACEMENT_3D('',#3264,#2572,#2573);
#2316=AXIS2_PLACEMENT_3D('',#3268,#2575,#2576);
#2317=AXIS2_PLACEMENT_3D('',#3270,#2578,#2579);
#2318=AXIS2_PLACEMENT_3D('',#3274,#2581,#2582);
#2319=AXIS2_PLACEMENT_3D('',#3289,#2590,#2591);
#2320=AXIS2_PLACEMENT_3D('',#3291,#2592,#2593);
#2321=AXIS2_PLACEMENT_3D('',#3292,#2594,#2595);
#2322=AXIS2_PLACEMENT_3D('',#3296,#2598,#2599);
#2323=AXIS2_PLACEMENT_3D('',#3298,#2600,#2601);
#2324=AXIS2_PLACEMENT_3D('',#3301,#2603,#2604);
#2325=AXIS2_PLACEMENT_3D('',#3302,#2605,#2606);
#2326=AXIS2_PLACEMENT_3D('',#3309,#2610,#2611);
#2327=AXIS2_PLACEMENT_3D('',#3311,#2612,#2613);
#2328=AXIS2_PLACEMENT_3D('',#3312,#2614,#2615);
#2329=AXIS2_PLACEMENT_3D('',#3314,#2616,#2617);
#2330=AXIS2_PLACEMENT_3D('',#3316,#2619,#2620);
#2331=AXIS2_PLACEMENT_3D('',#3325,#2625,#2626);
#2332=AXIS2_PLACEMENT_3D('',#3327,#2627,#2628);
#2333=AXIS2_PLACEMENT_3D('',#3330,#2630,#2631);
#2334=AXIS2_PLACEMENT_3D('',#3331,#2632,#2633);
#2335=AXIS2_PLACEMENT_3D('',#3337,#2637,#2638);
#2336=AXIS2_PLACEMENT_3D('',#3348,#2644,#2645);
#2337=AXIS2_PLACEMENT_3D('',#3352,#2647,#2648);
#2338=AXIS2_PLACEMENT_3D('',#3354,#2650,#2651);
#2339=AXIS2_PLACEMENT_3D('',#3368,#2660,#2661);
#2340=AXIS2_PLACEMENT_3D('',#3371,#2663,#2664);
#2341=AXIS2_PLACEMENT_3D('',#3372,#2665,#2666);
#2342=AXIS2_PLACEMENT_3D('',#3381,#2672,#2673);
#2343=AXIS2_PLACEMENT_3D('',#3387,#2677,#2678);
#2344=AXIS2_PLACEMENT_3D('',#3393,#2682,#2683);
#2345=AXIS2_PLACEMENT_3D('',#3396,#2685,#2686);
#2346=AXIS2_PLACEMENT_3D('',#3397,#2687,#2688);
#2347=AXIS2_PLACEMENT_3D('',#3401,#2691,#2692);
#2348=AXIS2_PLACEMENT_3D('',#3405,#2695,#2696);
#2349=AXIS2_PLACEMENT_3D('',#3408,#2699,#2700);
#2350=AXIS2_PLACEMENT_3D('',#3416,#2705,#2706);
#2351=AXIS2_PLACEMENT_3D('',#3417,#2707,#2708);
#2352=AXIS2_PLACEMENT_3D('',#3419,#2710,#2711);
#2353=AXIS2_PLACEMENT_3D('',#3423,#2713,#2714);
#2354=AXIS2_PLACEMENT_3D('',#3426,#2716,#2717);
#2355=AXIS2_PLACEMENT_3D('',#3428,#2719,#2720);
#2356=AXIS2_PLACEMENT_3D('',#3432,#2722,#2723);
#2357=AXIS2_PLACEMENT_3D('',#3434,#2725,#2726);
#2358=AXIS2_PLACEMENT_3D('',#3438,#2729,#2730);
#2359=AXIS2_PLACEMENT_3D('',#3439,#2731,#2732);
#2360=AXIS2_PLACEMENT_3D('',#3440,#2733,#2734);
#2361=AXIS2_PLACEMENT_3D('',#3441,#2735,#2736);
#2362=AXIS2_PLACEMENT_3D('',#3445,#2739,#2740);
#2363=AXIS2_PLACEMENT_3D('',#3448,#2742,#2743);
#2364=AXIS2_PLACEMENT_3D('',#3449,#2744,#2745);
#2365=AXIS2_PLACEMENT_3D('',#3454,#2748,#2749);
#2366=AXIS2_PLACEMENT_3D('',#3455,#2750,#2751);
#2367=AXIS2_PLACEMENT_3D('',#3459,#2754,#2755);
#2368=AXIS2_PLACEMENT_3D('',#3462,#2757,#2758);
#2369=AXIS2_PLACEMENT_3D('',#3463,#2759,#2760);
#2370=AXIS2_PLACEMENT_3D('',#3467,#2763,#2764);
#2371=AXIS2_PLACEMENT_3D('',#3470,#2766,#2767);
#2372=AXIS2_PLACEMENT_3D('',#3471,#2768,#2769);
#2373=AXIS2_PLACEMENT_3D('',#3475,#2772,#2773);
#2374=AXIS2_PLACEMENT_3D('',#3479,#2775,#2776);
#2375=AXIS2_PLACEMENT_3D('',#3480,#2777,#2778);
#2376=AXIS2_PLACEMENT_3D('',#3481,#2779,#2780);
#2377=AXIS2_PLACEMENT_3D('',#3484,#2783,#2784);
#2378=AXIS2_PLACEMENT_3D('',#3486,#2786,#2787);
#2379=AXIS2_PLACEMENT_3D('',#3487,#2788,#2789);
#2380=AXIS2_PLACEMENT_3D('',#3489,#2790,#2791);
#2381=AXIS2_PLACEMENT_3D('',#3491,#2792,#2793);
#2382=AXIS2_PLACEMENT_3D('',#3493,#2794,#2795);
#2383=AXIS2_PLACEMENT_3D('',#3495,#2796,#2797);
#2384=AXIS2_PLACEMENT_3D('',#3496,#2798,#2799);
#2385=AXIS2_PLACEMENT_3D('',#3499,#2801,#2802);
#2386=AXIS2_PLACEMENT_3D('',#3500,#2803,#2804);
#2387=AXIS2_PLACEMENT_3D('',#3502,#2806,#2807);
#2388=AXIS2_PLACEMENT_3D('',#3505,#2809,#2810);
#2389=AXIS2_PLACEMENT_3D('',#3506,#2811,#2812);
#2390=AXIS2_PLACEMENT_3D('',#3508,#2814,#2815);
#2391=AXIS2_PLACEMENT_3D('',#3511,#2817,#2818);
#2392=AXIS2_PLACEMENT_3D('',#3512,#2819,#2820);
#2393=AXIS2_PLACEMENT_3D('',#3514,#2822,#2823);
#2394=AXIS2_PLACEMENT_3D('',#3517,#2825,#2826);
#2395=AXIS2_PLACEMENT_3D('',#3518,#2827,#2828);
#2396=AXIS2_PLACEMENT_3D('',#3520,#2830,#2831);
#2397=AXIS2_PLACEMENT_3D('',#3521,#2832,#2833);
#2398=AXIS2_PLACEMENT_3D('',#3527,#2837,#2838);
#2399=AXIS2_PLACEMENT_3D('',#3529,#2840,#2841);
#2400=AXIS2_PLACEMENT_3D('',#3531,#2843,#2844);
#2401=AXIS2_PLACEMENT_3D('',#3532,#2845,#2846);
#2402=AXIS2_PLACEMENT_3D('',#3533,#2847,#2848);
#2403=AXIS2_PLACEMENT_3D('',#3536,#2849,#2850);
#2404=AXIS2_PLACEMENT_3D('',#3540,#2852,#2853);
#2405=AXIS2_PLACEMENT_3D('',#3542,#2855,#2856);
#2406=AXIS2_PLACEMENT_3D('',#3545,#2857,#2858);
#2407=AXIS2_PLACEMENT_3D('',#3546,#2859,#2860);
#2408=AXIS2_PLACEMENT_3D('',#3547,#2861,#2862);
#2409=AXIS2_PLACEMENT_3D('',#3548,#2863,#2864);
#2410=AXIS2_PLACEMENT_3D('',#3551,#2865,#2866);
#2411=AXIS2_PLACEMENT_3D('',#3554,#2869,#2870);
#2412=AXIS2_PLACEMENT_3D('',#3557,#2871,#2872);
#2413=AXIS2_PLACEMENT_3D('',#3558,#2873,#2874);
#2414=AXIS2_PLACEMENT_3D('',#3559,#2875,#2876);
#2415=AXIS2_PLACEMENT_3D('',#3560,#2877,#2878);
#2416=AXIS2_PLACEMENT_3D('',#3563,#2879,#2880);
#2417=AXIS2_PLACEMENT_3D('',#3566,#2883,#2884);
#2418=AXIS2_PLACEMENT_3D('',#3570,#2886,#2887);
#2419=AXIS2_PLACEMENT_3D('',#3574,#2890,#2891);
#2420=AXIS2_PLACEMENT_3D('',#3577,#2893,#2894);
#2421=AXIS2_PLACEMENT_3D('',#3578,#2895,#2896);
#2422=AXIS2_PLACEMENT_3D('',#3582,#2899,#2900);
#2423=AXIS2_PLACEMENT_3D('',#3585,#2902,#2903);
#2424=AXIS2_PLACEMENT_3D('',#3586,#2904,#2905);
#2425=AXIS2_PLACEMENT_3D('',#3588,#2906,#2907);
#2426=AXIS2_PLACEMENT_3D('',#3592,#2909,#2910);
#2427=AXIS2_PLACEMENT_3D('',#3601,#2915,#2916);
#2428=AXIS2_PLACEMENT_3D('',#3605,#2918,#2919);
#2429=AXIS2_PLACEMENT_3D('',#3609,#2921,#2922);
#2430=AXIS2_PLACEMENT_3D('',#3613,#2924,#2925);
#2431=AXIS2_PLACEMENT_3D('',#3619,#2929,#2930);
#2432=AXIS2_PLACEMENT_3D('',#3622,#2932,#2933);
#2433=AXIS2_PLACEMENT_3D('',#3623,#2934,#2935);
#2434=AXIS2_PLACEMENT_3D('',#3632,#2940,#2941);
#2435=AXIS2_PLACEMENT_3D('',#3636,#2943,#2944);
#2436=AXIS2_PLACEMENT_3D('',#3637,#2945,#2946);
#2437=AXIS2_PLACEMENT_3D('',#3638,#2947,#2948);
#2438=AXIS2_PLACEMENT_3D('',#3644,#2952,#2953);
#2439=AXIS2_PLACEMENT_3D('',#3647,#2955,#2956);
#2440=AXIS2_PLACEMENT_3D('',#3648,#2957,#2958);
#2441=AXIS2_PLACEMENT_3D('',#3649,#2959,#2960);
#2442=AXIS2_PLACEMENT_3D('',#3653,#2963,#2964);
#2443=AXIS2_PLACEMENT_3D('',#3655,#2965,#2966);
#2444=AXIS2_PLACEMENT_3D('',#3657,#2968,#2969);
#2445=AXIS2_PLACEMENT_3D('',#3661,#2972,#2973);
#2446=AXIS2_PLACEMENT_3D('',#3663,#2974,#2975);
#2447=AXIS2_PLACEMENT_3D('',#3665,#2977,#2978);
#2448=AXIS2_PLACEMENT_3D('',#3669,#2981,#2982);
#2449=AXIS2_PLACEMENT_3D('',#3671,#2983,#2984);
#2450=AXIS2_PLACEMENT_3D('',#3673,#2986,#2987);
#2451=AXIS2_PLACEMENT_3D('',#3677,#2990,#2991);
#2452=AXIS2_PLACEMENT_3D('',#3679,#2992,#2993);
#2453=AXIS2_PLACEMENT_3D('',#3681,#2995,#2996);
#2454=AXIS2_PLACEMENT_3D('',#3685,#2999,#3000);
#2455=AXIS2_PLACEMENT_3D('',#3689,#3002,#3003);
#2456=AXIS2_PLACEMENT_3D('',#3690,#3004,#3005);
#2457=AXIS2_PLACEMENT_3D('',#3691,#3006,#3007);
#2458=AXIS2_PLACEMENT_3D('',#3697,#3011,#3012);
#2459=AXIS2_PLACEMENT_3D('',#3698,#3013,#3014);
#2460=AXIS2_PLACEMENT_3D('',#3699,#3015,#3016);
#2461=AXIS2_PLACEMENT_3D('',#3700,#3017,#3018);
#2462=AXIS2_PLACEMENT_3D('',#3704,#3020,#3021);
#2463=AXIS2_PLACEMENT_3D('',#3706,#3023,#3024);
#2464=AXIS2_PLACEMENT_3D('',#3718,#3030,#3031);
#2465=AXIS2_PLACEMENT_3D('',#3721,#3033,#3034);
#2466=AXIS2_PLACEMENT_3D('',#3722,#3035,#3036);
#2467=AXIS2_PLACEMENT_3D('',#3746,#3038,#3039);
#2468=AXIS2_PLACEMENT_3D('',#3750,#3041,#3042);
#2469=AXIS2_PLACEMENT_3D('',#3783,#3046,#3047);
#2470=AXIS2_PLACEMENT_3D('',#3784,#3048,#3049);
#2471=AXIS2_PLACEMENT_3D('',#3786,#3050,#3051);
#2472=AXIS2_PLACEMENT_3D('',#3788,#3052,#3053);
#2473=AXIS2_PLACEMENT_3D('',#3789,#3054,#3055);
#2474=AXIS2_PLACEMENT_3D('',#3792,#3057,#3058);
#2475=AXIS2_PLACEMENT_3D('',#3793,#3059,#3060);
#2476=AXIS2_PLACEMENT_3D('',#3797,#3063,#3064);
#2477=AXIS2_PLACEMENT_3D('',#3800,#3066,#3067);
#2478=AXIS2_PLACEMENT_3D('',#3801,#3068,#3069);
#2479=AXIS2_PLACEMENT_3D('',#3805,#3072,#3073);
#2480=AXIS2_PLACEMENT_3D('',#3807,#3074,#3075);
#2481=AXIS2_PLACEMENT_3D('',#3809,#3077,#3078);
#2482=AXIS2_PLACEMENT_3D('',#3810,#3079,#3080);
#2483=AXIS2_PLACEMENT_3D('',#3811,#3081,#3082);
#2484=AXIS2_PLACEMENT_3D('',#3814,#3084,#3085);
#2485=AXIS2_PLACEMENT_3D('',#3815,#3086,#3087);
#2486=AXIS2_PLACEMENT_3D('',#3817,#3089,#3090);
#2487=AXIS2_PLACEMENT_3D('',#3818,#3091,#3092);
#2488=AXIS2_PLACEMENT_3D('',#3819,#3093,#3094);
#2489=AXIS2_PLACEMENT_3D('',#3820,#3095,#3096);
#2490=AXIS2_PLACEMENT_3D('',#3821,#3097,#3098);
#2491=AXIS2_PLACEMENT_3D('',#3822,#3099,#3100);
#2492=AXIS2_PLACEMENT_3D('',#3824,#3101,#3102);
#2493=AXIS2_PLACEMENT_3D('',#3831,#3104,#3105);
#2494=AXIS2_PLACEMENT_3D('',#3832,#3106,#3107);
#2495=AXIS2_PLACEMENT_3D('',#3849,#3108,#3109);
#2496=AXIS2_PLACEMENT_3D('',#3850,#3110,#3111);
#2497=AXIS2_PLACEMENT_3D('',#3851,#3112,#3113);
#2498=AXIS2_PLACEMENT_3D('',#3856,#3115,#3116);
#2499=AXIS2_PLACEMENT_3D('',#3871,#3118,#3119);
#2500=AXIS2_PLACEMENT_3D('',#3873,#3120,#3121);
#2501=AXIS2_PLACEMENT_3D('',#3884,#3122,#3123);
#2502=AXIS2_PLACEMENT_3D('',#3886,#3124,#3125);
#2503=AXIS2_PLACEMENT_3D('',#3900,#3127,#3128);
#2504=AXIS2_PLACEMENT_3D('',#3902,#3130,#3131);
#2505=AXIS2_PLACEMENT_3D('',#3905,#3133,#3134);
#2506=AXIS2_PLACEMENT_3D('',#3906,#3135,#3136);
#2507=AXIS2_PLACEMENT_3D('',#3908,#3138,#3139);
#2508=AXIS2_PLACEMENT_3D('',#3910,#3140,#3141);
#2509=AXIS2_PLACEMENT_3D('',#3912,#3143,#3144);
#2510=AXIS2_PLACEMENT_3D('',#3914,#3145,#3146);
#2511=AXIS2_PLACEMENT_3D('',#3982,#3148,#3149);
#2512=AXIS2_PLACEMENT_3D('',#3984,#3150,#3151);
#2513=AXIS2_PLACEMENT_3D('',#3985,#3152,#3153);
#2514=AXIS2_PLACEMENT_3D('',#4058,#3154,#3155);
#2515=AXIS2_PLACEMENT_3D('',#4060,#3156,#3157);
#2516=AXIS2_PLACEMENT_3D('',#4062,#3158,#3159);
#2517=AXIS2_PLACEMENT_3D('',#4063,#3160,#3161);
#2518=AXIS2_PLACEMENT_3D('',#4064,#3162,#3163);
#2519=AXIS2_PLACEMENT_3D('',#4066,#3164,#3165);
#2520=AXIS2_PLACEMENT_3D('',#4067,#3166,#3167);
#2521=AXIS2_PLACEMENT_3D('',#4068,#3168,#3169);
#2522=AXIS2_PLACEMENT_3D('',#4070,#3171,#3172);
#2523=AXIS2_PLACEMENT_3D('',#4073,#3173,#3174);
#2524=AXIS2_PLACEMENT_3D('',#4076,#3177,#3178);
#2525=AXIS2_PLACEMENT_3D('',#4079,#3179,#3180);
#2526=AXIS2_PLACEMENT_3D('',#4080,#3181,#3182);
#2527=AXIS2_PLACEMENT_3D('',#4081,#3183,#3184);
#2528=AXIS2_PLACEMENT_3D('',#4082,#3185,#3186);
#2529=AXIS2_PLACEMENT_3D('',#4085,#3189,#3190);
#2530=AXIS2_PLACEMENT_3D('',#4086,#3191,#3192);
#2531=AXIS2_PLACEMENT_3D('',#4088,#3193,#3194);
#2532=AXIS2_PLACEMENT_3D('',#4090,#3196,#3197);
#2533=AXIS2_PLACEMENT_3D('',#4093,#3199,#3200);
#2534=AXIS2_PLACEMENT_3D('',#4094,#3201,#3202);
#2535=AXIS2_PLACEMENT_3D('',#4096,#3203,#3204);
#2536=AXIS2_PLACEMENT_3D('',#4098,#3206,#3207);
#2537=AXIS2_PLACEMENT_3D('',#4101,#3209,#3210);
#2538=AXIS2_PLACEMENT_3D('',#4102,#3211,#3212);
#2539=AXIS2_PLACEMENT_3D('',#4104,#3213,#3214);
#2540=AXIS2_PLACEMENT_3D('',#4106,#3216,#3217);
#2541=AXIS2_PLACEMENT_3D('',#4110,#3220,#3221);
#2542=AXIS2_PLACEMENT_3D('',#4111,#3222,#3223);
#2543=AXIS2_PLACEMENT_3D('',#4112,#3224,#3225);
#2544=AXIS2_PLACEMENT_3D('',#4114,#3227,#3228);
#2545=AXIS2_PLACEMENT_3D('',#4117,#3231,#3232);
#2546=AXIS2_PLACEMENT_3D('',#4118,#3233,#3234);
#2547=AXIS2_PLACEMENT_3D('',#4119,#3235,#3236);
#2548=AXIS2_PLACEMENT_3D('',#4120,#3237,#3238);
#2549=AXIS2_PLACEMENT_3D('',#4121,#3239,#3240);
#2550=AXIS2_PLACEMENT_3D('',#4122,#3241,#3242);
#2551=DIRECTION('axis',(0.,0.,1.));
#2552=DIRECTION('refdir',(1.,0.,0.));
#2553=DIRECTION('axis',(0.,0.,1.));
#2554=DIRECTION('refdir',(1.,0.,0.));
#2555=DIRECTION('axis',(0.,0.,1.));
#2556=DIRECTION('refdir',(1.,0.,0.));
#2557=DIRECTION('center_axis',(0.,0.,-1.));
#2558=DIRECTION('ref_axis',(0.707106781186548,-0.707106781186548,0.));
#2559=DIRECTION('center_axis',(0.,0.,1.));
#2560=DIRECTION('ref_axis',(0.707106781186548,-0.707106781186548,0.));
#2561=DIRECTION('',(0.,0.,1.));
#2562=DIRECTION('center_axis',(0.,0.,1.));
#2563=DIRECTION('ref_axis',(0.707106781186548,-0.707106781186548,0.));
#2564=DIRECTION('',(0.,0.,-1.));
#2565=DIRECTION('center_axis',(0.,1.,0.));
#2566=DIRECTION('ref_axis',(-1.,0.,0.));
#2567=DIRECTION('',(1.,0.,0.));
#2568=DIRECTION('',(0.,0.,-1.));
#2569=DIRECTION('',(1.,0.,0.));
#2570=DIRECTION('center_axis',(0.,0.,1.));
#2571=DIRECTION('ref_axis',(0.707106781186548,0.707106781186548,0.));
#2572=DIRECTION('center_axis',(0.,0.,1.));
#2573=DIRECTION('ref_axis',(0.707106781186548,0.707106781186548,0.));
#2574=DIRECTION('',(0.,0.,1.));
#2575=DIRECTION('center_axis',(0.,0.,1.));
#2576=DIRECTION('ref_axis',(0.707106781186548,0.707106781186548,0.));
#2577=DIRECTION('',(0.,0.,-1.));
#2578=DIRECTION('center_axis',(0.,0.,1.));
#2579=DIRECTION('ref_axis',(1.,0.,0.));
#2580=DIRECTION('',(-1.,0.,0.));
#2581=DIRECTION('center_axis',(0.,0.,1.));
#2582=DIRECTION('ref_axis',(-0.707106781186548,0.707106781186548,0.));
#2583=DIRECTION('',(0.,-1.,0.));
#2584=DIRECTION('',(1.,0.,0.));
#2585=DIRECTION('',(0.,1.,0.));
#2586=DIRECTION('',(1.,0.,0.));
#2587=DIRECTION('',(0.,-1.,0.));
#2588=DIRECTION('',(1.,0.,0.));
#2589=DIRECTION('',(0.,1.,0.));
#2590=DIRECTION('center_axis',(0.,0.,-1.));
#2591=DIRECTION('ref_axis',(1.,0.,0.));
#2592=DIRECTION('center_axis',(0.,0.,-1.));
#2593=DIRECTION('ref_axis',(1.,0.,0.));
#2594=DIRECTION('center_axis',(0.,-1.,0.));
#2595=DIRECTION('ref_axis',(1.,0.,0.));
#2596=DIRECTION('',(-1.,0.,0.));
#2597=DIRECTION('',(0.,0.,1.));
#2598=DIRECTION('center_axis',(0.,0.,1.));
#2599=DIRECTION('ref_axis',(-0.707106781186548,-0.707106781186548,0.));
#2600=DIRECTION('center_axis',(0.,0.,1.));
#2601=DIRECTION('ref_axis',(-0.707106781186548,-0.707106781186548,0.));
#2602=DIRECTION('',(0.,0.,1.));
#2603=DIRECTION('center_axis',(0.,0.,1.));
#2604=DIRECTION('ref_axis',(-0.707106781186548,-0.707106781186548,0.));
#2605=DIRECTION('center_axis',(0.,0.,1.));
#2606=DIRECTION('ref_axis',(1.,0.,0.));
#2607=DIRECTION('',(0.,1.,0.));
#2608=DIRECTION('',(-1.,0.,0.));
#2609=DIRECTION('',(0.,-1.,0.));
#2610=DIRECTION('center_axis',(0.,0.,-1.));
#2611=DIRECTION('ref_axis',(1.,0.,0.));
#2612=DIRECTION('center_axis',(0.,0.,-1.));
#2613=DIRECTION('ref_axis',(1.,0.,0.));
#2614=DIRECTION('center_axis',(0.,0.,1.));
#2615=DIRECTION('ref_axis',(-0.707106781186548,0.707106781186548,0.));
#2616=DIRECTION('center_axis',(0.,0.,1.));
#2617=DIRECTION('ref_axis',(-0.707106781186548,0.707106781186548,0.));
#2618=DIRECTION('',(0.,0.,-1.));
#2619=DIRECTION('center_axis',(-0.707106781186535,0.70710678118656,0.));
#2620=DIRECTION('ref_axis',(0.,0.,1.));
#2621=DIRECTION('',(0.70710678118656,0.707106781186535,0.));
#2622=DIRECTION('',(0.,0.,-1.));
#2623=DIRECTION('',(-0.70710678118656,-0.707106781186535,0.));
#2624=DIRECTION('',(0.,0.,1.));
#2625=DIRECTION('center_axis',(-1.,0.,0.));
#2626=DIRECTION('ref_axis',(0.,0.707106781186547,-0.707106781186548));
#2627=DIRECTION('center_axis',(1.,0.,0.));
#2628=DIRECTION('ref_axis',(0.,0.707106781186547,-0.707106781186548));
#2629=DIRECTION('',(-0.707106781186535,0.70710678118656,-7.85046229341877E-16));
#2630=DIRECTION('center_axis',(-1.,0.,0.));
#2631=DIRECTION('ref_axis',(0.,0.707106781186547,-0.707106781186548));
#2632=DIRECTION('center_axis',(-0.707106781186541,-0.707106781186554,0.));
#2633=DIRECTION('ref_axis',(0.,0.,1.));
#2634=DIRECTION('',(-0.707106781186554,0.707106781186541,0.));
#2635=DIRECTION('',(0.,0.,-1.));
#2636=DIRECTION('',(0.,0.,1.));
#2637=DIRECTION('center_axis',(0.,0.,1.));
#2638=DIRECTION('ref_axis',(1.,0.,0.));
#2639=DIRECTION('',(-1.,0.,0.));
#2640=DIRECTION('',(0.,-1.,0.));
#2641=DIRECTION('',(0.,-1.,0.));
#2642=DIRECTION('',(1.,0.,0.));
#2643=DIRECTION('',(0.,1.,0.));
#2644=DIRECTION('center_axis',(0.,0.,-1.));
#2645=DIRECTION('ref_axis',(0.707106781186549,0.707106781186546,0.));
#2646=DIRECTION('',(1.,0.,0.));
#2647=DIRECTION('center_axis',(0.,0.,-1.));
#2648=DIRECTION('ref_axis',(-0.707106781186548,0.707106781186548,0.));
#2649=DIRECTION('',(0.,1.,0.));
#2650=DIRECTION('center_axis',(0.,1.,0.));
#2651=DIRECTION('ref_axis',(1.,0.,0.));
#2652=DIRECTION('',(-1.,0.,0.));
#2653=DIRECTION('',(0.,0.,-1.));
#2654=DIRECTION('',(1.,0.,0.));
#2655=DIRECTION('',(0.,0.,1.));
#2656=DIRECTION('',(0.,0.,-1.));
#2657=DIRECTION('',(-1.,0.,0.));
#2658=DIRECTION('',(0.,0.,1.));
#2659=DIRECTION('',(0.,0.,1.));
#2660=DIRECTION('center_axis',(1.,0.,0.));
#2661=DIRECTION('ref_axis',(0.,0.707106781186547,-0.707106781186548));
#2662=DIRECTION('',(1.,0.,0.));
#2663=DIRECTION('center_axis',(-1.,0.,0.));
#2664=DIRECTION('ref_axis',(0.,0.707106781186547,-0.707106781186548));
#2665=DIRECTION('center_axis',(0.,-1.,0.));
#2666=DIRECTION('ref_axis',(-1.,0.,0.));
#2667=DIRECTION('',(1.,0.,0.));
#2668=DIRECTION('',(0.,0.,1.));
#2669=DIRECTION('',(0.,0.,1.));
#2670=DIRECTION('',(-1.,0.,0.));
#2671=DIRECTION('',(0.,0.,1.));
#2672=DIRECTION('center_axis',(0.707106781186541,-0.707106781186554,0.));
#2673=DIRECTION('ref_axis',(0.,0.,-1.));
#2674=DIRECTION('',(0.707106781186554,0.707106781186541,0.));
#2675=DIRECTION('',(0.,0.,1.));
#2676=DIRECTION('',(-0.577350269189632,-0.577350269189622,0.577350269189624));
#2677=DIRECTION('center_axis',(0.707106781186543,0.,0.707106781186553));
#2678=DIRECTION('ref_axis',(0.707106781186553,0.,-0.707106781186543));
#2679=DIRECTION('',(0.,1.,0.));
#2680=DIRECTION('',(0.707106781186553,0.,-0.707106781186543));
#2681=DIRECTION('',(0.,-1.,0.));
#2682=DIRECTION('center_axis',(1.,0.,0.));
#2683=DIRECTION('ref_axis',(0.,0.707106781186547,-0.707106781186548));
#2684=DIRECTION('',(0.707106781186547,-0.707106781186547,-1.57009245868375E-15));
#2685=DIRECTION('center_axis',(1.,0.,0.));
#2686=DIRECTION('ref_axis',(0.,0.707106781186547,-0.707106781186548));
#2687=DIRECTION('center_axis',(0.707106781186548,0.707106781186548,0.));
#2688=DIRECTION('ref_axis',(0.,0.,-1.));
#2689=DIRECTION('',(0.707106781186548,-0.707106781186548,0.));
#2690=DIRECTION('',(0.,0.,-1.));
#2691=DIRECTION('center_axis',(0.,0.,1.));
#2692=DIRECTION('ref_axis',(1.,0.,0.));
#2693=DIRECTION('',(-1.,0.,0.));
#2694=DIRECTION('',(0.,-1.,0.));
#2695=DIRECTION('center_axis',(0.,-1.,0.));
#2696=DIRECTION('ref_axis',(1.,0.,0.));
#2697=DIRECTION('',(0.,0.,1.));
#2698=DIRECTION('',(0.,0.,1.));
#2699=DIRECTION('center_axis',(1.,0.,0.));
#2700=DIRECTION('ref_axis',(0.,-1.,0.));
#2701=DIRECTION('',(0.,1.,0.));
#2702=DIRECTION('',(0.,0.,1.));
#2703=DIRECTION('',(0.,-1.,0.));
#2704=DIRECTION('',(0.,0.,1.));
#2705=DIRECTION('center_axis',(-1.,0.,0.));
#2706=DIRECTION('ref_axis',(0.,-1.,0.));
#2707=DIRECTION('center_axis',(-1.,0.,0.));
#2708=DIRECTION('ref_axis',(0.,-1.,0.));
#2709=DIRECTION('',(0.,-1.,0.));
#2710=DIRECTION('center_axis',(0.,0.,1.));
#2711=DIRECTION('ref_axis',(1.,0.,0.));
#2712=DIRECTION('',(0.,1.,0.));
#2713=DIRECTION('center_axis',(0.,0.,-1.));
#2714=DIRECTION('ref_axis',(-0.707106781186551,-0.707106781186544,0.));
#2715=DIRECTION('',(-1.,0.,0.));
#2716=DIRECTION('center_axis',(0.,0.,-1.));
#2717=DIRECTION('ref_axis',(0.707106781186548,-0.707106781186548,0.));
#2718=DIRECTION('',(0.,-1.,0.));
#2719=DIRECTION('center_axis',(0.,0.,1.));
#2720=DIRECTION('ref_axis',(-0.707106781186548,0.707106781186548,0.));
#2721=DIRECTION('',(0.,0.,-1.));
#2722=DIRECTION('center_axis',(0.,0.,-1.));
#2723=DIRECTION('ref_axis',(-0.707106781186548,0.707106781186548,0.));
#2724=DIRECTION('',(0.,0.,1.));
#2725=DIRECTION('center_axis',(0.,1.,0.));
#2726=DIRECTION('ref_axis',(1.,0.,0.));
#2727=DIRECTION('',(0.,0.,1.));
#2728=DIRECTION('',(1.,0.,0.));
#2729=DIRECTION('center_axis',(0.,0.,1.));
#2730=DIRECTION('ref_axis',(0.707106781186549,0.707106781186546,0.));
#2731=DIRECTION('center_axis',(0.,0.,-1.));
#2732=DIRECTION('ref_axis',(0.707106781186549,0.707106781186546,0.));
#2733=DIRECTION('center_axis',(1.,0.,0.));
#2734=DIRECTION('ref_axis',(0.,1.,0.));
#2735=DIRECTION('center_axis',(-1.,0.,0.));
#2736=DIRECTION('ref_axis',(0.,1.,0.));
#2737=DIRECTION('',(0.,1.,0.));
#2738=DIRECTION('',(0.,0.,-1.));
#2739=DIRECTION('center_axis',(0.,0.,1.));
#2740=DIRECTION('ref_axis',(0.707106781186548,-0.707106781186548,0.));
#2741=DIRECTION('',(0.,0.,-1.));
#2742=DIRECTION('center_axis',(0.,0.,-1.));
#2743=DIRECTION('ref_axis',(0.707106781186548,-0.707106781186548,0.));
#2744=DIRECTION('center_axis',(0.,0.,1.));
#2745=DIRECTION('ref_axis',(0.707106781186548,-0.707106781186548,0.));
#2746=DIRECTION('',(0.70710678118654,0.,0.707106781186555));
#2747=DIRECTION('',(0.,0.70710678118654,-0.707106781186555));
#2748=DIRECTION('center_axis',(0.,0.,1.));
#2749=DIRECTION('ref_axis',(0.707106781186548,-0.707106781186548,0.));
#2750=DIRECTION('center_axis',(0.707106781186543,0.,-0.707106781186552));
#2751=DIRECTION('ref_axis',(-0.707106781186552,0.,-0.707106781186543));
#2752=DIRECTION('',(0.,1.,0.));
#2753=DIRECTION('',(0.707106781186552,0.,0.707106781186543));
#2754=DIRECTION('center_axis',(0.,0.,1.));
#2755=DIRECTION('ref_axis',(0.707106781186549,0.707106781186546,0.));
#2756=DIRECTION('',(0.,0.70710678118654,0.707106781186555));
#2757=DIRECTION('center_axis',(0.,0.,1.));
#2758=DIRECTION('ref_axis',(0.707106781186549,0.707106781186546,0.));
#2759=DIRECTION('center_axis',(0.,0.707106781186549,-0.707106781186546));
#2760=DIRECTION('ref_axis',(-1.,0.,0.));
#2761=DIRECTION('',(-1.,0.,0.));
#2762=DIRECTION('',(0.,0.707106781186546,0.707106781186549));
#2763=DIRECTION('center_axis',(0.,0.,1.));
#2764=DIRECTION('ref_axis',(-0.707106781186547,0.707106781186547,0.));
#2765=DIRECTION('',(-0.707106781186546,0.,0.707106781186549));
#2766=DIRECTION('center_axis',(0.,0.,1.));
#2767=DIRECTION('ref_axis',(-0.707106781186548,0.707106781186548,0.));
#2768=DIRECTION('center_axis',(-0.707106781186549,0.,-0.707106781186546));
#2769=DIRECTION('ref_axis',(-0.707106781186546,0.,0.707106781186549));
#2770=DIRECTION('',(0.,-1.,0.));
#2771=DIRECTION('',(-0.707106781186546,0.,0.707106781186549));
#2772=DIRECTION('center_axis',(0.,0.,1.));
#2773=DIRECTION('ref_axis',(-0.707106781186551,-0.707106781186544,0.));
#2774=DIRECTION('',(0.,-0.70710678118654,0.707106781186555));
#2775=DIRECTION('center_axis',(0.,0.,-1.));
#2776=DIRECTION('ref_axis',(-0.707106781186551,-0.707106781186544,0.));
#2777=DIRECTION('center_axis',(0.,0.,1.));
#2778=DIRECTION('ref_axis',(-0.707106781186551,-0.707106781186544,0.));
#2779=DIRECTION('center_axis',(0.,-0.707106781186543,-0.707106781186552));
#2780=DIRECTION('ref_axis',(-1.,0.,0.));
#2781=DIRECTION('',(1.,0.,0.));
#2782=DIRECTION('',(-1.,0.,0.));
#2783=DIRECTION('center_axis',(0.,0.,1.));
#2784=DIRECTION('ref_axis',(-0.707106781186551,-0.707106781186544,0.));
#2785=DIRECTION('',(0.,0.,1.));
#2786=DIRECTION('center_axis',(0.,-1.,0.));
#2787=DIRECTION('ref_axis',(-1.,0.,0.));
#2788=DIRECTION('center_axis',(0.,0.,1.));
#2789=DIRECTION('ref_axis',(1.,0.,0.));
#2790=DIRECTION('center_axis',(0.,0.,-1.));
#2791=DIRECTION('ref_axis',(1.,0.,0.));
#2792=DIRECTION('center_axis',(0.,0.,-1.));
#2793=DIRECTION('ref_axis',(1.,0.,0.));
#2794=DIRECTION('center_axis',(0.,0.,-1.));
#2795=DIRECTION('ref_axis',(1.,0.,0.));
#2796=DIRECTION('center_axis',(0.,0.,-1.));
#2797=DIRECTION('ref_axis',(1.,0.,0.));
#2798=DIRECTION('center_axis',(0.,0.,-1.));
#2799=DIRECTION('ref_axis',(1.,0.,0.));
#2800=DIRECTION('',(0.707106781186552,-8.65956056235499E-17,0.707106781186543));
#2801=DIRECTION('center_axis',(0.,0.,1.));
#2802=DIRECTION('ref_axis',(1.,0.,0.));
#2803=DIRECTION('center_axis',(0.,0.,-1.));
#2804=DIRECTION('ref_axis',(1.,0.,0.));
#2805=DIRECTION('',(0.,0.,1.));
#2806=DIRECTION('center_axis',(0.,0.,-1.));
#2807=DIRECTION('ref_axis',(1.,0.,0.));
#2808=DIRECTION('',(0.707106781186552,-8.65956056235499E-17,0.707106781186543));
#2809=DIRECTION('center_axis',(0.,0.,1.));
#2810=DIRECTION('ref_axis',(1.,0.,0.));
#2811=DIRECTION('center_axis',(0.,0.,-1.));
#2812=DIRECTION('ref_axis',(1.,0.,0.));
#2813=DIRECTION('',(0.,0.,1.));
#2814=DIRECTION('center_axis',(0.,0.,-1.));
#2815=DIRECTION('ref_axis',(1.,0.,0.));
#2816=DIRECTION('',(0.707106781186552,-8.65956056235499E-17,0.707106781186543));
#2817=DIRECTION('center_axis',(0.,0.,1.));
#2818=DIRECTION('ref_axis',(1.,0.,0.));
#2819=DIRECTION('center_axis',(0.,0.,-1.));
#2820=DIRECTION('ref_axis',(1.,0.,0.));
#2821=DIRECTION('',(0.,0.,1.));
#2822=DIRECTION('center_axis',(0.,0.,-1.));
#2823=DIRECTION('ref_axis',(1.,0.,0.));
#2824=DIRECTION('',(0.707106781186552,-8.65956056235499E-17,0.707106781186543));
#2825=DIRECTION('center_axis',(0.,0.,1.));
#2826=DIRECTION('ref_axis',(1.,0.,0.));
#2827=DIRECTION('center_axis',(0.,0.,-1.));
#2828=DIRECTION('ref_axis',(1.,0.,0.));
#2829=DIRECTION('',(0.,0.,1.));
#2830=DIRECTION('center_axis',(1.,0.,0.));
#2831=DIRECTION('ref_axis',(0.,1.,0.));
#2832=DIRECTION('center_axis',(0.,1.,0.));
#2833=DIRECTION('ref_axis',(1.,0.,0.));
#2834=DIRECTION('',(0.,0.,-1.));
#2835=DIRECTION('',(1.,0.,0.));
#2836=DIRECTION('',(0.,0.,-1.));
#2837=DIRECTION('center_axis',(-1.,0.,0.));
#2838=DIRECTION('ref_axis',(0.,1.,0.));
#2839=DIRECTION('',(0.,1.,0.));
#2840=DIRECTION('center_axis',(1.,0.,0.));
#2841=DIRECTION('ref_axis',(0.,-1.,0.));
#2842=DIRECTION('',(0.,-1.,0.));
#2843=DIRECTION('center_axis',(0.,0.,-1.));
#2844=DIRECTION('ref_axis',(-1.,0.,0.));
#2845=DIRECTION('axis',(0.,0.,1.));
#2846=DIRECTION('refdir',(1.,0.,0.));
#2847=DIRECTION('center_axis',(-1.,0.,0.));
#2848=DIRECTION('ref_axis',(0.,-0.707106781186548,-0.707106781186547));
#2849=DIRECTION('center_axis',(-1.,0.,0.));
#2850=DIRECTION('ref_axis',(0.,-0.707106781186548,-0.707106781186547));
#2851=DIRECTION('',(-1.,0.,0.));
#2852=DIRECTION('center_axis',(1.,0.,0.));
#2853=DIRECTION('ref_axis',(0.,-1.,0.));
#2854=DIRECTION('',(1.,0.,0.));
#2855=DIRECTION('center_axis',(0.,0.,-1.));
#2856=DIRECTION('ref_axis',(-1.,0.,0.));
#2857=DIRECTION('center_axis',(0.,1.,0.));
#2858=DIRECTION('ref_axis',(1.,0.,0.));
#2859=DIRECTION('center_axis',(0.,0.,-1.));
#2860=DIRECTION('ref_axis',(-0.70710678118655,0.707106781186545,0.));
#2861=DIRECTION('center_axis',(0.,0.,1.));
#2862=DIRECTION('ref_axis',(-0.70710678118655,0.707106781186545,0.));
#2863=DIRECTION('center_axis',(0.,-1.,0.));
#2864=DIRECTION('ref_axis',(0.707106781186553,0.,-0.707106781186543));
#2865=DIRECTION('center_axis',(0.,1.,0.));
#2866=DIRECTION('ref_axis',(1.,0.,0.));
#2867=DIRECTION('',(0.,1.,0.));
#2868=DIRECTION('',(0.,-1.,0.));
#2869=DIRECTION('center_axis',(0.,0.,-1.));
#2870=DIRECTION('ref_axis',(-1.,0.,0.));
#2871=DIRECTION('center_axis',(-1.,0.,0.));
#2872=DIRECTION('ref_axis',(0.,1.,0.));
#2873=DIRECTION('center_axis',(0.,0.,-1.));
#2874=DIRECTION('ref_axis',(-0.707106781186548,-0.707106781186548,0.));
#2875=DIRECTION('center_axis',(0.,0.,1.));
#2876=DIRECTION('ref_axis',(-0.707106781186548,-0.707106781186548,0.));
#2877=DIRECTION('center_axis',(1.,0.,0.));
#2878=DIRECTION('ref_axis',(0.,0.707106781186544,-0.707106781186551));
#2879=DIRECTION('center_axis',(-1.,0.,0.));
#2880=DIRECTION('ref_axis',(0.,0.707106781186544,-0.707106781186551));
#2881=DIRECTION('',(-1.,0.,0.));
#2882=DIRECTION('',(1.,0.,0.));
#2883=DIRECTION('center_axis',(0.,-1.,0.));
#2884=DIRECTION('ref_axis',(1.,0.,0.));
#2885=DIRECTION('',(0.,0.,-1.));
#2886=DIRECTION('center_axis',(0.,-1.,0.));
#2887=DIRECTION('ref_axis',(-0.707106781186547,0.,0.707106781186548));
#2888=DIRECTION('',(-1.,0.,0.));
#2889=DIRECTION('',(0.,0.,1.));
#2890=DIRECTION('center_axis',(0.,0.,1.));
#2891=DIRECTION('ref_axis',(-0.707106781186548,-0.707106781186548,0.));
#2892=DIRECTION('',(0.,0.,1.));
#2893=DIRECTION('center_axis',(0.,0.,1.));
#2894=DIRECTION('ref_axis',(-1.,0.,0.));
#2895=DIRECTION('center_axis',(-1.,0.,0.));
#2896=DIRECTION('ref_axis',(0.,-1.,0.));
#2897=DIRECTION('',(0.,0.,-1.));
#2898=DIRECTION('',(0.,1.,0.));
#2899=DIRECTION('center_axis',(0.,0.,1.));
#2900=DIRECTION('ref_axis',(-0.707106781186548,0.707106781186548,0.));
#2901=DIRECTION('',(0.,0.,1.));
#2902=DIRECTION('center_axis',(0.,0.,-1.));
#2903=DIRECTION('ref_axis',(-1.,0.,0.));
#2904=DIRECTION('center_axis',(1.,0.,0.));
#2905=DIRECTION('ref_axis',(0.,1.,0.));
#2906=DIRECTION('center_axis',(1.,0.,0.));
#2907=DIRECTION('ref_axis',(0.,-0.707106781186541,0.707106781186554));
#2908=DIRECTION('',(0.,1.,0.));
#2909=DIRECTION('center_axis',(1.,0.,0.));
#2910=DIRECTION('ref_axis',(0.,0.707106781186548,0.707106781186547));
#2911=DIRECTION('',(0.,0.,-1.));
#2912=DIRECTION('',(0.,-1.,0.));
#2913=DIRECTION('',(0.,0.,-1.));
#2914=DIRECTION('',(0.,1.,0.));
#2915=DIRECTION('center_axis',(1.,0.,0.));
#2916=DIRECTION('ref_axis',(0.,-0.707106781186548,-0.707106781186547));
#2917=DIRECTION('',(0.,0.,-1.));
#2918=DIRECTION('center_axis',(-1.,0.,0.));
#2919=DIRECTION('ref_axis',(0.,0.707106781186546,0.707106781186549));
#2920=DIRECTION('',(0.,1.,0.));
#2921=DIRECTION('center_axis',(-1.,0.,0.));
#2922=DIRECTION('ref_axis',(0.,-0.70710678118654,0.707106781186555));
#2923=DIRECTION('',(0.,0.,1.));
#2924=DIRECTION('center_axis',(1.,0.,0.));
#2925=DIRECTION('ref_axis',(0.,0.707106781186545,-0.707106781186549));
#2926=DIRECTION('',(0.,1.,0.));
#2927=DIRECTION('',(0.,0.,1.));
#2928=DIRECTION('',(0.,-1.,0.));
#2929=DIRECTION('center_axis',(0.,1.,0.));
#2930=DIRECTION('ref_axis',(-1.,0.,0.));
#2931=DIRECTION('',(1.,0.,0.));
#2932=DIRECTION('center_axis',(0.,1.,0.));
#2933=DIRECTION('ref_axis',(-0.707106781186547,0.,0.707106781186548));
#2934=DIRECTION('center_axis',(-0.707106781186543,0.,0.707106781186552));
#2935=DIRECTION('ref_axis',(0.707106781186552,0.,0.707106781186543));
#2936=DIRECTION('',(-0.707106781186552,0.,-0.707106781186543));
#2937=DIRECTION('',(0.,-1.,0.));
#2938=DIRECTION('',(0.707106781186552,0.,0.707106781186543));
#2939=DIRECTION('',(0.,1.,0.));
#2940=DIRECTION('center_axis',(0.,0.,-1.));
#2941=DIRECTION('ref_axis',(-0.707106781186546,0.707106781186549,0.));
#2942=DIRECTION('',(0.,0.707106781186552,-0.707106781186543));
#2943=DIRECTION('center_axis',(0.,0.,1.));
#2944=DIRECTION('ref_axis',(-0.707106781186546,0.707106781186549,0.));
#2945=DIRECTION('center_axis',(0.,0.,-1.));
#2946=DIRECTION('ref_axis',(-0.707106781186546,0.707106781186549,0.));
#2947=DIRECTION('center_axis',(0.,0.707106781186549,0.707106781186546));
#2948=DIRECTION('ref_axis',(1.,0.,0.));
#2949=DIRECTION('',(0.,0.707106781186546,-0.707106781186549));
#2950=DIRECTION('',(-1.,0.,0.));
#2951=DIRECTION('',(1.,0.,0.));
#2952=DIRECTION('center_axis',(0.,0.,-1.));
#2953=DIRECTION('ref_axis',(0.707106781186549,0.707106781186546,0.));
#2954=DIRECTION('',(0.707106781186565,0.,-0.70710678118653));
#2955=DIRECTION('center_axis',(0.,0.,1.));
#2956=DIRECTION('ref_axis',(0.707106781186549,0.707106781186546,0.));
#2957=DIRECTION('center_axis',(0.,0.,-1.));
#2958=DIRECTION('ref_axis',(0.707106781186549,0.707106781186546,0.));
#2959=DIRECTION('center_axis',(0.707106781186543,0.,0.707106781186552));
#2960=DIRECTION('ref_axis',(0.707106781186552,0.,-0.707106781186543));
#2961=DIRECTION('',(0.707106781186552,0.,-0.707106781186543));
#2962=DIRECTION('',(0.,-1.,0.));
#2963=DIRECTION('center_axis',(1.,0.,0.));
#2964=DIRECTION('ref_axis',(0.,-0.707106781186548,-0.707106781186547));
#2965=DIRECTION('center_axis',(-1.,0.,0.));
#2966=DIRECTION('ref_axis',(0.,-0.707106781186548,-0.707106781186547));
#2967=DIRECTION('',(0.707106781186554,-0.707106781186541,0.));
#2968=DIRECTION('center_axis',(0.707106781186541,0.707106781186554,0.));
#2969=DIRECTION('ref_axis',(0.,0.,-1.));
#2970=DIRECTION('',(0.707106781186554,-0.707106781186541,0.));
#2971=DIRECTION('',(0.,0.,1.));
#2972=DIRECTION('center_axis',(-1.,0.,0.));
#2973=DIRECTION('ref_axis',(0.,0.707106781186546,0.707106781186549));
#2974=DIRECTION('center_axis',(1.,0.,0.));
#2975=DIRECTION('ref_axis',(0.,0.707106781186546,0.707106781186549));
#2976=DIRECTION('',(0.707106781186552,0.,-0.707106781186543));
#2977=DIRECTION('center_axis',(0.707106781186544,0.,0.707106781186551));
#2978=DIRECTION('ref_axis',(0.707106781186551,0.,-0.707106781186544));
#2979=DIRECTION('',(0.,-1.,0.));
#2980=DIRECTION('',(0.707106781186551,0.,-0.707106781186544));
#2981=DIRECTION('center_axis',(-1.,0.,0.));
#2982=DIRECTION('ref_axis',(0.,-0.70710678118654,0.707106781186555));
#2983=DIRECTION('center_axis',(1.,0.,0.));
#2984=DIRECTION('ref_axis',(0.,-0.70710678118654,0.707106781186555));
#2985=DIRECTION('',(0.70710678118656,0.707106781186535,0.));
#2986=DIRECTION('center_axis',(0.707106781186548,-0.707106781186548,0.));
#2987=DIRECTION('ref_axis',(0.,0.,-1.));
#2988=DIRECTION('',(0.707106781186547,0.707106781186547,0.));
#2989=DIRECTION('',(0.,0.,-1.));
#2990=DIRECTION('center_axis',(1.,0.,0.));
#2991=DIRECTION('ref_axis',(0.,0.707106781186545,-0.70710678118655));
#2992=DIRECTION('center_axis',(-1.,0.,0.));
#2993=DIRECTION('ref_axis',(0.,0.707106781186546,-0.70710678118655));
#2994=DIRECTION('',(0.707106781186555,0.,-0.70710678118654));
#2995=DIRECTION('center_axis',(0.707106781186543,0.,0.707106781186552));
#2996=DIRECTION('ref_axis',(0.707106781186552,0.,-0.707106781186543));
#2997=DIRECTION('',(0.707106781186552,0.,-0.707106781186543));
#2998=DIRECTION('',(0.,-1.,0.));
#2999=DIRECTION('center_axis',(0.,0.,-1.));
#3000=DIRECTION('ref_axis',(0.707106781186544,-0.707106781186551,0.));
#3001=DIRECTION('',(0.,-0.707106781186552,-0.707106781186543));
#3002=DIRECTION('center_axis',(0.,0.,1.));
#3003=DIRECTION('ref_axis',(0.707106781186544,-0.707106781186551,0.));
#3004=DIRECTION('center_axis',(0.,0.,-1.));
#3005=DIRECTION('ref_axis',(0.707106781186544,-0.707106781186551,0.));
#3006=DIRECTION('center_axis',(0.,-0.707106781186543,0.707106781186552));
#3007=DIRECTION('ref_axis',(1.,0.,0.));
#3008=DIRECTION('',(0.,-0.707106781186552,-0.707106781186543));
#3009=DIRECTION('',(1.,0.,0.));
#3010=DIRECTION('',(-1.,0.,0.));
#3011=DIRECTION('center_axis',(0.,0.,-1.));
#3012=DIRECTION('ref_axis',(-0.707106781186551,-0.707106781186544,0.));
#3013=DIRECTION('center_axis',(0.,0.,1.));
#3014=DIRECTION('ref_axis',(-0.707106781186551,-0.707106781186544,0.));
#3015=DIRECTION('center_axis',(0.,0.,-1.));
#3016=DIRECTION('ref_axis',(-0.707106781186551,-0.707106781186544,0.));
#3017=DIRECTION('center_axis',(-1.,0.,0.));
#3018=DIRECTION('ref_axis',(0.,0.707106781186546,0.707106781186549));
#3019=DIRECTION('',(-1.,0.,0.));
#3020=DIRECTION('center_axis',(1.,0.,0.));
#3021=DIRECTION('ref_axis',(0.,1.,0.));
#3022=DIRECTION('',(1.,0.,0.));
#3023=DIRECTION('center_axis',(0.,-1.,0.));
#3024=DIRECTION('ref_axis',(-1.,0.,0.));
#3025=DIRECTION('',(1.,0.,0.));
#3026=DIRECTION('',(-1.23259516440783E-32,-2.22044604925031E-16,1.));
#3027=DIRECTION('',(-1.,0.,-1.23259516440783E-32));
#3028=DIRECTION('',(1.23259516440783E-32,2.22044604925031E-16,-1.));
#3029=DIRECTION('',(1.,0.,0.));
#3030=DIRECTION('center_axis',(0.,1.,0.));
#3031=DIRECTION('ref_axis',(0.707106781186547,0.,-0.707106781186548));
#3032=DIRECTION('',(0.,0.,-1.));
#3033=DIRECTION('center_axis',(0.,-1.,0.));
#3034=DIRECTION('ref_axis',(-0.707106781186547,0.,0.707106781186548));
#3035=DIRECTION('center_axis',(-1.,0.,0.));
#3036=DIRECTION('ref_axis',(0.,-0.707106781186548,-0.707106781186547));
#3037=DIRECTION('',(-1.,0.,0.));
#3038=DIRECTION('center_axis',(0.,0.,1.));
#3039=DIRECTION('ref_axis',(1.,0.,0.));
#3040=DIRECTION('',(1.,0.,0.));
#3041=DIRECTION('center_axis',(0.,0.,-1.));
#3042=DIRECTION('ref_axis',(-1.,5.55111512312578E-17,0.));
#3043=DIRECTION('',(1.,0.,0.));
#3044=DIRECTION('',(0.,-1.,0.));
#3045=DIRECTION('',(-1.,0.,0.));
#3046=DIRECTION('center_axis',(0.,0.,-1.));
#3047=DIRECTION('ref_axis',(-1.,5.55111512312578E-17,0.));
#3048=DIRECTION('center_axis',(0.,0.,-1.));
#3049=DIRECTION('ref_axis',(-1.,5.55111512312578E-17,0.));
#3050=DIRECTION('center_axis',(0.,0.,1.));
#3051=DIRECTION('ref_axis',(-1.,0.,0.));
#3052=DIRECTION('center_axis',(0.,0.,1.));
#3053=DIRECTION('ref_axis',(-1.,0.,0.));
#3054=DIRECTION('center_axis',(0.,0.,1.));
#3055=DIRECTION('ref_axis',(0.707106781186544,-0.707106781186551,0.));
#3056=DIRECTION('',(0.,0.,-1.));
#3057=DIRECTION('center_axis',(0.,0.,1.));
#3058=DIRECTION('ref_axis',(0.707106781186544,-0.707106781186551,0.));
#3059=DIRECTION('center_axis',(0.,-1.,0.));
#3060=DIRECTION('ref_axis',(1.,0.,0.));
#3061=DIRECTION('',(0.,0.,1.));
#3062=DIRECTION('',(-1.,0.,0.));
#3063=DIRECTION('center_axis',(0.,0.,1.));
#3064=DIRECTION('ref_axis',(-0.707106781186551,-0.707106781186544,0.));
#3065=DIRECTION('',(0.,0.,-1.));
#3066=DIRECTION('center_axis',(0.,0.,1.));
#3067=DIRECTION('ref_axis',(-0.707106781186551,-0.707106781186544,0.));
#3068=DIRECTION('center_axis',(-1.,0.,0.));
#3069=DIRECTION('ref_axis',(0.,-1.,0.));
#3070=DIRECTION('',(0.,0.,1.));
#3071=DIRECTION('',(0.,1.,0.));
#3072=DIRECTION('center_axis',(-1.,0.,0.));
#3073=DIRECTION('ref_axis',(0.,0.707106781186548,0.707106781186547));
#3074=DIRECTION('center_axis',(-1.,0.,0.));
#3075=DIRECTION('ref_axis',(0.,0.,1.));
#3076=DIRECTION('',(-1.,0.,0.));
#3077=DIRECTION('center_axis',(0.,-1.,0.));
#3078=DIRECTION('ref_axis',(0.,0.,-1.));
#3079=DIRECTION('center_axis',(0.,-1.,0.));
#3080=DIRECTION('ref_axis',(-0.707106781186547,0.,0.707106781186548));
#3081=DIRECTION('center_axis',(0.,-1.,0.));
#3082=DIRECTION('ref_axis',(-0.707106781186547,0.,0.707106781186548));
#3083=DIRECTION('',(0.,-1.,0.));
#3084=DIRECTION('center_axis',(0.,1.,0.));
#3085=DIRECTION('ref_axis',(-0.707106781186547,0.,0.707106781186548));
#3086=DIRECTION('center_axis',(0.,0.,1.));
#3087=DIRECTION('ref_axis',(1.,0.,0.));
#3088=DIRECTION('',(1.,0.,0.));
#3089=DIRECTION('center_axis',(0.,1.,0.));
#3090=DIRECTION('ref_axis',(0.,0.,1.));
#3091=DIRECTION('center_axis',(1.,0.,0.));
#3092=DIRECTION('ref_axis',(0.,0.,1.));
#3093=DIRECTION('center_axis',(1.,0.,0.));
#3094=DIRECTION('ref_axis',(0.,-0.707106781186541,0.707106781186554));
#3095=DIRECTION('center_axis',(-1.23259516440783E-32,-2.22044604925031E-16,
1.));
#3096=DIRECTION('ref_axis',(-5.55111512312578E-17,-1.,-2.22044604925031E-16));
#3097=DIRECTION('center_axis',(-1.23259516440783E-32,-2.22044604925031E-16,
1.));
#3098=DIRECTION('ref_axis',(1.,-5.55111512312578E-17,0.));
#3099=DIRECTION('center_axis',(-1.23259516440783E-32,-2.22044604925031E-16,
1.));
#3100=DIRECTION('ref_axis',(-1.,5.55111512312578E-17,0.));
#3101=DIRECTION('center_axis',(0.,0.,1.));
#3102=DIRECTION('ref_axis',(-1.,5.55111512312578E-17,0.));
#3103=DIRECTION('',(0.707106781186547,-1.09665951711923E-16,0.707106781186548));
#3104=DIRECTION('center_axis',(-1.23259516440783E-32,-2.22044604925031E-16,
1.));
#3105=DIRECTION('ref_axis',(1.,-5.55111512312578E-17,0.));
#3106=DIRECTION('center_axis',(-1.23259516440783E-32,-2.22044604925031E-16,
1.));
#3107=DIRECTION('ref_axis',(-1.,5.55111512312578E-17,0.));
#3108=DIRECTION('center_axis',(-1.,0.,0.));
#3109=DIRECTION('ref_axis',(0.,-0.707106781186548,-0.707106781186547));
#3110=DIRECTION('center_axis',(-1.,0.,0.));
#3111=DIRECTION('ref_axis',(0.,0.,-1.));
#3112=DIRECTION('center_axis',(-1.23259516440783E-32,-2.22044604925031E-16,
1.));
#3113=DIRECTION('ref_axis',(2.65881407037427E-15,1.,2.22044604925031E-16));
#3114=DIRECTION('',(1.23259516440783E-32,2.22044604925031E-16,-1.));
#3115=DIRECTION('center_axis',(-1.23259516440783E-32,-2.22044604925031E-16,
1.));
#3116=DIRECTION('ref_axis',(1.,-5.55111512312578E-17,0.));
#3117=DIRECTION('',(-1.23259516440783E-32,-2.22044604925031E-16,1.));
#3118=DIRECTION('center_axis',(-1.23259516440783E-32,-2.22044604925031E-16,
1.));
#3119=DIRECTION('ref_axis',(1.,-5.55111512312578E-17,0.));
#3120=DIRECTION('center_axis',(-1.23259516440783E-32,-2.22044604925031E-16,
1.));
#3121=DIRECTION('ref_axis',(1.,-5.55111512312578E-17,0.));
#3122=DIRECTION('center_axis',(-1.23259516440783E-32,-2.22044604925031E-16,
1.));
#3123=DIRECTION('ref_axis',(-1.,5.55111512312578E-17,0.));
#3124=DIRECTION('center_axis',(0.,0.,1.));
#3125=DIRECTION('ref_axis',(-1.,5.55111512312578E-17,0.));
#3126=DIRECTION('',(0.707106781186547,-1.09665951711923E-16,0.707106781186548));
#3127=DIRECTION('center_axis',(-1.23259516440783E-32,-2.22044604925031E-16,
1.));
#3128=DIRECTION('ref_axis',(-5.55111512312578E-17,-1.,-2.22044604925031E-16));
#3129=DIRECTION('',(1.,0.,1.23259516440783E-32));
#3130=DIRECTION('center_axis',(1.,0.,0.));
#3131=DIRECTION('ref_axis',(0.,0.707106781186546,-0.70710678118655));
#3132=DIRECTION('',(-1.,0.,0.));
#3133=DIRECTION('center_axis',(1.,1.13040889780017E-12,0.));
#3134=DIRECTION('ref_axis',(0.,0.,-1.));
#3135=DIRECTION('center_axis',(1.,0.,0.));
#3136=DIRECTION('ref_axis',(0.,0.707106781186546,-0.70710678118655));
#3137=DIRECTION('',(-1.,0.,0.));
#3138=DIRECTION('center_axis',(0.,0.,1.));
#3139=DIRECTION('ref_axis',(-1.,5.55111512312578E-17,0.));
#3140=DIRECTION('center_axis',(0.,0.,1.));
#3141=DIRECTION('ref_axis',(-1.,5.55111512312578E-17,0.));
#3142=DIRECTION('',(0.,0.,1.));
#3143=DIRECTION('center_axis',(0.,0.,1.));
#3144=DIRECTION('ref_axis',(-1.,5.55111512312578E-17,0.));
#3145=DIRECTION('center_axis',(0.,0.,1.));
#3146=DIRECTION('ref_axis',(-1.,5.55111512312578E-17,0.));
#3147=DIRECTION('',(0.,0.,1.));
#3148=DIRECTION('center_axis',(0.,1.,0.));
#3149=DIRECTION('ref_axis',(0.,0.,1.));
#3150=DIRECTION('center_axis',(0.,-1.,0.));
#3151=DIRECTION('ref_axis',(0.707106781186547,0.,-0.707106781186548));
#3152=DIRECTION('center_axis',(0.,0.,1.));
#3153=DIRECTION('ref_axis',(0.,1.,0.));
#3154=DIRECTION('center_axis',(0.,-1.,0.));
#3155=DIRECTION('ref_axis',(0.,0.,-1.));
#3156=DIRECTION('center_axis',(0.,-1.,0.));
#3157=DIRECTION('ref_axis',(0.707106781186547,0.,-0.707106781186548));
#3158=DIRECTION('center_axis',(0.,0.,-1.));
#3159=DIRECTION('ref_axis',(0.,-1.,0.));
#3160=DIRECTION('center_axis',(0.,1.,0.));
#3161=DIRECTION('ref_axis',(0.707106781186547,0.,-0.707106781186548));
#3162=DIRECTION('center_axis',(0.,-1.,0.));
#3163=DIRECTION('ref_axis',(0.,0.,-1.));
#3164=DIRECTION('center_axis',(0.,0.,1.));
#3165=DIRECTION('ref_axis',(0.,1.,0.));
#3166=DIRECTION('center_axis',(0.,1.,0.));
#3167=DIRECTION('ref_axis',(-0.707106781186547,0.,0.707106781186548));
#3168=DIRECTION('center_axis',(0.,0.,-1.));
#3169=DIRECTION('ref_axis',(-0.707106781186554,0.707106781186541,0.));
#3170=DIRECTION('',(0.,0.,1.));
#3171=DIRECTION('center_axis',(0.,0.,-1.));
#3172=DIRECTION('ref_axis',(-0.707106781186548,-0.707106781186548,0.));
#3173=DIRECTION('center_axis',(0.,0.,-1.));
#3174=DIRECTION('ref_axis',(0.,-1.,0.));
#3175=DIRECTION('',(0.,0.,-1.));
#3176=DIRECTION('',(0.,0.,1.));
#3177=DIRECTION('center_axis',(0.,1.,0.));
#3178=DIRECTION('ref_axis',(0.,0.,1.));
#3179=DIRECTION('center_axis',(-1.,0.,0.));
#3180=DIRECTION('ref_axis',(0.,-1.,0.));
#3181=DIRECTION('center_axis',(0.,-1.,0.));
#3182=DIRECTION('ref_axis',(-0.707106781186547,0.,0.707106781186548));
#3183=DIRECTION('center_axis',(0.,1.,0.));
#3184=DIRECTION('ref_axis',(-0.707106781186547,0.,0.707106781186548));
#3185=DIRECTION('center_axis',(1.,0.,0.));
#3186=DIRECTION('ref_axis',(0.,-0.70710678118654,0.707106781186555));
#3187=DIRECTION('',(-1.,0.,0.));
#3188=DIRECTION('',(1.,0.,0.));
#3189=DIRECTION('center_axis',(0.,1.,0.));
#3190=DIRECTION('ref_axis',(1.,0.,0.));
#3191=DIRECTION('center_axis',(0.,0.,1.));
#3192=DIRECTION('ref_axis',(-1.,0.,0.));
#3193=DIRECTION('center_axis',(0.,0.,-1.));
#3194=DIRECTION('ref_axis',(-1.,0.,0.));
#3195=DIRECTION('',(0.707106781186547,-8.65956056235493E-17,0.707106781186547));
#3196=DIRECTION('center_axis',(0.,0.,1.));
#3197=DIRECTION('ref_axis',(-1.,0.,0.));
#3198=DIRECTION('',(0.,0.,-1.));
#3199=DIRECTION('center_axis',(0.,0.,-1.));
#3200=DIRECTION('ref_axis',(-1.,0.,0.));
#3201=DIRECTION('center_axis',(0.,0.,1.));
#3202=DIRECTION('ref_axis',(-1.,0.,0.));
#3203=DIRECTION('center_axis',(0.,0.,-1.));
#3204=DIRECTION('ref_axis',(-1.,0.,0.));
#3205=DIRECTION('',(0.707106781186547,-8.65956056235493E-17,0.707106781186547));
#3206=DIRECTION('center_axis',(0.,0.,1.));
#3207=DIRECTION('ref_axis',(-1.,0.,0.));
#3208=DIRECTION('',(0.,0.,-1.));
#3209=DIRECTION('center_axis',(0.,0.,-1.));
#3210=DIRECTION('ref_axis',(-1.,0.,0.));
#3211=DIRECTION('center_axis',(0.,0.,1.));
#3212=DIRECTION('ref_axis',(0.707106781186549,0.707106781186546,0.));
#3213=DIRECTION('center_axis',(0.,0.,1.));
#3214=DIRECTION('ref_axis',(0.707106781186549,0.707106781186546,0.));
#3215=DIRECTION('',(0.,0.,1.));
#3216=DIRECTION('center_axis',(0.,1.,0.));
#3217=DIRECTION('ref_axis',(-1.,0.,0.));
#3218=DIRECTION('',(1.,0.,0.));
#3219=DIRECTION('',(0.,0.,-1.));
#3220=DIRECTION('center_axis',(0.,0.,1.));
#3221=DIRECTION('ref_axis',(-0.707106781186546,0.707106781186549,0.));
#3222=DIRECTION('center_axis',(0.,0.,1.));
#3223=DIRECTION('ref_axis',(-0.707106781186546,0.707106781186549,0.));
#3224=DIRECTION('center_axis',(0.,-1.,0.));
#3225=DIRECTION('ref_axis',(0.707106781186547,0.,-0.707106781186548));
#3226=DIRECTION('',(0.,1.,0.));
#3227=DIRECTION('center_axis',(0.,-1.,0.));
#3228=DIRECTION('ref_axis',(-0.707106781186547,0.,0.707106781186548));
#3229=DIRECTION('',(0.,-1.,0.));
#3230=DIRECTION('',(0.,1.,0.));
#3231=DIRECTION('center_axis',(0.,0.,1.));
#3232=DIRECTION('ref_axis',(-1.,0.,0.));
#3233=DIRECTION('center_axis',(1.,0.,0.));
#3234=DIRECTION('ref_axis',(0.,-1.,0.));
#3235=DIRECTION('center_axis',(0.,0.,1.));
#3236=DIRECTION('ref_axis',(-1.,0.,0.));
#3237=DIRECTION('',(0.,0.,1.));
#3238=DIRECTION('',(1.,0.,0.));
#3239=DIRECTION('',(0.,0.,1.));
#3240=DIRECTION('',(1.,5.55111512312578E-17,0.));
#3241=DIRECTION('',(0.,0.,1.));
#3242=DIRECTION('',(1.,0.,0.));
#3243=CARTESIAN_POINT('',(0.,0.,0.));
#3244=CARTESIAN_POINT('',(0.,0.,0.));
#3245=CARTESIAN_POINT('',(0.,0.,0.));
#3246=CARTESIAN_POINT('Origin',(120.65,-92.8,0.));
#3247=CARTESIAN_POINT('',(120.65,-95.8,0.));
#3248=CARTESIAN_POINT('',(123.65,-92.8,0.));
#3249=CARTESIAN_POINT('Origin',(120.65,-92.8,0.));
#3250=CARTESIAN_POINT('',(120.65,-95.8,3.5));
#3251=CARTESIAN_POINT('',(120.65,-95.8,0.));
#3252=CARTESIAN_POINT('',(123.65,-92.8,3.4999999925));
#3253=CARTESIAN_POINT('Origin',(120.65,-92.8,3.5));
#3254=CARTESIAN_POINT('',(123.65,-92.8,0.));
#3255=CARTESIAN_POINT('Origin',(128.651720814446,-95.8,0.));
#3256=CARTESIAN_POINT('',(85.4,-95.8,0.));
#3257=CARTESIAN_POINT('',(116.151720814446,-95.8,0.));
#3258=CARTESIAN_POINT('',(85.4,-95.8,3.5));
#3259=CARTESIAN_POINT('',(85.4,-95.8,0.));
#3260=CARTESIAN_POINT('',(116.151720814446,-95.8,3.5));
#3261=CARTESIAN_POINT('Origin',(120.65,-65.8,0.));
#3262=CARTESIAN_POINT('',(123.65,-65.8,0.));
#3263=CARTESIAN_POINT('',(120.65,-62.8,0.));
#3264=CARTESIAN_POINT('Origin',(120.65,-65.8,0.));
#3265=CARTESIAN_POINT('',(123.65,-65.8,3.4999999925));
#3266=CARTESIAN_POINT('',(123.65,-65.8,0.));
#3267=CARTESIAN_POINT('',(120.65,-62.8,3.5));
#3268=CARTESIAN_POINT('Origin',(120.65,-65.8,3.5));
#3269=CARTESIAN_POINT('',(120.65,-62.8,0.));
#3270=CARTESIAN_POINT('Origin',(103.651720814446,-79.3,0.));
#3271=CARTESIAN_POINT('',(85.4,-62.8,0.));
#3272=CARTESIAN_POINT('',(93.0258604072228,-62.8,0.));
#3273=CARTESIAN_POINT('',(82.4,-65.8,0.));
#3274=CARTESIAN_POINT('Origin',(85.4,-65.8,0.));
#3275=CARTESIAN_POINT('',(82.4,-79.762,0.));
#3276=CARTESIAN_POINT('',(82.4,-79.531,0.));
#3277=CARTESIAN_POINT('',(88.4,-79.762,0.));
#3278=CARTESIAN_POINT('',(91.1517208144456,-79.762,0.));
#3279=CARTESIAN_POINT('',(88.4,-69.,0.));
#3280=CARTESIAN_POINT('',(88.4,-84.031,0.));
#3281=CARTESIAN_POINT('',(120.365577365501,-69.,0.));
#3282=CARTESIAN_POINT('',(96.0258604072228,-69.,0.));
#3283=CARTESIAN_POINT('',(120.365577365501,-79.762,0.));
#3284=CARTESIAN_POINT('',(120.365577365502,-74.15,0.));
#3285=CARTESIAN_POINT('',(123.65,-79.762,0.));
#3286=CARTESIAN_POINT('',(91.1517208144456,-79.762,0.));
#3287=CARTESIAN_POINT('',(123.65,-71.05,0.));
#3288=CARTESIAN_POINT('',(118.567,-66.941,0.));
#3289=CARTESIAN_POINT('Origin',(120.192,-66.941,0.));
#3290=CARTESIAN_POINT('',(84.775,-66.941,0.));
#3291=CARTESIAN_POINT('Origin',(86.4,-66.941,0.));
#3292=CARTESIAN_POINT('Origin',(82.4,-62.8,0.));
#3293=CARTESIAN_POINT('',(85.4,-62.8,3.5));
#3294=CARTESIAN_POINT('',(93.0258604072228,-62.8,3.5));
#3295=CARTESIAN_POINT('',(85.4,-62.8,0.));
#3296=CARTESIAN_POINT('Origin',(85.4,-92.8,0.));
#3297=CARTESIAN_POINT('',(82.4,-92.8,0.));
#3298=CARTESIAN_POINT('Origin',(85.4,-92.8,0.));
#3299=CARTESIAN_POINT('',(82.4,-92.8,3.5));
#3300=CARTESIAN_POINT('',(82.4,-92.8,0.));
#3301=CARTESIAN_POINT('Origin',(85.4,-92.8,3.5));
#3302=CARTESIAN_POINT('Origin',(103.651720814446,-79.3,0.));
#3303=CARTESIAN_POINT('',(123.65,-88.762,0.));
#3304=CARTESIAN_POINT('',(123.65,-84.031,0.));
#3305=CARTESIAN_POINT('',(82.4,-88.762,0.));
#3306=CARTESIAN_POINT('',(116.151720814446,-88.762,0.));
#3307=CARTESIAN_POINT('',(82.4,-87.55,0.));
#3308=CARTESIAN_POINT('',(84.775,-91.55,0.));
#3309=CARTESIAN_POINT('Origin',(86.4,-91.55,0.));
#3310=CARTESIAN_POINT('',(118.567,-91.55,0.));
#3311=CARTESIAN_POINT('Origin',(120.192,-91.55,0.));
#3312=CARTESIAN_POINT('Origin',(85.4,-65.8,0.));
#3313=CARTESIAN_POINT('',(82.4,-65.8,3.5));
#3314=CARTESIAN_POINT('Origin',(85.4,-65.8,3.5));
#3315=CARTESIAN_POINT('',(82.4,-65.8,0.));
#3316=CARTESIAN_POINT('Origin',(78.9017208144456,-89.012,0.));
#3317=CARTESIAN_POINT('',(78.6517208144456,-89.262,3.5));
#3318=CARTESIAN_POINT('',(79.1517208144456,-88.762,3.5));
#3319=CARTESIAN_POINT('',(83.8344708144459,-84.0792499999999,3.5));
#3320=CARTESIAN_POINT('',(79.1517208144456,-88.762,-4.5));
#3321=CARTESIAN_POINT('',(79.1517208144456,-88.762,0.));
#3322=CARTESIAN_POINT('',(78.6517208144456,-89.262,-4.5));
#3323=CARTESIAN_POINT('',(79.1517208144456,-88.762,-4.5));
#3324=CARTESIAN_POINT('',(78.6517208144456,-89.262,0.));
#3325=CARTESIAN_POINT('Origin',(78.9017208144456,-84.262,-4.5));
#3326=CARTESIAN_POINT('',(79.1517208144456,-79.762,-4.5));
#3327=CARTESIAN_POINT('Origin',(79.1517208144456,-84.262,-4.5));
#3328=CARTESIAN_POINT('',(78.6517208144456,-79.262,-4.5));
#3329=CARTESIAN_POINT('',(79.1517208144456,-79.762,-4.5));
#3330=CARTESIAN_POINT('Origin',(78.6517208144456,-84.262,-4.5));
#3331=CARTESIAN_POINT('Origin',(78.9017208144456,-79.512,0.));
#3332=CARTESIAN_POINT('',(79.1517208144456,-79.762,3.5));
#3333=CARTESIAN_POINT('',(78.6517208144456,-79.262,3.5));
#3334=CARTESIAN_POINT('',(82.5939708144457,-83.20425,3.5));
#3335=CARTESIAN_POINT('',(78.6517208144456,-79.262,0.));
#3336=CARTESIAN_POINT('',(79.1517208144456,-79.762,0.));
#3337=CARTESIAN_POINT('Origin',(103.651720814446,-69.531,3.5));
#3338=CARTESIAN_POINT('',(82.4,-79.762,3.5));
#3339=CARTESIAN_POINT('',(91.1517208144456,-79.762,3.5));
#3340=CARTESIAN_POINT('',(82.4,-74.6465,3.5));
#3341=CARTESIAN_POINT('',(123.65,-70.0477465026903,3.4999999925));
#3342=CARTESIAN_POINT('',(123.65,-62.8,3.4999999925));
#3343=CARTESIAN_POINT('',(128.651720814446,-70.0477465026903,3.4999999925));
#3344=CARTESIAN_POINT('',(123.65,-70.0477465026903,3.4999999925));
#3345=CARTESIAN_POINT('',(128.651720814446,-62.8,3.5));
#3346=CARTESIAN_POINT('',(128.651720814446,-70.0477465026903,3.4999999925));
#3347=CARTESIAN_POINT('',(125.151720814446,-59.3,3.5));
#3348=CARTESIAN_POINT('Origin',(125.151720814446,-62.8,3.5));
#3349=CARTESIAN_POINT('',(82.1517208144456,-59.3,3.5));
#3350=CARTESIAN_POINT('',(91.1517208144456,-59.3,3.5));
#3351=CARTESIAN_POINT('',(78.6517208144456,-62.8,3.5));
#3352=CARTESIAN_POINT('Origin',(82.1517208144456,-62.8,3.5));
#3353=CARTESIAN_POINT('',(78.6517208144456,-84.4155,3.5));
#3354=CARTESIAN_POINT('Origin',(78.6517208144456,-79.762,0.));
#3355=CARTESIAN_POINT('',(128.151720814446,-79.762,-4.5));
#3356=CARTESIAN_POINT('',(91.1517208144456,-79.762,-4.5));
#3357=CARTESIAN_POINT('',(128.151720814446,-79.762,1.56));
#3358=CARTESIAN_POINT('',(128.151720814446,-79.762,0.));
#3359=CARTESIAN_POINT('',(123.65,-79.762,1.56));
#3360=CARTESIAN_POINT('',(120.365577365501,-79.762,1.56));
#3361=CARTESIAN_POINT('',(123.65,-79.762,0.));
#3362=CARTESIAN_POINT('',(120.365577365501,-79.762,-2.));
#3363=CARTESIAN_POINT('',(120.365577365502,-79.762,0.));
#3364=CARTESIAN_POINT('',(88.4,-79.762,-2.));
#3365=CARTESIAN_POINT('',(91.5172547485982,-79.762,-2.));
#3366=CARTESIAN_POINT('',(88.4,-79.762,0.));
#3367=CARTESIAN_POINT('',(82.4,-79.762,0.));
#3368=CARTESIAN_POINT('Origin',(91.1517208144456,-84.262,-4.5));
#3369=CARTESIAN_POINT('',(128.151720814446,-88.762,-4.5));
#3370=CARTESIAN_POINT('',(116.151720814446,-88.762,-4.5));
#3371=CARTESIAN_POINT('Origin',(128.151720814446,-84.262,-4.5));
#3372=CARTESIAN_POINT('Origin',(128.651720814446,-88.762,0.));
#3373=CARTESIAN_POINT('',(82.4,-88.762,3.5));
#3374=CARTESIAN_POINT('',(116.151720814446,-88.762,3.5));
#3375=CARTESIAN_POINT('',(82.4,-88.762,0.));
#3376=CARTESIAN_POINT('',(123.65,-88.762,3.4999999925));
#3377=CARTESIAN_POINT('',(123.65,-88.762,0.));
#3378=CARTESIAN_POINT('',(128.151720814446,-88.762,3.4999999925));
#3379=CARTESIAN_POINT('',(128.651720814446,-88.762,3.4999999925));
#3380=CARTESIAN_POINT('',(128.151720814446,-88.762,0.));
#3381=CARTESIAN_POINT('Origin',(128.401720814446,-79.512,0.));
#3382=CARTESIAN_POINT('',(128.651720814446,-79.262,-4.5));
#3383=CARTESIAN_POINT('',(128.151720814446,-79.762,-4.5));
#3384=CARTESIAN_POINT('',(128.651720814446,-79.262,1.06));
#3385=CARTESIAN_POINT('',(128.651720814446,-79.262,0.));
#3386=CARTESIAN_POINT('',(128.651720814446,-79.262,1.06));
#3387=CARTESIAN_POINT('Origin',(128.401720814446,-65.2905,1.31));
#3388=CARTESIAN_POINT('',(128.651720814446,-70.0477465026903,1.06));
#3389=CARTESIAN_POINT('',(128.651720814446,-65.2905,1.06));
#3390=CARTESIAN_POINT('',(128.151720814446,-70.0477465026903,1.56));
#3391=CARTESIAN_POINT('',(127.541290610834,-70.0477465026903,2.1704302036114));
#3392=CARTESIAN_POINT('',(128.151720814446,-65.2905,1.56));
#3393=CARTESIAN_POINT('Origin',(128.401720814446,-84.262,-4.5));
#3394=CARTESIAN_POINT('',(128.651720814446,-89.262,-4.5));
#3395=CARTESIAN_POINT('',(128.151720814446,-88.762,-4.5));
#3396=CARTESIAN_POINT('Origin',(128.651720814446,-84.262,-4.5));
#3397=CARTESIAN_POINT('Origin',(128.401720814446,-89.012,0.));
#3398=CARTESIAN_POINT('',(128.651720814446,-89.262,3.4999999925));
#3399=CARTESIAN_POINT('',(123.468970814446,-84.07925,3.5));
#3400=CARTESIAN_POINT('',(128.651720814446,-89.262,0.));
#3401=CARTESIAN_POINT('Origin',(126.150860407223,-71.281,1.56));
#3402=CARTESIAN_POINT('',(123.65,-70.0477465026903,1.56));
#3403=CARTESIAN_POINT('',(124.900430203611,-70.0477465026903,1.56));
#3404=CARTESIAN_POINT('',(123.65,-95.8,1.56));
#3405=CARTESIAN_POINT('Origin',(123.65,-70.0477465026903,0.));
#3406=CARTESIAN_POINT('',(128.651720814446,-70.0477465026903,0.));
#3407=CARTESIAN_POINT('',(123.65,-70.0477465026903,0.));
#3408=CARTESIAN_POINT('Origin',(128.651720814446,-59.3,0.));
#3409=CARTESIAN_POINT('',(128.651720814446,-95.8,3.5));
#3410=CARTESIAN_POINT('',(128.651720814446,-95.8,3.4999999925));
#3411=CARTESIAN_POINT('',(128.651720814446,-95.8,-11.5));
#3412=CARTESIAN_POINT('',(128.651720814446,-95.8,0.));
#3413=CARTESIAN_POINT('',(128.651720814446,-62.8,-11.5));
#3414=CARTESIAN_POINT('',(128.651720814446,-69.3,-11.5));
#3415=CARTESIAN_POINT('',(128.651720814446,-62.8,0.));
#3416=CARTESIAN_POINT('Origin',(123.65,-62.8,0.));
#3417=CARTESIAN_POINT('Origin',(123.65,-88.762,0.));
#3418=CARTESIAN_POINT('',(123.65,-95.8,3.4999999925));
#3419=CARTESIAN_POINT('Origin',(103.651720814446,-94.031,3.5));
#3420=CARTESIAN_POINT('',(78.6517208144456,-95.8,3.5));
#3421=CARTESIAN_POINT('',(78.6517208144456,-96.6655,3.5));
#3422=CARTESIAN_POINT('',(82.1517208144456,-99.3,3.5));
#3423=CARTESIAN_POINT('Origin',(82.1517208144456,-95.8,3.5));
#3424=CARTESIAN_POINT('',(125.151720814446,-99.3,3.5));
#3425=CARTESIAN_POINT('',(116.151720814446,-99.3,3.5));
#3426=CARTESIAN_POINT('Origin',(125.151720814446,-95.8,3.5));
#3427=CARTESIAN_POINT('',(82.4,-94.9155,3.5));
#3428=CARTESIAN_POINT('Origin',(82.1517208144456,-62.8,0.));
#3429=CARTESIAN_POINT('',(82.1517208144456,-59.3,-11.5));
#3430=CARTESIAN_POINT('',(82.1517208144456,-59.3,0.));
#3431=CARTESIAN_POINT('',(78.6517208144456,-62.8,-11.5));
#3432=CARTESIAN_POINT('Origin',(82.1517208144456,-62.8,-11.5));
#3433=CARTESIAN_POINT('',(78.6517208144456,-62.8,0.));
#3434=CARTESIAN_POINT('Origin',(78.6517208144456,-59.3,0.));
#3435=CARTESIAN_POINT('',(125.151720814446,-59.3,-11.5));
#3436=CARTESIAN_POINT('',(125.151720814446,-59.3,0.));
#3437=CARTESIAN_POINT('',(91.1517208144456,-59.3,-11.5));
#3438=CARTESIAN_POINT('Origin',(125.151720814446,-62.8,0.));
#3439=CARTESIAN_POINT('Origin',(125.151720814446,-62.8,-11.5));
#3440=CARTESIAN_POINT('Origin',(82.4,-95.8,0.));
#3441=CARTESIAN_POINT('Origin',(78.6517208144456,-99.3,0.));
#3442=CARTESIAN_POINT('',(78.6517208144456,-95.8,-11.5));
#3443=CARTESIAN_POINT('',(78.6517208144456,-89.3,-11.5));
#3444=CARTESIAN_POINT('',(78.6517208144456,-95.8,0.));
#3445=CARTESIAN_POINT('Origin',(125.151720814446,-95.8,0.));
#3446=CARTESIAN_POINT('',(125.151720814446,-99.3,-11.5));
#3447=CARTESIAN_POINT('',(125.151720814446,-99.3,0.));
#3448=CARTESIAN_POINT('Origin',(125.151720814446,-95.8,-11.5));
#3449=CARTESIAN_POINT('Origin',(125.151720814446,-95.8,-11.75));
#3450=CARTESIAN_POINT('',(128.151720814446,-95.8,-12.));
#3451=CARTESIAN_POINT('',(128.151720814446,-95.8,-12.));
#3452=CARTESIAN_POINT('',(125.151720814446,-98.8,-12.));
#3453=CARTESIAN_POINT('',(125.151720814446,-99.3,-11.5));
#3454=CARTESIAN_POINT('Origin',(125.151720814446,-95.8,-12.));
#3455=CARTESIAN_POINT('Origin',(128.401720814446,-69.3,-11.75));
#3456=CARTESIAN_POINT('',(128.151720814446,-62.8,-12.));
#3457=CARTESIAN_POINT('',(128.151720814446,-69.3,-12.));
#3458=CARTESIAN_POINT('',(128.151720814446,-62.8,-12.));
#3459=CARTESIAN_POINT('Origin',(125.151720814446,-62.8,-11.75));
#3460=CARTESIAN_POINT('',(125.151720814446,-59.8,-12.));
#3461=CARTESIAN_POINT('',(125.151720814446,-59.8,-12.));
#3462=CARTESIAN_POINT('Origin',(125.151720814446,-62.8,-12.));
#3463=CARTESIAN_POINT('Origin',(91.1517208144456,-59.55,-11.75));
#3464=CARTESIAN_POINT('',(82.1517208144456,-59.8,-12.));
#3465=CARTESIAN_POINT('',(91.1517208144456,-59.8,-12.));
#3466=CARTESIAN_POINT('',(82.1517208144456,-59.8,-12.));
#3467=CARTESIAN_POINT('Origin',(82.1517208144456,-62.8,-11.75));
#3468=CARTESIAN_POINT('',(79.1517208144456,-62.8,-12.));
#3469=CARTESIAN_POINT('',(79.1517208144456,-62.8,-12.));
#3470=CARTESIAN_POINT('Origin',(82.1517208144456,-62.8,-12.));
#3471=CARTESIAN_POINT('Origin',(78.9017208144456,-89.3,-11.75));
#3472=CARTESIAN_POINT('',(79.1517208144456,-95.8,-12.));
#3473=CARTESIAN_POINT('',(79.1517208144456,-89.3,-12.));
#3474=CARTESIAN_POINT('',(79.1517208144456,-95.8,-12.));
#3475=CARTESIAN_POINT('Origin',(82.1517208144456,-95.8,-11.75));
#3476=CARTESIAN_POINT('',(82.1517208144456,-98.8,-12.));
#3477=CARTESIAN_POINT('',(82.1517208144456,-99.3,-11.5));
#3478=CARTESIAN_POINT('',(82.1517208144456,-98.8,-12.));
#3479=CARTESIAN_POINT('Origin',(82.1517208144456,-95.8,-11.5));
#3480=CARTESIAN_POINT('Origin',(82.1517208144456,-95.8,-12.));
#3481=CARTESIAN_POINT('Origin',(116.151720814446,-99.05,-11.75));
#3482=CARTESIAN_POINT('',(116.151720814446,-98.8,-12.));
#3483=CARTESIAN_POINT('',(116.151720814446,-99.3,-11.5));
#3484=CARTESIAN_POINT('Origin',(82.1517208144456,-95.8,0.));
#3485=CARTESIAN_POINT('',(82.1517208144456,-99.3,0.));
#3486=CARTESIAN_POINT('Origin',(128.651720814446,-99.3,0.));
#3487=CARTESIAN_POINT('Origin',(103.651720814446,-79.3,-12.));
#3488=CARTESIAN_POINT('',(118.067,-91.55,-12.));
#3489=CARTESIAN_POINT('Origin',(120.192,-91.55,-12.));
#3490=CARTESIAN_POINT('',(118.067,-66.941,-12.));
#3491=CARTESIAN_POINT('Origin',(120.192,-66.941,-12.));
#3492=CARTESIAN_POINT('',(84.275,-91.55,-12.));
#3493=CARTESIAN_POINT('Origin',(86.4,-91.55,-12.));
#3494=CARTESIAN_POINT('',(84.275,-66.941,-12.));
#3495=CARTESIAN_POINT('Origin',(86.4,-66.941,-12.));
#3496=CARTESIAN_POINT('Origin',(120.192,-91.55,-11.75));
#3497=CARTESIAN_POINT('',(118.567,-91.55,-11.5));
#3498=CARTESIAN_POINT('',(118.317,-91.55,-11.75));
#3499=CARTESIAN_POINT('Origin',(120.192,-91.55,-11.5));
#3500=CARTESIAN_POINT('Origin',(120.192,-91.55,0.));
#3501=CARTESIAN_POINT('',(118.567,-91.55,0.));
#3502=CARTESIAN_POINT('Origin',(86.4,-66.941,-11.75));
#3503=CARTESIAN_POINT('',(84.775,-66.941,-11.5));
#3504=CARTESIAN_POINT('',(84.525,-66.941,-11.75));
#3505=CARTESIAN_POINT('Origin',(86.4,-66.941,-11.5));
#3506=CARTESIAN_POINT('Origin',(86.4,-66.941,0.));
#3507=CARTESIAN_POINT('',(84.775,-66.941,0.));
#3508=CARTESIAN_POINT('Origin',(120.192,-66.941,-11.75));
#3509=CARTESIAN_POINT('',(118.567,-66.941,-11.5));
#3510=CARTESIAN_POINT('',(118.317,-66.941,-11.75));
#3511=CARTESIAN_POINT('Origin',(120.192,-66.941,-11.5));
#3512=CARTESIAN_POINT('Origin',(120.192,-66.941,0.));
#3513=CARTESIAN_POINT('',(118.567,-66.941,0.));
#3514=CARTESIAN_POINT('Origin',(86.4,-91.55,-11.75));
#3515=CARTESIAN_POINT('',(84.775,-91.55,-11.5));
#3516=CARTESIAN_POINT('',(84.525,-91.55,-11.75));
#3517=CARTESIAN_POINT('Origin',(86.4,-91.55,-11.5));
#3518=CARTESIAN_POINT('Origin',(86.4,-91.55,0.));
#3519=CARTESIAN_POINT('',(84.775,-91.55,0.));
#3520=CARTESIAN_POINT('Origin',(82.4,-79.762,0.));
#3521=CARTESIAN_POINT('Origin',(88.4,-69.,0.));
#3522=CARTESIAN_POINT('',(88.4,-69.,-2.));
#3523=CARTESIAN_POINT('',(88.4,-69.,0.));
#3524=CARTESIAN_POINT('',(120.365577365501,-69.,-2.));
#3525=CARTESIAN_POINT('',(88.4,-69.,-2.));
#3526=CARTESIAN_POINT('',(120.365577365501,-69.,0.));
#3527=CARTESIAN_POINT('Origin',(88.4,-88.762,0.));
#3528=CARTESIAN_POINT('',(88.4,-89.9342970885136,-2.));
#3529=CARTESIAN_POINT('Origin',(120.365577365501,-69.,0.));
#3530=CARTESIAN_POINT('',(120.365577365501,-69.,-2.));
#3531=CARTESIAN_POINT('Origin',(104.382788682751,-78.881,-2.));
#3532=CARTESIAN_POINT('',(0.,0.,0.));
#3533=CARTESIAN_POINT('Origin',(116.151720814446,-69.224776,5.5));
#3534=CARTESIAN_POINT('',(128.651720814446,-69.224776,4.));
#3535=CARTESIAN_POINT('',(128.651720814446,-70.724776,5.5));
#3536=CARTESIAN_POINT('Origin',(128.651720814446,-69.224776,5.5));
#3537=CARTESIAN_POINT('',(106.87544,-70.724776,5.5));
#3538=CARTESIAN_POINT('',(116.151720814446,-70.724776,5.5));
#3539=CARTESIAN_POINT('',(106.87544,-69.224776,4.));
#3540=CARTESIAN_POINT('Origin',(106.87544,-69.224776,5.5));
#3541=CARTESIAN_POINT('',(116.151720814446,-69.224776,4.));
#3542=CARTESIAN_POINT('Origin',(106.87544,-72.474776,5.5));
#3543=CARTESIAN_POINT('',(105.12544,-72.474776,5.5));
#3544=CARTESIAN_POINT('',(103.62544,-72.474776,4.));
#3545=CARTESIAN_POINT('Origin',(103.62544,-72.474776,5.5));
#3546=CARTESIAN_POINT('Origin',(106.87544,-72.474776,4.));
#3547=CARTESIAN_POINT('Origin',(106.87544,-72.474776,5.5));
#3548=CARTESIAN_POINT('Origin',(103.62544,-75.012388,5.5));
#3549=CARTESIAN_POINT('',(105.12544,-86.67456,5.5));
#3550=CARTESIAN_POINT('',(103.62544,-86.67456,4.));
#3551=CARTESIAN_POINT('Origin',(103.62544,-86.67456,5.5));
#3552=CARTESIAN_POINT('',(103.62544,-75.012388,4.));
#3553=CARTESIAN_POINT('',(105.12544,-75.012388,5.5));
#3554=CARTESIAN_POINT('Origin',(106.87544,-86.67456,5.5));
#3555=CARTESIAN_POINT('',(106.87544,-88.42456,5.5));
#3556=CARTESIAN_POINT('',(106.87544,-89.92456,4.));
#3557=CARTESIAN_POINT('Origin',(106.87544,-89.92456,5.5));
#3558=CARTESIAN_POINT('Origin',(106.87544,-86.67456,4.));
#3559=CARTESIAN_POINT('Origin',(106.87544,-86.67456,5.5));
#3560=CARTESIAN_POINT('Origin',(104.388580407223,-89.92456,5.5));
#3561=CARTESIAN_POINT('',(128.651720814446,-88.42456,5.5));
#3562=CARTESIAN_POINT('',(128.651720814446,-89.92456,4.));
#3563=CARTESIAN_POINT('Origin',(128.651720814446,-89.92456,5.5));
#3564=CARTESIAN_POINT('',(104.388580407223,-89.92456,4.));
#3565=CARTESIAN_POINT('',(104.388580407223,-88.42456,5.5));
#3566=CARTESIAN_POINT('Origin',(105.12544,-88.42456,4.));
#3567=CARTESIAN_POINT('',(106.87544,-88.42456,11.5));
#3568=CARTESIAN_POINT('',(106.87544,-88.42456,4.));
#3569=CARTESIAN_POINT('',(109.62544,-88.42456,14.25));
#3570=CARTESIAN_POINT('Origin',(109.62544,-88.42456,11.5));
#3571=CARTESIAN_POINT('',(128.651720814446,-88.42456,14.25));
#3572=CARTESIAN_POINT('',(111.007010203611,-88.42456,14.25));
#3573=CARTESIAN_POINT('',(128.651720814446,-88.42456,4.));
#3574=CARTESIAN_POINT('Origin',(106.87544,-86.67456,4.));
#3575=CARTESIAN_POINT('',(105.12544,-86.67456,11.5));
#3576=CARTESIAN_POINT('',(105.12544,-86.67456,4.));
#3577=CARTESIAN_POINT('Origin',(106.87544,-86.67456,11.5));
#3578=CARTESIAN_POINT('Origin',(105.12544,-70.724776,4.));
#3579=CARTESIAN_POINT('',(105.12544,-72.474776,11.5));
#3580=CARTESIAN_POINT('',(105.12544,-72.474776,4.));
#3581=CARTESIAN_POINT('',(105.12544,-75.149722,11.5));
#3582=CARTESIAN_POINT('Origin',(106.87544,-72.474776,4.));
#3583=CARTESIAN_POINT('',(106.87544,-70.724776,11.5));
#3584=CARTESIAN_POINT('',(106.87544,-70.724776,4.));
#3585=CARTESIAN_POINT('Origin',(106.87544,-72.474776,11.5));
#3586=CARTESIAN_POINT('Origin',(128.651720814446,-99.3,4.));
#3587=CARTESIAN_POINT('',(128.651720814446,-86.67456,16.));
#3588=CARTESIAN_POINT('Origin',(128.651720814446,-86.67456,14.25));
#3589=CARTESIAN_POINT('',(128.651720814446,-72.474776,16.));
#3590=CARTESIAN_POINT('',(128.651720814446,-89.437334,16.));
#3591=CARTESIAN_POINT('',(128.651720814446,-70.724776,14.25));
#3592=CARTESIAN_POINT('Origin',(128.651720814446,-72.474776,14.25));
#3593=CARTESIAN_POINT('',(128.651720814446,-70.724776,4.));
#3594=CARTESIAN_POINT('',(128.651720814446,-62.8,4.));
#3595=CARTESIAN_POINT('',(128.651720814446,-59.3,4.));
#3596=CARTESIAN_POINT('',(128.651720814446,-62.8,5.5));
#3597=CARTESIAN_POINT('',(128.651720814446,-62.8,4.));
#3598=CARTESIAN_POINT('',(128.651720814446,-66.974776,5.5));
#3599=CARTESIAN_POINT('',(128.651720814446,-89.3,5.5));
#3600=CARTESIAN_POINT('',(128.651720814446,-70.224776,8.75));
#3601=CARTESIAN_POINT('Origin',(128.651720814446,-66.974776,8.75));
#3602=CARTESIAN_POINT('',(128.651720814446,-70.224776,16.));
#3603=CARTESIAN_POINT('',(128.651720814446,-70.224776,10.5));
#3604=CARTESIAN_POINT('',(128.651720814446,-70.724776,16.5));
#3605=CARTESIAN_POINT('Origin',(128.651720814446,-70.724776,16.));
#3606=CARTESIAN_POINT('',(128.651720814446,-88.42456,16.5));
#3607=CARTESIAN_POINT('',(128.651720814446,-89.3,16.5));
#3608=CARTESIAN_POINT('',(128.651720814446,-88.92456,16.));
#3609=CARTESIAN_POINT('Origin',(128.651720814446,-88.42456,16.));
#3610=CARTESIAN_POINT('',(128.651720814446,-88.92456,8.75));
#3611=CARTESIAN_POINT('',(128.651720814446,-88.92456,10.5));
#3612=CARTESIAN_POINT('',(128.651720814446,-92.17456,5.5));
#3613=CARTESIAN_POINT('Origin',(128.651720814446,-92.17456,8.75));
#3614=CARTESIAN_POINT('',(128.651720814446,-95.8,5.5));
#3615=CARTESIAN_POINT('',(128.651720814446,-89.3,5.5));
#3616=CARTESIAN_POINT('',(128.651720814446,-95.8,4.));
#3617=CARTESIAN_POINT('',(128.651720814446,-95.8,4.));
#3618=CARTESIAN_POINT('',(128.651720814446,-59.3,4.));
#3619=CARTESIAN_POINT('Origin',(128.651720814446,-70.724776,4.));
#3620=CARTESIAN_POINT('',(109.62544,-70.724776,14.25));
#3621=CARTESIAN_POINT('',(122.770150610834,-70.724776,14.25));
#3622=CARTESIAN_POINT('Origin',(109.62544,-70.724776,11.5));
#3623=CARTESIAN_POINT('Origin',(78.9017208144456,-69.3,5.75));
#3624=CARTESIAN_POINT('',(79.1517208144456,-62.8,6.));
#3625=CARTESIAN_POINT('',(78.6517208144456,-62.8,5.5));
#3626=CARTESIAN_POINT('',(79.1517208144456,-62.8,6.));
#3627=CARTESIAN_POINT('',(78.6517208144456,-95.8,5.5));
#3628=CARTESIAN_POINT('',(78.6517208144456,-69.3,5.5));
#3629=CARTESIAN_POINT('',(79.1517208144456,-95.8,6.));
#3630=CARTESIAN_POINT('',(78.6517208144456,-95.8,5.5));
#3631=CARTESIAN_POINT('',(79.1517208144456,-69.3,6.));
#3632=CARTESIAN_POINT('Origin',(82.1517208144456,-62.8,5.75));
#3633=CARTESIAN_POINT('',(82.1517208144456,-59.8,6.));
#3634=CARTESIAN_POINT('',(82.1517208144456,-59.3,5.5));
#3635=CARTESIAN_POINT('',(82.1517208144456,-59.8,6.));
#3636=CARTESIAN_POINT('Origin',(82.1517208144456,-62.8,5.5));
#3637=CARTESIAN_POINT('Origin',(82.1517208144456,-62.8,6.));
#3638=CARTESIAN_POINT('Origin',(116.151720814446,-59.55,5.75));
#3639=CARTESIAN_POINT('',(125.151720814446,-59.8,6.));
#3640=CARTESIAN_POINT('',(125.151720814446,-59.3,5.5));
#3641=CARTESIAN_POINT('',(125.151720814446,-59.8,6.));
#3642=CARTESIAN_POINT('',(116.151720814446,-59.3,5.5));
#3643=CARTESIAN_POINT('',(116.151720814446,-59.8,6.));
#3644=CARTESIAN_POINT('Origin',(125.151720814446,-62.8,5.75));
#3645=CARTESIAN_POINT('',(128.151720814446,-62.8,6.));
#3646=CARTESIAN_POINT('',(128.151720814446,-62.8,6.));
#3647=CARTESIAN_POINT('Origin',(125.151720814446,-62.8,5.5));
#3648=CARTESIAN_POINT('Origin',(125.151720814446,-62.8,6.));
#3649=CARTESIAN_POINT('Origin',(128.401720814446,-89.3,5.75));
#3650=CARTESIAN_POINT('',(128.151720814446,-66.974776,6.));
#3651=CARTESIAN_POINT('',(128.151720814446,-66.974776,6.));
#3652=CARTESIAN_POINT('',(128.151720814446,-89.3,6.));
#3653=CARTESIAN_POINT('Origin',(128.401720814446,-66.974776,8.75));
#3654=CARTESIAN_POINT('',(128.151720814446,-69.724776,8.75));
#3655=CARTESIAN_POINT('Origin',(128.151720814446,-66.974776,8.75));
#3656=CARTESIAN_POINT('',(128.151720814446,-69.724776,8.75));
#3657=CARTESIAN_POINT('Origin',(128.401720814446,-69.974776,10.5));
#3658=CARTESIAN_POINT('',(128.151720814446,-69.724776,16.));
#3659=CARTESIAN_POINT('',(128.151720814446,-69.724776,16.));
#3660=CARTESIAN_POINT('',(128.151720814446,-69.724776,10.5));
#3661=CARTESIAN_POINT('Origin',(128.401720814446,-70.724776,16.));
#3662=CARTESIAN_POINT('',(128.151720814446,-70.724776,17.));
#3663=CARTESIAN_POINT('Origin',(128.151720814446,-70.724776,16.));
#3664=CARTESIAN_POINT('',(128.151720814446,-70.724776,17.));
#3665=CARTESIAN_POINT('Origin',(128.401720814446,-89.3,16.75));
#3666=CARTESIAN_POINT('',(128.151720814446,-88.42456,17.));
#3667=CARTESIAN_POINT('',(128.151720814446,-89.3,17.));
#3668=CARTESIAN_POINT('',(128.151720814446,-88.42456,17.));
#3669=CARTESIAN_POINT('Origin',(128.401720814446,-88.42456,16.));
#3670=CARTESIAN_POINT('',(128.151720814446,-89.42456,16.));
#3671=CARTESIAN_POINT('Origin',(128.151720814446,-88.42456,16.));
#3672=CARTESIAN_POINT('',(128.151720814446,-89.42456,16.));
#3673=CARTESIAN_POINT('Origin',(128.401720814446,-89.17456,10.5));
#3674=CARTESIAN_POINT('',(128.151720814446,-89.42456,8.75));
#3675=CARTESIAN_POINT('',(128.151720814446,-89.42456,8.75));
#3676=CARTESIAN_POINT('',(128.151720814446,-89.42456,10.5));
#3677=CARTESIAN_POINT('Origin',(128.401720814446,-92.17456,8.75));
#3678=CARTESIAN_POINT('',(128.151720814446,-92.17456,6.));
#3679=CARTESIAN_POINT('Origin',(128.151720814446,-92.17456,8.75));
#3680=CARTESIAN_POINT('',(128.151720814446,-92.17456,6.));
#3681=CARTESIAN_POINT('Origin',(128.401720814446,-89.3,5.75));
#3682=CARTESIAN_POINT('',(128.151720814446,-95.8,6.));
#3683=CARTESIAN_POINT('',(128.151720814446,-95.8,6.));
#3684=CARTESIAN_POINT('',(128.151720814446,-89.3,6.));
#3685=CARTESIAN_POINT('Origin',(125.151720814446,-95.8,5.75));
#3686=CARTESIAN_POINT('',(125.151720814446,-98.8,6.));
#3687=CARTESIAN_POINT('',(125.151720814446,-99.3,5.5));
#3688=CARTESIAN_POINT('',(125.151720814446,-98.8,6.));
#3689=CARTESIAN_POINT('Origin',(125.151720814446,-95.8,5.5));
#3690=CARTESIAN_POINT('Origin',(125.151720814446,-95.8,6.));
#3691=CARTESIAN_POINT('Origin',(91.1517208144456,-99.05,5.75));
#3692=CARTESIAN_POINT('',(82.1517208144456,-98.8,6.));
#3693=CARTESIAN_POINT('',(82.1517208144456,-99.3,5.5));
#3694=CARTESIAN_POINT('',(82.1517208144456,-98.8,6.));
#3695=CARTESIAN_POINT('',(91.1517208144456,-99.3,5.5));
#3696=CARTESIAN_POINT('',(91.1517208144456,-98.8,6.));
#3697=CARTESIAN_POINT('Origin',(82.1517208144456,-95.8,5.75));
#3698=CARTESIAN_POINT('Origin',(82.1517208144456,-95.8,5.5));
#3699=CARTESIAN_POINT('Origin',(82.1517208144456,-95.8,6.));
#3700=CARTESIAN_POINT('Origin',(116.151720814446,-70.724776,16.));
#3701=CARTESIAN_POINT('',(107.62544,-69.724776,16.));
#3702=CARTESIAN_POINT('',(116.151720814446,-69.724776,16.));
#3703=CARTESIAN_POINT('',(107.62544,-70.724776,17.));
#3704=CARTESIAN_POINT('Origin',(107.62544,-70.724776,16.));
#3705=CARTESIAN_POINT('',(116.151720814446,-70.724776,17.));
#3706=CARTESIAN_POINT('Origin',(128.651720814446,-69.724776,17.));
#3707=CARTESIAN_POINT('',(120.910481859078,-69.724776,8.75));
#3708=CARTESIAN_POINT('',(116.151720814446,-69.724776,8.75));
#3709=CARTESIAN_POINT('',(120.910481859078,-69.724776,10.3655173536629));
#3710=CARTESIAN_POINT('',(120.910481859078,-69.724776,8.19525867683144));
#3711=CARTESIAN_POINT('',(119.473518140922,-69.724776,10.3655173536629));
#3712=CARTESIAN_POINT('',(124.421860407223,-69.724776,10.3655173536629));
#3713=CARTESIAN_POINT('',(119.473518140922,-69.724776,8.75));
#3714=CARTESIAN_POINT('',(119.473518140922,-69.724776,8.19525867683144));
#3715=CARTESIAN_POINT('',(103.839603403654,-69.724776,8.75));
#3716=CARTESIAN_POINT('',(116.151720814446,-69.724776,8.75));
#3717=CARTESIAN_POINT('',(104.12544,-69.724776,10.5));
#3718=CARTESIAN_POINT('Origin',(98.62544,-69.724776,10.5));
#3719=CARTESIAN_POINT('',(104.12544,-69.724776,12.5));
#3720=CARTESIAN_POINT('',(104.12544,-69.724776,17.));
#3721=CARTESIAN_POINT('Origin',(107.62544,-69.724776,12.5));
#3722=CARTESIAN_POINT('Origin',(116.151720814446,-66.974776,8.75));
#3723=CARTESIAN_POINT('',(123.041799849432,-66.974776,6.));
#3724=CARTESIAN_POINT('',(116.151720814446,-66.974776,6.));
#3725=CARTESIAN_POINT('',(123.03850965642,-67.3447422146737,6.025));
#3726=CARTESIAN_POINT('Ctrl Pts',(123.041799849432,-66.974776,6.));
#3727=CARTESIAN_POINT('Ctrl Pts',(123.04038194274,-67.0944097718817,6.));
#3728=CARTESIAN_POINT('Ctrl Pts',(123.03910165971,-67.2190873604709,6.00794016485695));
#3729=CARTESIAN_POINT('Ctrl Pts',(123.03850965642,-67.3447422146737,6.025));
#3730=CARTESIAN_POINT('Ctrl Pts',(123.03850965642,-67.3447422146737,6.025));
#3731=CARTESIAN_POINT('Ctrl Pts',(123.029219705466,-67.4102392921092,6.03389236910496));
#3732=CARTESIAN_POINT('Ctrl Pts',(123.017670803777,-67.4753740920452,6.04514465675719));
#3733=CARTESIAN_POINT('Ctrl Pts',(122.964476039723,-67.7251520791446,6.09758883720331));
#3734=CARTESIAN_POINT('Ctrl Pts',(122.906761760362,-67.9049819819729,6.15559012350336));
#3735=CARTESIAN_POINT('Ctrl Pts',(122.690272132115,-68.410193831451,6.37575119851236));
#3736=CARTESIAN_POINT('Ctrl Pts',(122.485973806506,-68.7007755589684,6.58622594538882));
#3737=CARTESIAN_POINT('Ctrl Pts',(122.028592434913,-69.1816792671864,7.06862949720138));
#3738=CARTESIAN_POINT('Ctrl Pts',(121.73720399595,-69.3837867369018,7.37880109709504));
#3739=CARTESIAN_POINT('Ctrl Pts',(121.33585943497,-69.5828736210729,7.86089836963735));
#3740=CARTESIAN_POINT('Ctrl Pts',(121.209416245768,-69.6322103249411,8.02192674874913));
#3741=CARTESIAN_POINT('Ctrl Pts',(121.052732650238,-69.6846842898029,8.27431675609238));
#3742=CARTESIAN_POINT('Ctrl Pts',(121.006309720198,-69.6985136987275,8.35988416551485));
#3743=CARTESIAN_POINT('Ctrl Pts',(120.935381724634,-69.7184747712444,8.54250521976528));
#3744=CARTESIAN_POINT('Ctrl Pts',(120.910481859078,-69.724776,8.63938670129848));
#3745=CARTESIAN_POINT('Ctrl Pts',(120.910481859078,-69.724776,8.74999999999999));
#3746=CARTESIAN_POINT('Origin',(103.651720814446,-79.3,6.));
#3747=CARTESIAN_POINT('',(122.962543899695,-92.17456,6.));
#3748=CARTESIAN_POINT('',(103.388580407223,-92.17456,6.));
#3749=CARTESIAN_POINT('',(117.421456100305,-92.17456,6.));
#3750=CARTESIAN_POINT('Origin',(120.192,-91.55,5.99999999999999));
#3751=CARTESIAN_POINT('',(103.839603403658,-92.17456,6.));
#3752=CARTESIAN_POINT('',(103.388580407223,-92.17456,6.));
#3753=CARTESIAN_POINT('',(98.62544,-88.42456,6.));
#3754=CARTESIAN_POINT('Ctrl Pts',(98.62544,-88.42456,6.));
#3755=CARTESIAN_POINT('Ctrl Pts',(98.6270683490896,-88.4269436589951,6.));
#3756=CARTESIAN_POINT('Ctrl Pts',(98.6286966795765,-88.4293273047941,5.99999999999999));
#3757=CARTESIAN_POINT('Ctrl Pts',(98.881431007509,-88.7992861836282,6.00000000000004));
#3758=CARTESIAN_POINT('Ctrl Pts',(99.2623671755492,-89.3560455434416,5.99999999999999));
#3759=CARTESIAN_POINT('Ctrl Pts',(99.8195119612884,-90.0574837656077,6.00000000000001));
#3760=CARTESIAN_POINT('Ctrl Pts',(100.27137077738,-90.5516143278099,6.));
#3761=CARTESIAN_POINT('Ctrl Pts',(100.762053091362,-91.0019216830475,6.00000000000001));
#3762=CARTESIAN_POINT('Ctrl Pts',(101.485476375215,-91.5357834792928,6.00000000000001));
#3763=CARTESIAN_POINT('Ctrl Pts',(102.494614839497,-92.0278820987151,6.00000000000001));
#3764=CARTESIAN_POINT('Ctrl Pts',(103.394450963495,-92.1745600000004,6.00000000000001));
#3765=CARTESIAN_POINT('Ctrl Pts',(103.839603403658,-92.17456,6.00000000000001));
#3766=CARTESIAN_POINT('',(98.62544,-70.724776,6.));
#3767=CARTESIAN_POINT('',(98.62544,-74.512388,6.));
#3768=CARTESIAN_POINT('',(103.839603403654,-66.974776,6.));
#3769=CARTESIAN_POINT('Ctrl Pts',(103.839603403654,-66.974776,5.99999999999999));
#3770=CARTESIAN_POINT('Ctrl Pts',(103.394450963491,-66.974776,5.99999999999999));
#3771=CARTESIAN_POINT('Ctrl Pts',(102.494663703256,-67.1214243388117,6.));
#3772=CARTESIAN_POINT('Ctrl Pts',(101.485404207265,-67.6135289855764,6.00000000000002));
#3773=CARTESIAN_POINT('Ctrl Pts',(100.76217956401,-68.1473558704267,6.00000000000002));
#3774=CARTESIAN_POINT('Ctrl Pts',(100.107341424364,-68.747822616513,6.00000000000004));
#3775=CARTESIAN_POINT('Ctrl Pts',(99.3888906702844,-69.6077725200774,6.00000000000001));
#3776=CARTESIAN_POINT('Ctrl Pts',(98.8814983887116,-70.3500438403247,6.00000000000009));
#3777=CARTESIAN_POINT('Ctrl Pts',(98.6286963739028,-70.7200087226987,6.));
#3778=CARTESIAN_POINT('Ctrl Pts',(98.6270683490896,-70.7223923410049,6.));
#3779=CARTESIAN_POINT('Ctrl Pts',(98.62544,-70.724776,6.));
#3780=CARTESIAN_POINT('',(117.342200150568,-66.974776,6.));
#3781=CARTESIAN_POINT('',(116.151720814446,-66.974776,6.));
#3782=CARTESIAN_POINT('',(123.042,-66.941,6.));
#3783=CARTESIAN_POINT('Origin',(120.192,-66.941,6.));
#3784=CARTESIAN_POINT('Origin',(120.192,-66.941,6.));
#3785=CARTESIAN_POINT('',(89.275,-91.55,6.));
#3786=CARTESIAN_POINT('Origin',(86.4,-91.55,6.));
#3787=CARTESIAN_POINT('',(89.275,-66.941,6.));
#3788=CARTESIAN_POINT('Origin',(86.4,-66.941,6.));
#3789=CARTESIAN_POINT('Origin',(125.151720814446,-95.8,4.));
#3790=CARTESIAN_POINT('',(125.151720814446,-99.3,4.));
#3791=CARTESIAN_POINT('',(125.151720814446,-99.3,4.));
#3792=CARTESIAN_POINT('Origin',(125.151720814446,-95.8,4.));
#3793=CARTESIAN_POINT('Origin',(78.6517208144456,-99.3,4.));
#3794=CARTESIAN_POINT('',(82.1517208144456,-99.3,4.));
#3795=CARTESIAN_POINT('',(82.1517208144456,-99.3,4.));
#3796=CARTESIAN_POINT('',(128.651720814446,-99.3,4.));
#3797=CARTESIAN_POINT('Origin',(82.1517208144456,-95.8,4.));
#3798=CARTESIAN_POINT('',(78.6517208144456,-95.8,4.));
#3799=CARTESIAN_POINT('',(78.6517208144456,-95.8,4.));
#3800=CARTESIAN_POINT('Origin',(82.1517208144456,-95.8,4.));
#3801=CARTESIAN_POINT('Origin',(78.6517208144456,-59.3,4.));
#3802=CARTESIAN_POINT('',(78.6517208144456,-62.8,4.));
#3803=CARTESIAN_POINT('',(78.6517208144456,-62.8,4.));
#3804=CARTESIAN_POINT('',(78.6517208144456,-99.3,4.));
#3805=CARTESIAN_POINT('Origin',(122.770150610834,-72.474776,14.25));
#3806=CARTESIAN_POINT('',(109.62544,-72.474776,16.));
#3807=CARTESIAN_POINT('Origin',(109.62544,-72.474776,14.25));
#3808=CARTESIAN_POINT('',(122.770150610834,-72.474776,16.));
#3809=CARTESIAN_POINT('Origin',(109.62544,-72.474776,11.5));
#3810=CARTESIAN_POINT('Origin',(109.62544,-72.474776,11.5));
#3811=CARTESIAN_POINT('Origin',(109.62544,-75.149722,11.5));
#3812=CARTESIAN_POINT('',(109.62544,-86.67456,16.));
#3813=CARTESIAN_POINT('',(109.62544,-75.149722,16.));
#3814=CARTESIAN_POINT('Origin',(109.62544,-86.67456,11.5));
#3815=CARTESIAN_POINT('Origin',(116.888580407223,-79.574668,16.));
#3816=CARTESIAN_POINT('',(111.007010203611,-86.67456,16.));
#3817=CARTESIAN_POINT('Origin',(109.62544,-86.67456,11.5));
#3818=CARTESIAN_POINT('Origin',(109.62544,-86.67456,14.25));
#3819=CARTESIAN_POINT('Origin',(111.007010203611,-86.67456,14.25));
#3820=CARTESIAN_POINT('Origin',(120.192,-66.941,10.3655173536629));
#3821=CARTESIAN_POINT('Origin',(120.192,-66.941,10.3655173536629));
#3822=CARTESIAN_POINT('Origin',(120.192,-66.941,4.5875));
#3823=CARTESIAN_POINT('',(121.817,-66.941,4.77499999999999));
#3824=CARTESIAN_POINT('Origin',(120.192,-66.941,4.77499999999999));
#3825=CARTESIAN_POINT('',(121.6295,-66.941,4.5875));
#3826=CARTESIAN_POINT('',(117.34549034358,-67.3447422146737,6.025));
#3827=CARTESIAN_POINT('Ctrl Pts',(117.34549034358,-67.3447422146737,6.025));
#3828=CARTESIAN_POINT('Ctrl Pts',(117.344898348006,-67.2190889983038,6.0079403872213));
#3829=CARTESIAN_POINT('Ctrl Pts',(117.343618107632,-67.0944140219188,6.));
#3830=CARTESIAN_POINT('Ctrl Pts',(117.342200150568,-66.974776,6.));
#3831=CARTESIAN_POINT('Origin',(120.192,-66.941,6.025));
#3832=CARTESIAN_POINT('Origin',(120.192,-66.941,8.19525867683144));
#3833=CARTESIAN_POINT('Ctrl Pts',(119.473518140922,-69.724776,8.74999999999999));
#3834=CARTESIAN_POINT('Ctrl Pts',(119.473518140922,-69.724776,8.63938670129848));
#3835=CARTESIAN_POINT('Ctrl Pts',(119.448618275366,-69.7184747712444,8.54250521976529));
#3836=CARTESIAN_POINT('Ctrl Pts',(119.377690279802,-69.6985136987275,8.35988416551487));
#3837=CARTESIAN_POINT('Ctrl Pts',(119.331267349762,-69.684684289803,8.27431675609241));
#3838=CARTESIAN_POINT('Ctrl Pts',(119.174583754232,-69.6322103249411,8.02192674874916));
#3839=CARTESIAN_POINT('Ctrl Pts',(119.04814056503,-69.5828736210729,7.86089836963735));
#3840=CARTESIAN_POINT('Ctrl Pts',(118.64679600405,-69.3837867369018,7.37880109709504));
#3841=CARTESIAN_POINT('Ctrl Pts',(118.355407565087,-69.1816792671864,7.06862949720138));
#3842=CARTESIAN_POINT('Ctrl Pts',(117.898026193494,-68.7007755589684,6.58622594538882));
#3843=CARTESIAN_POINT('Ctrl Pts',(117.693727867885,-68.410193831451,6.37575119851236));
#3844=CARTESIAN_POINT('Ctrl Pts',(117.477238239638,-67.9049819819729,6.15559012350336));
#3845=CARTESIAN_POINT('Ctrl Pts',(117.419523960277,-67.7251520791446,6.09758883720331));
#3846=CARTESIAN_POINT('Ctrl Pts',(117.366329196223,-67.4753740920453,6.04514465675719));
#3847=CARTESIAN_POINT('Ctrl Pts',(117.354780294534,-67.4102392921092,6.03389236910496));
#3848=CARTESIAN_POINT('Ctrl Pts',(117.34549034358,-67.3447422146737,6.025));
#3849=CARTESIAN_POINT('Origin',(116.151720814446,-66.974776,8.75));
#3850=CARTESIAN_POINT('Origin',(103.839603403654,-66.974776,8.75));
#3851=CARTESIAN_POINT('Origin',(120.192,-91.55,8.20519024566024));
#3852=CARTESIAN_POINT('',(122.128008730972,-89.42456,10.3754489224917));
#3853=CARTESIAN_POINT('',(122.128008730972,-89.42456,8.75));
#3854=CARTESIAN_POINT('',(122.128008730972,-89.42456,8.20519024566024));
#3855=CARTESIAN_POINT('',(118.255991269028,-89.42456,10.3754489224917));
#3856=CARTESIAN_POINT('Origin',(120.192,-91.55,10.3754489224917));
#3857=CARTESIAN_POINT('',(118.255991269028,-89.42456,8.75));
#3858=CARTESIAN_POINT('',(118.255991269028,-89.42456,8.20519024566024));
#3859=CARTESIAN_POINT('',(117.32312947505,-91.7376350475681,6.0349315688288));
#3860=CARTESIAN_POINT('Ctrl Pts',(117.32312947505,-91.7376350475681,6.0349315688288));
#3861=CARTESIAN_POINT('Ctrl Pts',(117.304724365628,-91.4562277272642,6.08021730771706));
#3862=CARTESIAN_POINT('Ctrl Pts',(117.330702651672,-91.1793802399958,6.1727247194012));
#3863=CARTESIAN_POINT('Ctrl Pts',(117.449753777999,-90.6287321466262,6.44868325412798));
#3864=CARTESIAN_POINT('Ctrl Pts',(117.585874748986,-90.3099797775912,6.70130574422352));
#3865=CARTESIAN_POINT('Ctrl Pts',(117.831855103178,-89.8919030354519,7.18605542076112));
#3866=CARTESIAN_POINT('Ctrl Pts',(117.969453765458,-89.7194000870969,7.46802933818029));
#3867=CARTESIAN_POINT('Ctrl Pts',(118.184435134864,-89.4859035082407,8.08488237538804));
#3868=CARTESIAN_POINT('Ctrl Pts',(118.255991269028,-89.42456,8.42164444798646));
#3869=CARTESIAN_POINT('Ctrl Pts',(118.255991269028,-89.42456,8.75));
#3870=CARTESIAN_POINT('',(123.067,-91.55,6.03493156882881));
#3871=CARTESIAN_POINT('Origin',(120.192,-91.55,6.0349315688288));
#3872=CARTESIAN_POINT('',(123.060870524949,-91.7376350475681,6.0349315688288));
#3873=CARTESIAN_POINT('Origin',(120.192,-91.55,6.0349315688288));
#3874=CARTESIAN_POINT('Ctrl Pts',(122.128008730972,-89.42456,8.75));
#3875=CARTESIAN_POINT('Ctrl Pts',(122.128008730972,-89.42456,8.42164444798646));
#3876=CARTESIAN_POINT('Ctrl Pts',(122.199564865136,-89.4859035082407,8.08488237538803));
#3877=CARTESIAN_POINT('Ctrl Pts',(122.414546234542,-89.7194000870969,7.46802933818029));
#3878=CARTESIAN_POINT('Ctrl Pts',(122.552144896821,-89.8919030354519,7.18605542076112));
#3879=CARTESIAN_POINT('Ctrl Pts',(122.798125251014,-90.3099797775912,6.70130574422352));
#3880=CARTESIAN_POINT('Ctrl Pts',(122.934246222001,-90.6287321466262,6.44868325412798));
#3881=CARTESIAN_POINT('Ctrl Pts',(123.053297348328,-91.1793802399958,6.17272471940119));
#3882=CARTESIAN_POINT('Ctrl Pts',(123.079275634372,-91.4562277272642,6.08021730771706));
#3883=CARTESIAN_POINT('Ctrl Pts',(123.060870524949,-91.7376350475681,6.0349315688288));
#3884=CARTESIAN_POINT('Origin',(120.192,-91.55,4.5974315688288));
#3885=CARTESIAN_POINT('',(121.817,-91.55,4.78493156882879));
#3886=CARTESIAN_POINT('Origin',(120.192,-91.55,4.78493156882879));
#3887=CARTESIAN_POINT('',(121.6295,-91.55,4.5974315688288));
#3888=CARTESIAN_POINT('Ctrl Pts',(117.421456100305,-92.17456,6.));
#3889=CARTESIAN_POINT('Ctrl Pts',(117.397931647439,-92.0702056875509,6.));
#3890=CARTESIAN_POINT('Ctrl Pts',(117.374965162778,-91.9677177778288,6.0059991027887));
#3891=CARTESIAN_POINT('Ctrl Pts',(117.34295239143,-91.8253510326392,6.0219052720012));
#3892=CARTESIAN_POINT('Ctrl Pts',(117.333064567398,-91.7814650014408,6.02787819209213));
#3893=CARTESIAN_POINT('Ctrl Pts',(117.32312947505,-91.7376350475681,6.0349315688288));
#3894=CARTESIAN_POINT('Ctrl Pts',(123.060870524949,-91.7376350475681,6.0349315688288));
#3895=CARTESIAN_POINT('Ctrl Pts',(123.050935432602,-91.7814650014408,6.02787819209212));
#3896=CARTESIAN_POINT('Ctrl Pts',(123.04104760857,-91.8253510326392,6.0219052720012));
#3897=CARTESIAN_POINT('Ctrl Pts',(123.009034837222,-91.9677177778288,6.0059991027887));
#3898=CARTESIAN_POINT('Ctrl Pts',(122.986068352561,-92.0702056875509,6.));
#3899=CARTESIAN_POINT('Ctrl Pts',(122.962543899695,-92.17456,6.));
#3900=CARTESIAN_POINT('Origin',(120.192,-91.55,10.3754489224917));
#3901=CARTESIAN_POINT('',(111.65872,-89.42456,10.3754489224917));
#3902=CARTESIAN_POINT('Origin',(103.388580407223,-92.17456,8.75));
#3903=CARTESIAN_POINT('',(103.839603403654,-89.42456,8.75000000000103));
#3904=CARTESIAN_POINT('',(103.388580407223,-89.42456,8.75));
#3905=CARTESIAN_POINT('Origin',(103.839603403658,-92.17456,8.75));
#3906=CARTESIAN_POINT('Origin',(103.388580407223,-92.17456,8.75));
#3907=CARTESIAN_POINT('',(103.388580407223,-89.42456,8.75));
#3908=CARTESIAN_POINT('Origin',(120.192,-91.55,0.5));
#3909=CARTESIAN_POINT('',(121.817,-91.55,4.));
#3910=CARTESIAN_POINT('Origin',(120.192,-91.55,4.));
#3911=CARTESIAN_POINT('',(121.817,-91.55,0.5));
#3912=CARTESIAN_POINT('Origin',(120.192,-66.941,0.5));
#3913=CARTESIAN_POINT('',(121.817,-66.941,4.));
#3914=CARTESIAN_POINT('Origin',(120.192,-66.941,4.));
#3915=CARTESIAN_POINT('',(121.817,-66.941,0.5));
#3916=CARTESIAN_POINT('Ctrl Pts',(103.839603403654,-69.724776,8.75));
#3917=CARTESIAN_POINT('Ctrl Pts',(103.687846889962,-69.724776,8.6515291943164));
#3918=CARTESIAN_POINT('Ctrl Pts',(103.359012828047,-69.763882223683,8.40979420766538));
#3919=CARTESIAN_POINT('Ctrl Pts',(102.863559343066,-69.8951101294869,7.95932894166556));
#3920=CARTESIAN_POINT('Ctrl Pts',(102.337222960024,-70.0374639654469,7.49076892732827));
#3921=CARTESIAN_POINT('Ctrl Pts',(101.697169019481,-70.1975884310698,6.97917879320676));
#3922=CARTESIAN_POINT('Ctrl Pts',(100.573710198749,-70.4269084053539,6.28101508877229));
#3923=CARTESIAN_POINT('Ctrl Pts',(99.2836311512689,-70.6248474240858,6.00122584495551));
#3924=CARTESIAN_POINT('Ctrl Pts',(98.6338145918088,-70.723504726053,6.00000706477503));
#3925=CARTESIAN_POINT('Ctrl Pts',(98.6296271833769,-70.7241403576007,6.));
#3926=CARTESIAN_POINT('Ctrl Pts',(98.62544,-70.724776,6.));
#3927=CARTESIAN_POINT('Ctrl Pts',(103.839603403654,-69.724776,7.92720192405981));
#3928=CARTESIAN_POINT('Ctrl Pts',(103.688706354771,-69.6944887091644,7.84757483270908));
#3929=CARTESIAN_POINT('Ctrl Pts',(103.340951612139,-69.6648548528891,7.65394989827934));
#3930=CARTESIAN_POINT('Ctrl Pts',(102.766481406196,-69.7174622126903,7.31385407769692));
#3931=CARTESIAN_POINT('Ctrl Pts',(102.168706302596,-69.8279601283019,6.97934069455893));
#3932=CARTESIAN_POINT('Ctrl Pts',(101.472055418512,-69.9835393718286,6.62624380328893));
#3933=CARTESIAN_POINT('Ctrl Pts',(100.352437609433,-70.2697839181708,6.17294682201159));
#3934=CARTESIAN_POINT('Ctrl Pts',(99.207014864927,-70.5722976062339,6.00091332031777));
#3935=CARTESIAN_POINT('Ctrl Pts',(98.6328397857907,-70.7228397331118,6.00000368710806));
#3936=CARTESIAN_POINT('Ctrl Pts',(98.6291397863698,-70.7238074020587,6.));
#3937=CARTESIAN_POINT('Ctrl Pts',(98.62544,-70.724776,6.));
#3938=CARTESIAN_POINT('Ctrl Pts',(103.839603403654,-69.0341407033669,6.50278133027976));
#3939=CARTESIAN_POINT('Ctrl Pts',(103.614049974174,-68.9871706892216,6.4788120168996));
#3940=CARTESIAN_POINT('Ctrl Pts',(103.10971794326,-68.9443614992423,6.42194304005527));
#3941=CARTESIAN_POINT('Ctrl Pts',(102.364717274158,-69.0524246330719,6.32679201135595));
#3942=CARTESIAN_POINT('Ctrl Pts',(101.685856026699,-69.2512869474204,6.23836538047972));
#3943=CARTESIAN_POINT('Ctrl Pts',(100.964171448753,-69.521638945662,6.148146848095));
#3944=CARTESIAN_POINT('Ctrl Pts',(99.9582118026383,-69.9990630183052,6.03901616049481));
#3945=CARTESIAN_POINT('Ctrl Pts',(99.0729914044005,-70.4809752197836,6.0001732421001));
#3946=CARTESIAN_POINT('Ctrl Pts',(98.6311336215614,-70.721673166397,6.00000101581558));
#3947=CARTESIAN_POINT('Ctrl Pts',(98.6282868416074,-70.72322472986,6.));
#3948=CARTESIAN_POINT('Ctrl Pts',(98.6254400000001,-70.724776,6.));
#3949=CARTESIAN_POINT('Ctrl Pts',(103.839603403654,-67.5918745569551,5.99999999999999));
#3950=CARTESIAN_POINT('Ctrl Pts',(103.460069296051,-67.5780116342592,6.00024520656703));
#3951=CARTESIAN_POINT('Ctrl Pts',(102.678598406375,-67.6678926897578,6.00017012511339));
#3952=CARTESIAN_POINT('Ctrl Pts',(101.748693209452,-68.0454269337863,6.00059055484801));
#3953=CARTESIAN_POINT('Ctrl Pts',(101.038994163774,-68.4789932056722,6.00066505564232));
#3954=CARTESIAN_POINT('Ctrl Pts',(100.364315570287,-68.980526136141,6.00065082397432));
#3955=CARTESIAN_POINT('Ctrl Pts',(99.5597200208947,-69.7256280257038,6.00050609735225));
#3956=CARTESIAN_POINT('Ctrl Pts',(98.9389472440905,-70.3893739969129,6.00005578255863));
#3957=CARTESIAN_POINT('Ctrl Pts',(98.6294275440522,-70.7205078315989,5.99999975350761));
#3958=CARTESIAN_POINT('Ctrl Pts',(98.6274338968449,-70.7226420576615,6.));
#3959=CARTESIAN_POINT('Ctrl Pts',(98.62544,-70.724776,6.));
#3960=CARTESIAN_POINT('Ctrl Pts',(103.839603403654,-66.974776,5.99999999999999));
#3961=CARTESIAN_POINT('Ctrl Pts',(103.394450963491,-66.974776,5.99999999999999));
#3962=CARTESIAN_POINT('Ctrl Pts',(102.494663703256,-67.1214243388117,6.));
#3963=CARTESIAN_POINT('Ctrl Pts',(101.485404207265,-67.6135289855764,6.00000000000002));
#3964=CARTESIAN_POINT('Ctrl Pts',(100.76217956401,-68.1473558704267,6.00000000000002));
#3965=CARTESIAN_POINT('Ctrl Pts',(100.107341424364,-68.747822616513,6.00000000000004));
#3966=CARTESIAN_POINT('Ctrl Pts',(99.3888906702844,-69.6077725200774,6.00000000000001));
#3967=CARTESIAN_POINT('Ctrl Pts',(98.8814983887116,-70.3500438403247,6.00000000000009));
#3968=CARTESIAN_POINT('Ctrl Pts',(98.6286963739028,-70.7200087226987,6.));
#3969=CARTESIAN_POINT('Ctrl Pts',(98.6270683490896,-70.7223923410049,6.));
#3970=CARTESIAN_POINT('Ctrl Pts',(98.62544,-70.724776,6.));
#3971=CARTESIAN_POINT('Ctrl Pts',(98.62544,-70.724776,6.));
#3972=CARTESIAN_POINT('Ctrl Pts',(98.6296271833769,-70.7241403576007,6.));
#3973=CARTESIAN_POINT('Ctrl Pts',(98.6338145918088,-70.723504726053,6.00000706477503));
#3974=CARTESIAN_POINT('Ctrl Pts',(99.2836311512689,-70.6248474240858,6.00122584495551));
#3975=CARTESIAN_POINT('Ctrl Pts',(100.573710198749,-70.4269084053539,6.28101508877229));
#3976=CARTESIAN_POINT('Ctrl Pts',(101.697169019481,-70.1975884310698,6.97917879320676));
#3977=CARTESIAN_POINT('Ctrl Pts',(102.337222960024,-70.0374639654469,7.49076892732827));
#3978=CARTESIAN_POINT('Ctrl Pts',(102.863559343066,-69.8951101294869,7.95932894166556));
#3979=CARTESIAN_POINT('Ctrl Pts',(103.359012828047,-69.763882223683,8.40979420766538));
#3980=CARTESIAN_POINT('Ctrl Pts',(103.687846889962,-69.724776,8.6515291943164));
#3981=CARTESIAN_POINT('Ctrl Pts',(103.839603403654,-69.724776,8.75));
#3982=CARTESIAN_POINT('Origin',(98.62544,-70.724776,10.5));
#3983=CARTESIAN_POINT('',(103.12544,-70.724776,10.5));
#3984=CARTESIAN_POINT('Origin',(98.62544,-70.724776,10.5));
#3985=CARTESIAN_POINT('Origin',(104.12544,-70.724776,10.5));
#3986=CARTESIAN_POINT('Ctrl Pts',(98.62544,-88.42456,6.));
#3987=CARTESIAN_POINT('Ctrl Pts',(98.6296271833769,-88.4251956423992,6.));
#3988=CARTESIAN_POINT('Ctrl Pts',(98.6338110462174,-88.4258312812784,6.00000917519048));
#3989=CARTESIAN_POINT('Ctrl Pts',(99.2844139043461,-88.5244869823002,6.00076422245673));
#3990=CARTESIAN_POINT('Ctrl Pts',(100.250199460299,-88.6729561449176,6.20783891949792));
#3991=CARTESIAN_POINT('Ctrl Pts',(101.248772555799,-88.8600063374951,6.70244494934924));
#3992=CARTESIAN_POINT('Ctrl Pts',(101.855073059466,-88.9917744874158,7.10352107909657));
#3993=CARTESIAN_POINT('Ctrl Pts',(102.336662354621,-89.1118564488124,7.49035328194705));
#3994=CARTESIAN_POINT('Ctrl Pts',(102.862644763637,-89.2542195944779,7.9579539691562));
#3995=CARTESIAN_POINT('Ctrl Pts',(103.358637806704,-89.3854458929905,8.40942611823188));
#3996=CARTESIAN_POINT('Ctrl Pts',(103.687846889963,-89.4245600000001,8.65152919431735));
#3997=CARTESIAN_POINT('Ctrl Pts',(103.839603403655,-89.42456,8.75000000000087));
#3998=CARTESIAN_POINT('Ctrl Pts',(98.62544,-88.42456,6.));
#3999=CARTESIAN_POINT('Ctrl Pts',(98.629087660474,-88.4255382795993,6.0000477754409));
#4000=CARTESIAN_POINT('Ctrl Pts',(98.6328870806454,-88.4264877669143,5.99996005680852));
#4001=CARTESIAN_POINT('Ctrl Pts',(99.206317342449,-88.5770953045218,6.00176854644539));
#4002=CARTESIAN_POINT('Ctrl Pts',(100.065579036821,-88.801981578335,6.12744425435715));
#4003=CARTESIAN_POINT('Ctrl Pts',(101.024412867558,-89.0491477993337,6.44576744207807));
#4004=CARTESIAN_POINT('Ctrl Pts',(101.644166102408,-89.2016067625167,6.71246757099247));
#4005=CARTESIAN_POINT('Ctrl Pts',(102.167106811441,-89.3186666668804,6.97916209444809));
#4006=CARTESIAN_POINT('Ctrl Pts',(102.764007386496,-89.4294246039498,7.31358237934822));
#4007=CARTESIAN_POINT('Ctrl Pts',(103.339066532752,-89.4839263773363,7.65425369697742));
#4008=CARTESIAN_POINT('Ctrl Pts',(103.687776189992,-89.4539816495481,7.84766301993002));
#4009=CARTESIAN_POINT('Ctrl Pts',(103.839603403655,-89.4245599999998,7.92720192406053));
#4010=CARTESIAN_POINT('Ctrl Pts',(98.6254400000001,-88.42456,6.));
#4011=CARTESIAN_POINT('Ctrl Pts',(98.6282666465766,-88.4261210901587,6.00002277443685));
#4012=CARTESIAN_POINT('Ctrl Pts',(98.6311522984876,-88.4276529718683,5.99997956827738));
#4013=CARTESIAN_POINT('Ctrl Pts',(99.0726397983492,-88.6686907954695,6.00072255865593));
#4014=CARTESIAN_POINT('Ctrl Pts',(99.7368099979239,-89.0296411690998,6.0291378700156));
#4015=CARTESIAN_POINT('Ctrl Pts',(100.561716892039,-89.4375049337809,6.1051590641181));
#4016=CARTESIAN_POINT('Ctrl Pts',(101.144130228886,-89.6951370729256,6.1707930103352));
#4017=CARTESIAN_POINT('Ctrl Pts',(101.685582225902,-89.8984888213007,6.23875558465823));
#4018=CARTESIAN_POINT('Ctrl Pts',(102.364591077958,-90.0971616449329,6.32711848875137));
#4019=CARTESIAN_POINT('Ctrl Pts',(103.109647064761,-90.2051371572288,6.4221511543577));
#4020=CARTESIAN_POINT('Ctrl Pts',(103.614465276682,-90.162431662064,6.47941516066196));
#4021=CARTESIAN_POINT('Ctrl Pts',(103.839603403656,-90.1156481808674,6.50327964860658));
#4022=CARTESIAN_POINT('Ctrl Pts',(98.62544,-88.42456,6.));
#4023=CARTESIAN_POINT('Ctrl Pts',(98.6274385440843,-88.4266974421814,6.));
#4024=CARTESIAN_POINT('Ctrl Pts',(98.6294232549568,-88.4288244801125,5.99999999999999));
#4025=CARTESIAN_POINT('Ctrl Pts',(98.9390224235968,-88.76011762654,6.00000000000004));
#4026=CARTESIAN_POINT('Ctrl Pts',(99.4046788981233,-89.2581203340116,5.99999999999999));
#4027=CARTESIAN_POINT('Ctrl Pts',(100.042256687084,-89.8715127206647,6.00000000000001));
#4028=CARTESIAN_POINT('Ctrl Pts',(100.533218002974,-90.2947162095093,6.));
#4029=CARTESIAN_POINT('Ctrl Pts',(101.039118869467,-90.6710153100008,6.00000000000001));
#4030=CARTESIAN_POINT('Ctrl Pts',(101.749168584938,-91.1044204029986,6.00000000000001));
#4031=CARTESIAN_POINT('Ctrl Pts',(102.678877614088,-91.4814508687128,6.00000000000001));
#4032=CARTESIAN_POINT('Ctrl Pts',(103.46050776788,-91.5714026162072,6.00000000000001));
#4033=CARTESIAN_POINT('Ctrl Pts',(103.839603403657,-91.5574614430447,6.00000000000001));
#4034=CARTESIAN_POINT('Ctrl Pts',(98.62544,-88.42456,6.));
#4035=CARTESIAN_POINT('Ctrl Pts',(98.6270683490896,-88.4269436589951,6.));
#4036=CARTESIAN_POINT('Ctrl Pts',(98.6286966795765,-88.4293273047941,5.99999999999999));
#4037=CARTESIAN_POINT('Ctrl Pts',(98.881431007509,-88.7992861836282,6.00000000000004));
#4038=CARTESIAN_POINT('Ctrl Pts',(99.2623671755492,-89.3560455434416,5.99999999999999));
#4039=CARTESIAN_POINT('Ctrl Pts',(99.8195119612884,-90.0574837656077,6.00000000000001));
#4040=CARTESIAN_POINT('Ctrl Pts',(100.27137077738,-90.5516143278099,6.));
#4041=CARTESIAN_POINT('Ctrl Pts',(100.762053091362,-91.0019216830475,6.00000000000001));
#4042=CARTESIAN_POINT('Ctrl Pts',(101.485476375215,-91.5357834792928,6.00000000000001));
#4043=CARTESIAN_POINT('Ctrl Pts',(102.494614839497,-92.0278820987151,6.00000000000001));
#4044=CARTESIAN_POINT('Ctrl Pts',(103.394450963495,-92.1745600000004,6.00000000000001));
#4045=CARTESIAN_POINT('Ctrl Pts',(103.839603403658,-92.17456,6.00000000000001));
#4046=CARTESIAN_POINT('Ctrl Pts',(103.839603403655,-89.42456,8.75000000000087));
#4047=CARTESIAN_POINT('Ctrl Pts',(103.687846889963,-89.4245600000001,8.65152919431735));
#4048=CARTESIAN_POINT('Ctrl Pts',(103.358637806704,-89.3854458929905,8.40942611823188));
#4049=CARTESIAN_POINT('Ctrl Pts',(102.862644763637,-89.2542195944779,7.9579539691562));
#4050=CARTESIAN_POINT('Ctrl Pts',(102.336662354621,-89.1118564488124,7.49035328194705));
#4051=CARTESIAN_POINT('Ctrl Pts',(101.855073059466,-88.9917744874158,7.10352107909657));
#4052=CARTESIAN_POINT('Ctrl Pts',(101.248772555799,-88.8600063374951,6.70244494934924));
#4053=CARTESIAN_POINT('Ctrl Pts',(100.250199460299,-88.6729561449176,6.20783891949792));
#4054=CARTESIAN_POINT('Ctrl Pts',(99.2844139043461,-88.5244869823002,6.00076422245673));
#4055=CARTESIAN_POINT('Ctrl Pts',(98.6338110462174,-88.4258312812784,6.00000917519048));
#4056=CARTESIAN_POINT('Ctrl Pts',(98.6296271833769,-88.4251956423992,6.));
#4057=CARTESIAN_POINT('Ctrl Pts',(98.62544,-88.42456,6.));
#4058=CARTESIAN_POINT('Origin',(98.62544,-88.42456,10.5));
#4059=CARTESIAN_POINT('',(104.12544,-89.42456,10.5));
#4060=CARTESIAN_POINT('Origin',(98.62544,-89.42456,10.5));
#4061=CARTESIAN_POINT('',(103.12544,-88.42456,10.5));
#4062=CARTESIAN_POINT('Origin',(104.12544,-88.42456,10.5));
#4063=CARTESIAN_POINT('Origin',(98.62544,-88.42456,10.5));
#4064=CARTESIAN_POINT('Origin',(107.62544,-70.724776,12.5));
#4065=CARTESIAN_POINT('',(103.12544,-70.724776,12.5));
#4066=CARTESIAN_POINT('Origin',(104.12544,-70.724776,12.5));
#4067=CARTESIAN_POINT('Origin',(107.62544,-70.724776,12.5));
#4068=CARTESIAN_POINT('Origin',(104.12544,-70.724776,17.));
#4069=CARTESIAN_POINT('',(103.12544,-70.724776,17.));
#4070=CARTESIAN_POINT('Origin',(104.12544,-88.42456,17.));
#4071=CARTESIAN_POINT('',(104.12544,-89.42456,12.5));
#4072=CARTESIAN_POINT('',(103.12544,-88.42456,12.5));
#4073=CARTESIAN_POINT('Origin',(104.12544,-88.42456,12.5));
#4074=CARTESIAN_POINT('',(103.12544,-88.42456,17.));
#4075=CARTESIAN_POINT('',(104.12544,-89.42456,17.));
#4076=CARTESIAN_POINT('Origin',(107.62544,-88.42456,12.5));
#4077=CARTESIAN_POINT('',(107.62544,-89.42456,16.));
#4078=CARTESIAN_POINT('',(107.62544,-88.42456,17.));
#4079=CARTESIAN_POINT('Origin',(107.62544,-88.42456,16.));
#4080=CARTESIAN_POINT('Origin',(107.62544,-88.42456,12.5));
#4081=CARTESIAN_POINT('Origin',(107.62544,-89.42456,12.5));
#4082=CARTESIAN_POINT('Origin',(103.388580407223,-88.42456,16.));
#4083=CARTESIAN_POINT('',(103.388580407223,-88.42456,17.));
#4084=CARTESIAN_POINT('',(103.388580407223,-89.42456,16.));
#4085=CARTESIAN_POINT('Origin',(103.12544,-89.42456,17.));
#4086=CARTESIAN_POINT('Origin',(86.4,-66.941,5.375));
#4087=CARTESIAN_POINT('',(88.025,-66.941,4.75));
#4088=CARTESIAN_POINT('Origin',(86.4,-66.941,4.75));
#4089=CARTESIAN_POINT('',(88.65,-66.941,5.375));
#4090=CARTESIAN_POINT('Origin',(86.4,-66.941,4.));
#4091=CARTESIAN_POINT('',(88.025,-66.941,4.));
#4092=CARTESIAN_POINT('',(88.025,-66.941,4.));
#4093=CARTESIAN_POINT('Origin',(86.4,-66.941,4.));
#4094=CARTESIAN_POINT('Origin',(86.4,-91.55,5.375));
#4095=CARTESIAN_POINT('',(88.025,-91.55,4.75));
#4096=CARTESIAN_POINT('Origin',(86.4,-91.55,4.75));
#4097=CARTESIAN_POINT('',(88.65,-91.55,5.375));
#4098=CARTESIAN_POINT('Origin',(86.4,-91.55,4.));
#4099=CARTESIAN_POINT('',(88.025,-91.55,4.));
#4100=CARTESIAN_POINT('',(88.025,-91.55,4.));
#4101=CARTESIAN_POINT('Origin',(86.4,-91.55,4.));
#4102=CARTESIAN_POINT('Origin',(125.151720814446,-62.8,4.));
#4103=CARTESIAN_POINT('',(125.151720814446,-59.3,4.));
#4104=CARTESIAN_POINT('Origin',(125.151720814446,-62.8,4.));
#4105=CARTESIAN_POINT('',(125.151720814446,-59.3,4.));
#4106=CARTESIAN_POINT('Origin',(128.651720814446,-59.3,4.));
#4107=CARTESIAN_POINT('',(82.1517208144456,-59.3,4.));
#4108=CARTESIAN_POINT('',(78.6517208144456,-59.3,4.));
#4109=CARTESIAN_POINT('',(82.1517208144456,-59.3,4.));
#4110=CARTESIAN_POINT('Origin',(82.1517208144456,-62.8,4.));
#4111=CARTESIAN_POINT('Origin',(82.1517208144456,-62.8,4.));
#4112=CARTESIAN_POINT('Origin',(98.62544,-74.512388,10.5));
#4113=CARTESIAN_POINT('',(103.12544,-74.512388,10.5));
#4114=CARTESIAN_POINT('Origin',(107.62544,-74.512388,12.5));
#4115=CARTESIAN_POINT('',(103.12544,-74.512388,12.5));
#4116=CARTESIAN_POINT('',(107.62544,-74.512388,17.));
#4117=CARTESIAN_POINT('Origin',(103.651720814446,-79.3,17.));
#4118=CARTESIAN_POINT('Origin',(103.12544,-69.724776,17.));
#4119=CARTESIAN_POINT('Origin',(103.651720814446,-79.3,4.));
#4120=CARTESIAN_POINT('',(0.,0.,0.));
#4121=CARTESIAN_POINT('',(0.,0.,-0.5));
#4122=CARTESIAN_POINT('',(0.,0.,0.));
#4123=UNCERTAINTY_MEASURE_WITH_UNIT(LENGTH_MEASURE(0.01),#4133,
'DISTANCE_ACCURACY_VALUE',
'Maximum model space distance between geometric entities at asserted c
onnectivities');
#4124=UNCERTAINTY_MEASURE_WITH_UNIT(LENGTH_MEASURE(0.01),#4133,
'DISTANCE_ACCURACY_VALUE',
'Maximum model space distance between geometric entities at asserted c
onnectivities');
#4125=UNCERTAINTY_MEASURE_WITH_UNIT(LENGTH_MEASURE(0.01),#4133,
'DISTANCE_ACCURACY_VALUE',
'Maximum model space distance between geometric entities at asserted c
onnectivities');
#4126=UNCERTAINTY_MEASURE_WITH_UNIT(LENGTH_MEASURE(0.01),#4133,
'DISTANCE_ACCURACY_VALUE',
'Maximum model space distance between geometric entities at asserted c
onnectivities');
#4127=UNCERTAINTY_MEASURE_WITH_UNIT(LENGTH_MEASURE(0.01),#4133,
'DISTANCE_ACCURACY_VALUE',
'Maximum model space distance between geometric entities at asserted c
onnectivities');
#4128=(
GEOMETRIC_REPRESENTATION_CONTEXT(3)
GLOBAL_UNCERTAINTY_ASSIGNED_CONTEXT((#4123))
GLOBAL_UNIT_ASSIGNED_CONTEXT((#4133,#4135,#4136))
REPRESENTATION_CONTEXT('','3D')
);
#4129=(
GEOMETRIC_REPRESENTATION_CONTEXT(3)
GLOBAL_UNCERTAINTY_ASSIGNED_CONTEXT((#4124))
GLOBAL_UNIT_ASSIGNED_CONTEXT((#4133,#4135,#4136))
REPRESENTATION_CONTEXT('','3D')
);
#4130=(
GEOMETRIC_REPRESENTATION_CONTEXT(3)
GLOBAL_UNCERTAINTY_ASSIGNED_CONTEXT((#4125))
GLOBAL_UNIT_ASSIGNED_CONTEXT((#4133,#4135,#4136))
REPRESENTATION_CONTEXT('','3D')
);
#4131=(
GEOMETRIC_REPRESENTATION_CONTEXT(3)
GLOBAL_UNCERTAINTY_ASSIGNED_CONTEXT((#4126))
GLOBAL_UNIT_ASSIGNED_CONTEXT((#4133,#4135,#4136))
REPRESENTATION_CONTEXT('','3D')
);
#4132=(
GEOMETRIC_REPRESENTATION_CONTEXT(3)
GLOBAL_UNCERTAINTY_ASSIGNED_CONTEXT((#4127))
GLOBAL_UNIT_ASSIGNED_CONTEXT((#4133,#4135,#4136))
REPRESENTATION_CONTEXT('','3D')
);
#4133=(
LENGTH_UNIT()
NAMED_UNIT(*)
SI_UNIT(.MILLI.,.METRE.)
);
#4134=(
LENGTH_UNIT()
NAMED_UNIT(*)
SI_UNIT($,.METRE.)
);
#4135=(
NAMED_UNIT(*)
PLANE_ANGLE_UNIT()
SI_UNIT($,.RADIAN.)
);
#4136=(
NAMED_UNIT(*)
SI_UNIT($,.STERADIAN.)
SOLID_ANGLE_UNIT()
);
#4137=SHAPE_DEFINITION_REPRESENTATION(#4141,#4148);
#4138=SHAPE_DEFINITION_REPRESENTATION(#4142,#4149);
#4139=SHAPE_DEFINITION_REPRESENTATION(#4143,#4150);
#4140=SHAPE_DEFINITION_REPRESENTATION(#4144,#4151);
#4141=PRODUCT_DEFINITION_SHAPE('',$,#4153);
#4142=PRODUCT_DEFINITION_SHAPE('',$,#4154);
#4143=PRODUCT_DEFINITION_SHAPE('',$,#4155);
#4144=PRODUCT_DEFINITION_SHAPE('',$,#4156);
#4145=PRODUCT_DEFINITION_SHAPE($,$,#20);
#4146=PRODUCT_DEFINITION_SHAPE($,$,#21);
#4147=PRODUCT_DEFINITION_SHAPE($,$,#22);
#4148=SHAPE_REPRESENTATION('',(#2307,#2550),#4128);
#4149=SHAPE_REPRESENTATION('',(#2308,#2548,#2549),#4129);
#4150=SHAPE_REPRESENTATION('',(#2309),#4130);
#4151=SHAPE_REPRESENTATION('',(#2401),#4131);
#4152=PRODUCT_DEFINITION_CONTEXT('part definition',#4166,'design');
#4153=PRODUCT_DEFINITION('SensorBox','SensorBox v4',#4157,#4152);
#4154=PRODUCT_DEFINITION('Case','Case',#4158,#4152);
#4155=PRODUCT_DEFINITION('Base','Base',#4159,#4152);
#4156=PRODUCT_DEFINITION('Top','Top',#4160,#4152);
#4157=PRODUCT_DEFINITION_FORMATION('',$,#4168);
#4158=PRODUCT_DEFINITION_FORMATION('',$,#4169);
#4159=PRODUCT_DEFINITION_FORMATION('',$,#4170);
#4160=PRODUCT_DEFINITION_FORMATION('',$,#4171);
#4161=PRODUCT_RELATED_PRODUCT_CATEGORY('SensorBox v4','SensorBox v4',(#4168));
#4162=PRODUCT_RELATED_PRODUCT_CATEGORY('Case','Case',(#4169));
#4163=PRODUCT_RELATED_PRODUCT_CATEGORY('Base','Base',(#4170));
#4164=PRODUCT_RELATED_PRODUCT_CATEGORY('Top','Top',(#4171));
#4165=APPLICATION_PROTOCOL_DEFINITION('international standard',
'automotive_design',2009,#4166);
#4166=APPLICATION_CONTEXT(
'Core Data for Automotive Mechanical Design Process');
#4167=PRODUCT_CONTEXT('part definition',#4166,'mechanical');
#4168=PRODUCT('SensorBox','SensorBox v4',$,(#4167));
#4169=PRODUCT('Case','Case',$,(#4167));
#4170=PRODUCT('Base','Base',$,(#4167));
#4171=PRODUCT('Top','Top',$,(#4167));
#4172=PRESENTATION_STYLE_ASSIGNMENT((#4173));
#4173=SURFACE_STYLE_USAGE(.BOTH.,#4174);
#4174=SURFACE_SIDE_STYLE('',(#4175));
#4175=SURFACE_STYLE_FILL_AREA(#4176);
#4176=FILL_AREA_STYLE('Surface - Matte',(#4177));
#4177=FILL_AREA_STYLE_COLOUR('Surface - Matte',#4178);
#4178=COLOUR_RGB('Surface - Matte',0.701960784313725,0.701960784313725,
0.701960784313725);
ENDSEC;
END-ISO-10303-21;
