ISO-10303-21;
HEADER;
FILE_DESCRIPTION(('Open CASCADE Model'),'2;1');
FILE_NAME('Open CASCADE Shape Model','2026-08-19T14:21:00',('Author'),(
    'Open CASCADE'),'Open CASCADE STEP processor 7.9','Open CASCADE 7.9'
  ,'Unknown');
FILE_SCHEMA(('AUTOMOTIVE_DESIGN { 1 0 10303 214 1 1 1 1 }'));
ENDSEC;
DATA;
#1 = APPLICATION_PROTOCOL_DEFINITION('international standard',
  'automotive_design',2000,#2);
#2 = APPLICATION_CONTEXT(
  'core data for automotive mechanical design processes');
#3 = SHAPE_DEFINITION_REPRESENTATION(#4,#10);
#4 = PRODUCT_DEFINITION_SHAPE('','',#5);
#5 = PRODUCT_DEFINITION('design','',#6,#9);
#6 = PRODUCT_DEFINITION_FORMATION('','',#7);
#7 = PRODUCT('SOLID','SOLID','',(#8));
#8 = PRODUCT_CONTEXT('',#2,'mechanical');
#9 = PRODUCT_DEFINITION_CONTEXT('part definition',#2,'design');
#10 = ADVANCED_BREP_SHAPE_REPRESENTATION('',(#11,#15),#11527);
#11 = AXIS2_PLACEMENT_3D('',#12,#13,#14);
#12 = CARTESIAN_POINT('',(0.,0.,0.));
#13 = DIRECTION('',(0.,0.,1.));
#14 = DIRECTION('',(1.,0.,-0.));
#15 = MANIFOLD_SOLID_BREP('',#16);
#16 = CLOSED_SHELL('',(#17,#89,#1511,#1711,#2192,#2348,#2504,#2656,#2699
    ,#2709,#2737,#2767,#2789,#2813,#2829,#2841,#2869,#2899,#2921,#2945,
    #2961,#2973,#3001,#3031,#3053,#3077,#3093,#3105,#3133,#3163,#3185,
    #3209,#3225,#3237,#3265,#3287,#3309,#3325,#3337,#3365,#3387,#3409,
    #3425,#3437,#3465,#3495,#3517,#3541,#3557,#3569,#3597,#3627,#3649,
    #3673,#3689,#3701,#3729,#3759,#3781,#3805,#3821,#3833,#3861,#3891,
    #3913,#3937,#3953,#3965,#3993,#4023,#4045,#4069,#4085,#4097,#4125,
    #4155,#4177,#4201,#4217,#4229,#4257,#4287,#4309,#4333,#4349,#4361,
    #4389,#4419,#4441,#4465,#4481,#4493,#4521,#4551,#4573,#4597,#4613,
    #4625,#4653,#4683,#4705,#4729,#4745,#4757,#4785,#4815,#4837,#4861,
    #4877,#4889,#4917,#4947,#4969,#4993,#5009,#5021,#5049,#5071,#5093,
    #5109,#5121,#5149,#5171,#5193,#5209,#5221,#5249,#5271,#5293,#5309,
    #5321,#5349,#5371,#5393,#5409,#5421,#5449,#5471,#5493,#5509,#5521,
    #5549,#5571,#5593,#5609,#5621,#5649,#5671,#5693,#5715,#5731,#5744,
    #5772,#5794,#5816,#5838,#5860,#5876,#5890,#5924,#5946,#5974,#6002,
    #6030,#6058,#6086,#6114,#6136,#6164,#6192,#6220,#6248,#6270,#6292,
    #6320,#6342,#6364,#6386,#6408,#6430,#6452,#6474,#6496,#6518,#6540,
    #6556,#6576,#6604,#6720,#6740,#6760,#6780,#6800,#6816,#6828,#6856,
    #6878,#6900,#6928,#6956,#6984,#7006,#7021,#7049,#7153,#7169,#7185,
    #7201,#7217,#7233,#7249,#7261,#7289,#7311,#7339,#7361,#7389,#7405,
    #7419,#7447,#7469,#7491,#7513,#7535,#7557,#7579,#7601,#7623,#7645,
    #7667,#7683,#7703,#7737,#7919,#7935,#7955,#7975,#7991,#8011,#8031,
    #8051,#8071,#8087,#8103,#8119,#8135,#8151,#8185,#8213,#8241,#8269,
    #8297,#8325,#8347,#8363,#8379,#8413,#8435,#8463,#8491,#8519,#8547,
    #8575,#8603,#8631,#8659,#8687,#8715,#8737,#8765,#8793,#8821,#8849,
    #8877,#8905,#8933,#8955,#8984,#9012,#9034,#9062,#9084,#9106,#9128,
    #9150,#9172,#9194,#9222,#9250,#9272,#9300,#9328,#9344,#9367,#9395,
    #9417,#9439,#9461,#9483,#9505,#9527,#9549,#9571,#9593,#9615,#9631,
    #9651,#9679,#9795,#9815,#9835,#9855,#9875,#9891,#9903,#9931,#9953,
    #9975,#10003,#10031,#10059,#10081,#10096,#10124,#10228,#10244,#10260
    ,#10276,#10292,#10308,#10324,#10336,#10364,#10386,#10414,#10436,
    #10464,#10480,#10494,#10528,#10838,#10858,#10878,#10898,#10918,
    #10938,#10958,#10978,#10998,#11018,#11038,#11058,#11074,#11090,
    #11106,#11122,#11142,#11162,#11182,#11202,#11222,#11242,#11262,
    #11278,#11298,#11318,#11334,#11354,#11374,#11394,#11410,#11430,
    #11446,#11489,#11517));
#17 = ADVANCED_FACE('',(#18),#66,.F.);
#18 = FACE_BOUND('',#19,.F.);
#19 = EDGE_LOOP('',(#20,#29,#45,#52));
#20 = ORIENTED_EDGE('',*,*,#21,.T.);
#21 = EDGE_CURVE('',#22,#24,#26,.T.);
#22 = VERTEX_POINT('',#23);
#23 = CARTESIAN_POINT('',(-0.833884728389,-1.012821473694,0.9100001));
#24 = VERTEX_POINT('',#25);
#25 = CARTESIAN_POINT('',(-0.833884728389,-1.012821473694,0.9200001));
#26 = B_SPLINE_CURVE_WITH_KNOTS('',1,(#27,#28),.UNSPECIFIED.,.F.,.F.,(2,
    2),(-1.E-02,0.),.PIECEWISE_BEZIER_KNOTS.);
#27 = CARTESIAN_POINT('',(-0.833884728389,-1.012821473694,0.9100001));
#28 = CARTESIAN_POINT('',(-0.833884728389,-1.012821473694,0.9200001));
#29 = ORIENTED_EDGE('',*,*,#30,.T.);
#30 = EDGE_CURVE('',#24,#31,#33,.T.);
#31 = VERTEX_POINT('',#32);
#32 = CARTESIAN_POINT('',(-1.240721564531,-1.012821473694,0.9200001));
#33 = B_SPLINE_CURVE_WITH_KNOTS('',3,(#34,#35,#36,#37,#38,#39,#40,#41,
    #42,#43,#44),.UNSPECIFIED.,.F.,.F.,(4,1,1,1,1,1,1,1,4),(0.,
    6.666666666667E-02,0.133333333333,0.2,0.266666666667,0.333333333333,
    0.4,0.466666666667,0.5),.UNSPECIFIED.);
#34 = CARTESIAN_POINT('',(-0.833884728389,-1.012821473694,0.9200001));
#35 = CARTESIAN_POINT('',(-0.833884728389,-1.041220271686,0.9200001));
#36 = CARTESIAN_POINT('',(-0.845957430102,-1.098017867671,0.9200001));
#37 = CARTESIAN_POINT('',(-0.897153368108,-1.168483031144,0.9200001));
#38 = CARTESIAN_POINT('',(-0.972583948769,-1.212032897193,0.9200001));
#39 = CARTESIAN_POINT('',(-1.059206539422,-1.221137298341,0.9200001));
#40 = CARTESIAN_POINT('',(-1.142043307202,-1.194222000917,0.9200001));
#41 = CARTESIAN_POINT('',(-1.206771022411,-1.135940904364,0.9200001));
#42 = CARTESIAN_POINT('',(-1.23629323295,-1.069632933847,0.9200001));
#43 = CARTESIAN_POINT('',(-1.240721564531,-1.027024338732,0.9200001));
#44 = CARTESIAN_POINT('',(-1.240721564531,-1.012821473694,0.9200001));
#45 = ORIENTED_EDGE('',*,*,#46,.F.);
#46 = EDGE_CURVE('',#47,#31,#49,.T.);
#47 = VERTEX_POINT('',#48);
#48 = CARTESIAN_POINT('',(-1.240721564531,-1.012821473694,0.9100001));
#49 = B_SPLINE_CURVE_WITH_KNOTS('',1,(#50,#51),.UNSPECIFIED.,.F.,.F.,(2,
    2),(-1.E-02,0.),.PIECEWISE_BEZIER_KNOTS.);
#50 = CARTESIAN_POINT('',(-1.240721564531,-1.012821473694,0.9100001));
#51 = CARTESIAN_POINT('',(-1.240721564531,-1.012821473694,0.9200001));
#52 = ORIENTED_EDGE('',*,*,#53,.F.);
#53 = EDGE_CURVE('',#22,#47,#54,.T.);
#54 = B_SPLINE_CURVE_WITH_KNOTS('',3,(#55,#56,#57,#58,#59,#60,#61,#62,
    #63,#64,#65),.UNSPECIFIED.,.F.,.F.,(4,1,1,1,1,1,1,1,4),(0.,
    6.666666666667E-02,0.133333333333,0.2,0.266666666667,0.333333333333,
    0.4,0.466666666667,0.5),.UNSPECIFIED.);
#55 = CARTESIAN_POINT('',(-0.833884728389,-1.012821473694,0.9100001));
#56 = CARTESIAN_POINT('',(-0.833884728389,-1.041220271686,0.9100001));
#57 = CARTESIAN_POINT('',(-0.845957430102,-1.098017867671,0.9100001));
#58 = CARTESIAN_POINT('',(-0.897153368108,-1.168483031144,0.9100001));
#59 = CARTESIAN_POINT('',(-0.972583948769,-1.212032897193,0.9100001));
#60 = CARTESIAN_POINT('',(-1.059206539422,-1.221137298341,0.9100001));
#61 = CARTESIAN_POINT('',(-1.142043307202,-1.194222000917,0.9100001));
#62 = CARTESIAN_POINT('',(-1.206771022411,-1.135940904364,0.9100001));
#63 = CARTESIAN_POINT('',(-1.23629323295,-1.069632933847,0.9100001));
#64 = CARTESIAN_POINT('',(-1.240721564531,-1.027024338732,0.9100001));
#65 = CARTESIAN_POINT('',(-1.240721564531,-1.012821473694,0.9100001));
#66 = B_SPLINE_SURFACE_WITH_KNOTS('',3,1,(
    (#67,#68)
    ,(#69,#70)
    ,(#71,#72)
    ,(#73,#74)
    ,(#75,#76)
    ,(#77,#78)
    ,(#79,#80)
    ,(#81,#82)
    ,(#83,#84)
    ,(#85,#86)
    ,(#87,#88)),.UNSPECIFIED.,.F.,.F.,.F.,(4,1,1,1,1,1,1,1,4),(2,2),(0.,
    3.333333333333E-02,0.1,0.166666666667,0.233333333333,0.3,
    0.366666666667,0.433333333333,0.5),(0.,1.),.UNSPECIFIED.);
#67 = CARTESIAN_POINT('',(-1.240721564531,-1.012821473694,0.9100001));
#68 = CARTESIAN_POINT('',(-1.240721564531,-1.012821473694,0.9200001));
#69 = CARTESIAN_POINT('',(-1.240721564531,-1.027024338732,0.9100001));
#70 = CARTESIAN_POINT('',(-1.240721564531,-1.027024338732,0.9200001));
#71 = CARTESIAN_POINT('',(-1.23629323295,-1.069632933847,0.9100001));
#72 = CARTESIAN_POINT('',(-1.23629323295,-1.069632933847,0.9200001));
#73 = CARTESIAN_POINT('',(-1.206771022411,-1.135940904364,0.9100001));
#74 = CARTESIAN_POINT('',(-1.206771022411,-1.135940904364,0.9200001));
#75 = CARTESIAN_POINT('',(-1.142043307202,-1.194222000917,0.9100001));
#76 = CARTESIAN_POINT('',(-1.142043307202,-1.194222000917,0.9200001));
#77 = CARTESIAN_POINT('',(-1.059206539422,-1.221137298341,0.9100001));
#78 = CARTESIAN_POINT('',(-1.059206539422,-1.221137298341,0.9200001));
#79 = CARTESIAN_POINT('',(-0.972583948769,-1.212032897193,0.9100001));
#80 = CARTESIAN_POINT('',(-0.972583948769,-1.212032897193,0.9200001));
#81 = CARTESIAN_POINT('',(-0.897153368108,-1.168483031144,0.9100001));
#82 = CARTESIAN_POINT('',(-0.897153368108,-1.168483031144,0.9200001));
#83 = CARTESIAN_POINT('',(-0.845957430102,-1.098017867671,0.9100001));
#84 = CARTESIAN_POINT('',(-0.845957430102,-1.098017867671,0.9200001));
#85 = CARTESIAN_POINT('',(-0.833884728389,-1.041220271686,0.9100001));
#86 = CARTESIAN_POINT('',(-0.833884728389,-1.041220271686,0.9200001));
#87 = CARTESIAN_POINT('',(-0.833884728389,-1.012821473694,0.9100001));
#88 = CARTESIAN_POINT('',(-0.833884728389,-1.012821473694,0.9200001));
#89 = ADVANCED_FACE('',(#90,#148,#234,#351,#538,#654,#713,#743,#760,#804
    ,#928,#1014,#1072,#1158,#1217),#1506,.T.);
#90 = FACE_BOUND('',#91,.T.);
#91 = EDGE_LOOP('',(#92,#101,#108,#115,#122,#129,#136,#143));
#92 = ORIENTED_EDGE('',*,*,#93,.F.);
#93 = EDGE_CURVE('',#94,#96,#98,.T.);
#94 = VERTEX_POINT('',#95);
#95 = CARTESIAN_POINT('',(-0.339311564638,1.091564915856,0.9200001));
#96 = VERTEX_POINT('',#97);
#97 = CARTESIAN_POINT('',(-0.352308435974,1.091564915856,0.9200001));
#98 = B_SPLINE_CURVE_WITH_KNOTS('',1,(#99,#100),.UNSPECIFIED.,.F.,.F.,(2
    ,2),(-1.299687133592E-02,-0.),.PIECEWISE_BEZIER_KNOTS.);
#99 = CARTESIAN_POINT('',(-0.339311564638,1.091564915856,0.9200001));
#100 = CARTESIAN_POINT('',(-0.352308435974,1.091564915856,0.9200001));
#101 = ORIENTED_EDGE('',*,*,#102,.F.);
#102 = EDGE_CURVE('',#103,#94,#105,.T.);
#103 = VERTEX_POINT('',#104);
#104 = CARTESIAN_POINT('',(-0.303449827065,0.997409803516,0.9200001));
#105 = B_SPLINE_CURVE_WITH_KNOTS('',1,(#106,#107),.UNSPECIFIED.,.F.,.F.,
  (2,2),(-0.100753408883,0.),.PIECEWISE_BEZIER_KNOTS.);
#106 = CARTESIAN_POINT('',(-0.303449827065,0.997409803516,0.9200001));
#107 = CARTESIAN_POINT('',(-0.339311564638,1.091564915856,0.9200001));
#108 = ORIENTED_EDGE('',*,*,#109,.F.);
#109 = EDGE_CURVE('',#110,#103,#112,.T.);
#110 = VERTEX_POINT('',#111);
#111 = CARTESIAN_POINT('',(-0.316879927444,0.997409803516,0.9200001));
#112 = B_SPLINE_CURVE_WITH_KNOTS('',1,(#113,#114),.UNSPECIFIED.,.F.,.F.,
  (2,2),(-1.343010037929E-02,0.),.PIECEWISE_BEZIER_KNOTS.);
#113 = CARTESIAN_POINT('',(-0.316879927444,0.997409803516,0.9200001));
#114 = CARTESIAN_POINT('',(-0.303449827065,0.997409803516,0.9200001));
#115 = ORIENTED_EDGE('',*,*,#116,.F.);
#116 = EDGE_CURVE('',#117,#110,#119,.T.);
#117 = VERTEX_POINT('',#118);
#118 = CARTESIAN_POINT('',(-0.326483171265,1.023162863384,0.9200001));
#119 = B_SPLINE_CURVE_WITH_KNOTS('',1,(#120,#121),.UNSPECIFIED.,.F.,.F.,
  (2,2),(-2.748531215805E-02,0.),.PIECEWISE_BEZIER_KNOTS.);
#120 = CARTESIAN_POINT('',(-0.326483171265,1.023162863384,0.9200001));
#121 = CARTESIAN_POINT('',(-0.316879927444,0.997409803516,0.9200001));
#122 = ORIENTED_EDGE('',*,*,#123,.F.);
#123 = EDGE_CURVE('',#124,#117,#126,.T.);
#124 = VERTEX_POINT('',#125);
#125 = CARTESIAN_POINT('',(-0.365690399793,1.023162863384,0.9200001));
#126 = B_SPLINE_CURVE_WITH_KNOTS('',1,(#127,#128),.UNSPECIFIED.,.F.,.F.,
  (2,2),(-3.920722852847E-02,0.),.PIECEWISE_BEZIER_KNOTS.);
#127 = CARTESIAN_POINT('',(-0.365690399793,1.023162863384,0.9200001));
#128 = CARTESIAN_POINT('',(-0.326483171265,1.023162863384,0.9200001));
#129 = ORIENTED_EDGE('',*,*,#130,.F.);
#130 = EDGE_CURVE('',#131,#124,#133,.T.);
#131 = VERTEX_POINT('',#132);
#132 = CARTESIAN_POINT('',(-0.374740073168,0.997409803516,0.9200001));
#133 = B_SPLINE_CURVE_WITH_KNOTS('',1,(#134,#135),.UNSPECIFIED.,.F.,.F.,
  (2,2),(-2.729682546977E-02,0.),.PIECEWISE_BEZIER_KNOTS.);
#134 = CARTESIAN_POINT('',(-0.374740073168,0.997409803516,0.9200001));
#135 = CARTESIAN_POINT('',(-0.365690399793,1.023162863384,0.9200001));
#136 = ORIENTED_EDGE('',*,*,#137,.F.);
#137 = EDGE_CURVE('',#138,#131,#140,.T.);
#138 = VERTEX_POINT('',#139);
#139 = CARTESIAN_POINT('',(-0.388170173548,0.997409803516,0.9200001));
#140 = B_SPLINE_CURVE_WITH_KNOTS('',1,(#141,#142),.UNSPECIFIED.,.F.,.F.,
  (2,2),(-1.343010037993E-02,0.),.PIECEWISE_BEZIER_KNOTS.);
#141 = CARTESIAN_POINT('',(-0.388170173548,0.997409803516,0.9200001));
#142 = CARTESIAN_POINT('',(-0.374740073168,0.997409803516,0.9200001));
#143 = ORIENTED_EDGE('',*,*,#144,.F.);
#144 = EDGE_CURVE('',#96,#138,#145,.T.);
#145 = B_SPLINE_CURVE_WITH_KNOTS('',1,(#146,#147),.UNSPECIFIED.,.F.,.F.,
  (2,2),(-0.100753408883,-0.),.PIECEWISE_BEZIER_KNOTS.);
#146 = CARTESIAN_POINT('',(-0.352308435974,1.091564915856,0.9200001));
#147 = CARTESIAN_POINT('',(-0.388170173548,0.997409803516,0.9200001));
#148 = FACE_BOUND('',#149,.T.);
#149 = EDGE_LOOP('',(#150,#159,#166,#173,#180,#187,#194,#201,#208,#215,
    #222,#229));
#150 = ORIENTED_EDGE('',*,*,#151,.F.);
#151 = EDGE_CURVE('',#152,#154,#156,.T.);
#152 = VERTEX_POINT('',#153);
#153 = CARTESIAN_POINT('',(-0.487836922065,1.008144256508,0.9200001));
#154 = VERTEX_POINT('',#155);
#155 = CARTESIAN_POINT('',(-0.526322102185,1.008144256508,0.9200001));
#156 = B_SPLINE_CURVE_WITH_KNOTS('',1,(#157,#158),.UNSPECIFIED.,.F.,.F.,
  (2,2),(-3.848518012049E-02,-0.),.PIECEWISE_BEZIER_KNOTS.);
#157 = CARTESIAN_POINT('',(-0.487836922065,1.008144256508,0.9200001));
#158 = CARTESIAN_POINT('',(-0.526322102185,1.008144256508,0.9200001));
#159 = ORIENTED_EDGE('',*,*,#160,.F.);
#160 = EDGE_CURVE('',#161,#152,#163,.T.);
#161 = VERTEX_POINT('',#162);
#162 = CARTESIAN_POINT('',(-0.487836922065,0.997409803516,0.9200001));
#163 = B_SPLINE_CURVE_WITH_KNOTS('',1,(#164,#165),.UNSPECIFIED.,.F.,.F.,
  (2,2),(-1.073445299173E-02,0.),.PIECEWISE_BEZIER_KNOTS.);
#164 = CARTESIAN_POINT('',(-0.487836922065,0.997409803516,0.9200001));
#165 = CARTESIAN_POINT('',(-0.487836922065,1.008144256508,0.9200001));
#166 = ORIENTED_EDGE('',*,*,#167,.F.);
#167 = EDGE_CURVE('',#168,#161,#170,.T.);
#168 = VERTEX_POINT('',#169);
#169 = CARTESIAN_POINT('',(-0.538476583712,0.997409803516,0.9200001));
#170 = B_SPLINE_CURVE_WITH_KNOTS('',1,(#171,#172),.UNSPECIFIED.,.F.,.F.,
  (2,2),(-5.063966164731E-02,0.),.PIECEWISE_BEZIER_KNOTS.);
#171 = CARTESIAN_POINT('',(-0.538476583712,0.997409803516,0.9200001));
#172 = CARTESIAN_POINT('',(-0.487836922065,0.997409803516,0.9200001));
#173 = ORIENTED_EDGE('',*,*,#174,.F.);
#174 = EDGE_CURVE('',#175,#168,#177,.T.);
#175 = VERTEX_POINT('',#176);
#176 = CARTESIAN_POINT('',(-0.538476583712,1.091564915856,0.9200001));
#177 = B_SPLINE_CURVE_WITH_KNOTS('',1,(#178,#179),.UNSPECIFIED.,.F.,.F.,
  (2,2),(-9.415511234022E-02,-0.),.PIECEWISE_BEZIER_KNOTS.);
#178 = CARTESIAN_POINT('',(-0.538476583712,1.091564915856,0.9200001));
#179 = CARTESIAN_POINT('',(-0.538476583712,0.997409803516,0.9200001));
#180 = ORIENTED_EDGE('',*,*,#181,.F.);
#181 = EDGE_CURVE('',#182,#175,#184,.T.);
#182 = VERTEX_POINT('',#183);
#183 = CARTESIAN_POINT('',(-0.489978999007,1.091564915856,0.9200001));
#184 = B_SPLINE_CURVE_WITH_KNOTS('',1,(#185,#186),.UNSPECIFIED.,.F.,.F.,
  (2,2),(-4.849758470488E-02,-0.),.PIECEWISE_BEZIER_KNOTS.);
#185 = CARTESIAN_POINT('',(-0.489978999007,1.091564915856,0.9200001));
#186 = CARTESIAN_POINT('',(-0.538476583712,1.091564915856,0.9200001));
#187 = ORIENTED_EDGE('',*,*,#188,.F.);
#188 = EDGE_CURVE('',#189,#182,#191,.T.);
#189 = VERTEX_POINT('',#190);
#190 = CARTESIAN_POINT('',(-0.489978999007,1.080734189744,0.9200001));
#191 = B_SPLINE_CURVE_WITH_KNOTS('',1,(#192,#193),.UNSPECIFIED.,.F.,.F.,
  (2,2),(-1.083072611262E-02,0.),.PIECEWISE_BEZIER_KNOTS.);
#192 = CARTESIAN_POINT('',(-0.489978999007,1.080734189744,0.9200001));
#193 = CARTESIAN_POINT('',(-0.489978999007,1.091564915856,0.9200001));
#194 = ORIENTED_EDGE('',*,*,#195,.F.);
#195 = EDGE_CURVE('',#196,#189,#198,.T.);
#196 = VERTEX_POINT('',#197);
#197 = CARTESIAN_POINT('',(-0.526322102185,1.080734189744,0.9200001));
#198 = B_SPLINE_CURVE_WITH_KNOTS('',1,(#199,#200),.UNSPECIFIED.,.F.,.F.,
  (2,2),(-3.634310317806E-02,0.),.PIECEWISE_BEZIER_KNOTS.);
#199 = CARTESIAN_POINT('',(-0.526322102185,1.080734189744,0.9200001));
#200 = CARTESIAN_POINT('',(-0.489978999007,1.080734189744,0.9200001));
#201 = ORIENTED_EDGE('',*,*,#202,.F.);
#202 = EDGE_CURVE('',#203,#196,#205,.T.);
#203 = VERTEX_POINT('',#204);
#204 = CARTESIAN_POINT('',(-0.526322102185,1.05060070287,0.9200001));
#205 = B_SPLINE_CURVE_WITH_KNOTS('',1,(#206,#207),.UNSPECIFIED.,.F.,.F.,
  (2,2),(-3.013348687407E-02,0.),.PIECEWISE_BEZIER_KNOTS.);
#206 = CARTESIAN_POINT('',(-0.526322102185,1.05060070287,0.9200001));
#207 = CARTESIAN_POINT('',(-0.526322102185,1.080734189744,0.9200001));
#208 = ORIENTED_EDGE('',*,*,#209,.F.);
#209 = EDGE_CURVE('',#210,#203,#212,.T.);
#210 = VERTEX_POINT('',#211);
#211 = CARTESIAN_POINT('',(-0.492650578115,1.05060070287,0.9200001));
#212 = B_SPLINE_CURVE_WITH_KNOTS('',1,(#213,#214),.UNSPECIFIED.,.F.,.F.,
  (2,2),(-3.367152407008E-02,-0.),.PIECEWISE_BEZIER_KNOTS.);
#213 = CARTESIAN_POINT('',(-0.492650578115,1.05060070287,0.9200001));
#214 = CARTESIAN_POINT('',(-0.526322102185,1.05060070287,0.9200001));
#215 = ORIENTED_EDGE('',*,*,#216,.F.);
#216 = EDGE_CURVE('',#217,#210,#219,.T.);
#217 = VERTEX_POINT('',#218);
#218 = CARTESIAN_POINT('',(-0.492650578115,1.039818113318,0.9200001));
#219 = B_SPLINE_CURVE_WITH_KNOTS('',1,(#220,#221),.UNSPECIFIED.,.F.,.F.,
  (2,2),(-1.078258955217E-02,0.),.PIECEWISE_BEZIER_KNOTS.);
#220 = CARTESIAN_POINT('',(-0.492650578115,1.039818113318,0.9200001));
#221 = CARTESIAN_POINT('',(-0.492650578115,1.05060070287,0.9200001));
#222 = ORIENTED_EDGE('',*,*,#223,.F.);
#223 = EDGE_CURVE('',#224,#217,#226,.T.);
#224 = VERTEX_POINT('',#225);
#225 = CARTESIAN_POINT('',(-0.526322102185,1.039818113318,0.9200001));
#226 = B_SPLINE_CURVE_WITH_KNOTS('',1,(#227,#228),.UNSPECIFIED.,.F.,.F.,
  (2,2),(-3.367152407008E-02,0.),.PIECEWISE_BEZIER_KNOTS.);
#227 = CARTESIAN_POINT('',(-0.526322102185,1.039818113318,0.9200001));
#228 = CARTESIAN_POINT('',(-0.492650578115,1.039818113318,0.9200001));
#229 = ORIENTED_EDGE('',*,*,#230,.F.);
#230 = EDGE_CURVE('',#154,#224,#231,.T.);
#231 = B_SPLINE_CURVE_WITH_KNOTS('',1,(#232,#233),.UNSPECIFIED.,.F.,.F.,
  (2,2),(-3.167385680963E-02,0.),.PIECEWISE_BEZIER_KNOTS.);
#232 = CARTESIAN_POINT('',(-0.526322102185,1.008144256508,0.9200001));
#233 = CARTESIAN_POINT('',(-0.526322102185,1.039818113318,0.9200001));
#234 = FACE_BOUND('',#235,.T.);
#235 = EDGE_LOOP('',(#236,#245,#252,#259,#268,#277,#284,#293,#302,#309,
    #316,#323,#330,#337,#344));
#236 = ORIENTED_EDGE('',*,*,#237,.F.);
#237 = EDGE_CURVE('',#238,#240,#242,.T.);
#238 = VERTEX_POINT('',#239);
#239 = CARTESIAN_POINT('',(-0.563411322051,1.064656578536,0.9200001));
#240 = VERTEX_POINT('',#241);
#241 = CARTESIAN_POINT('',(-0.581775419883,1.014016916889,0.9200001));
#242 = B_SPLINE_CURVE_WITH_KNOTS('',1,(#243,#244),.UNSPECIFIED.,.F.,.F.,
  (2,2),(-5.386664478987E-02,1.708931246048E-16),
  .PIECEWISE_BEZIER_KNOTS.);
#243 = CARTESIAN_POINT('',(-0.563411322051,1.064656578536,0.9200001));
#244 = CARTESIAN_POINT('',(-0.581775419883,1.014016916889,0.9200001));
#245 = ORIENTED_EDGE('',*,*,#246,.F.);
#246 = EDGE_CURVE('',#247,#238,#249,.T.);
#247 = VERTEX_POINT('',#248);
#248 = CARTESIAN_POINT('',(-0.551184635685,1.064656578536,0.9200001));
#249 = B_SPLINE_CURVE_WITH_KNOTS('',1,(#250,#251),.UNSPECIFIED.,.F.,.F.,
  (2,2),(-1.222668636685E-02,-0.),.PIECEWISE_BEZIER_KNOTS.);
#250 = CARTESIAN_POINT('',(-0.551184635685,1.064656578536,0.9200001));
#251 = CARTESIAN_POINT('',(-0.563411322051,1.064656578536,0.9200001));
#252 = ORIENTED_EDGE('',*,*,#253,.F.);
#253 = EDGE_CURVE('',#254,#247,#256,.T.);
#254 = VERTEX_POINT('',#255);
#255 = CARTESIAN_POINT('',(-0.581703215042,0.98725298925,0.9200001));
#256 = B_SPLINE_CURVE_WITH_KNOTS('',1,(#257,#258),.UNSPECIFIED.,.F.,.F.,
  (2,2),(-8.320276029261E-02,0.),.PIECEWISE_BEZIER_KNOTS.);
#257 = CARTESIAN_POINT('',(-0.581703215042,0.98725298925,0.9200001));
#258 = CARTESIAN_POINT('',(-0.551184635685,1.064656578536,0.9200001));
#259 = ORIENTED_EDGE('',*,*,#260,.F.);
#260 = EDGE_CURVE('',#261,#254,#263,.T.);
#261 = VERTEX_POINT('',#262);
#262 = CARTESIAN_POINT('',(-0.605699290452,0.965735946706,0.9200001));
#263 = B_SPLINE_CURVE_WITH_KNOTS('',3,(#264,#265,#266,#267),
  .UNSPECIFIED.,.F.,.F.,(4,4),(1.,2.),.PIECEWISE_BEZIER_KNOTS.);
#264 = CARTESIAN_POINT('',(-0.605699290452,0.965735946706,0.9200001));
#265 = CARTESIAN_POINT('',(-0.595373998225,0.965735946706,0.9200001));
#266 = CARTESIAN_POINT('',(-0.587383329181,0.972908294221,0.9200001));
#267 = CARTESIAN_POINT('',(-0.581703215042,0.98725298925,0.9200001));
#268 = ORIENTED_EDGE('',*,*,#269,.F.);
#269 = EDGE_CURVE('',#270,#261,#272,.T.);
#270 = VERTEX_POINT('',#271);
#271 = CARTESIAN_POINT('',(-0.613304867011,0.966698677916,0.9200001));
#272 = B_SPLINE_CURVE_WITH_KNOTS('',3,(#273,#274,#275,#276),
  .UNSPECIFIED.,.F.,.F.,(4,4),(2.,3.),.PIECEWISE_BEZIER_KNOTS.);
#273 = CARTESIAN_POINT('',(-0.613304867011,0.966698677916,0.9200001));
#274 = CARTESIAN_POINT('',(-0.611210926629,0.96607290263,0.9200001));
#275 = CARTESIAN_POINT('',(-0.608659688923,0.965735946706,0.9200001));
#276 = CARTESIAN_POINT('',(-0.605699290452,0.965735946706,0.9200001));
#277 = ORIENTED_EDGE('',*,*,#278,.F.);
#278 = EDGE_CURVE('',#279,#270,#281,.T.);
#279 = VERTEX_POINT('',#280);
#280 = CARTESIAN_POINT('',(-0.613304867011,0.977192448106,0.9200001));
#281 = B_SPLINE_CURVE_WITH_KNOTS('',1,(#282,#283),.UNSPECIFIED.,.F.,.F.,
  (2,2),(-1.04937701895E-02,1.110223024625E-16),
  .PIECEWISE_BEZIER_KNOTS.);
#282 = CARTESIAN_POINT('',(-0.613304867011,0.977192448106,0.9200001));
#283 = CARTESIAN_POINT('',(-0.613304867011,0.966698677916,0.9200001));
#284 = ORIENTED_EDGE('',*,*,#285,.F.);
#285 = EDGE_CURVE('',#286,#279,#288,.T.);
#286 = VERTEX_POINT('',#287);
#287 = CARTESIAN_POINT('',(-0.606613885102,0.975844624411,0.9200001));
#288 = B_SPLINE_CURVE_WITH_KNOTS('',3,(#289,#290,#291,#292),
  .UNSPECIFIED.,.F.,.F.,(4,4),(4.,5.),.PIECEWISE_BEZIER_KNOTS.);
#289 = CARTESIAN_POINT('',(-0.606613885102,0.975844624411,0.9200001));
#290 = CARTESIAN_POINT('',(-0.608780030324,0.975844624411,0.9200001));
#291 = CARTESIAN_POINT('',(-0.610994312107,0.976277853456,0.9200001));
#292 = CARTESIAN_POINT('',(-0.613304867011,0.977192448106,0.9200001));
#293 = ORIENTED_EDGE('',*,*,#294,.F.);
#294 = EDGE_CURVE('',#295,#286,#297,.T.);
#295 = VERTEX_POINT('',#296);
#296 = CARTESIAN_POINT('',(-0.594531608416,0.98532752683,0.9200001));
#297 = B_SPLINE_CURVE_WITH_KNOTS('',3,(#298,#299,#300,#301),
  .UNSPECIFIED.,.F.,.F.,(4,4),(5.,6.),.PIECEWISE_BEZIER_KNOTS.);
#298 = CARTESIAN_POINT('',(-0.594531608416,0.98532752683,0.9200001));
#299 = CARTESIAN_POINT('',(-0.597203187524,0.978973500844,0.9200001));
#300 = CARTESIAN_POINT('',(-0.601222590325,0.975844624411,0.9200001));
#301 = CARTESIAN_POINT('',(-0.606613885102,0.975844624411,0.9200001));
#302 = ORIENTED_EDGE('',*,*,#303,.F.);
#303 = EDGE_CURVE('',#304,#295,#306,.T.);
#304 = VERTEX_POINT('',#305);
#305 = CARTESIAN_POINT('',(-0.589356928162,0.997554213198,0.9200001));
#306 = B_SPLINE_CURVE_WITH_KNOTS('',1,(#307,#308),.UNSPECIFIED.,.F.,.F.,
  (2,2),(-1.327664020982E-02,0.),.PIECEWISE_BEZIER_KNOTS.);
#307 = CARTESIAN_POINT('',(-0.589356928162,0.997554213198,0.9200001));
#308 = CARTESIAN_POINT('',(-0.594531608416,0.98532752683,0.9200001));
#309 = ORIENTED_EDGE('',*,*,#310,.F.);
#310 = EDGE_CURVE('',#311,#304,#313,.T.);
#311 = VERTEX_POINT('',#312);
#312 = CARTESIAN_POINT('',(-0.615735763317,1.064656578536,0.9200001));
#313 = B_SPLINE_CURVE_WITH_KNOTS('',1,(#314,#315),.UNSPECIFIED.,.F.,.F.,
  (2,2),(-7.210111218388E-02,0.),.PIECEWISE_BEZIER_KNOTS.);
#314 = CARTESIAN_POINT('',(-0.615735763317,1.064656578536,0.9200001));
#315 = CARTESIAN_POINT('',(-0.589356928162,0.997554213198,0.9200001));
#316 = ORIENTED_EDGE('',*,*,#317,.F.);
#317 = EDGE_CURVE('',#318,#311,#320,.T.);
#318 = VERTEX_POINT('',#319);
#319 = CARTESIAN_POINT('',(-0.602546345739,1.064656578536,0.9200001));
#320 = B_SPLINE_CURVE_WITH_KNOTS('',1,(#321,#322),.UNSPECIFIED.,.F.,.F.,
  (2,2),(-1.318941757738E-02,-0.),.PIECEWISE_BEZIER_KNOTS.);
#321 = CARTESIAN_POINT('',(-0.602546345739,1.064656578536,0.9200001));
#322 = CARTESIAN_POINT('',(-0.615735763317,1.064656578536,0.9200001));
#323 = ORIENTED_EDGE('',*,*,#324,.F.);
#324 = EDGE_CURVE('',#325,#318,#327,.T.);
#325 = VERTEX_POINT('',#326);
#326 = CARTESIAN_POINT('',(-0.584976501156,1.01411319001,0.9200001));
#327 = B_SPLINE_CURVE_WITH_KNOTS('',1,(#328,#329),.UNSPECIFIED.,.F.,.F.,
  (2,2),(-5.351012579313E-02,0.),.PIECEWISE_BEZIER_KNOTS.);
#328 = CARTESIAN_POINT('',(-0.584976501156,1.01411319001,0.9200001));
#329 = CARTESIAN_POINT('',(-0.602546345739,1.064656578536,0.9200001));
#330 = ORIENTED_EDGE('',*,*,#331,.F.);
#331 = EDGE_CURVE('',#332,#325,#334,.T.);
#332 = VERTEX_POINT('',#333);
#333 = CARTESIAN_POINT('',(-0.583532404341,1.008577485552,0.9200001));
#334 = B_SPLINE_CURVE_WITH_KNOTS('',1,(#335,#336),.UNSPECIFIED.,.F.,.F.,
  (2,2),(-5.720964905986E-03,0.),.PIECEWISE_BEZIER_KNOTS.);
#335 = CARTESIAN_POINT('',(-0.583532404341,1.008577485552,0.9200001));
#336 = CARTESIAN_POINT('',(-0.584976501156,1.01411319001,0.9200001));
#337 = ORIENTED_EDGE('',*,*,#338,.F.);
#338 = EDGE_CURVE('',#339,#332,#341,.T.);
#339 = VERTEX_POINT('',#340);
#340 = CARTESIAN_POINT('',(-0.583219516698,1.008577485552,0.9200001));
#341 = B_SPLINE_CURVE_WITH_KNOTS('',1,(#342,#343),.UNSPECIFIED.,.F.,.F.,
  (2,2),(-3.128876429007E-04,-0.),.PIECEWISE_BEZIER_KNOTS.);
#342 = CARTESIAN_POINT('',(-0.583219516698,1.008577485552,0.9200001));
#343 = CARTESIAN_POINT('',(-0.583532404341,1.008577485552,0.9200001));
#344 = ORIENTED_EDGE('',*,*,#345,.F.);
#345 = EDGE_CURVE('',#240,#339,#346,.T.);
#346 = B_SPLINE_CURVE_WITH_KNOTS('',3,(#347,#348,#349,#350),
  .UNSPECIFIED.,.F.,.F.,(4,4),(12.,13.),.PIECEWISE_BEZIER_KNOTS.);
#347 = CARTESIAN_POINT('',(-0.581775419883,1.014016916889,0.9200001));
#348 = CARTESIAN_POINT('',(-0.58249746829,1.011658225424,0.9200001));
#349 = CARTESIAN_POINT('',(-0.582978833896,1.009829036125,0.9200001));
#350 = CARTESIAN_POINT('',(-0.583219516698,1.008577485552,0.9200001));
#351 = FACE_BOUND('',#352,.T.);
#352 = EDGE_LOOP('',(#353,#362,#371,#380,#389,#398,#407,#416,#425,#434,
    #443,#450,#459,#468,#477,#486,#495,#504,#513,#522,#531));
#353 = ORIENTED_EDGE('',*,*,#354,.F.);
#354 = EDGE_CURVE('',#355,#357,#359,.T.);
#355 = VERTEX_POINT('',#356);
#356 = CARTESIAN_POINT('',(-0.667290019613,1.011947044787,0.9200001));
#357 = VERTEX_POINT('',#358);
#358 = CARTESIAN_POINT('',(-0.667290019613,0.999768494981,0.9200001));
#359 = B_SPLINE_CURVE_WITH_KNOTS('',1,(#360,#361),.UNSPECIFIED.,.F.,.F.,
  (2,2),(-1.21785498064E-02,-0.),.PIECEWISE_BEZIER_KNOTS.);
#360 = CARTESIAN_POINT('',(-0.667290019613,1.011947044787,0.9200001));
#361 = CARTESIAN_POINT('',(-0.667290019613,0.999768494981,0.9200001));
#362 = ORIENTED_EDGE('',*,*,#363,.F.);
#363 = EDGE_CURVE('',#364,#355,#366,.T.);
#364 = VERTEX_POINT('',#365);
#365 = CARTESIAN_POINT('',(-0.647890985731,1.00544860912,0.9200001));
#366 = B_SPLINE_CURVE_WITH_KNOTS('',3,(#367,#368,#369,#370),
  .UNSPECIFIED.,.F.,.F.,(4,4),(0.,1.),.PIECEWISE_BEZIER_KNOTS.);
#367 = CARTESIAN_POINT('',(-0.647890985731,1.00544860912,0.9200001));
#368 = CARTESIAN_POINT('',(-0.654822650444,1.00544860912,0.9200001));
#369 = CARTESIAN_POINT('',(-0.661272949551,1.007614754342,0.9200001));
#370 = CARTESIAN_POINT('',(-0.667290019613,1.011947044787,0.9200001));
#371 = ORIENTED_EDGE('',*,*,#372,.F.);
#372 = EDGE_CURVE('',#373,#364,#375,.T.);
#373 = VERTEX_POINT('',#374);
#374 = CARTESIAN_POINT('',(-0.633979519747,1.014546419054,0.9200001));
#375 = B_SPLINE_CURVE_WITH_KNOTS('',3,(#376,#377,#378,#379),
  .UNSPECIFIED.,.F.,.F.,(4,4),(1.,2.),.PIECEWISE_BEZIER_KNOTS.);
#376 = CARTESIAN_POINT('',(-0.633979519747,1.014546419054,0.9200001));
#377 = CARTESIAN_POINT('',(-0.633979519747,1.008481212431,0.9200001));
#378 = CARTESIAN_POINT('',(-0.638624697835,1.00544860912,0.9200001));
#379 = CARTESIAN_POINT('',(-0.647890985731,1.00544860912,0.9200001));
#380 = ORIENTED_EDGE('',*,*,#381,.F.);
#381 = EDGE_CURVE('',#382,#373,#384,.T.);
#382 = VERTEX_POINT('',#383);
#383 = CARTESIAN_POINT('',(-0.637012123058,1.020948581601,0.9200001));
#384 = B_SPLINE_CURVE_WITH_KNOTS('',3,(#385,#386,#387,#388),
  .UNSPECIFIED.,.F.,.F.,(4,4),(2.,3.),.PIECEWISE_BEZIER_KNOTS.);
#385 = CARTESIAN_POINT('',(-0.637012123058,1.020948581601,0.9200001));
#386 = CARTESIAN_POINT('',(-0.634990387517,1.019263801983,0.9200001));
#387 = CARTESIAN_POINT('',(-0.633979519747,1.017145793322,0.9200001));
#388 = CARTESIAN_POINT('',(-0.633979519747,1.014546419054,0.9200001));
#389 = ORIENTED_EDGE('',*,*,#390,.F.);
#390 = EDGE_CURVE('',#391,#382,#393,.T.);
#391 = VERTEX_POINT('',#392);
#392 = CARTESIAN_POINT('',(-0.649359150827,1.026965651664,0.9200001));
#393 = B_SPLINE_CURVE_WITH_KNOTS('',3,(#394,#395,#396,#397),
  .UNSPECIFIED.,.F.,.F.,(4,4),(3.,4.),.PIECEWISE_BEZIER_KNOTS.);
#394 = CARTESIAN_POINT('',(-0.649359150827,1.026965651664,0.9200001));
#395 = CARTESIAN_POINT('',(-0.643149534522,1.02465509676,0.9200001));
#396 = CARTESIAN_POINT('',(-0.639033858599,1.022633361218,0.9200001));
#397 = CARTESIAN_POINT('',(-0.637012123058,1.020948581601,0.9200001));
#398 = ORIENTED_EDGE('',*,*,#399,.F.);
#399 = EDGE_CURVE('',#400,#391,#402,.T.);
#400 = VERTEX_POINT('',#401);
#401 = CARTESIAN_POINT('',(-0.663872323818,1.035870915356,0.9200001));
#402 = B_SPLINE_CURVE_WITH_KNOTS('',3,(#403,#404,#405,#406),
  .UNSPECIFIED.,.F.,.F.,(4,4),(4.,5.),.PIECEWISE_BEZIER_KNOTS.);
#403 = CARTESIAN_POINT('',(-0.663872323818,1.035870915356,0.9200001));
#404 = CARTESIAN_POINT('',(-0.661658042035,1.032934585166,0.9200001));
#405 = CARTESIAN_POINT('',(-0.656796249424,1.029950118415,0.9200001));
#406 = CARTESIAN_POINT('',(-0.649359150827,1.026965651664,0.9200001));
#407 = ORIENTED_EDGE('',*,*,#408,.F.);
#408 = EDGE_CURVE('',#409,#400,#411,.T.);
#409 = VERTEX_POINT('',#410);
#410 = CARTESIAN_POINT('',(-0.667217814773,1.046509095227,0.9200001));
#411 = B_SPLINE_CURVE_WITH_KNOTS('',3,(#412,#413,#414,#415),
  .UNSPECIFIED.,.F.,.F.,(4,4),(5.,6.),.PIECEWISE_BEZIER_KNOTS.);
#412 = CARTESIAN_POINT('',(-0.667217814773,1.046509095227,0.9200001));
#413 = CARTESIAN_POINT('',(-0.667217814773,1.042369351024,0.9200001));
#414 = CARTESIAN_POINT('',(-0.666110673881,1.038807245547,0.9200001));
#415 = CARTESIAN_POINT('',(-0.663872323818,1.035870915356,0.9200001));
#416 = ORIENTED_EDGE('',*,*,#417,.F.);
#417 = EDGE_CURVE('',#418,#409,#420,.T.);
#418 = VERTEX_POINT('',#419);
#419 = CARTESIAN_POINT('',(-0.659660374774,1.060853790256,0.9200001));
#420 = B_SPLINE_CURVE_WITH_KNOTS('',3,(#421,#422,#423,#424),
  .UNSPECIFIED.,.F.,.F.,(4,4),(6.,7.),.PIECEWISE_BEZIER_KNOTS.);
#421 = CARTESIAN_POINT('',(-0.659660374774,1.060853790256,0.9200001));
#422 = CARTESIAN_POINT('',(-0.664690645346,1.057243548219,0.9200001));
#423 = CARTESIAN_POINT('',(-0.667217814773,1.052478028729,0.9200001));
#424 = CARTESIAN_POINT('',(-0.667217814773,1.046509095227,0.9200001));
#425 = ORIENTED_EDGE('',*,*,#426,.F.);
#426 = EDGE_CURVE('',#427,#418,#429,.T.);
#427 = VERTEX_POINT('',#428);
#428 = CARTESIAN_POINT('',(-0.64103152586,1.066196948472,0.9200001));
#429 = B_SPLINE_CURVE_WITH_KNOTS('',3,(#430,#431,#432,#433),
  .UNSPECIFIED.,.F.,.F.,(4,4),(7.,8.),.PIECEWISE_BEZIER_KNOTS.);
#430 = CARTESIAN_POINT('',(-0.64103152586,1.066196948472,0.9200001));
#431 = CARTESIAN_POINT('',(-0.648396419617,1.066196948472,0.9200001));
#432 = CARTESIAN_POINT('',(-0.654606035921,1.064415895734,0.9200001));
#433 = CARTESIAN_POINT('',(-0.659660374774,1.060853790256,0.9200001));
#434 = ORIENTED_EDGE('',*,*,#435,.F.);
#435 = EDGE_CURVE('',#436,#427,#438,.T.);
#436 = VERTEX_POINT('',#437);
#437 = CARTESIAN_POINT('',(-0.625098324334,1.063212481721,0.9200001));
#438 = B_SPLINE_CURVE_WITH_KNOTS('',3,(#439,#440,#441,#442),
  .UNSPECIFIED.,.F.,.F.,(4,4),(8.,9.),.PIECEWISE_BEZIER_KNOTS.);
#439 = CARTESIAN_POINT('',(-0.625098324334,1.063212481721,0.9200001));
#440 = CARTESIAN_POINT('',(-0.630008253505,1.065234217262,0.9200001));
#441 = CARTESIAN_POINT('',(-0.63530327516,1.066196948472,0.9200001));
#442 = CARTESIAN_POINT('',(-0.64103152586,1.066196948472,0.9200001));
#443 = ORIENTED_EDGE('',*,*,#444,.F.);
#444 = EDGE_CURVE('',#445,#436,#447,.T.);
#445 = VERTEX_POINT('',#446);
#446 = CARTESIAN_POINT('',(-0.625098324334,1.051755980322,0.9200001));
#447 = B_SPLINE_CURVE_WITH_KNOTS('',1,(#448,#449),.UNSPECIFIED.,.F.,.F.,
  (2,2),(-1.145650139906E-02,0.),.PIECEWISE_BEZIER_KNOTS.);
#448 = CARTESIAN_POINT('',(-0.625098324334,1.051755980322,0.9200001));
#449 = CARTESIAN_POINT('',(-0.625098324334,1.063212481721,0.9200001));
#450 = ORIENTED_EDGE('',*,*,#451,.F.);
#451 = EDGE_CURVE('',#452,#445,#454,.T.);
#452 = VERTEX_POINT('',#453);
#453 = CARTESIAN_POINT('',(-0.642186803312,1.056617772933,0.9200001));
#454 = B_SPLINE_CURVE_WITH_KNOTS('',3,(#455,#456,#457,#458),
  .UNSPECIFIED.,.F.,.F.,(4,4),(10.,11.),.PIECEWISE_BEZIER_KNOTS.);
#455 = CARTESIAN_POINT('',(-0.642186803312,1.056617772933,0.9200001));
#456 = CARTESIAN_POINT('',(-0.635808709045,1.056617772933,0.9200001));
#457 = CARTESIAN_POINT('',(-0.630128594906,1.054981129875,0.9200001));
#458 = CARTESIAN_POINT('',(-0.625098324334,1.051755980322,0.9200001));
#459 = ORIENTED_EDGE('',*,*,#460,.F.);
#460 = EDGE_CURVE('',#461,#452,#463,.T.);
#461 = VERTEX_POINT('',#462);
#462 = CARTESIAN_POINT('',(-0.651477159489,1.054114671786,0.9200001));
#463 = B_SPLINE_CURVE_WITH_KNOTS('',3,(#464,#465,#466,#467),
  .UNSPECIFIED.,.F.,.F.,(4,4),(11.,12.),.PIECEWISE_BEZIER_KNOTS.);
#464 = CARTESIAN_POINT('',(-0.651477159489,1.054114671786,0.9200001));
#465 = CARTESIAN_POINT('',(-0.649094399744,1.055799451404,0.9200001));
#466 = CARTESIAN_POINT('',(-0.645989591591,1.056617772933,0.9200001));
#467 = CARTESIAN_POINT('',(-0.642186803312,1.056617772933,0.9200001));
#468 = ORIENTED_EDGE('',*,*,#469,.F.);
#469 = EDGE_CURVE('',#470,#461,#472,.T.);
#470 = VERTEX_POINT('',#471);
#471 = CARTESIAN_POINT('',(-0.655063333246,1.047568099558,0.9200001));
#472 = B_SPLINE_CURVE_WITH_KNOTS('',3,(#473,#474,#475,#476),
  .UNSPECIFIED.,.F.,.F.,(4,4),(12.,13.),.PIECEWISE_BEZIER_KNOTS.);
#473 = CARTESIAN_POINT('',(-0.655063333246,1.047568099558,0.9200001));
#474 = CARTESIAN_POINT('',(-0.655063333246,1.050263746946,0.9200001));
#475 = CARTESIAN_POINT('',(-0.653859919233,1.052478028729,0.9200001));
#476 = CARTESIAN_POINT('',(-0.651477159489,1.054114671786,0.9200001));
#477 = ORIENTED_EDGE('',*,*,#478,.F.);
#478 = EDGE_CURVE('',#479,#470,#481,.T.);
#479 = VERTEX_POINT('',#480);
#480 = CARTESIAN_POINT('',(-0.652488027259,1.041310346693,0.9200001));
#481 = B_SPLINE_CURVE_WITH_KNOTS('',3,(#482,#483,#484,#485),
  .UNSPECIFIED.,.F.,.F.,(4,4),(13.,14.),.PIECEWISE_BEZIER_KNOTS.);
#482 = CARTESIAN_POINT('',(-0.652488027259,1.041310346693,0.9200001));
#483 = CARTESIAN_POINT('',(-0.654196875157,1.042802580068,0.9200001));
#484 = CARTESIAN_POINT('',(-0.655063333246,1.04487245217,0.9200001));
#485 = CARTESIAN_POINT('',(-0.655063333246,1.047568099558,0.9200001));
#486 = ORIENTED_EDGE('',*,*,#487,.F.);
#487 = EDGE_CURVE('',#488,#479,#490,.T.);
#488 = VERTEX_POINT('',#489);
#489 = CARTESIAN_POINT('',(-0.64103152586,1.035533959433,0.9200001));
#490 = B_SPLINE_CURVE_WITH_KNOTS('',3,(#491,#492,#493,#494),
  .UNSPECIFIED.,.F.,.F.,(4,4),(14.,15.),.PIECEWISE_BEZIER_KNOTS.);
#491 = CARTESIAN_POINT('',(-0.64103152586,1.035533959433,0.9200001));
#492 = CARTESIAN_POINT('',(-0.646952322802,1.037844514337,0.9200001));
#493 = CARTESIAN_POINT('',(-0.650755111081,1.039769976757,0.9200001));
#494 = CARTESIAN_POINT('',(-0.652488027259,1.041310346693,0.9200001));
#495 = ORIENTED_EDGE('',*,*,#496,.F.);
#496 = EDGE_CURVE('',#497,#488,#499,.T.);
#497 = VERTEX_POINT('',#498);
#498 = CARTESIAN_POINT('',(-0.625820372742,1.026821241982,0.9200001));
#499 = B_SPLINE_CURVE_WITH_KNOTS('',3,(#500,#501,#502,#503),
  .UNSPECIFIED.,.F.,.F.,(4,4),(15.,16.),.PIECEWISE_BEZIER_KNOTS.);
#500 = CARTESIAN_POINT('',(-0.625820372742,1.026821241982,0.9200001));
#501 = CARTESIAN_POINT('',(-0.628467883569,1.029805708733,0.9200001));
#502 = CARTESIAN_POINT('',(-0.633522222422,1.032742038924,0.9200001));
#503 = CARTESIAN_POINT('',(-0.64103152586,1.035533959433,0.9200001));
#504 = ORIENTED_EDGE('',*,*,#505,.F.);
#505 = EDGE_CURVE('',#506,#497,#508,.T.);
#506 = VERTEX_POINT('',#507);
#507 = CARTESIAN_POINT('',(-0.621873174781,1.015701696506,0.9200001));
#508 = B_SPLINE_CURVE_WITH_KNOTS('',3,(#509,#510,#511,#512),
  .UNSPECIFIED.,.F.,.F.,(4,4),(16.,17.),.PIECEWISE_BEZIER_KNOTS.);
#509 = CARTESIAN_POINT('',(-0.621873174781,1.015701696506,0.9200001));
#510 = CARTESIAN_POINT('',(-0.621873174781,1.020130260073,0.9200001));
#511 = CARTESIAN_POINT('',(-0.623196930194,1.023836775231,0.9200001));
#512 = CARTESIAN_POINT('',(-0.625820372742,1.026821241982,0.9200001));
#513 = ORIENTED_EDGE('',*,*,#514,.F.);
#514 = EDGE_CURVE('',#515,#506,#517,.T.);
#515 = VERTEX_POINT('',#516);
#516 = CARTESIAN_POINT('',(-0.629454683059,1.001164455235,0.9200001));
#517 = B_SPLINE_CURVE_WITH_KNOTS('',3,(#518,#519,#520,#521),
  .UNSPECIFIED.,.F.,.F.,(4,4),(17.,18.),.PIECEWISE_BEZIER_KNOTS.);
#518 = CARTESIAN_POINT('',(-0.629454683059,1.001164455235,0.9200001));
#519 = CARTESIAN_POINT('',(-0.624400344207,1.004678424152,0.9200001));
#520 = CARTESIAN_POINT('',(-0.621873174781,1.009540216762,0.9200001));
#521 = CARTESIAN_POINT('',(-0.621873174781,1.015701696506,0.9200001));
#522 = ORIENTED_EDGE('',*,*,#523,.F.);
#523 = EDGE_CURVE('',#524,#515,#526,.T.);
#524 = VERTEX_POINT('',#525);
#525 = CARTESIAN_POINT('',(-0.649046263183,0.99582129702,0.9200001));
#526 = B_SPLINE_CURVE_WITH_KNOTS('',3,(#527,#528,#529,#530),
  .UNSPECIFIED.,.F.,.F.,(4,4),(18.,19.),.PIECEWISE_BEZIER_KNOTS.);
#527 = CARTESIAN_POINT('',(-0.649046263183,0.99582129702,0.9200001));
#528 = CARTESIAN_POINT('',(-0.64103152586,0.99582129702,0.9200001));
#529 = CARTESIAN_POINT('',(-0.634484953632,0.997602349758,0.9200001));
#530 = CARTESIAN_POINT('',(-0.629454683059,1.001164455235,0.9200001));
#531 = ORIENTED_EDGE('',*,*,#532,.F.);
#532 = EDGE_CURVE('',#357,#524,#533,.T.);
#533 = B_SPLINE_CURVE_WITH_KNOTS('',3,(#534,#535,#536,#537),
  .UNSPECIFIED.,.F.,.F.,(4,4),(19.,20.),.PIECEWISE_BEZIER_KNOTS.);
#534 = CARTESIAN_POINT('',(-0.667290019613,0.999768494981,0.9200001));
#535 = CARTESIAN_POINT('',(-0.662091271079,0.997169120713,0.9200001));
#536 = CARTESIAN_POINT('',(-0.656026064456,0.99582129702,0.9200001));
#537 = CARTESIAN_POINT('',(-0.649046263183,0.99582129702,0.9200001));
#538 = FACE_BOUND('',#539,.T.);
#539 = EDGE_LOOP('',(#540,#549,#558,#567,#574,#581,#588,#595,#604,#613,
    #622,#631,#638,#647));
#540 = ORIENTED_EDGE('',*,*,#541,.F.);
#541 = EDGE_CURVE('',#542,#544,#546,.T.);
#542 = VERTEX_POINT('',#543);
#543 = CARTESIAN_POINT('',(-0.730734006354,1.059939195607,0.9200001));
#544 = VERTEX_POINT('',#545);
#545 = CARTESIAN_POINT('',(-0.730734006354,1.048482694208,0.9200001));
#546 = B_SPLINE_CURVE_WITH_KNOTS('',1,(#547,#548),.UNSPECIFIED.,.F.,.F.,
  (2,2),(-1.145650139971E-02,-0.),.PIECEWISE_BEZIER_KNOTS.);
#547 = CARTESIAN_POINT('',(-0.730734006354,1.059939195607,0.9200001));
#548 = CARTESIAN_POINT('',(-0.730734006354,1.048482694208,0.9200001));
#549 = ORIENTED_EDGE('',*,*,#550,.F.);
#550 = EDGE_CURVE('',#551,#542,#553,.T.);
#551 = VERTEX_POINT('',#552);
#552 = CARTESIAN_POINT('',(-0.707580320753,1.066196948472,0.9200001));
#553 = B_SPLINE_CURVE_WITH_KNOTS('',3,(#554,#555,#556,#557),
  .UNSPECIFIED.,.F.,.F.,(4,4),(0.,1.),.PIECEWISE_BEZIER_KNOTS.);
#554 = CARTESIAN_POINT('',(-0.707580320753,1.066196948472,0.9200001));
#555 = CARTESIAN_POINT('',(-0.716341174764,1.066196948472,0.9200001));
#556 = CARTESIAN_POINT('',(-0.724067092725,1.064127076371,0.9200001));
#557 = CARTESIAN_POINT('',(-0.730734006354,1.059939195607,0.9200001));
#558 = ORIENTED_EDGE('',*,*,#559,.F.);
#559 = EDGE_CURVE('',#560,#551,#562,.T.);
#560 = VERTEX_POINT('',#561);
#561 = CARTESIAN_POINT('',(-0.6832713577,1.040684571406,0.9200001));
#562 = B_SPLINE_CURVE_WITH_KNOTS('',3,(#563,#564,#565,#566),
  .UNSPECIFIED.,.F.,.F.,(4,4),(1.,2.),.PIECEWISE_BEZIER_KNOTS.);
#563 = CARTESIAN_POINT('',(-0.6832713577,1.040684571406,0.9200001));
#564 = CARTESIAN_POINT('',(-0.6832713577,1.057724913824,0.9200001));
#565 = CARTESIAN_POINT('',(-0.691382368144,1.066196948472,0.9200001));
#566 = CARTESIAN_POINT('',(-0.707580320753,1.066196948472,0.9200001));
#567 = ORIENTED_EDGE('',*,*,#568,.F.);
#568 = EDGE_CURVE('',#569,#560,#571,.T.);
#569 = VERTEX_POINT('',#570);
#570 = CARTESIAN_POINT('',(-0.6832713577,0.997409803516,0.9200001));
#571 = B_SPLINE_CURVE_WITH_KNOTS('',1,(#572,#573),.UNSPECIFIED.,.F.,.F.,
  (2,2),(-4.327476789004E-02,0.),.PIECEWISE_BEZIER_KNOTS.);
#572 = CARTESIAN_POINT('',(-0.6832713577,0.997409803516,0.9200001));
#573 = CARTESIAN_POINT('',(-0.6832713577,1.040684571406,0.9200001));
#574 = ORIENTED_EDGE('',*,*,#575,.F.);
#575 = EDGE_CURVE('',#576,#569,#578,.T.);
#576 = VERTEX_POINT('',#577);
#577 = CARTESIAN_POINT('',(-0.695064815023,0.997409803516,0.9200001));
#578 = B_SPLINE_CURVE_WITH_KNOTS('',1,(#579,#580),.UNSPECIFIED.,.F.,.F.,
  (2,2),(-1.179345732283E-02,0.),.PIECEWISE_BEZIER_KNOTS.);
#579 = CARTESIAN_POINT('',(-0.695064815023,0.997409803516,0.9200001));
#580 = CARTESIAN_POINT('',(-0.6832713577,0.997409803516,0.9200001));
#581 = ORIENTED_EDGE('',*,*,#582,.F.);
#582 = EDGE_CURVE('',#583,#576,#585,.T.);
#583 = VERTEX_POINT('',#584);
#584 = CARTESIAN_POINT('',(-0.695064815023,1.007807300584,0.9200001));
#585 = B_SPLINE_CURVE_WITH_KNOTS('',1,(#586,#587),.UNSPECIFIED.,.F.,.F.,
  (2,2),(-1.039749706796E-02,-0.),.PIECEWISE_BEZIER_KNOTS.);
#586 = CARTESIAN_POINT('',(-0.695064815023,1.007807300584,0.9200001));
#587 = CARTESIAN_POINT('',(-0.695064815023,0.997409803516,0.9200001));
#588 = ORIENTED_EDGE('',*,*,#589,.F.);
#589 = EDGE_CURVE('',#590,#583,#592,.T.);
#590 = VERTEX_POINT('',#591);
#591 = CARTESIAN_POINT('',(-0.695377702666,1.007807300584,0.9200001));
#592 = B_SPLINE_CURVE_WITH_KNOTS('',1,(#593,#594),.UNSPECIFIED.,.F.,.F.,
  (2,2),(-3.128876432213E-04,0.),.PIECEWISE_BEZIER_KNOTS.);
#593 = CARTESIAN_POINT('',(-0.695377702666,1.007807300584,0.9200001));
#594 = CARTESIAN_POINT('',(-0.695064815023,1.007807300584,0.9200001));
#595 = ORIENTED_EDGE('',*,*,#596,.F.);
#596 = EDGE_CURVE('',#597,#590,#599,.T.);
#597 = VERTEX_POINT('',#598);
#598 = CARTESIAN_POINT('',(-0.71598015056,0.99582129702,0.9200001));
#599 = B_SPLINE_CURVE_WITH_KNOTS('',3,(#600,#601,#602,#603),
  .UNSPECIFIED.,.F.,.F.,(4,4),(6.,7.),.PIECEWISE_BEZIER_KNOTS.);
#600 = CARTESIAN_POINT('',(-0.71598015056,0.99582129702,0.9200001));
#601 = CARTESIAN_POINT('',(-0.706906408906,0.99582129702,0.9200001));
#602 = CARTESIAN_POINT('',(-0.700022880754,0.999816631541,0.9200001));
#603 = CARTESIAN_POINT('',(-0.695377702666,1.007807300584,0.9200001));
#604 = ORIENTED_EDGE('',*,*,#605,.F.);
#605 = EDGE_CURVE('',#606,#597,#608,.T.);
#606 = VERTEX_POINT('',#607);
#607 = CARTESIAN_POINT('',(-0.731528259602,1.001116318674,0.9200001));
#608 = B_SPLINE_CURVE_WITH_KNOTS('',3,(#609,#610,#611,#612),
  .UNSPECIFIED.,.F.,.F.,(4,4),(7.,8.),.PIECEWISE_BEZIER_KNOTS.);
#609 = CARTESIAN_POINT('',(-0.731528259602,1.001116318674,0.9200001));
#610 = CARTESIAN_POINT('',(-0.727677334762,0.997602349758,0.9200001));
#611 = CARTESIAN_POINT('',(-0.722502654508,0.99582129702,0.9200001));
#612 = CARTESIAN_POINT('',(-0.71598015056,0.99582129702,0.9200001));
#613 = ORIENTED_EDGE('',*,*,#614,.F.);
#614 = EDGE_CURVE('',#615,#606,#617,.T.);
#615 = VERTEX_POINT('',#616);
#616 = CARTESIAN_POINT('',(-0.737304646862,1.015412877144,0.9200001));
#617 = B_SPLINE_CURVE_WITH_KNOTS('',3,(#618,#619,#620,#621),
  .UNSPECIFIED.,.F.,.F.,(4,4),(8.,9.),.PIECEWISE_BEZIER_KNOTS.);
#618 = CARTESIAN_POINT('',(-0.737304646862,1.015412877144,0.9200001));
#619 = CARTESIAN_POINT('',(-0.737304646862,1.009395807081,0.9200001));
#620 = CARTESIAN_POINT('',(-0.735379184442,1.004630287591,0.9200001));
#621 = CARTESIAN_POINT('',(-0.731528259602,1.001116318674,0.9200001));
#622 = ORIENTED_EDGE('',*,*,#623,.F.);
#623 = EDGE_CURVE('',#624,#615,#626,.T.);
#624 = VERTEX_POINT('',#625);
#625 = CARTESIAN_POINT('',(-0.71499335107,1.037363148732,0.9200001));
#626 = B_SPLINE_CURVE_WITH_KNOTS('',3,(#627,#628,#629,#630),
  .UNSPECIFIED.,.F.,.F.,(4,4),(9.,10.),.PIECEWISE_BEZIER_KNOTS.);
#627 = CARTESIAN_POINT('',(-0.71499335107,1.037363148732,0.9200001));
#628 = CARTESIAN_POINT('',(-0.729867548265,1.03529327663,0.9200001));
#629 = CARTESIAN_POINT('',(-0.737304646862,1.027976519434,0.9200001));
#630 = CARTESIAN_POINT('',(-0.737304646862,1.015412877144,0.9200001));
#631 = ORIENTED_EDGE('',*,*,#632,.F.);
#632 = EDGE_CURVE('',#633,#624,#635,.T.);
#633 = VERTEX_POINT('',#634);
#634 = CARTESIAN_POINT('',(-0.695064815023,1.040155069241,0.9200001));
#635 = B_SPLINE_CURVE_WITH_KNOTS('',1,(#636,#637),.UNSPECIFIED.,.F.,.F.,
  (2,2),(-2.012315504906E-02,-0.),.PIECEWISE_BEZIER_KNOTS.);
#636 = CARTESIAN_POINT('',(-0.695064815023,1.040155069241,0.9200001));
#637 = CARTESIAN_POINT('',(-0.71499335107,1.037363148732,0.9200001));
#638 = ORIENTED_EDGE('',*,*,#639,.F.);
#639 = EDGE_CURVE('',#640,#633,#642,.T.);
#640 = VERTEX_POINT('',#641);
#641 = CARTESIAN_POINT('',(-0.708687461644,1.056617772933,0.9200001));
#642 = B_SPLINE_CURVE_WITH_KNOTS('',3,(#643,#644,#645,#646),
  .UNSPECIFIED.,.F.,.F.,(4,4),(11.,12.),.PIECEWISE_BEZIER_KNOTS.);
#643 = CARTESIAN_POINT('',(-0.708687461644,1.056617772933,0.9200001));
#644 = CARTESIAN_POINT('',(-0.69961371999,1.056617772933,0.9200001));
#645 = CARTESIAN_POINT('',(-0.695064815023,1.051130205035,0.9200001));
#646 = CARTESIAN_POINT('',(-0.695064815023,1.040155069241,0.9200001));
#647 = ORIENTED_EDGE('',*,*,#648,.F.);
#648 = EDGE_CURVE('',#544,#640,#649,.T.);
#649 = B_SPLINE_CURVE_WITH_KNOTS('',3,(#650,#651,#652,#653),
  .UNSPECIFIED.,.F.,.F.,(4,4),(12.,13.),.PIECEWISE_BEZIER_KNOTS.);
#650 = CARTESIAN_POINT('',(-0.730734006354,1.048482694208,0.9200001));
#651 = CARTESIAN_POINT('',(-0.724091161005,1.053873988984,0.9200001));
#652 = CARTESIAN_POINT('',(-0.716750335528,1.056617772933,0.9200001));
#653 = CARTESIAN_POINT('',(-0.708687461644,1.056617772933,0.9200001));
#654 = FACE_BOUND('',#655,.T.);
#655 = EDGE_LOOP('',(#656,#667,#674,#681,#688,#697,#706));
#656 = ORIENTED_EDGE('',*,*,#657,.F.);
#657 = EDGE_CURVE('',#658,#660,#662,.T.);
#658 = VERTEX_POINT('',#659);
#659 = CARTESIAN_POINT('',(-0.562063498358,1.146777550751,0.9200001));
#660 = VERTEX_POINT('',#661);
#661 = CARTESIAN_POINT('',(-0.525503780657,1.159966968328,0.9200001));
#662 = B_SPLINE_CURVE_WITH_KNOTS('',3,(#663,#664,#665,#666),
  .UNSPECIFIED.,.F.,.F.,(4,4),(5.,6.),.PIECEWISE_BEZIER_KNOTS.);
#663 = CARTESIAN_POINT('',(-0.562063498358,1.146777550751,0.9200001));
#664 = CARTESIAN_POINT('',(-0.547165232883,1.146777550751,0.9200001));
#665 = CARTESIAN_POINT('',(-0.534962614796,1.151157977757,0.9200001));
#666 = CARTESIAN_POINT('',(-0.525503780657,1.159966968328,0.9200001));
#667 = ORIENTED_EDGE('',*,*,#668,.F.);
#668 = EDGE_CURVE('',#669,#658,#671,.T.);
#669 = VERTEX_POINT('',#670);
#670 = CARTESIAN_POINT('',(-0.587960967907,1.146777550751,0.9200001));
#671 = B_SPLINE_CURVE_WITH_KNOTS('',1,(#672,#673),.UNSPECIFIED.,.F.,.F.,
  (2,2),(-2.589746954965E-02,1.110223024625E-16),
  .PIECEWISE_BEZIER_KNOTS.);
#672 = CARTESIAN_POINT('',(-0.587960967907,1.146777550751,0.9200001));
#673 = CARTESIAN_POINT('',(-0.562063498358,1.146777550751,0.9200001));
#674 = ORIENTED_EDGE('',*,*,#675,.F.);
#675 = EDGE_CURVE('',#676,#669,#678,.T.);
#676 = VERTEX_POINT('',#677);
#677 = CARTESIAN_POINT('',(-0.587960967907,1.240932663091,0.9200001));
#678 = B_SPLINE_CURVE_WITH_KNOTS('',1,(#679,#680),.UNSPECIFIED.,.F.,.F.,
  (2,2),(-9.415511234022E-02,-0.),.PIECEWISE_BEZIER_KNOTS.);
#679 = CARTESIAN_POINT('',(-0.587960967907,1.240932663091,0.9200001));
#680 = CARTESIAN_POINT('',(-0.587960967907,1.146777550751,0.9200001));
#681 = ORIENTED_EDGE('',*,*,#682,.F.);
#682 = EDGE_CURVE('',#683,#676,#685,.T.);
#683 = VERTEX_POINT('',#684);
#684 = CARTESIAN_POINT('',(-0.561100767147,1.240932663091,0.9200001));
#685 = B_SPLINE_CURVE_WITH_KNOTS('',1,(#686,#687),.UNSPECIFIED.,.F.,.F.,
  (2,2),(-2.686020075986E-02,-0.),.PIECEWISE_BEZIER_KNOTS.);
#686 = CARTESIAN_POINT('',(-0.561100767147,1.240932663091,0.9200001));
#687 = CARTESIAN_POINT('',(-0.587960967907,1.240932663091,0.9200001));
#688 = ORIENTED_EDGE('',*,*,#689,.F.);
#689 = EDGE_CURVE('',#690,#683,#692,.T.);
#690 = VERTEX_POINT('',#691);
#691 = CARTESIAN_POINT('',(-0.525503780657,1.228465293922,0.9200001));
#692 = B_SPLINE_CURVE_WITH_KNOTS('',3,(#693,#694,#695,#696),
  .UNSPECIFIED.,.F.,.F.,(4,4),(2.,3.),.PIECEWISE_BEZIER_KNOTS.);
#693 = CARTESIAN_POINT('',(-0.525503780657,1.228465293922,0.9200001));
#694 = CARTESIAN_POINT('',(-0.534962614796,1.236792918889,0.9200001));
#695 = CARTESIAN_POINT('',(-0.546828276959,1.240932663091,0.9200001));
#696 = CARTESIAN_POINT('',(-0.561100767147,1.240932663091,0.9200001));
#697 = ORIENTED_EDGE('',*,*,#698,.F.);
#698 = EDGE_CURVE('',#699,#690,#701,.T.);
#699 = VERTEX_POINT('',#700);
#700 = CARTESIAN_POINT('',(-0.511303495309,1.195058520934,0.9200001));
#701 = B_SPLINE_CURVE_WITH_KNOTS('',3,(#702,#703,#704,#705),
  .UNSPECIFIED.,.F.,.F.,(4,4),(3.,4.),.PIECEWISE_BEZIER_KNOTS.);
#702 = CARTESIAN_POINT('',(-0.511303495309,1.195058520934,0.9200001));
#703 = CARTESIAN_POINT('',(-0.511303495309,1.209018123479,0.9200001));
#704 = CARTESIAN_POINT('',(-0.516044946518,1.220137668955,0.9200001));
#705 = CARTESIAN_POINT('',(-0.525503780657,1.228465293922,0.9200001));
#706 = ORIENTED_EDGE('',*,*,#707,.F.);
#707 = EDGE_CURVE('',#660,#699,#708,.T.);
#708 = B_SPLINE_CURVE_WITH_KNOTS('',3,(#709,#710,#711,#712),
  .UNSPECIFIED.,.F.,.F.,(4,4),(4.,5.),.PIECEWISE_BEZIER_KNOTS.);
#709 = CARTESIAN_POINT('',(-0.525503780657,1.159966968328,0.9200001));
#710 = CARTESIAN_POINT('',(-0.516044946518,1.1687759589,0.9200001));
#711 = CARTESIAN_POINT('',(-0.511303495309,1.180473143102,0.9200001));
#712 = CARTESIAN_POINT('',(-0.511303495309,1.195058520934,0.9200001));
#713 = FACE_BOUND('',#714,.T.);
#714 = EDGE_LOOP('',(#715,#724,#731,#738));
#715 = ORIENTED_EDGE('',*,*,#716,.T.);
#716 = EDGE_CURVE('',#717,#719,#721,.T.);
#717 = VERTEX_POINT('',#718);
#718 = CARTESIAN_POINT('',(1.5,-1.5,0.9200001));
#719 = VERTEX_POINT('',#720);
#720 = CARTESIAN_POINT('',(1.5,1.5,0.9200001));
#721 = B_SPLINE_CURVE_WITH_KNOTS('',1,(#722,#723),.UNSPECIFIED.,.F.,.F.,
  (2,2),(-3.,0.),.PIECEWISE_BEZIER_KNOTS.);
#722 = CARTESIAN_POINT('',(1.5,-1.5,0.9200001));
#723 = CARTESIAN_POINT('',(1.5,1.5,0.9200001));
#724 = ORIENTED_EDGE('',*,*,#725,.T.);
#725 = EDGE_CURVE('',#719,#726,#728,.T.);
#726 = VERTEX_POINT('',#727);
#727 = CARTESIAN_POINT('',(-1.5,1.5,0.9200001));
#728 = B_SPLINE_CURVE_WITH_KNOTS('',1,(#729,#730),.UNSPECIFIED.,.F.,.F.,
  (2,2),(-3.,-0.),.PIECEWISE_BEZIER_KNOTS.);
#729 = CARTESIAN_POINT('',(1.5,1.5,0.9200001));
#730 = CARTESIAN_POINT('',(-1.5,1.5,0.9200001));
#731 = ORIENTED_EDGE('',*,*,#732,.T.);
#732 = EDGE_CURVE('',#726,#733,#735,.T.);
#733 = VERTEX_POINT('',#734);
#734 = CARTESIAN_POINT('',(-1.5,-1.5,0.9200001));
#735 = B_SPLINE_CURVE_WITH_KNOTS('',1,(#736,#737),.UNSPECIFIED.,.F.,.F.,
  (2,2),(0.,3.),.PIECEWISE_BEZIER_KNOTS.);
#736 = CARTESIAN_POINT('',(-1.5,1.5,0.9200001));
#737 = CARTESIAN_POINT('',(-1.5,-1.5,0.9200001));
#738 = ORIENTED_EDGE('',*,*,#739,.T.);
#739 = EDGE_CURVE('',#733,#717,#740,.T.);
#740 = B_SPLINE_CURVE_WITH_KNOTS('',1,(#741,#742),.UNSPECIFIED.,.F.,.F.,
  (2,2),(0.,3.),.PIECEWISE_BEZIER_KNOTS.);
#741 = CARTESIAN_POINT('',(-1.5,-1.5,0.9200001));
#742 = CARTESIAN_POINT('',(1.5,-1.5,0.9200001));
#743 = FACE_BOUND('',#744,.T.);
#744 = EDGE_LOOP('',(#745,#746));
#745 = ORIENTED_EDGE('',*,*,#30,.T.);
#746 = ORIENTED_EDGE('',*,*,#747,.T.);
#747 = EDGE_CURVE('',#31,#24,#748,.T.);
#748 = B_SPLINE_CURVE_WITH_KNOTS('',3,(#749,#750,#751,#752,#753,#754,
    #755,#756,#757,#758,#759),.UNSPECIFIED.,.F.,.F.,(4,1,1,1,1,1,1,1,4),
  (0.5,0.533333333333,0.6,0.666666666667,0.733333333333,0.8,
    0.866666666667,0.933333333333,1.),.UNSPECIFIED.);
#749 = CARTESIAN_POINT('',(-1.240721564531,-1.012821473694,0.9200001));
#750 = CARTESIAN_POINT('',(-1.240721564531,-0.998618608656,0.9200001));
#751 = CARTESIAN_POINT('',(-1.23629323295,-0.956010013541,0.9200001));
#752 = CARTESIAN_POINT('',(-1.206771022411,-0.889702043024,0.9200001));
#753 = CARTESIAN_POINT('',(-1.142043307202,-0.831420946471,0.9200001));
#754 = CARTESIAN_POINT('',(-1.059206539422,-0.804505649047,0.9200001));
#755 = CARTESIAN_POINT('',(-0.972583948769,-0.813610050194,0.9200001));
#756 = CARTESIAN_POINT('',(-0.897153368108,-0.857159916243,0.9200001));
#757 = CARTESIAN_POINT('',(-0.845957430102,-0.927625079717,0.9200001));
#758 = CARTESIAN_POINT('',(-0.833884728389,-0.984422675701,0.9200001));
#759 = CARTESIAN_POINT('',(-0.833884728389,-1.012821473694,0.9200001));
#760 = FACE_BOUND('',#761,.T.);
#761 = EDGE_LOOP('',(#762,#771,#778,#785,#792,#799));
#762 = ORIENTED_EDGE('',*,*,#763,.F.);
#763 = EDGE_CURVE('',#764,#766,#768,.T.);
#764 = VERTEX_POINT('',#765);
#765 = CARTESIAN_POINT('',(-0.74957946979,1.157512003743,0.9200001));
#766 = VERTEX_POINT('',#767);
#767 = CARTESIAN_POINT('',(-0.787077850421,1.157512003743,0.9200001));
#768 = B_SPLINE_CURVE_WITH_KNOTS('',1,(#769,#770),.UNSPECIFIED.,.F.,.F.,
  (2,2),(-3.74983806307E-02,-0.),.PIECEWISE_BEZIER_KNOTS.);
#769 = CARTESIAN_POINT('',(-0.74957946979,1.157512003743,0.9200001));
#770 = CARTESIAN_POINT('',(-0.787077850421,1.157512003743,0.9200001));
#771 = ORIENTED_EDGE('',*,*,#772,.F.);
#772 = EDGE_CURVE('',#773,#764,#775,.T.);
#773 = VERTEX_POINT('',#774);
#774 = CARTESIAN_POINT('',(-0.74957946979,1.146777550751,0.9200001));
#775 = B_SPLINE_CURVE_WITH_KNOTS('',1,(#776,#777),.UNSPECIFIED.,.F.,.F.,
  (2,2),(-1.073445299173E-02,0.),.PIECEWISE_BEZIER_KNOTS.);
#776 = CARTESIAN_POINT('',(-0.74957946979,1.146777550751,0.9200001));
#777 = CARTESIAN_POINT('',(-0.74957946979,1.157512003743,0.9200001));
#778 = ORIENTED_EDGE('',*,*,#779,.F.);
#779 = EDGE_CURVE('',#780,#773,#782,.T.);
#780 = VERTEX_POINT('',#781);
#781 = CARTESIAN_POINT('',(-0.799232331947,1.146777550751,0.9200001));
#782 = B_SPLINE_CURVE_WITH_KNOTS('',1,(#783,#784),.UNSPECIFIED.,.F.,.F.,
  (2,2),(-4.96528621572E-02,0.),.PIECEWISE_BEZIER_KNOTS.);
#783 = CARTESIAN_POINT('',(-0.799232331947,1.146777550751,0.9200001));
#784 = CARTESIAN_POINT('',(-0.74957946979,1.146777550751,0.9200001));
#785 = ORIENTED_EDGE('',*,*,#786,.F.);
#786 = EDGE_CURVE('',#787,#780,#789,.T.);
#787 = VERTEX_POINT('',#788);
#788 = CARTESIAN_POINT('',(-0.799232331947,1.240932663091,0.9200001));
#789 = B_SPLINE_CURVE_WITH_KNOTS('',1,(#790,#791),.UNSPECIFIED.,.F.,.F.,
  (2,2),(-9.415511234022E-02,-0.),.PIECEWISE_BEZIER_KNOTS.);
#790 = CARTESIAN_POINT('',(-0.799232331947,1.240932663091,0.9200001));
#791 = CARTESIAN_POINT('',(-0.799232331947,1.146777550751,0.9200001));
#792 = ORIENTED_EDGE('',*,*,#793,.F.);
#793 = EDGE_CURVE('',#794,#787,#796,.T.);
#794 = VERTEX_POINT('',#795);
#795 = CARTESIAN_POINT('',(-0.787077850421,1.240932663091,0.9200001));
#796 = B_SPLINE_CURVE_WITH_KNOTS('',1,(#797,#798),.UNSPECIFIED.,.F.,.F.,
  (2,2),(-1.21544815265E-02,-0.),.PIECEWISE_BEZIER_KNOTS.);
#797 = CARTESIAN_POINT('',(-0.787077850421,1.240932663091,0.9200001));
#798 = CARTESIAN_POINT('',(-0.799232331947,1.240932663091,0.9200001));
#799 = ORIENTED_EDGE('',*,*,#800,.F.);
#800 = EDGE_CURVE('',#766,#794,#801,.T.);
#801 = B_SPLINE_CURVE_WITH_KNOTS('',1,(#802,#803),.UNSPECIFIED.,.F.,.F.,
  (2,2),(-8.342065934849E-02,0.),.PIECEWISE_BEZIER_KNOTS.);
#802 = CARTESIAN_POINT('',(-0.787077850421,1.157512003743,0.9200001));
#803 = CARTESIAN_POINT('',(-0.787077850421,1.240932663091,0.9200001));
#804 = FACE_BOUND('',#805,.T.);
#805 = EDGE_LOOP('',(#806,#815,#824,#833,#842,#851,#860,#869,#876,#885,
    #894,#903,#912,#921));
#806 = ORIENTED_EDGE('',*,*,#807,.F.);
#807 = EDGE_CURVE('',#808,#810,#812,.T.);
#808 = VERTEX_POINT('',#809);
#809 = CARTESIAN_POINT('',(-0.675232552096,1.150676612152,0.9200001));
#810 = VERTEX_POINT('',#811);
#811 = CARTESIAN_POINT('',(-0.675232552096,1.162325659793,0.9200001));
#812 = B_SPLINE_CURVE_WITH_KNOTS('',1,(#813,#814),.UNSPECIFIED.,.F.,.F.,
  (2,2),(-1.164904764149E-02,0.),.PIECEWISE_BEZIER_KNOTS.);
#813 = CARTESIAN_POINT('',(-0.675232552096,1.150676612152,0.9200001));
#814 = CARTESIAN_POINT('',(-0.675232552096,1.162325659793,0.9200001));
#815 = ORIENTED_EDGE('',*,*,#816,.F.);
#816 = EDGE_CURVE('',#817,#808,#819,.T.);
#817 = VERTEX_POINT('',#818);
#818 = CARTESIAN_POINT('',(-0.701298499607,1.145189044255,0.9200001));
#819 = B_SPLINE_CURVE_WITH_KNOTS('',3,(#820,#821,#822,#823),
  .UNSPECIFIED.,.F.,.F.,(4,4),(0.,1.),.PIECEWISE_BEZIER_KNOTS.);
#820 = CARTESIAN_POINT('',(-0.701298499607,1.145189044255,0.9200001));
#821 = CARTESIAN_POINT('',(-0.690852865979,1.145189044255,0.9200001));
#822 = CARTESIAN_POINT('',(-0.682164216808,1.147018233553,0.9200001));
#823 = CARTESIAN_POINT('',(-0.675232552096,1.150676612152,0.9200001));
#824 = ORIENTED_EDGE('',*,*,#825,.F.);
#825 = EDGE_CURVE('',#826,#817,#828,.T.);
#826 = VERTEX_POINT('',#827);
#827 = CARTESIAN_POINT('',(-0.733646268264,1.158041505909,0.9200001));
#828 = B_SPLINE_CURVE_WITH_KNOTS('',3,(#829,#830,#831,#832),
  .UNSPECIFIED.,.F.,.F.,(4,4),(1.,2.),.PIECEWISE_BEZIER_KNOTS.);
#829 = CARTESIAN_POINT('',(-0.733646268264,1.158041505909,0.9200001));
#830 = CARTESIAN_POINT('',(-0.72558339438,1.149473198139,0.9200001));
#831 = CARTESIAN_POINT('',(-0.714800804828,1.145189044255,0.9200001));
#832 = CARTESIAN_POINT('',(-0.701298499607,1.145189044255,0.9200001));
#833 = ORIENTED_EDGE('',*,*,#834,.F.);
#834 = EDGE_CURVE('',#835,#826,#837,.T.);
#835 = VERTEX_POINT('',#836);
#836 = CARTESIAN_POINT('',(-0.74572854495,1.192074054183,0.9200001));
#837 = B_SPLINE_CURVE_WITH_KNOTS('',3,(#838,#839,#840,#841),
  .UNSPECIFIED.,.F.,.F.,(4,4),(2.,3.),.PIECEWISE_BEZIER_KNOTS.);
#838 = CARTESIAN_POINT('',(-0.74572854495,1.192074054183,0.9200001));
#839 = CARTESIAN_POINT('',(-0.74572854495,1.177970041956,0.9200001));
#840 = CARTESIAN_POINT('',(-0.741709142148,1.166609813678,0.9200001));
#841 = CARTESIAN_POINT('',(-0.733646268264,1.158041505909,0.9200001));
#842 = ORIENTED_EDGE('',*,*,#843,.F.);
#843 = EDGE_CURVE('',#844,#835,#846,.T.);
#844 = VERTEX_POINT('',#845);
#845 = CARTESIAN_POINT('',(-0.732129966609,1.228657840164,0.9200001));
#846 = B_SPLINE_CURVE_WITH_KNOTS('',3,(#847,#848,#849,#850),
  .UNSPECIFIED.,.F.,.F.,(4,4),(3.,4.),.PIECEWISE_BEZIER_KNOTS.);
#847 = CARTESIAN_POINT('',(-0.732129966609,1.228657840164,0.9200001));
#848 = CARTESIAN_POINT('',(-0.741203708263,1.219415620548,0.9200001));
#849 = CARTESIAN_POINT('',(-0.74572854495,1.207237070741,0.9200001));
#850 = CARTESIAN_POINT('',(-0.74572854495,1.192074054183,0.9200001));
#851 = ORIENTED_EDGE('',*,*,#852,.F.);
#852 = EDGE_CURVE('',#853,#844,#855,.T.);
#853 = VERTEX_POINT('',#854);
#854 = CARTESIAN_POINT('',(-0.697543847889,1.242521169588,0.9200001));
#855 = B_SPLINE_CURVE_WITH_KNOTS('',3,(#856,#857,#858,#859),
  .UNSPECIFIED.,.F.,.F.,(4,4),(4.,5.),.PIECEWISE_BEZIER_KNOTS.);
#856 = CARTESIAN_POINT('',(-0.697543847889,1.242521169588,0.9200001));
#857 = CARTESIAN_POINT('',(-0.711527518714,1.242521169588,0.9200001));
#858 = CARTESIAN_POINT('',(-0.723056224954,1.23790005978,0.9200001));
#859 = CARTESIAN_POINT('',(-0.732129966609,1.228657840164,0.9200001));
#860 = ORIENTED_EDGE('',*,*,#861,.F.);
#861 = EDGE_CURVE('',#862,#853,#864,.T.);
#862 = VERTEX_POINT('',#863);
#863 = CARTESIAN_POINT('',(-0.675232552096,1.238670244748,0.9200001));
#864 = B_SPLINE_CURVE_WITH_KNOTS('',3,(#865,#866,#867,#868),
  .UNSPECIFIED.,.F.,.F.,(4,4),(5.,6.),.PIECEWISE_BEZIER_KNOTS.);
#865 = CARTESIAN_POINT('',(-0.675232552096,1.238670244748,0.9200001));
#866 = CARTESIAN_POINT('',(-0.681105212477,1.241221482455,0.9200001));
#867 = CARTESIAN_POINT('',(-0.688542311075,1.242521169588,0.9200001));
#868 = CARTESIAN_POINT('',(-0.697543847889,1.242521169588,0.9200001));
#869 = ORIENTED_EDGE('',*,*,#870,.F.);
#870 = EDGE_CURVE('',#871,#862,#873,.T.);
#871 = VERTEX_POINT('',#872);
#872 = CARTESIAN_POINT('',(-0.675232552096,1.225962192776,0.9200001));
#873 = B_SPLINE_CURVE_WITH_KNOTS('',1,(#874,#875),.UNSPECIFIED.,.F.,.F.,
  (2,2),(-1.270805197195E-02,0.),.PIECEWISE_BEZIER_KNOTS.);
#874 = CARTESIAN_POINT('',(-0.675232552096,1.225962192776,0.9200001));
#875 = CARTESIAN_POINT('',(-0.675232552096,1.238670244748,0.9200001));
#876 = ORIENTED_EDGE('',*,*,#877,.F.);
#877 = EDGE_CURVE('',#878,#871,#880,.T.);
#878 = VERTEX_POINT('',#879);
#879 = CARTESIAN_POINT('',(-0.697423506487,1.231546033794,0.9200001));
#880 = B_SPLINE_CURVE_WITH_KNOTS('',3,(#881,#882,#883,#884),
  .UNSPECIFIED.,.F.,.F.,(4,4),(7.,8.),.PIECEWISE_BEZIER_KNOTS.);
#881 = CARTESIAN_POINT('',(-0.697423506487,1.231546033794,0.9200001));
#882 = CARTESIAN_POINT('',(-0.689360632603,1.231546033794,0.9200001));
#883 = CARTESIAN_POINT('',(-0.681971670566,1.229716844495,0.9200001));
#884 = CARTESIAN_POINT('',(-0.675232552096,1.225962192776,0.9200001));
#885 = ORIENTED_EDGE('',*,*,#886,.F.);
#886 = EDGE_CURVE('',#887,#878,#889,.T.);
#887 = VERTEX_POINT('',#888);
#888 = CARTESIAN_POINT('',(-0.723080293234,1.221100400165,0.9200001));
#889 = B_SPLINE_CURVE_WITH_KNOTS('',3,(#890,#891,#892,#893),
  .UNSPECIFIED.,.F.,.F.,(4,4),(8.,9.),.PIECEWISE_BEZIER_KNOTS.);
#890 = CARTESIAN_POINT('',(-0.723080293234,1.221100400165,0.9200001));
#891 = CARTESIAN_POINT('',(-0.716461516165,1.228080201438,0.9200001));
#892 = CARTESIAN_POINT('',(-0.707917276676,1.231546033794,0.9200001));
#893 = CARTESIAN_POINT('',(-0.697423506487,1.231546033794,0.9200001));
#894 = ORIENTED_EDGE('',*,*,#895,.F.);
#895 = EDGE_CURVE('',#896,#887,#898,.T.);
#896 = VERTEX_POINT('',#897);
#897 = CARTESIAN_POINT('',(-0.732972356417,1.192796102591,0.9200001));
#898 = B_SPLINE_CURVE_WITH_KNOTS('',3,(#899,#900,#901,#902),
  .UNSPECIFIED.,.F.,.F.,(4,4),(9.,10.),.PIECEWISE_BEZIER_KNOTS.);
#899 = CARTESIAN_POINT('',(-0.732972356417,1.192796102591,0.9200001));
#900 = CARTESIAN_POINT('',(-0.732972356417,1.204637696474,0.9200001));
#901 = CARTESIAN_POINT('',(-0.729675002023,1.214072462332,0.9200001));
#902 = CARTESIAN_POINT('',(-0.723080293234,1.221100400165,0.9200001));
#903 = ORIENTED_EDGE('',*,*,#904,.F.);
#904 = EDGE_CURVE('',#905,#896,#907,.T.);
#905 = VERTEX_POINT('',#906);
#906 = CARTESIAN_POINT('',(-0.723730136801,1.165935901831,0.9200001));
#907 = B_SPLINE_CURVE_WITH_KNOTS('',3,(#908,#909,#910,#911),
  .UNSPECIFIED.,.F.,.F.,(4,4),(10.,11.),.PIECEWISE_BEZIER_KNOTS.);
#908 = CARTESIAN_POINT('',(-0.723730136801,1.165935901831,0.9200001));
#909 = CARTESIAN_POINT('',(-0.729891616545,1.17257874718,0.9200001));
#910 = CARTESIAN_POINT('',(-0.732972356417,1.181532147433,0.9200001));
#911 = CARTESIAN_POINT('',(-0.732972356417,1.192796102591,0.9200001));
#912 = ORIENTED_EDGE('',*,*,#913,.F.);
#913 = EDGE_CURVE('',#914,#905,#916,.T.);
#914 = VERTEX_POINT('',#915);
#915 = CARTESIAN_POINT('',(-0.699541515149,1.156019770367,0.9200001));
#916 = B_SPLINE_CURVE_WITH_KNOTS('',3,(#917,#918,#919,#920),
  .UNSPECIFIED.,.F.,.F.,(4,4),(11.,12.),.PIECEWISE_BEZIER_KNOTS.);
#917 = CARTESIAN_POINT('',(-0.699541515149,1.156019770367,0.9200001));
#918 = CARTESIAN_POINT('',(-0.709505783173,1.156019770367,0.9200001));
#919 = CARTESIAN_POINT('',(-0.717568657057,1.159341193042,0.9200001));
#920 = CARTESIAN_POINT('',(-0.723730136801,1.165935901831,0.9200001));
#921 = ORIENTED_EDGE('',*,*,#922,.F.);
#922 = EDGE_CURVE('',#810,#914,#923,.T.);
#923 = B_SPLINE_CURVE_WITH_KNOTS('',3,(#924,#925,#926,#927),
  .UNSPECIFIED.,.F.,.F.,(4,4),(12.,13.),.PIECEWISE_BEZIER_KNOTS.);
#924 = CARTESIAN_POINT('',(-0.675232552096,1.162325659793,0.9200001));
#925 = CARTESIAN_POINT('',(-0.682116080248,1.158137779029,0.9200001));
#926 = CARTESIAN_POINT('',(-0.690227090692,1.156019770367,0.9200001));
#927 = CARTESIAN_POINT('',(-0.699541515149,1.156019770367,0.9200001));
#928 = FACE_BOUND('',#929,.T.);
#929 = EDGE_LOOP('',(#930,#939,#946,#953,#960,#967,#974,#981,#988,#995,
    #1002,#1009));
#930 = ORIENTED_EDGE('',*,*,#931,.F.);
#931 = EDGE_CURVE('',#932,#934,#936,.T.);
#932 = VERTEX_POINT('',#933);
#933 = CARTESIAN_POINT('',(-0.605747427013,1.157512003743,0.9200001));
#934 = VERTEX_POINT('',#935);
#935 = CARTESIAN_POINT('',(-0.644232607133,1.157512003743,0.9200001));
#936 = B_SPLINE_CURVE_WITH_KNOTS('',1,(#937,#938),.UNSPECIFIED.,.F.,.F.,
  (2,2),(-3.848518012049E-02,-0.),.PIECEWISE_BEZIER_KNOTS.);
#937 = CARTESIAN_POINT('',(-0.605747427013,1.157512003743,0.9200001));
#938 = CARTESIAN_POINT('',(-0.644232607133,1.157512003743,0.9200001));
#939 = ORIENTED_EDGE('',*,*,#940,.F.);
#940 = EDGE_CURVE('',#941,#932,#943,.T.);
#941 = VERTEX_POINT('',#942);
#942 = CARTESIAN_POINT('',(-0.605747427013,1.146777550751,0.9200001));
#943 = B_SPLINE_CURVE_WITH_KNOTS('',1,(#944,#945),.UNSPECIFIED.,.F.,.F.,
  (2,2),(-1.073445299173E-02,0.),.PIECEWISE_BEZIER_KNOTS.);
#944 = CARTESIAN_POINT('',(-0.605747427013,1.146777550751,0.9200001));
#945 = CARTESIAN_POINT('',(-0.605747427013,1.157512003743,0.9200001));
#946 = ORIENTED_EDGE('',*,*,#947,.F.);
#947 = EDGE_CURVE('',#948,#941,#950,.T.);
#948 = VERTEX_POINT('',#949);
#949 = CARTESIAN_POINT('',(-0.65638708866,1.146777550751,0.9200001));
#950 = B_SPLINE_CURVE_WITH_KNOTS('',1,(#951,#952),.UNSPECIFIED.,.F.,.F.,
  (2,2),(-5.063966164699E-02,0.),.PIECEWISE_BEZIER_KNOTS.);
#951 = CARTESIAN_POINT('',(-0.65638708866,1.146777550751,0.9200001));
#952 = CARTESIAN_POINT('',(-0.605747427013,1.146777550751,0.9200001));
#953 = ORIENTED_EDGE('',*,*,#954,.F.);
#954 = EDGE_CURVE('',#955,#948,#957,.T.);
#955 = VERTEX_POINT('',#956);
#956 = CARTESIAN_POINT('',(-0.65638708866,1.240932663091,0.9200001));
#957 = B_SPLINE_CURVE_WITH_KNOTS('',1,(#958,#959),.UNSPECIFIED.,.F.,.F.,
  (2,2),(-9.415511234022E-02,-0.),.PIECEWISE_BEZIER_KNOTS.);
#958 = CARTESIAN_POINT('',(-0.65638708866,1.240932663091,0.9200001));
#959 = CARTESIAN_POINT('',(-0.65638708866,1.146777550751,0.9200001));
#960 = ORIENTED_EDGE('',*,*,#961,.F.);
#961 = EDGE_CURVE('',#962,#955,#964,.T.);
#962 = VERTEX_POINT('',#963);
#963 = CARTESIAN_POINT('',(-0.607889503955,1.240932663091,0.9200001));
#964 = B_SPLINE_CURVE_WITH_KNOTS('',1,(#965,#966),.UNSPECIFIED.,.F.,.F.,
  (2,2),(-4.849758470488E-02,-0.),.PIECEWISE_BEZIER_KNOTS.);
#965 = CARTESIAN_POINT('',(-0.607889503955,1.240932663091,0.9200001));
#966 = CARTESIAN_POINT('',(-0.65638708866,1.240932663091,0.9200001));
#967 = ORIENTED_EDGE('',*,*,#968,.F.);
#968 = EDGE_CURVE('',#969,#962,#971,.T.);
#969 = VERTEX_POINT('',#970);
#970 = CARTESIAN_POINT('',(-0.607889503955,1.230101936979,0.9200001));
#971 = B_SPLINE_CURVE_WITH_KNOTS('',1,(#972,#973),.UNSPECIFIED.,.F.,.F.,
  (2,2),(-1.083072611262E-02,0.),.PIECEWISE_BEZIER_KNOTS.);
#972 = CARTESIAN_POINT('',(-0.607889503955,1.230101936979,0.9200001));
#973 = CARTESIAN_POINT('',(-0.607889503955,1.240932663091,0.9200001));
#974 = ORIENTED_EDGE('',*,*,#975,.F.);
#975 = EDGE_CURVE('',#976,#969,#978,.T.);
#976 = VERTEX_POINT('',#977);
#977 = CARTESIAN_POINT('',(-0.644232607133,1.230101936979,0.9200001));
#978 = B_SPLINE_CURVE_WITH_KNOTS('',1,(#979,#980),.UNSPECIFIED.,.F.,.F.,
  (2,2),(-3.634310317838E-02,0.),.PIECEWISE_BEZIER_KNOTS.);
#979 = CARTESIAN_POINT('',(-0.644232607133,1.230101936979,0.9200001));
#980 = CARTESIAN_POINT('',(-0.607889503955,1.230101936979,0.9200001));
#981 = ORIENTED_EDGE('',*,*,#982,.F.);
#982 = EDGE_CURVE('',#983,#976,#985,.T.);
#983 = VERTEX_POINT('',#984);
#984 = CARTESIAN_POINT('',(-0.644232607133,1.199968450105,0.9200001));
#985 = B_SPLINE_CURVE_WITH_KNOTS('',1,(#986,#987),.UNSPECIFIED.,.F.,.F.,
  (2,2),(-3.013348687407E-02,0.),.PIECEWISE_BEZIER_KNOTS.);
#986 = CARTESIAN_POINT('',(-0.644232607133,1.199968450105,0.9200001));
#987 = CARTESIAN_POINT('',(-0.644232607133,1.230101936979,0.9200001));
#988 = ORIENTED_EDGE('',*,*,#989,.F.);
#989 = EDGE_CURVE('',#990,#983,#992,.T.);
#990 = VERTEX_POINT('',#991);
#991 = CARTESIAN_POINT('',(-0.610561083063,1.199968450105,0.9200001));
#992 = B_SPLINE_CURVE_WITH_KNOTS('',1,(#993,#994),.UNSPECIFIED.,.F.,.F.,
  (2,2),(-3.36715240704E-02,-0.),.PIECEWISE_BEZIER_KNOTS.);
#993 = CARTESIAN_POINT('',(-0.610561083063,1.199968450105,0.9200001));
#994 = CARTESIAN_POINT('',(-0.644232607133,1.199968450105,0.9200001));
#995 = ORIENTED_EDGE('',*,*,#996,.F.);
#996 = EDGE_CURVE('',#997,#990,#999,.T.);
#997 = VERTEX_POINT('',#998);
#998 = CARTESIAN_POINT('',(-0.610561083063,1.189185860553,0.9200001));
#999 = B_SPLINE_CURVE_WITH_KNOTS('',1,(#1000,#1001),.UNSPECIFIED.,.F.,
  .F.,(2,2),(-1.078258955217E-02,0.),.PIECEWISE_BEZIER_KNOTS.);
#1000 = CARTESIAN_POINT('',(-0.610561083063,1.189185860553,0.9200001));
#1001 = CARTESIAN_POINT('',(-0.610561083063,1.199968450105,0.9200001));
#1002 = ORIENTED_EDGE('',*,*,#1003,.F.);
#1003 = EDGE_CURVE('',#1004,#997,#1006,.T.);
#1004 = VERTEX_POINT('',#1005);
#1005 = CARTESIAN_POINT('',(-0.644232607133,1.189185860553,0.9200001));
#1006 = B_SPLINE_CURVE_WITH_KNOTS('',1,(#1007,#1008),.UNSPECIFIED.,.F.,
  .F.,(2,2),(-3.36715240704E-02,0.),.PIECEWISE_BEZIER_KNOTS.);
#1007 = CARTESIAN_POINT('',(-0.644232607133,1.189185860553,0.9200001));
#1008 = CARTESIAN_POINT('',(-0.610561083063,1.189185860553,0.9200001));
#1009 = ORIENTED_EDGE('',*,*,#1010,.F.);
#1010 = EDGE_CURVE('',#934,#1004,#1011,.T.);
#1011 = B_SPLINE_CURVE_WITH_KNOTS('',1,(#1012,#1013),.UNSPECIFIED.,.F.,
  .F.,(2,2),(-3.167385680963E-02,0.),.PIECEWISE_BEZIER_KNOTS.);
#1012 = CARTESIAN_POINT('',(-0.644232607133,1.157512003743,0.9200001));
#1013 = CARTESIAN_POINT('',(-0.644232607133,1.189185860553,0.9200001));
#1014 = FACE_BOUND('',#1015,.T.);
#1015 = EDGE_LOOP('',(#1016,#1025,#1032,#1039,#1046,#1053,#1060,#1067));
#1016 = ORIENTED_EDGE('',*,*,#1017,.F.);
#1017 = EDGE_CURVE('',#1018,#1020,#1022,.T.);
#1018 = VERTEX_POINT('',#1019);
#1019 = CARTESIAN_POINT('',(-0.457222069586,1.240932663091,0.9200001));
#1020 = VERTEX_POINT('',#1021);
#1021 = CARTESIAN_POINT('',(-0.470218940921,1.240932663091,0.9200001));
#1022 = B_SPLINE_CURVE_WITH_KNOTS('',1,(#1023,#1024),.UNSPECIFIED.,.F.,
  .F.,(2,2),(-1.299687133527E-02,-0.),.PIECEWISE_BEZIER_KNOTS.);
#1023 = CARTESIAN_POINT('',(-0.457222069586,1.240932663091,0.9200001));
#1024 = CARTESIAN_POINT('',(-0.470218940921,1.240932663091,0.9200001));
#1025 = ORIENTED_EDGE('',*,*,#1026,.F.);
#1026 = EDGE_CURVE('',#1027,#1018,#1029,.T.);
#1027 = VERTEX_POINT('',#1028);
#1028 = CARTESIAN_POINT('',(-0.421360332013,1.146777550751,0.9200001));
#1029 = B_SPLINE_CURVE_WITH_KNOTS('',1,(#1030,#1031),.UNSPECIFIED.,.F.,
  .F.,(2,2),(-0.100753408883,0.),.PIECEWISE_BEZIER_KNOTS.);
#1030 = CARTESIAN_POINT('',(-0.421360332013,1.146777550751,0.9200001));
#1031 = CARTESIAN_POINT('',(-0.457222069586,1.240932663091,0.9200001));
#1032 = ORIENTED_EDGE('',*,*,#1033,.F.);
#1033 = EDGE_CURVE('',#1034,#1027,#1036,.T.);
#1034 = VERTEX_POINT('',#1035);
#1035 = CARTESIAN_POINT('',(-0.434790432392,1.146777550751,0.9200001));
#1036 = B_SPLINE_CURVE_WITH_KNOTS('',1,(#1037,#1038),.UNSPECIFIED.,.F.,
  .F.,(2,2),(-1.343010037993E-02,0.),.PIECEWISE_BEZIER_KNOTS.);
#1037 = CARTESIAN_POINT('',(-0.434790432392,1.146777550751,0.9200001));
#1038 = CARTESIAN_POINT('',(-0.421360332013,1.146777550751,0.9200001));
#1039 = ORIENTED_EDGE('',*,*,#1040,.F.);
#1040 = EDGE_CURVE('',#1041,#1034,#1043,.T.);
#1041 = VERTEX_POINT('',#1042);
#1042 = CARTESIAN_POINT('',(-0.444393676212,1.17253061062,0.9200001));
#1043 = B_SPLINE_CURVE_WITH_KNOTS('',1,(#1044,#1045),.UNSPECIFIED.,.F.,
  .F.,(2,2),(-2.748531215843E-02,0.),.PIECEWISE_BEZIER_KNOTS.);
#1044 = CARTESIAN_POINT('',(-0.444393676212,1.17253061062,0.9200001));
#1045 = CARTESIAN_POINT('',(-0.434790432392,1.146777550751,0.9200001));
#1046 = ORIENTED_EDGE('',*,*,#1047,.F.);
#1047 = EDGE_CURVE('',#1048,#1041,#1050,.T.);
#1048 = VERTEX_POINT('',#1049);
#1049 = CARTESIAN_POINT('',(-0.483600904741,1.17253061062,0.9200001));
#1050 = B_SPLINE_CURVE_WITH_KNOTS('',1,(#1051,#1052),.UNSPECIFIED.,.F.,
  .F.,(2,2),(-3.920722852847E-02,0.),.PIECEWISE_BEZIER_KNOTS.);
#1051 = CARTESIAN_POINT('',(-0.483600904741,1.17253061062,0.9200001));
#1052 = CARTESIAN_POINT('',(-0.444393676212,1.17253061062,0.9200001));
#1053 = ORIENTED_EDGE('',*,*,#1054,.F.);
#1054 = EDGE_CURVE('',#1055,#1048,#1057,.T.);
#1055 = VERTEX_POINT('',#1056);
#1056 = CARTESIAN_POINT('',(-0.492650578115,1.146777550751,0.9200001));
#1057 = B_SPLINE_CURVE_WITH_KNOTS('',1,(#1058,#1059),.UNSPECIFIED.,.F.,
  .F.,(2,2),(-2.729682547038E-02,0.),.PIECEWISE_BEZIER_KNOTS.);
#1058 = CARTESIAN_POINT('',(-0.492650578115,1.146777550751,0.9200001));
#1059 = CARTESIAN_POINT('',(-0.483600904741,1.17253061062,0.9200001));
#1060 = ORIENTED_EDGE('',*,*,#1061,.F.);
#1061 = EDGE_CURVE('',#1062,#1055,#1064,.T.);
#1062 = VERTEX_POINT('',#1063);
#1063 = CARTESIAN_POINT('',(-0.506080678494,1.146777550751,0.9200001));
#1064 = B_SPLINE_CURVE_WITH_KNOTS('',1,(#1065,#1066),.UNSPECIFIED.,.F.,
  .F.,(2,2),(-1.343010037929E-02,0.),.PIECEWISE_BEZIER_KNOTS.);
#1065 = CARTESIAN_POINT('',(-0.506080678494,1.146777550751,0.9200001));
#1066 = CARTESIAN_POINT('',(-0.492650578115,1.146777550751,0.9200001));
#1067 = ORIENTED_EDGE('',*,*,#1068,.F.);
#1068 = EDGE_CURVE('',#1020,#1062,#1069,.T.);
#1069 = B_SPLINE_CURVE_WITH_KNOTS('',1,(#1070,#1071),.UNSPECIFIED.,.F.,
  .F.,(2,2),(-0.100753408883,-0.),.PIECEWISE_BEZIER_KNOTS.);
#1070 = CARTESIAN_POINT('',(-0.470218940921,1.240932663091,0.9200001));
#1071 = CARTESIAN_POINT('',(-0.506080678494,1.146777550751,0.9200001));
#1072 = FACE_BOUND('',#1073,.T.);
#1073 = EDGE_LOOP('',(#1074,#1083,#1090,#1097,#1104,#1111,#1118,#1125,
    #1132,#1139,#1146,#1153));
#1074 = ORIENTED_EDGE('',*,*,#1075,.F.);
#1075 = EDGE_CURVE('',#1076,#1078,#1080,.T.);
#1076 = VERTEX_POINT('',#1077);
#1077 = CARTESIAN_POINT('',(-0.7485926703,1.008144256508,0.9200001));
#1078 = VERTEX_POINT('',#1079);
#1079 = CARTESIAN_POINT('',(-0.787077850421,1.008144256508,0.9200001));
#1080 = B_SPLINE_CURVE_WITH_KNOTS('',1,(#1081,#1082),.UNSPECIFIED.,.F.,
  .F.,(2,2),(-3.848518012081E-02,-0.),.PIECEWISE_BEZIER_KNOTS.);
#1081 = CARTESIAN_POINT('',(-0.7485926703,1.008144256508,0.9200001));
#1082 = CARTESIAN_POINT('',(-0.787077850421,1.008144256508,0.9200001));
#1083 = ORIENTED_EDGE('',*,*,#1084,.F.);
#1084 = EDGE_CURVE('',#1085,#1076,#1087,.T.);
#1085 = VERTEX_POINT('',#1086);
#1086 = CARTESIAN_POINT('',(-0.7485926703,0.997409803516,0.9200001));
#1087 = B_SPLINE_CURVE_WITH_KNOTS('',1,(#1088,#1089),.UNSPECIFIED.,.F.,
  .F.,(2,2),(-1.073445299173E-02,0.),.PIECEWISE_BEZIER_KNOTS.);
#1088 = CARTESIAN_POINT('',(-0.7485926703,0.997409803516,0.9200001));
#1089 = CARTESIAN_POINT('',(-0.7485926703,1.008144256508,0.9200001));
#1090 = ORIENTED_EDGE('',*,*,#1091,.F.);
#1091 = EDGE_CURVE('',#1092,#1085,#1094,.T.);
#1092 = VERTEX_POINT('',#1093);
#1093 = CARTESIAN_POINT('',(-0.799232331947,0.997409803516,0.9200001));
#1094 = B_SPLINE_CURVE_WITH_KNOTS('',1,(#1095,#1096),.UNSPECIFIED.,.F.,
  .F.,(2,2),(-5.063966164731E-02,0.),.PIECEWISE_BEZIER_KNOTS.);
#1095 = CARTESIAN_POINT('',(-0.799232331947,0.997409803516,0.9200001));
#1096 = CARTESIAN_POINT('',(-0.7485926703,0.997409803516,0.9200001));
#1097 = ORIENTED_EDGE('',*,*,#1098,.F.);
#1098 = EDGE_CURVE('',#1099,#1092,#1101,.T.);
#1099 = VERTEX_POINT('',#1100);
#1100 = CARTESIAN_POINT('',(-0.799232331947,1.091564915856,0.9200001));
#1101 = B_SPLINE_CURVE_WITH_KNOTS('',1,(#1102,#1103),.UNSPECIFIED.,.F.,
  .F.,(2,2),(-9.415511234022E-02,-0.),.PIECEWISE_BEZIER_KNOTS.);
#1102 = CARTESIAN_POINT('',(-0.799232331947,1.091564915856,0.9200001));
#1103 = CARTESIAN_POINT('',(-0.799232331947,0.997409803516,0.9200001));
#1104 = ORIENTED_EDGE('',*,*,#1105,.F.);
#1105 = EDGE_CURVE('',#1106,#1099,#1108,.T.);
#1106 = VERTEX_POINT('',#1107);
#1107 = CARTESIAN_POINT('',(-0.750734747242,1.091564915856,0.9200001));
#1108 = B_SPLINE_CURVE_WITH_KNOTS('',1,(#1109,#1110),.UNSPECIFIED.,.F.,
  .F.,(2,2),(-4.849758470488E-02,-0.),.PIECEWISE_BEZIER_KNOTS.);
#1109 = CARTESIAN_POINT('',(-0.750734747242,1.091564915856,0.9200001));
#1110 = CARTESIAN_POINT('',(-0.799232331947,1.091564915856,0.9200001));
#1111 = ORIENTED_EDGE('',*,*,#1112,.F.);
#1112 = EDGE_CURVE('',#1113,#1106,#1115,.T.);
#1113 = VERTEX_POINT('',#1114);
#1114 = CARTESIAN_POINT('',(-0.750734747242,1.080734189744,0.9200001));
#1115 = B_SPLINE_CURVE_WITH_KNOTS('',1,(#1116,#1117),.UNSPECIFIED.,.F.,
  .F.,(2,2),(-1.083072611262E-02,0.),.PIECEWISE_BEZIER_KNOTS.);
#1116 = CARTESIAN_POINT('',(-0.750734747242,1.080734189744,0.9200001));
#1117 = CARTESIAN_POINT('',(-0.750734747242,1.091564915856,0.9200001));
#1118 = ORIENTED_EDGE('',*,*,#1119,.F.);
#1119 = EDGE_CURVE('',#1120,#1113,#1122,.T.);
#1120 = VERTEX_POINT('',#1121);
#1121 = CARTESIAN_POINT('',(-0.787077850421,1.080734189744,0.9200001));
#1122 = B_SPLINE_CURVE_WITH_KNOTS('',1,(#1123,#1124),.UNSPECIFIED.,.F.,
  .F.,(2,2),(-3.634310317838E-02,0.),.PIECEWISE_BEZIER_KNOTS.);
#1123 = CARTESIAN_POINT('',(-0.787077850421,1.080734189744,0.9200001));
#1124 = CARTESIAN_POINT('',(-0.750734747242,1.080734189744,0.9200001));
#1125 = ORIENTED_EDGE('',*,*,#1126,.F.);
#1126 = EDGE_CURVE('',#1127,#1120,#1129,.T.);
#1127 = VERTEX_POINT('',#1128);
#1128 = CARTESIAN_POINT('',(-0.787077850421,1.05060070287,0.9200001));
#1129 = B_SPLINE_CURVE_WITH_KNOTS('',1,(#1130,#1131),.UNSPECIFIED.,.F.,
  .F.,(2,2),(-3.013348687407E-02,0.),.PIECEWISE_BEZIER_KNOTS.);
#1130 = CARTESIAN_POINT('',(-0.787077850421,1.05060070287,0.9200001));
#1131 = CARTESIAN_POINT('',(-0.787077850421,1.080734189744,0.9200001));
#1132 = ORIENTED_EDGE('',*,*,#1133,.F.);
#1133 = EDGE_CURVE('',#1134,#1127,#1136,.T.);
#1134 = VERTEX_POINT('',#1135);
#1135 = CARTESIAN_POINT('',(-0.75340632635,1.05060070287,0.9200001));
#1136 = B_SPLINE_CURVE_WITH_KNOTS('',1,(#1137,#1138),.UNSPECIFIED.,.F.,
  .F.,(2,2),(-3.367152407072E-02,-0.),.PIECEWISE_BEZIER_KNOTS.);
#1137 = CARTESIAN_POINT('',(-0.75340632635,1.05060070287,0.9200001));
#1138 = CARTESIAN_POINT('',(-0.787077850421,1.05060070287,0.9200001));
#1139 = ORIENTED_EDGE('',*,*,#1140,.F.);
#1140 = EDGE_CURVE('',#1141,#1134,#1143,.T.);
#1141 = VERTEX_POINT('',#1142);
#1142 = CARTESIAN_POINT('',(-0.75340632635,1.039818113318,0.9200001));
#1143 = B_SPLINE_CURVE_WITH_KNOTS('',1,(#1144,#1145),.UNSPECIFIED.,.F.,
  .F.,(2,2),(-1.078258955217E-02,0.),.PIECEWISE_BEZIER_KNOTS.);
#1144 = CARTESIAN_POINT('',(-0.75340632635,1.039818113318,0.9200001));
#1145 = CARTESIAN_POINT('',(-0.75340632635,1.05060070287,0.9200001));
#1146 = ORIENTED_EDGE('',*,*,#1147,.F.);
#1147 = EDGE_CURVE('',#1148,#1141,#1150,.T.);
#1148 = VERTEX_POINT('',#1149);
#1149 = CARTESIAN_POINT('',(-0.787077850421,1.039818113318,0.9200001));
#1150 = B_SPLINE_CURVE_WITH_KNOTS('',1,(#1151,#1152),.UNSPECIFIED.,.F.,
  .F.,(2,2),(-3.367152407072E-02,0.),.PIECEWISE_BEZIER_KNOTS.);
#1151 = CARTESIAN_POINT('',(-0.787077850421,1.039818113318,0.9200001));
#1152 = CARTESIAN_POINT('',(-0.75340632635,1.039818113318,0.9200001));
#1153 = ORIENTED_EDGE('',*,*,#1154,.F.);
#1154 = EDGE_CURVE('',#1078,#1148,#1155,.T.);
#1155 = B_SPLINE_CURVE_WITH_KNOTS('',1,(#1156,#1157),.UNSPECIFIED.,.F.,
  .F.,(2,2),(-3.167385680963E-02,0.),.PIECEWISE_BEZIER_KNOTS.);
#1156 = CARTESIAN_POINT('',(-0.787077850421,1.008144256508,0.9200001));
#1157 = CARTESIAN_POINT('',(-0.787077850421,1.039818113318,0.9200001));
#1158 = FACE_BOUND('',#1159,.T.);
#1159 = EDGE_LOOP('',(#1160,#1171,#1178,#1185,#1192,#1201,#1210));
#1160 = ORIENTED_EDGE('',*,*,#1161,.F.);
#1161 = EDGE_CURVE('',#1162,#1164,#1166,.T.);
#1162 = VERTEX_POINT('',#1163);
#1163 = CARTESIAN_POINT('',(-0.44415299341,0.997409803516,0.9200001));
#1164 = VERTEX_POINT('',#1165);
#1165 = CARTESIAN_POINT('',(-0.407593275709,1.010599221093,0.9200001));
#1166 = B_SPLINE_CURVE_WITH_KNOTS('',3,(#1167,#1168,#1169,#1170),
  .UNSPECIFIED.,.F.,.F.,(4,4),(5.,6.),.PIECEWISE_BEZIER_KNOTS.);
#1167 = CARTESIAN_POINT('',(-0.44415299341,0.997409803516,0.9200001));
#1168 = CARTESIAN_POINT('',(-0.429254727935,0.997409803516,0.9200001));
#1169 = CARTESIAN_POINT('',(-0.417052109847,1.001790230521,0.9200001));
#1170 = CARTESIAN_POINT('',(-0.407593275709,1.010599221093,0.9200001));
#1171 = ORIENTED_EDGE('',*,*,#1172,.F.);
#1172 = EDGE_CURVE('',#1173,#1162,#1175,.T.);
#1173 = VERTEX_POINT('',#1174);
#1174 = CARTESIAN_POINT('',(-0.470050462959,0.997409803516,0.9200001));
#1175 = B_SPLINE_CURVE_WITH_KNOTS('',1,(#1176,#1177),.UNSPECIFIED.,.F.,
  .F.,(2,2),(-2.589746954965E-02,1.110223024625E-16),
  .PIECEWISE_BEZIER_KNOTS.);
#1176 = CARTESIAN_POINT('',(-0.470050462959,0.997409803516,0.9200001));
#1177 = CARTESIAN_POINT('',(-0.44415299341,0.997409803516,0.9200001));
#1178 = ORIENTED_EDGE('',*,*,#1179,.F.);
#1179 = EDGE_CURVE('',#1180,#1173,#1182,.T.);
#1180 = VERTEX_POINT('',#1181);
#1181 = CARTESIAN_POINT('',(-0.470050462959,1.091564915856,0.9200001));
#1182 = B_SPLINE_CURVE_WITH_KNOTS('',1,(#1183,#1184),.UNSPECIFIED.,.F.,
  .F.,(2,2),(-9.415511234022E-02,-0.),.PIECEWISE_BEZIER_KNOTS.);
#1183 = CARTESIAN_POINT('',(-0.470050462959,1.091564915856,0.9200001));
#1184 = CARTESIAN_POINT('',(-0.470050462959,0.997409803516,0.9200001));
#1185 = ORIENTED_EDGE('',*,*,#1186,.F.);
#1186 = EDGE_CURVE('',#1187,#1180,#1189,.T.);
#1187 = VERTEX_POINT('',#1188);
#1188 = CARTESIAN_POINT('',(-0.4431902622,1.091564915856,0.9200001));
#1189 = B_SPLINE_CURVE_WITH_KNOTS('',1,(#1190,#1191),.UNSPECIFIED.,.F.,
  .F.,(2,2),(-2.686020075922E-02,-0.),.PIECEWISE_BEZIER_KNOTS.);
#1190 = CARTESIAN_POINT('',(-0.4431902622,1.091564915856,0.9200001));
#1191 = CARTESIAN_POINT('',(-0.470050462959,1.091564915856,0.9200001));
#1192 = ORIENTED_EDGE('',*,*,#1193,.F.);
#1193 = EDGE_CURVE('',#1194,#1187,#1196,.T.);
#1194 = VERTEX_POINT('',#1195);
#1195 = CARTESIAN_POINT('',(-0.407593275709,1.079097546687,0.9200001));
#1196 = B_SPLINE_CURVE_WITH_KNOTS('',3,(#1197,#1198,#1199,#1200),
  .UNSPECIFIED.,.F.,.F.,(4,4),(2.,3.),.PIECEWISE_BEZIER_KNOTS.);
#1197 = CARTESIAN_POINT('',(-0.407593275709,1.079097546687,0.9200001));
#1198 = CARTESIAN_POINT('',(-0.417052109847,1.087425171653,0.9200001));
#1199 = CARTESIAN_POINT('',(-0.428917772012,1.091564915856,0.9200001));
#1200 = CARTESIAN_POINT('',(-0.4431902622,1.091564915856,0.9200001));
#1201 = ORIENTED_EDGE('',*,*,#1202,.F.);
#1202 = EDGE_CURVE('',#1203,#1194,#1205,.T.);
#1203 = VERTEX_POINT('',#1204);
#1204 = CARTESIAN_POINT('',(-0.393392990361,1.045690773698,0.9200001));
#1205 = B_SPLINE_CURVE_WITH_KNOTS('',3,(#1206,#1207,#1208,#1209),
  .UNSPECIFIED.,.F.,.F.,(4,4),(3.,4.),.PIECEWISE_BEZIER_KNOTS.);
#1206 = CARTESIAN_POINT('',(-0.393392990361,1.045690773698,0.9200001));
#1207 = CARTESIAN_POINT('',(-0.393392990361,1.059650376244,0.9200001));
#1208 = CARTESIAN_POINT('',(-0.398134441571,1.07076992172,0.9200001));
#1209 = CARTESIAN_POINT('',(-0.407593275709,1.079097546687,0.9200001));
#1210 = ORIENTED_EDGE('',*,*,#1211,.F.);
#1211 = EDGE_CURVE('',#1164,#1203,#1212,.T.);
#1212 = B_SPLINE_CURVE_WITH_KNOTS('',3,(#1213,#1214,#1215,#1216),
  .UNSPECIFIED.,.F.,.F.,(4,4),(4.,5.),.PIECEWISE_BEZIER_KNOTS.);
#1213 = CARTESIAN_POINT('',(-0.407593275709,1.010599221093,0.9200001));
#1214 = CARTESIAN_POINT('',(-0.398134441571,1.019408211665,0.9200001));
#1215 = CARTESIAN_POINT('',(-0.393392990361,1.031105395867,0.9200001));
#1216 = CARTESIAN_POINT('',(-0.393392990361,1.045690773698,0.9200001));
#1217 = FACE_BOUND('',#1218,.T.);
#1218 = EDGE_LOOP('',(#1219,#1230,#1239,#1248,#1257,#1264,#1273,#1282,
    #1291,#1298,#1307,#1316,#1325,#1334,#1343,#1352,#1361,#1370,#1379,
    #1388,#1395,#1402,#1409,#1418,#1427,#1436,#1445,#1454,#1463,#1472,
    #1481,#1490,#1499));
#1219 = ORIENTED_EDGE('',*,*,#1220,.F.);
#1220 = EDGE_CURVE('',#1221,#1223,#1225,.T.);
#1221 = VERTEX_POINT('',#1222);
#1222 = CARTESIAN_POINT('',(-0.942617416073,1.17849963765,0.9200001));
#1223 = VERTEX_POINT('',#1224);
#1224 = CARTESIAN_POINT('',(-0.97876682013,1.231384862611,0.9200001));
#1225 = B_SPLINE_CURVE_WITH_KNOTS('',3,(#1226,#1227,#1228,#1229),
  .UNSPECIFIED.,.F.,.F.,(4,4),(0.,1.),.PIECEWISE_BEZIER_KNOTS.);
#1226 = CARTESIAN_POINT('',(-0.942617416073,1.17849963765,0.9200001));
#1227 = CARTESIAN_POINT('',(-0.949981171271,1.198582634228,0.9200001));
#1228 = CARTESIAN_POINT('',(-0.962700412652,1.216657329872,0.9200001));
#1229 = CARTESIAN_POINT('',(-0.97876682013,1.231384862611,0.9200001));
#1230 = ORIENTED_EDGE('',*,*,#1231,.F.);
#1231 = EDGE_CURVE('',#1232,#1221,#1234,.T.);
#1232 = VERTEX_POINT('',#1233);
#1233 = CARTESIAN_POINT('',(-0.876343542686,1.090803908905,0.9200001));
#1234 = B_SPLINE_CURVE_WITH_KNOTS('',3,(#1235,#1236,#1237,#1238),
  .UNSPECIFIED.,.F.,.F.,(4,4),(35.,36.),.PIECEWISE_BEZIER_KNOTS.);
#1235 = CARTESIAN_POINT('',(-0.876343542686,1.090803908905,0.9200001));
#1236 = CARTESIAN_POINT('',(-0.87701296569,1.130969876526,0.9200001));
#1237 = CARTESIAN_POINT('',(-0.904459743003,1.166449844809,0.9200001));
#1238 = CARTESIAN_POINT('',(-0.942617416073,1.17849963765,0.9200001));
#1239 = ORIENTED_EDGE('',*,*,#1240,.F.);
#1240 = EDGE_CURVE('',#1241,#1232,#1243,.T.);
#1241 = VERTEX_POINT('',#1242);
#1242 = CARTESIAN_POINT('',(-0.901112576907,1.027207753073,0.9200001));
#1243 = B_SPLINE_CURVE_WITH_KNOTS('',3,(#1244,#1245,#1246,#1247),
  .UNSPECIFIED.,.F.,.F.,(4,4),(34.,35.),.PIECEWISE_BEZIER_KNOTS.);
#1244 = CARTESIAN_POINT('',(-0.901112576907,1.027207753073,0.9200001));
#1245 = CARTESIAN_POINT('',(-0.885046169429,1.04461300656,0.9200001));
#1246 = CARTESIAN_POINT('',(-0.876343542686,1.06737374623,0.9200001));
#1247 = CARTESIAN_POINT('',(-0.876343542686,1.090803908905,0.9200001));
#1248 = ORIENTED_EDGE('',*,*,#1249,.F.);
#1249 = EDGE_CURVE('',#1250,#1241,#1252,.T.);
#1250 = VERTEX_POINT('',#1251);
#1251 = CARTESIAN_POINT('',(-0.962030989647,0.997083258204,0.9200001));
#1252 = B_SPLINE_CURVE_WITH_KNOTS('',3,(#1253,#1254,#1255,#1256),
  .UNSPECIFIED.,.F.,.F.,(4,4),(33.,34.),.PIECEWISE_BEZIER_KNOTS.);
#1253 = CARTESIAN_POINT('',(-0.962030989647,0.997083258204,0.9200001));
#1254 = CARTESIAN_POINT('',(-0.938600826973,0.999091552755,0.9200001));
#1255 = CARTESIAN_POINT('',(-0.917178958848,1.009802499586,0.9200001));
#1256 = CARTESIAN_POINT('',(-0.901112576907,1.027207753073,0.9200001));
#1257 = ORIENTED_EDGE('',*,*,#1258,.F.);
#1258 = EDGE_CURVE('',#1259,#1250,#1261,.T.);
#1259 = VERTEX_POINT('',#1260);
#1260 = CARTESIAN_POINT('',(-1.001527534263,0.997083258204,0.9200001));
#1261 = B_SPLINE_CURVE_WITH_KNOTS('',1,(#1262,#1263),.UNSPECIFIED.,.F.,
  .F.,(2,2),(-3.748825006549E-02,2.008294550693E-03),
  .PIECEWISE_BEZIER_KNOTS.);
#1262 = CARTESIAN_POINT('',(-1.001527534263,0.997083258204,0.9200001));
#1263 = CARTESIAN_POINT('',(-0.962030989647,0.997083258204,0.9200001));
#1264 = ORIENTED_EDGE('',*,*,#1265,.F.);
#1265 = EDGE_CURVE('',#1266,#1259,#1268,.T.);
#1266 = VERTEX_POINT('',#1267);
#1267 = CARTESIAN_POINT('',(-1.020941107837,1.017835677788,0.9200001));
#1268 = B_SPLINE_CURVE_WITH_KNOTS('',3,(#1269,#1270,#1271,#1272),
  .UNSPECIFIED.,.F.,.F.,(4,4),(28.,29.),.PIECEWISE_BEZIER_KNOTS.);
#1269 = CARTESIAN_POINT('',(-1.020941107837,1.017835677788,0.9200001));
#1270 = CARTESIAN_POINT('',(-1.020941107837,1.007124756494,0.9200001));
#1271 = CARTESIAN_POINT('',(-1.012238481094,0.997752681209,0.9200001));
#1272 = CARTESIAN_POINT('',(-1.001527534263,0.997083258204,0.9200001));
#1273 = ORIENTED_EDGE('',*,*,#1274,.F.);
#1274 = EDGE_CURVE('',#1275,#1266,#1277,.T.);
#1275 = VERTEX_POINT('',#1276);
#1276 = CARTESIAN_POINT('',(-1.000188688254,1.038588097371,0.9200001));
#1277 = B_SPLINE_CURVE_WITH_KNOTS('',3,(#1278,#1279,#1280,#1281),
  .UNSPECIFIED.,.F.,.F.,(4,4),(27.,28.),.PIECEWISE_BEZIER_KNOTS.);
#1278 = CARTESIAN_POINT('',(-1.000188688254,1.038588097371,0.9200001));
#1279 = CARTESIAN_POINT('',(-1.01156905809,1.038588097371,0.9200001));
#1280 = CARTESIAN_POINT('',(-1.020941107837,1.029216022087,0.9200001));
#1281 = CARTESIAN_POINT('',(-1.020941107837,1.017835677788,0.9200001));
#1282 = ORIENTED_EDGE('',*,*,#1283,.F.);
#1283 = EDGE_CURVE('',#1284,#1275,#1286,.T.);
#1284 = VERTEX_POINT('',#1285);
#1285 = CARTESIAN_POINT('',(-0.996172099153,1.037918674367,0.9200001));
#1286 = B_SPLINE_CURVE_WITH_KNOTS('',3,(#1287,#1288,#1289,#1290),
  .UNSPECIFIED.,.F.,.F.,(4,4),(26.,27.),.PIECEWISE_BEZIER_KNOTS.);
#1287 = CARTESIAN_POINT('',(-0.996172099153,1.037918674367,0.9200001));
#1288 = CARTESIAN_POINT('',(-0.997510970699,1.037918674367,0.9200001));
#1289 = CARTESIAN_POINT('',(-0.998849842245,1.038588097371,0.9200001));
#1290 = CARTESIAN_POINT('',(-1.000188688254,1.038588097371,0.9200001));
#1291 = ORIENTED_EDGE('',*,*,#1292,.F.);
#1292 = EDGE_CURVE('',#1293,#1284,#1295,.T.);
#1293 = VERTEX_POINT('',#1294);
#1294 = CARTESIAN_POINT('',(-0.966047604285,1.037918674367,0.9200001));
#1295 = B_SPLINE_CURVE_WITH_KNOTS('',1,(#1296,#1297),.UNSPECIFIED.,.F.,
  .F.,(2,2),(1.110223024625E-16,3.012449486808E-02),
  .PIECEWISE_BEZIER_KNOTS.);
#1296 = CARTESIAN_POINT('',(-0.966047604285,1.037918674367,0.9200001));
#1297 = CARTESIAN_POINT('',(-0.996172099153,1.037918674367,0.9200001));
#1298 = ORIENTED_EDGE('',*,*,#1299,.F.);
#1299 = EDGE_CURVE('',#1300,#1293,#1302,.T.);
#1300 = VERTEX_POINT('',#1301);
#1301 = CARTESIAN_POINT('',(-0.917848407389,1.090134460364,0.9200001));
#1302 = B_SPLINE_CURVE_WITH_KNOTS('',3,(#1303,#1304,#1305,#1306),
  .UNSPECIFIED.,.F.,.F.,(4,4),(24.,25.),.PIECEWISE_BEZIER_KNOTS.);
#1303 = CARTESIAN_POINT('',(-0.917848407389,1.090134460364,0.9200001));
#1304 = CARTESIAN_POINT('',(-0.917848407389,1.062687695819,0.9200001));
#1305 = CARTESIAN_POINT('',(-0.938600826973,1.039926968918,0.9200001));
#1306 = CARTESIAN_POINT('',(-0.966047604285,1.037918674367,0.9200001));
#1307 = ORIENTED_EDGE('',*,*,#1308,.F.);
#1308 = EDGE_CURVE('',#1309,#1300,#1311,.T.);
#1309 = VERTEX_POINT('',#1310);
#1310 = CARTESIAN_POINT('',(-0.970064193386,1.142350246361,0.9200001));
#1311 = B_SPLINE_CURVE_WITH_KNOTS('',3,(#1312,#1313,#1314,#1315),
  .UNSPECIFIED.,.F.,.F.,(4,4),(23.,24.),.PIECEWISE_BEZIER_KNOTS.);
#1312 = CARTESIAN_POINT('',(-0.970064193386,1.142350246361,0.9200001));
#1313 = CARTESIAN_POINT('',(-0.941278570064,1.142350246361,0.9200001));
#1314 = CARTESIAN_POINT('',(-0.917848407389,1.118920083686,0.9200001));
#1315 = CARTESIAN_POINT('',(-0.917848407389,1.090134460364,0.9200001));
#1316 = ORIENTED_EDGE('',*,*,#1317,.F.);
#1317 = EDGE_CURVE('',#1318,#1309,#1320,.T.);
#1318 = VERTEX_POINT('',#1319);
#1319 = CARTESIAN_POINT('',(-0.975419654033,1.142350246361,0.9200001));
#1320 = B_SPLINE_CURVE_WITH_KNOTS('',3,(#1321,#1322,#1323,#1324),
  .UNSPECIFIED.,.F.,.F.,(4,4),(22.,23.),.PIECEWISE_BEZIER_KNOTS.);
#1321 = CARTESIAN_POINT('',(-0.975419654033,1.142350246361,0.9200001));
#1322 = CARTESIAN_POINT('',(-0.973411359483,1.142350246361,0.9200001));
#1323 = CARTESIAN_POINT('',(-0.972072487937,1.142350246361,0.9200001));
#1324 = CARTESIAN_POINT('',(-0.970064193386,1.142350246361,0.9200001));
#1325 = ORIENTED_EDGE('',*,*,#1326,.F.);
#1326 = EDGE_CURVE('',#1327,#1318,#1329,.T.);
#1327 = VERTEX_POINT('',#1328);
#1328 = CARTESIAN_POINT('',(-1.069140304734,1.226029398772,0.9200001));
#1329 = B_SPLINE_CURVE_WITH_KNOTS('',3,(#1330,#1331,#1332,#1333),
  .UNSPECIFIED.,.F.,.F.,(4,4),(21.,22.),.PIECEWISE_BEZIER_KNOTS.);
#1330 = CARTESIAN_POINT('',(-1.069140304734,1.226029398772,0.9200001));
#1331 = CARTESIAN_POINT('',(-1.020941107837,1.226029398772,0.9200001));
#1332 = CARTESIAN_POINT('',(-0.98077511468,1.189210571711,0.9200001));
#1333 = CARTESIAN_POINT('',(-0.975419654033,1.142350246361,0.9200001));
#1334 = ORIENTED_EDGE('',*,*,#1335,.F.);
#1335 = EDGE_CURVE('',#1336,#1327,#1338,.T.);
#1336 = VERTEX_POINT('',#1337);
#1337 = CARTESIAN_POINT('',(-1.158844340797,1.161763845472,0.9200001));
#1338 = B_SPLINE_CURVE_WITH_KNOTS('',3,(#1339,#1340,#1341,#1342),
  .UNSPECIFIED.,.F.,.F.,(4,4),(20.,21.),.PIECEWISE_BEZIER_KNOTS.);
#1339 = CARTESIAN_POINT('',(-1.158844340797,1.161763845472,0.9200001));
#1340 = CARTESIAN_POINT('',(-1.146125124952,1.199252070001,0.9200001));
#1341 = CARTESIAN_POINT('',(-1.111314592442,1.226029398772,0.9200001));
#1342 = CARTESIAN_POINT('',(-1.069140304734,1.226029398772,0.9200001));
#1343 = ORIENTED_EDGE('',*,*,#1344,.F.);
#1344 = EDGE_CURVE('',#1345,#1336,#1347,.T.);
#1345 = VERTEX_POINT('',#1346);
#1346 = CARTESIAN_POINT('',(-1.194324296312,1.171805343761,0.9200001));
#1347 = B_SPLINE_CURVE_WITH_KNOTS('',3,(#1348,#1349,#1350,#1351),
  .UNSPECIFIED.,.F.,.F.,(4,4),(19.,20.),.PIECEWISE_BEZIER_KNOTS.);
#1348 = CARTESIAN_POINT('',(-1.194324296312,1.171805343761,0.9200001));
#1349 = CARTESIAN_POINT('',(-1.181605067699,1.171805343761,0.9200001));
#1350 = CARTESIAN_POINT('',(-1.168885839086,1.167788741892,0.9200001));
#1351 = CARTESIAN_POINT('',(-1.158844340797,1.161763845472,0.9200001));
#1352 = ORIENTED_EDGE('',*,*,#1353,.F.);
#1353 = EDGE_CURVE('',#1354,#1345,#1356,.T.);
#1354 = VERTEX_POINT('',#1355);
#1355 = CARTESIAN_POINT('',(-1.261267618241,1.104862021833,0.9200001));
#1356 = B_SPLINE_CURVE_WITH_KNOTS('',3,(#1357,#1358,#1359,#1360),
  .UNSPECIFIED.,.F.,.F.,(4,4),(18.,19.),.PIECEWISE_BEZIER_KNOTS.);
#1357 = CARTESIAN_POINT('',(-1.261267618241,1.104862021833,0.9200001));
#1358 = CARTESIAN_POINT('',(-1.261267618241,1.141680848894,0.9200001));
#1359 = CARTESIAN_POINT('',(-1.231143123373,1.171805343761,0.9200001));
#1360 = CARTESIAN_POINT('',(-1.194324296312,1.171805343761,0.9200001));
#1361 = ORIENTED_EDGE('',*,*,#1362,.F.);
#1362 = EDGE_CURVE('',#1363,#1354,#1365,.T.);
#1363 = VERTEX_POINT('',#1364);
#1364 = CARTESIAN_POINT('',(-1.221101625083,1.043274160551,0.9200001));
#1365 = B_SPLINE_CURVE_WITH_KNOTS('',3,(#1366,#1367,#1368,#1369),
  .UNSPECIFIED.,.F.,.F.,(4,4),(17.,18.),.PIECEWISE_BEZIER_KNOTS.);
#1366 = CARTESIAN_POINT('',(-1.221101625083,1.043274160551,0.9200001));
#1367 = CARTESIAN_POINT('',(-1.244531787758,1.053985094613,0.9200001));
#1368 = CARTESIAN_POINT('',(-1.261267618241,1.077415257288,0.9200001));
#1369 = CARTESIAN_POINT('',(-1.261267618241,1.104862021833,0.9200001));
#1370 = ORIENTED_EDGE('',*,*,#1371,.F.);
#1371 = EDGE_CURVE('',#1372,#1363,#1374,.T.);
#1372 = VERTEX_POINT('',#1373);
#1373 = CARTESIAN_POINT('',(-1.158174905024,1.087456755577,0.9200001));
#1374 = B_SPLINE_CURVE_WITH_KNOTS('',3,(#1375,#1376,#1377,#1378),
  .UNSPECIFIED.,.F.,.F.,(4,4),(16.,17.),.PIECEWISE_BEZIER_KNOTS.);
#1375 = CARTESIAN_POINT('',(-1.158174905024,1.087456755577,0.9200001));
#1376 = CARTESIAN_POINT('',(-1.186960541114,1.087456755577,0.9200001));
#1377 = CARTESIAN_POINT('',(-1.211729562567,1.068712630545,0.9200001));
#1378 = CARTESIAN_POINT('',(-1.221101625083,1.043274160551,0.9200001));
#1379 = ORIENTED_EDGE('',*,*,#1380,.F.);
#1380 = EDGE_CURVE('',#1381,#1372,#1383,.T.);
#1381 = VERTEX_POINT('',#1382);
#1382 = CARTESIAN_POINT('',(-1.107967413577,1.064696028675,0.9200001));
#1383 = B_SPLINE_CURVE_WITH_KNOTS('',3,(#1384,#1385,#1386,#1387),
  .UNSPECIFIED.,.F.,.F.,(4,4),(15.,16.),.PIECEWISE_BEZIER_KNOTS.);
#1384 = CARTESIAN_POINT('',(-1.107967413577,1.064696028675,0.9200001));
#1385 = CARTESIAN_POINT('',(-1.120017206417,1.078754128834,0.9200001));
#1386 = CARTESIAN_POINT('',(-1.138091908445,1.087456755577,0.9200001));
#1387 = CARTESIAN_POINT('',(-1.158174905024,1.087456755577,0.9200001));
#1388 = ORIENTED_EDGE('',*,*,#1389,.F.);
#1389 = EDGE_CURVE('',#1390,#1381,#1392,.T.);
#1390 = VERTEX_POINT('',#1391);
#1391 = CARTESIAN_POINT('',(-1.018263364746,1.111556354025,0.9200001));
#1392 = B_SPLINE_CURVE_WITH_KNOTS('',1,(#1393,#1394),.UNSPECIFIED.,.F.,
  .F.,(2,2),(0.,0.101206257063),.PIECEWISE_BEZIER_KNOTS.);
#1393 = CARTESIAN_POINT('',(-1.018263364746,1.111556354025,0.9200001));
#1394 = CARTESIAN_POINT('',(-1.107967413577,1.064696028675,0.9200001));
#1395 = ORIENTED_EDGE('',*,*,#1396,.F.);
#1396 = EDGE_CURVE('',#1397,#1390,#1399,.T.);
#1397 = VERTEX_POINT('',#1398);
#1398 = CARTESIAN_POINT('',(-0.997510945162,1.076076385742,0.9200001));
#1399 = B_SPLINE_CURVE_WITH_KNOTS('',1,(#1400,#1401),.UNSPECIFIED.,.F.,
  .F.,(2,2),(0.,4.110341917585E-02),.PIECEWISE_BEZIER_KNOTS.);
#1400 = CARTESIAN_POINT('',(-0.997510945162,1.076076385742,0.9200001));
#1401 = CARTESIAN_POINT('',(-1.018263364746,1.111556354025,0.9200001));
#1402 = ORIENTED_EDGE('',*,*,#1403,.F.);
#1403 = EDGE_CURVE('',#1404,#1397,#1406,.T.);
#1404 = VERTEX_POINT('',#1405);
#1405 = CARTESIAN_POINT('',(-1.091231595863,1.026538330068,0.9200001));
#1406 = B_SPLINE_CURVE_WITH_KNOTS('',1,(#1407,#1408),.UNSPECIFIED.,.F.,
  .F.,(2,2),(0.,0.106007449397),.PIECEWISE_BEZIER_KNOTS.);
#1407 = CARTESIAN_POINT('',(-1.091231595863,1.026538330068,0.9200001));
#1408 = CARTESIAN_POINT('',(-0.997510945162,1.076076385742,0.9200001));
#1409 = ORIENTED_EDGE('',*,*,#1410,.F.);
#1410 = EDGE_CURVE('',#1411,#1404,#1413,.T.);
#1411 = VERTEX_POINT('',#1412);
#1412 = CARTESIAN_POINT('',(-1.091231595863,1.019843997875,0.9200001));
#1413 = B_SPLINE_CURVE_WITH_KNOTS('',3,(#1414,#1415,#1416,#1417),
  .UNSPECIFIED.,.F.,.F.,(4,4),(11.,12.),.PIECEWISE_BEZIER_KNOTS.);
#1414 = CARTESIAN_POINT('',(-1.091231595863,1.019843997875,0.9200001));
#1415 = CARTESIAN_POINT('',(-1.091231595863,1.021852292426,0.9200001));
#1416 = CARTESIAN_POINT('',(-1.091231595863,1.023860586976,0.9200001));
#1417 = CARTESIAN_POINT('',(-1.091231595863,1.026538330068,0.9200001));
#1418 = ORIENTED_EDGE('',*,*,#1419,.F.);
#1419 = EDGE_CURVE('',#1420,#1411,#1422,.T.);
#1420 = VERTEX_POINT('',#1421);
#1421 = CARTESIAN_POINT('',(-1.158174917792,0.952900675946,0.9200001));
#1422 = B_SPLINE_CURVE_WITH_KNOTS('',3,(#1423,#1424,#1425,#1426),
  .UNSPECIFIED.,.F.,.F.,(4,4),(10.,11.),.PIECEWISE_BEZIER_KNOTS.);
#1423 = CARTESIAN_POINT('',(-1.158174917792,0.952900675946,0.9200001));
#1424 = CARTESIAN_POINT('',(-1.121356090731,0.952900675946,0.9200001));
#1425 = CARTESIAN_POINT('',(-1.091231595863,0.983025170814,0.9200001));
#1426 = CARTESIAN_POINT('',(-1.091231595863,1.019843997875,0.9200001));
#1427 = ORIENTED_EDGE('',*,*,#1428,.F.);
#1428 = EDGE_CURVE('',#1429,#1420,#1431,.T.);
#1429 = VERTEX_POINT('',#1430);
#1430 = CARTESIAN_POINT('',(-1.221771080009,0.998422129751,0.9200001));
#1431 = B_SPLINE_CURVE_WITH_KNOTS('',3,(#1432,#1433,#1434,#1435),
  .UNSPECIFIED.,.F.,.F.,(4,4),(9.,10.),.PIECEWISE_BEZIER_KNOTS.);
#1432 = CARTESIAN_POINT('',(-1.221771080009,0.998422129751,0.9200001));
#1433 = CARTESIAN_POINT('',(-1.213068446882,0.971644800979,0.9200001));
#1434 = CARTESIAN_POINT('',(-1.187629989656,0.952900675946,0.9200001));
#1435 = CARTESIAN_POINT('',(-1.158174917792,0.952900675946,0.9200001));
#1436 = ORIENTED_EDGE('',*,*,#1437,.F.);
#1437 = EDGE_CURVE('',#1438,#1429,#1440,.T.);
#1438 = VERTEX_POINT('',#1439);
#1439 = CARTESIAN_POINT('',(-1.275325737552,1.030554919169,0.9200001));
#1440 = B_SPLINE_CURVE_WITH_KNOTS('',3,(#1441,#1442,#1443,#1444),
  .UNSPECIFIED.,.F.,.F.,(4,4),(8.,9.),.PIECEWISE_BEZIER_KNOTS.);
#1441 = CARTESIAN_POINT('',(-1.275325737552,1.030554919169,0.9200001));
#1442 = CARTESIAN_POINT('',(-1.260598208005,1.014488511691,0.9200001));
#1443 = CARTESIAN_POINT('',(-1.242523505977,1.003777590398,0.9200001));
#1444 = CARTESIAN_POINT('',(-1.221771080009,0.998422129751,0.9200001));
#1445 = ORIENTED_EDGE('',*,*,#1446,.F.);
#1446 = EDGE_CURVE('',#1447,#1438,#1449,.T.);
#1447 = VERTEX_POINT('',#1448);
#1448 = CARTESIAN_POINT('',(-1.303441931486,1.10352312475,0.9200001));
#1449 = B_SPLINE_CURVE_WITH_KNOTS('',3,(#1450,#1451,#1452,#1453),
  .UNSPECIFIED.,.F.,.F.,(4,4),(7.,8.),.PIECEWISE_BEZIER_KNOTS.);
#1450 = CARTESIAN_POINT('',(-1.303441931486,1.10352312475,0.9200001));
#1451 = CARTESIAN_POINT('',(-1.303441931486,1.076745795978,0.9200001));
#1452 = CARTESIAN_POINT('',(-1.293400433196,1.050637890211,0.9200001));
#1453 = CARTESIAN_POINT('',(-1.275325737552,1.030554919169,0.9200001));
#1454 = ORIENTED_EDGE('',*,*,#1455,.F.);
#1455 = EDGE_CURVE('',#1456,#1447,#1458,.T.);
#1456 = VERTEX_POINT('',#1457);
#1457 = CARTESIAN_POINT('',(-1.271978552303,1.179838502811,0.9200001));
#1458 = B_SPLINE_CURVE_WITH_KNOTS('',3,(#1459,#1460,#1461,#1462),
  .UNSPECIFIED.,.F.,.F.,(4,4),(6.,7.),.PIECEWISE_BEZIER_KNOTS.);
#1459 = CARTESIAN_POINT('',(-1.271978552303,1.179838502811,0.9200001));
#1460 = CARTESIAN_POINT('',(-1.292061566439,1.159755512616,0.9200001));
#1461 = CARTESIAN_POINT('',(-1.303441931486,1.132308748072,0.9200001));
#1462 = CARTESIAN_POINT('',(-1.303441931486,1.10352312475,0.9200001));
#1463 = ORIENTED_EDGE('',*,*,#1464,.F.);
#1464 = EDGE_CURVE('',#1465,#1456,#1467,.T.);
#1465 = VERTEX_POINT('',#1466);
#1466 = CARTESIAN_POINT('',(-1.194993732085,1.211971298614,0.9200001));
#1467 = B_SPLINE_CURVE_WITH_KNOTS('',3,(#1468,#1469,#1470,#1471),
  .UNSPECIFIED.,.F.,.F.,(4,4),(5.,6.),.PIECEWISE_BEZIER_KNOTS.);
#1468 = CARTESIAN_POINT('',(-1.194993732085,1.211971298614,0.9200001));
#1469 = CARTESIAN_POINT('',(-1.223779361791,1.211971298614,0.9200001));
#1470 = CARTESIAN_POINT('',(-1.251226119951,1.200590935163,0.9200001));
#1471 = CARTESIAN_POINT('',(-1.271978552303,1.179838502811,0.9200001));
#1472 = ORIENTED_EDGE('',*,*,#1473,.F.);
#1473 = EDGE_CURVE('',#1474,#1465,#1476,.T.);
#1474 = VERTEX_POINT('',#1475);
#1475 = CARTESIAN_POINT('',(-1.179596773148,1.210632433452,0.9200001));
#1476 = B_SPLINE_CURVE_WITH_KNOTS('',3,(#1477,#1478,#1479,#1480),
  .UNSPECIFIED.,.F.,.F.,(4,4),(4.,5.),.PIECEWISE_BEZIER_KNOTS.);
#1477 = CARTESIAN_POINT('',(-1.179596773148,1.210632433452,0.9200001));
#1478 = CARTESIAN_POINT('',(-1.184952233795,1.211301869225,0.9200001));
#1479 = CARTESIAN_POINT('',(-1.189638271438,1.211971298614,0.9200001));
#1480 = CARTESIAN_POINT('',(-1.194993732085,1.211971298614,0.9200001));
#1481 = ORIENTED_EDGE('',*,*,#1482,.F.);
#1482 = EDGE_CURVE('',#1483,#1474,#1485,.T.);
#1483 = VERTEX_POINT('',#1484);
#1484 = CARTESIAN_POINT('',(-1.150141714054,1.240087495739,0.9200001));
#1485 = B_SPLINE_CURVE_WITH_KNOTS('',3,(#1486,#1487,#1488,#1489),
  .UNSPECIFIED.,.F.,.F.,(4,4),(3.,4.),.PIECEWISE_BEZIER_KNOTS.);
#1486 = CARTESIAN_POINT('',(-1.150141714054,1.240087495739,0.9200001));
#1487 = CARTESIAN_POINT('',(-1.161522083889,1.232054295192,0.9200001));
#1488 = CARTESIAN_POINT('',(-1.170894146405,1.222012796903,0.9200001));
#1489 = CARTESIAN_POINT('',(-1.179596773148,1.210632433452,0.9200001));
#1490 = ORIENTED_EDGE('',*,*,#1491,.F.);
#1491 = EDGE_CURVE('',#1492,#1483,#1494,.T.);
#1492 = VERTEX_POINT('',#1493);
#1493 = CARTESIAN_POINT('',(-1.069809727739,1.26619539193,0.9200001));
#1494 = B_SPLINE_CURVE_WITH_KNOTS('',3,(#1495,#1496,#1497,#1498),
  .UNSPECIFIED.,.F.,.F.,(4,4),(2.,3.),.PIECEWISE_BEZIER_KNOTS.);
#1495 = CARTESIAN_POINT('',(-1.069809727739,1.26619539193,0.9200001));
#1496 = CARTESIAN_POINT('',(-1.099264786834,1.26619539193,0.9200001));
#1497 = CARTESIAN_POINT('',(-1.126711551378,1.25682332702,0.9200001));
#1498 = CARTESIAN_POINT('',(-1.150141714054,1.240087495739,0.9200001));
#1499 = ORIENTED_EDGE('',*,*,#1500,.F.);
#1500 = EDGE_CURVE('',#1223,#1492,#1501,.T.);
#1501 = B_SPLINE_CURVE_WITH_KNOTS('',3,(#1502,#1503,#1504,#1505),
  .UNSPECIFIED.,.F.,.F.,(4,4),(1.,2.),.PIECEWISE_BEZIER_KNOTS.);
#1502 = CARTESIAN_POINT('',(-0.97876682013,1.231384862611,0.9200001));
#1503 = CARTESIAN_POINT('',(-1.004205277355,1.253476160923,0.9200001));
#1504 = CARTESIAN_POINT('',(-1.036338066774,1.26619539193,0.9200001));
#1505 = CARTESIAN_POINT('',(-1.069809727739,1.26619539193,0.9200001));
#1506 = B_SPLINE_SURFACE_WITH_KNOTS('',1,1,(
    (#1507,#1508)
    ,(#1509,#1510
    )),.UNSPECIFIED.,.F.,.F.,.F.,(2,2),(2,2),(-1.5,1.5),(-1.5,1.5),
  .PIECEWISE_BEZIER_KNOTS.);
#1507 = CARTESIAN_POINT('',(-1.5,-1.5,0.9200001));
#1508 = CARTESIAN_POINT('',(-1.5,1.5,0.9200001));
#1509 = CARTESIAN_POINT('',(1.5,-1.5,0.9200001));
#1510 = CARTESIAN_POINT('',(1.5,1.5,0.9200001));
#1511 = ADVANCED_FACE('',(#1512,#1542,#1676),#1706,.F.);
#1512 = FACE_BOUND('',#1513,.T.);
#1513 = EDGE_LOOP('',(#1514,#1523,#1530,#1537));
#1514 = ORIENTED_EDGE('',*,*,#1515,.F.);
#1515 = EDGE_CURVE('',#1516,#1518,#1520,.T.);
#1516 = VERTEX_POINT('',#1517);
#1517 = CARTESIAN_POINT('',(-1.5,-1.147918391292,0.174810016707));
#1518 = VERTEX_POINT('',#1519);
#1519 = CARTESIAN_POINT('',(-1.5,-1.147918391292,8.95947065419E-02));
#1520 = B_SPLINE_CURVE_WITH_KNOTS('',1,(#1521,#1522),.UNSPECIFIED.,.F.,
  .F.,(2,2),(-8.521531016555E-02,-5.551115123126E-17),
  .PIECEWISE_BEZIER_KNOTS.);
#1521 = CARTESIAN_POINT('',(-1.5,-1.147918391292,0.174810016707));
#1522 = CARTESIAN_POINT('',(-1.5,-1.147918391292,8.95947065419E-02));
#1523 = ORIENTED_EDGE('',*,*,#1524,.F.);
#1524 = EDGE_CURVE('',#1525,#1516,#1527,.T.);
#1525 = VERTEX_POINT('',#1526);
#1526 = CARTESIAN_POINT('',(-1.5,-1.292128916188,0.174810016707));
#1527 = B_SPLINE_CURVE_WITH_KNOTS('',1,(#1528,#1529),.UNSPECIFIED.,.F.,
  .F.,(2,2),(4.440892098502E-16,0.144210524896),
  .PIECEWISE_BEZIER_KNOTS.);
#1528 = CARTESIAN_POINT('',(-1.5,-1.292128916188,0.174810016707));
#1529 = CARTESIAN_POINT('',(-1.5,-1.147918391292,0.174810016707));
#1530 = ORIENTED_EDGE('',*,*,#1531,.F.);
#1531 = EDGE_CURVE('',#1532,#1525,#1534,.T.);
#1532 = VERTEX_POINT('',#1533);
#1533 = CARTESIAN_POINT('',(-1.5,-1.292128916188,8.95947065419E-02));
#1534 = B_SPLINE_CURVE_WITH_KNOTS('',1,(#1535,#1536),.UNSPECIFIED.,.F.,
  .F.,(2,2),(5.551115123126E-17,8.521531016555E-02),
  .PIECEWISE_BEZIER_KNOTS.);
#1535 = CARTESIAN_POINT('',(-1.5,-1.292128916188,8.95947065419E-02));
#1536 = CARTESIAN_POINT('',(-1.5,-1.292128916188,0.174810016707));
#1537 = ORIENTED_EDGE('',*,*,#1538,.F.);
#1538 = EDGE_CURVE('',#1518,#1532,#1539,.T.);
#1539 = B_SPLINE_CURVE_WITH_KNOTS('',1,(#1540,#1541),.UNSPECIFIED.,.F.,
  .F.,(2,2),(-0.144210524896,-1.511765959249E-28),
  .PIECEWISE_BEZIER_KNOTS.);
#1540 = CARTESIAN_POINT('',(-1.5,-1.147918391292,8.95947065419E-02));
#1541 = CARTESIAN_POINT('',(-1.5,-1.292128916188,8.95947065419E-02));
#1542 = FACE_BOUND('',#1543,.T.);
#1543 = EDGE_LOOP('',(#1544,#1553,#1560,#1567,#1572,#1573,#1580,#1587,
    #1594,#1601,#1608,#1615,#1622,#1629,#1636,#1643,#1650,#1657,#1664,
    #1671));
#1544 = ORIENTED_EDGE('',*,*,#1545,.T.);
#1545 = EDGE_CURVE('',#1546,#1548,#1550,.T.);
#1546 = VERTEX_POINT('',#1547);
#1547 = CARTESIAN_POINT('',(-1.5,-0.625,0.2000001));
#1548 = VERTEX_POINT('',#1549);
#1549 = CARTESIAN_POINT('',(-1.5,-0.875,0.2000001));
#1550 = B_SPLINE_CURVE_WITH_KNOTS('',1,(#1551,#1552),.UNSPECIFIED.,.F.,
  .F.,(2,2),(2.125,2.375),.PIECEWISE_BEZIER_KNOTS.);
#1551 = CARTESIAN_POINT('',(-1.5,-0.625,0.2000001));
#1552 = CARTESIAN_POINT('',(-1.5,-0.875,0.2000001));
#1553 = ORIENTED_EDGE('',*,*,#1554,.T.);
#1554 = EDGE_CURVE('',#1548,#1555,#1557,.T.);
#1555 = VERTEX_POINT('',#1556);
#1556 = CARTESIAN_POINT('',(-1.5,-0.875,2.00001E-02));
#1557 = B_SPLINE_CURVE_WITH_KNOTS('',1,(#1558,#1559),.UNSPECIFIED.,.F.,
  .F.,(2,2),(0.72,0.9),.PIECEWISE_BEZIER_KNOTS.);
#1558 = CARTESIAN_POINT('',(-1.5,-0.875,0.2000001));
#1559 = CARTESIAN_POINT('',(-1.5,-0.875,2.00001E-02));
#1560 = ORIENTED_EDGE('',*,*,#1561,.T.);
#1561 = EDGE_CURVE('',#1555,#1562,#1564,.T.);
#1562 = VERTEX_POINT('',#1563);
#1563 = CARTESIAN_POINT('',(-1.5,-1.5,2.00001E-02));
#1564 = B_SPLINE_CURVE_WITH_KNOTS('',1,(#1565,#1566),.UNSPECIFIED.,.F.,
  .F.,(2,2),(2.375,3.),.PIECEWISE_BEZIER_KNOTS.);
#1565 = CARTESIAN_POINT('',(-1.5,-0.875,2.00001E-02));
#1566 = CARTESIAN_POINT('',(-1.5,-1.5,2.00001E-02));
#1567 = ORIENTED_EDGE('',*,*,#1568,.F.);
#1568 = EDGE_CURVE('',#733,#1562,#1569,.T.);
#1569 = B_SPLINE_CURVE_WITH_KNOTS('',1,(#1570,#1571),.UNSPECIFIED.,.F.,
  .F.,(2,2),(-0.,0.9),.PIECEWISE_BEZIER_KNOTS.);
#1570 = CARTESIAN_POINT('',(-1.5,-1.5,0.9200001));
#1571 = CARTESIAN_POINT('',(-1.5,-1.5,2.00001E-02));
#1572 = ORIENTED_EDGE('',*,*,#732,.F.);
#1573 = ORIENTED_EDGE('',*,*,#1574,.T.);
#1574 = EDGE_CURVE('',#726,#1575,#1577,.T.);
#1575 = VERTEX_POINT('',#1576);
#1576 = CARTESIAN_POINT('',(-1.5,1.5,2.00001E-02));
#1577 = B_SPLINE_CURVE_WITH_KNOTS('',1,(#1578,#1579),.UNSPECIFIED.,.F.,
  .F.,(2,2),(-0.,0.9),.PIECEWISE_BEZIER_KNOTS.);
#1578 = CARTESIAN_POINT('',(-1.5,1.5,0.9200001));
#1579 = CARTESIAN_POINT('',(-1.5,1.5,2.00001E-02));
#1580 = ORIENTED_EDGE('',*,*,#1581,.T.);
#1581 = EDGE_CURVE('',#1575,#1582,#1584,.T.);
#1582 = VERTEX_POINT('',#1583);
#1583 = CARTESIAN_POINT('',(-1.5,0.875,2.00001E-02));
#1584 = B_SPLINE_CURVE_WITH_KNOTS('',1,(#1585,#1586),.UNSPECIFIED.,.F.,
  .F.,(2,2),(0.,0.625),.PIECEWISE_BEZIER_KNOTS.);
#1585 = CARTESIAN_POINT('',(-1.5,1.5,2.00001E-02));
#1586 = CARTESIAN_POINT('',(-1.5,0.875,2.00001E-02));
#1587 = ORIENTED_EDGE('',*,*,#1588,.T.);
#1588 = EDGE_CURVE('',#1582,#1589,#1591,.T.);
#1589 = VERTEX_POINT('',#1590);
#1590 = CARTESIAN_POINT('',(-1.5,0.875,0.2000001));
#1591 = B_SPLINE_CURVE_WITH_KNOTS('',1,(#1592,#1593),.UNSPECIFIED.,.F.,
  .F.,(2,2),(-0.9,-0.72),.PIECEWISE_BEZIER_KNOTS.);
#1592 = CARTESIAN_POINT('',(-1.5,0.875,2.00001E-02));
#1593 = CARTESIAN_POINT('',(-1.5,0.875,0.2000001));
#1594 = ORIENTED_EDGE('',*,*,#1595,.T.);
#1595 = EDGE_CURVE('',#1589,#1596,#1598,.T.);
#1596 = VERTEX_POINT('',#1597);
#1597 = CARTESIAN_POINT('',(-1.5,0.625,0.2000001));
#1598 = B_SPLINE_CURVE_WITH_KNOTS('',1,(#1599,#1600),.UNSPECIFIED.,.F.,
  .F.,(2,2),(0.625,0.875),.PIECEWISE_BEZIER_KNOTS.);
#1599 = CARTESIAN_POINT('',(-1.5,0.875,0.2000001));
#1600 = CARTESIAN_POINT('',(-1.5,0.625,0.2000001));
#1601 = ORIENTED_EDGE('',*,*,#1602,.T.);
#1602 = EDGE_CURVE('',#1596,#1603,#1605,.T.);
#1603 = VERTEX_POINT('',#1604);
#1604 = CARTESIAN_POINT('',(-1.5,0.625,2.00001E-02));
#1605 = B_SPLINE_CURVE_WITH_KNOTS('',1,(#1606,#1607),.UNSPECIFIED.,.F.,
  .F.,(2,2),(0.72,0.9),.PIECEWISE_BEZIER_KNOTS.);
#1606 = CARTESIAN_POINT('',(-1.5,0.625,0.2000001));
#1607 = CARTESIAN_POINT('',(-1.5,0.625,2.00001E-02));
#1608 = ORIENTED_EDGE('',*,*,#1609,.T.);
#1609 = EDGE_CURVE('',#1603,#1610,#1612,.T.);
#1610 = VERTEX_POINT('',#1611);
#1611 = CARTESIAN_POINT('',(-1.5,0.375,2.00001E-02));
#1612 = B_SPLINE_CURVE_WITH_KNOTS('',1,(#1613,#1614),.UNSPECIFIED.,.F.,
  .F.,(2,2),(0.875,1.125),.PIECEWISE_BEZIER_KNOTS.);
#1613 = CARTESIAN_POINT('',(-1.5,0.625,2.00001E-02));
#1614 = CARTESIAN_POINT('',(-1.5,0.375,2.00001E-02));
#1615 = ORIENTED_EDGE('',*,*,#1616,.T.);
#1616 = EDGE_CURVE('',#1610,#1617,#1619,.T.);
#1617 = VERTEX_POINT('',#1618);
#1618 = CARTESIAN_POINT('',(-1.5,0.375,0.2000001));
#1619 = B_SPLINE_CURVE_WITH_KNOTS('',1,(#1620,#1621),.UNSPECIFIED.,.F.,
  .F.,(2,2),(-0.9,-0.72),.PIECEWISE_BEZIER_KNOTS.);
#1620 = CARTESIAN_POINT('',(-1.5,0.375,2.00001E-02));
#1621 = CARTESIAN_POINT('',(-1.5,0.375,0.2000001));
#1622 = ORIENTED_EDGE('',*,*,#1623,.T.);
#1623 = EDGE_CURVE('',#1617,#1624,#1626,.T.);
#1624 = VERTEX_POINT('',#1625);
#1625 = CARTESIAN_POINT('',(-1.5,0.125,0.2000001));
#1626 = B_SPLINE_CURVE_WITH_KNOTS('',1,(#1627,#1628),.UNSPECIFIED.,.F.,
  .F.,(2,2),(1.125,1.375),.PIECEWISE_BEZIER_KNOTS.);
#1627 = CARTESIAN_POINT('',(-1.5,0.375,0.2000001));
#1628 = CARTESIAN_POINT('',(-1.5,0.125,0.2000001));
#1629 = ORIENTED_EDGE('',*,*,#1630,.T.);
#1630 = EDGE_CURVE('',#1624,#1631,#1633,.T.);
#1631 = VERTEX_POINT('',#1632);
#1632 = CARTESIAN_POINT('',(-1.5,0.125,2.00001E-02));
#1633 = B_SPLINE_CURVE_WITH_KNOTS('',1,(#1634,#1635),.UNSPECIFIED.,.F.,
  .F.,(2,2),(0.72,0.9),.PIECEWISE_BEZIER_KNOTS.);
#1634 = CARTESIAN_POINT('',(-1.5,0.125,0.2000001));
#1635 = CARTESIAN_POINT('',(-1.5,0.125,2.00001E-02));
#1636 = ORIENTED_EDGE('',*,*,#1637,.T.);
#1637 = EDGE_CURVE('',#1631,#1638,#1640,.T.);
#1638 = VERTEX_POINT('',#1639);
#1639 = CARTESIAN_POINT('',(-1.5,-0.125,2.00001E-02));
#1640 = B_SPLINE_CURVE_WITH_KNOTS('',1,(#1641,#1642),.UNSPECIFIED.,.F.,
  .F.,(2,2),(1.375,1.625),.PIECEWISE_BEZIER_KNOTS.);
#1641 = CARTESIAN_POINT('',(-1.5,0.125,2.00001E-02));
#1642 = CARTESIAN_POINT('',(-1.5,-0.125,2.00001E-02));
#1643 = ORIENTED_EDGE('',*,*,#1644,.T.);
#1644 = EDGE_CURVE('',#1638,#1645,#1647,.T.);
#1645 = VERTEX_POINT('',#1646);
#1646 = CARTESIAN_POINT('',(-1.5,-0.125,0.2000001));
#1647 = B_SPLINE_CURVE_WITH_KNOTS('',1,(#1648,#1649),.UNSPECIFIED.,.F.,
  .F.,(2,2),(-0.9,-0.72),.PIECEWISE_BEZIER_KNOTS.);
#1648 = CARTESIAN_POINT('',(-1.5,-0.125,2.00001E-02));
#1649 = CARTESIAN_POINT('',(-1.5,-0.125,0.2000001));
#1650 = ORIENTED_EDGE('',*,*,#1651,.T.);
#1651 = EDGE_CURVE('',#1645,#1652,#1654,.T.);
#1652 = VERTEX_POINT('',#1653);
#1653 = CARTESIAN_POINT('',(-1.5,-0.375,0.2000001));
#1654 = B_SPLINE_CURVE_WITH_KNOTS('',1,(#1655,#1656),.UNSPECIFIED.,.F.,
  .F.,(2,2),(1.625,1.875),.PIECEWISE_BEZIER_KNOTS.);
#1655 = CARTESIAN_POINT('',(-1.5,-0.125,0.2000001));
#1656 = CARTESIAN_POINT('',(-1.5,-0.375,0.2000001));
#1657 = ORIENTED_EDGE('',*,*,#1658,.T.);
#1658 = EDGE_CURVE('',#1652,#1659,#1661,.T.);
#1659 = VERTEX_POINT('',#1660);
#1660 = CARTESIAN_POINT('',(-1.5,-0.375,2.00001E-02));
#1661 = B_SPLINE_CURVE_WITH_KNOTS('',1,(#1662,#1663),.UNSPECIFIED.,.F.,
  .F.,(2,2),(0.72,0.9),.PIECEWISE_BEZIER_KNOTS.);
#1662 = CARTESIAN_POINT('',(-1.5,-0.375,0.2000001));
#1663 = CARTESIAN_POINT('',(-1.5,-0.375,2.00001E-02));
#1664 = ORIENTED_EDGE('',*,*,#1665,.T.);
#1665 = EDGE_CURVE('',#1659,#1666,#1668,.T.);
#1666 = VERTEX_POINT('',#1667);
#1667 = CARTESIAN_POINT('',(-1.5,-0.625,2.00001E-02));
#1668 = B_SPLINE_CURVE_WITH_KNOTS('',1,(#1669,#1670),.UNSPECIFIED.,.F.,
  .F.,(2,2),(1.875,2.125),.PIECEWISE_BEZIER_KNOTS.);
#1669 = CARTESIAN_POINT('',(-1.5,-0.375,2.00001E-02));
#1670 = CARTESIAN_POINT('',(-1.5,-0.625,2.00001E-02));
#1671 = ORIENTED_EDGE('',*,*,#1672,.T.);
#1672 = EDGE_CURVE('',#1666,#1546,#1673,.T.);
#1673 = B_SPLINE_CURVE_WITH_KNOTS('',1,(#1674,#1675),.UNSPECIFIED.,.F.,
  .F.,(2,2),(-0.9,-0.72),.PIECEWISE_BEZIER_KNOTS.);
#1674 = CARTESIAN_POINT('',(-1.5,-0.625,2.00001E-02));
#1675 = CARTESIAN_POINT('',(-1.5,-0.625,0.2000001));
#1676 = FACE_BOUND('',#1677,.T.);
#1677 = EDGE_LOOP('',(#1678,#1687,#1694,#1701));
#1678 = ORIENTED_EDGE('',*,*,#1679,.F.);
#1679 = EDGE_CURVE('',#1680,#1682,#1684,.T.);
#1680 = VERTEX_POINT('',#1681);
#1681 = CARTESIAN_POINT('',(-1.5,1.292128916188,0.174810016707));
#1682 = VERTEX_POINT('',#1683);
#1683 = CARTESIAN_POINT('',(-1.5,1.292128916188,8.95947065419E-02));
#1684 = B_SPLINE_CURVE_WITH_KNOTS('',1,(#1685,#1686),.UNSPECIFIED.,.F.,
  .F.,(2,2),(-8.521531016555E-02,-5.551115123126E-17),
  .PIECEWISE_BEZIER_KNOTS.);
#1685 = CARTESIAN_POINT('',(-1.5,1.292128916188,0.174810016707));
#1686 = CARTESIAN_POINT('',(-1.5,1.292128916188,8.95947065419E-02));
#1687 = ORIENTED_EDGE('',*,*,#1688,.F.);
#1688 = EDGE_CURVE('',#1689,#1680,#1691,.T.);
#1689 = VERTEX_POINT('',#1690);
#1690 = CARTESIAN_POINT('',(-1.5,1.147918391292,0.174810016707));
#1691 = B_SPLINE_CURVE_WITH_KNOTS('',1,(#1692,#1693),.UNSPECIFIED.,.F.,
  .F.,(2,2),(-0.144210524896,0.),.PIECEWISE_BEZIER_KNOTS.);
#1692 = CARTESIAN_POINT('',(-1.5,1.147918391292,0.174810016707));
#1693 = CARTESIAN_POINT('',(-1.5,1.292128916188,0.174810016707));
#1694 = ORIENTED_EDGE('',*,*,#1695,.F.);
#1695 = EDGE_CURVE('',#1696,#1689,#1698,.T.);
#1696 = VERTEX_POINT('',#1697);
#1697 = CARTESIAN_POINT('',(-1.5,1.147918391292,8.95947065419E-02));
#1698 = B_SPLINE_CURVE_WITH_KNOTS('',1,(#1699,#1700),.UNSPECIFIED.,.F.,
  .F.,(2,2),(5.551115123126E-17,8.521531016555E-02),
  .PIECEWISE_BEZIER_KNOTS.);
#1699 = CARTESIAN_POINT('',(-1.5,1.147918391292,8.95947065419E-02));
#1700 = CARTESIAN_POINT('',(-1.5,1.147918391292,0.174810016707));
#1701 = ORIENTED_EDGE('',*,*,#1702,.F.);
#1702 = EDGE_CURVE('',#1682,#1696,#1703,.T.);
#1703 = B_SPLINE_CURVE_WITH_KNOTS('',1,(#1704,#1705),.UNSPECIFIED.,.F.,
  .F.,(2,2),(1.348960394407E-28,0.144210524896),
  .PIECEWISE_BEZIER_KNOTS.);
#1704 = CARTESIAN_POINT('',(-1.5,1.292128916188,8.95947065419E-02));
#1705 = CARTESIAN_POINT('',(-1.5,1.147918391292,8.95947065419E-02));
#1706 = B_SPLINE_SURFACE_WITH_KNOTS('',1,1,(
    (#1707,#1708)
    ,(#1709,#1710
    )),.UNSPECIFIED.,.F.,.F.,.F.,(2,2),(2,2),(-3.,0.),(-0.9,0.),
  .PIECEWISE_BEZIER_KNOTS.);
#1707 = CARTESIAN_POINT('',(-1.5,-1.5,2.00001E-02));
#1708 = CARTESIAN_POINT('',(-1.5,-1.5,0.9200001));
#1709 = CARTESIAN_POINT('',(-1.5,1.5,2.00001E-02));
#1710 = CARTESIAN_POINT('',(-1.5,1.5,0.9200001));
#1711 = ADVANCED_FACE('',(#1712,#2150),#2187,.F.);
#1712 = FACE_BOUND('',#1713,.T.);
#1713 = EDGE_LOOP('',(#1714,#1715,#1722,#1729,#1734,#1735,#1742,#1749,
    #1754,#1755,#1762,#1769,#1774,#1775,#1782,#1789,#1794,#1795,#1802,
    #1809,#1816,#1823,#1830,#1837,#1844,#1851,#1858,#1865,#1872,#1879,
    #1886,#1893,#1900,#1907,#1914,#1921,#1928,#1935,#1942,#1949,#1956,
    #1963,#1970,#1977,#1984,#1991,#1998,#2005,#2012,#2019,#2026,#2033,
    #2040,#2047,#2054,#2061,#2068,#2075,#2082,#2089,#2096,#2103,#2110,
    #2117,#2124,#2131,#2138,#2145));
#1714 = ORIENTED_EDGE('',*,*,#1561,.F.);
#1715 = ORIENTED_EDGE('',*,*,#1716,.T.);
#1716 = EDGE_CURVE('',#1555,#1717,#1719,.T.);
#1717 = VERTEX_POINT('',#1718);
#1718 = CARTESIAN_POINT('',(-1.1,-0.875,2.00001E-02));
#1719 = B_SPLINE_CURVE_WITH_KNOTS('',1,(#1720,#1721),.UNSPECIFIED.,.F.,
  .F.,(2,2),(-1.5,-1.1),.PIECEWISE_BEZIER_KNOTS.);
#1720 = CARTESIAN_POINT('',(-1.5,-0.875,2.00001E-02));
#1721 = CARTESIAN_POINT('',(-1.1,-0.875,2.00001E-02));
#1722 = ORIENTED_EDGE('',*,*,#1723,.T.);
#1723 = EDGE_CURVE('',#1717,#1724,#1726,.T.);
#1724 = VERTEX_POINT('',#1725);
#1725 = CARTESIAN_POINT('',(-1.1,-0.625,2.00001E-02));
#1726 = B_SPLINE_CURVE_WITH_KNOTS('',1,(#1727,#1728),.UNSPECIFIED.,.F.,
  .F.,(2,2),(-0.875,-0.625),.PIECEWISE_BEZIER_KNOTS.);
#1727 = CARTESIAN_POINT('',(-1.1,-0.875,2.00001E-02));
#1728 = CARTESIAN_POINT('',(-1.1,-0.625,2.00001E-02));
#1729 = ORIENTED_EDGE('',*,*,#1730,.T.);
#1730 = EDGE_CURVE('',#1724,#1666,#1731,.T.);
#1731 = B_SPLINE_CURVE_WITH_KNOTS('',1,(#1732,#1733),.UNSPECIFIED.,.F.,
  .F.,(2,2),(1.1,1.5),.PIECEWISE_BEZIER_KNOTS.);
#1732 = CARTESIAN_POINT('',(-1.1,-0.625,2.00001E-02));
#1733 = CARTESIAN_POINT('',(-1.5,-0.625,2.00001E-02));
#1734 = ORIENTED_EDGE('',*,*,#1665,.F.);
#1735 = ORIENTED_EDGE('',*,*,#1736,.T.);
#1736 = EDGE_CURVE('',#1659,#1737,#1739,.T.);
#1737 = VERTEX_POINT('',#1738);
#1738 = CARTESIAN_POINT('',(-1.1,-0.375,2.00001E-02));
#1739 = B_SPLINE_CURVE_WITH_KNOTS('',1,(#1740,#1741),.UNSPECIFIED.,.F.,
  .F.,(2,2),(-1.5,-1.1),.PIECEWISE_BEZIER_KNOTS.);
#1740 = CARTESIAN_POINT('',(-1.5,-0.375,2.00001E-02));
#1741 = CARTESIAN_POINT('',(-1.1,-0.375,2.00001E-02));
#1742 = ORIENTED_EDGE('',*,*,#1743,.T.);
#1743 = EDGE_CURVE('',#1737,#1744,#1746,.T.);
#1744 = VERTEX_POINT('',#1745);
#1745 = CARTESIAN_POINT('',(-1.1,-0.125,2.00001E-02));
#1746 = B_SPLINE_CURVE_WITH_KNOTS('',1,(#1747,#1748),.UNSPECIFIED.,.F.,
  .F.,(2,2),(-0.375,-0.125),.PIECEWISE_BEZIER_KNOTS.);
#1747 = CARTESIAN_POINT('',(-1.1,-0.375,2.00001E-02));
#1748 = CARTESIAN_POINT('',(-1.1,-0.125,2.00001E-02));
#1749 = ORIENTED_EDGE('',*,*,#1750,.T.);
#1750 = EDGE_CURVE('',#1744,#1638,#1751,.T.);
#1751 = B_SPLINE_CURVE_WITH_KNOTS('',1,(#1752,#1753),.UNSPECIFIED.,.F.,
  .F.,(2,2),(1.1,1.5),.PIECEWISE_BEZIER_KNOTS.);
#1752 = CARTESIAN_POINT('',(-1.1,-0.125,2.00001E-02));
#1753 = CARTESIAN_POINT('',(-1.5,-0.125,2.00001E-02));
#1754 = ORIENTED_EDGE('',*,*,#1637,.F.);
#1755 = ORIENTED_EDGE('',*,*,#1756,.T.);
#1756 = EDGE_CURVE('',#1631,#1757,#1759,.T.);
#1757 = VERTEX_POINT('',#1758);
#1758 = CARTESIAN_POINT('',(-1.1,0.125,2.00001E-02));
#1759 = B_SPLINE_CURVE_WITH_KNOTS('',1,(#1760,#1761),.UNSPECIFIED.,.F.,
  .F.,(2,2),(-1.5,-1.1),.PIECEWISE_BEZIER_KNOTS.);
#1760 = CARTESIAN_POINT('',(-1.5,0.125,2.00001E-02));
#1761 = CARTESIAN_POINT('',(-1.1,0.125,2.00001E-02));
#1762 = ORIENTED_EDGE('',*,*,#1763,.T.);
#1763 = EDGE_CURVE('',#1757,#1764,#1766,.T.);
#1764 = VERTEX_POINT('',#1765);
#1765 = CARTESIAN_POINT('',(-1.1,0.375,2.00001E-02));
#1766 = B_SPLINE_CURVE_WITH_KNOTS('',1,(#1767,#1768),.UNSPECIFIED.,.F.,
  .F.,(2,2),(0.125,0.375),.PIECEWISE_BEZIER_KNOTS.);
#1767 = CARTESIAN_POINT('',(-1.1,0.125,2.00001E-02));
#1768 = CARTESIAN_POINT('',(-1.1,0.375,2.00001E-02));
#1769 = ORIENTED_EDGE('',*,*,#1770,.T.);
#1770 = EDGE_CURVE('',#1764,#1610,#1771,.T.);
#1771 = B_SPLINE_CURVE_WITH_KNOTS('',1,(#1772,#1773),.UNSPECIFIED.,.F.,
  .F.,(2,2),(1.1,1.5),.PIECEWISE_BEZIER_KNOTS.);
#1772 = CARTESIAN_POINT('',(-1.1,0.375,2.00001E-02));
#1773 = CARTESIAN_POINT('',(-1.5,0.375,2.00001E-02));
#1774 = ORIENTED_EDGE('',*,*,#1609,.F.);
#1775 = ORIENTED_EDGE('',*,*,#1776,.T.);
#1776 = EDGE_CURVE('',#1603,#1777,#1779,.T.);
#1777 = VERTEX_POINT('',#1778);
#1778 = CARTESIAN_POINT('',(-1.1,0.625,2.00001E-02));
#1779 = B_SPLINE_CURVE_WITH_KNOTS('',1,(#1780,#1781),.UNSPECIFIED.,.F.,
  .F.,(2,2),(-1.5,-1.1),.PIECEWISE_BEZIER_KNOTS.);
#1780 = CARTESIAN_POINT('',(-1.5,0.625,2.00001E-02));
#1781 = CARTESIAN_POINT('',(-1.1,0.625,2.00001E-02));
#1782 = ORIENTED_EDGE('',*,*,#1783,.T.);
#1783 = EDGE_CURVE('',#1777,#1784,#1786,.T.);
#1784 = VERTEX_POINT('',#1785);
#1785 = CARTESIAN_POINT('',(-1.1,0.875,2.00001E-02));
#1786 = B_SPLINE_CURVE_WITH_KNOTS('',1,(#1787,#1788),.UNSPECIFIED.,.F.,
  .F.,(2,2),(0.625,0.875),.PIECEWISE_BEZIER_KNOTS.);
#1787 = CARTESIAN_POINT('',(-1.1,0.625,2.00001E-02));
#1788 = CARTESIAN_POINT('',(-1.1,0.875,2.00001E-02));
#1789 = ORIENTED_EDGE('',*,*,#1790,.T.);
#1790 = EDGE_CURVE('',#1784,#1582,#1791,.T.);
#1791 = B_SPLINE_CURVE_WITH_KNOTS('',1,(#1792,#1793),.UNSPECIFIED.,.F.,
  .F.,(2,2),(1.1,1.5),.PIECEWISE_BEZIER_KNOTS.);
#1792 = CARTESIAN_POINT('',(-1.1,0.875,2.00001E-02));
#1793 = CARTESIAN_POINT('',(-1.5,0.875,2.00001E-02));
#1794 = ORIENTED_EDGE('',*,*,#1581,.F.);
#1795 = ORIENTED_EDGE('',*,*,#1796,.F.);
#1796 = EDGE_CURVE('',#1797,#1575,#1799,.T.);
#1797 = VERTEX_POINT('',#1798);
#1798 = CARTESIAN_POINT('',(-0.875,1.5,2.00001E-02));
#1799 = B_SPLINE_CURVE_WITH_KNOTS('',1,(#1800,#1801),.UNSPECIFIED.,.F.,
  .F.,(2,2),(-0.625,-0.),.PIECEWISE_BEZIER_KNOTS.);
#1800 = CARTESIAN_POINT('',(-0.875,1.5,2.00001E-02));
#1801 = CARTESIAN_POINT('',(-1.5,1.5,2.00001E-02));
#1802 = ORIENTED_EDGE('',*,*,#1803,.T.);
#1803 = EDGE_CURVE('',#1797,#1804,#1806,.T.);
#1804 = VERTEX_POINT('',#1805);
#1805 = CARTESIAN_POINT('',(-0.875,1.1,2.00001E-02));
#1806 = B_SPLINE_CURVE_WITH_KNOTS('',1,(#1807,#1808),.UNSPECIFIED.,.F.,
  .F.,(2,2),(-1.5,-1.1),.PIECEWISE_BEZIER_KNOTS.);
#1807 = CARTESIAN_POINT('',(-0.875,1.5,2.00001E-02));
#1808 = CARTESIAN_POINT('',(-0.875,1.1,2.00001E-02));
#1809 = ORIENTED_EDGE('',*,*,#1810,.T.);
#1810 = EDGE_CURVE('',#1804,#1811,#1813,.T.);
#1811 = VERTEX_POINT('',#1812);
#1812 = CARTESIAN_POINT('',(-0.625,1.1,2.00001E-02));
#1813 = B_SPLINE_CURVE_WITH_KNOTS('',1,(#1814,#1815),.UNSPECIFIED.,.F.,
  .F.,(2,2),(-0.875,-0.625),.PIECEWISE_BEZIER_KNOTS.);
#1814 = CARTESIAN_POINT('',(-0.875,1.1,2.00001E-02));
#1815 = CARTESIAN_POINT('',(-0.625,1.1,2.00001E-02));
#1816 = ORIENTED_EDGE('',*,*,#1817,.T.);
#1817 = EDGE_CURVE('',#1811,#1818,#1820,.T.);
#1818 = VERTEX_POINT('',#1819);
#1819 = CARTESIAN_POINT('',(-0.625,1.5,2.00001E-02));
#1820 = B_SPLINE_CURVE_WITH_KNOTS('',1,(#1821,#1822),.UNSPECIFIED.,.F.,
  .F.,(2,2),(1.1,1.5),.PIECEWISE_BEZIER_KNOTS.);
#1821 = CARTESIAN_POINT('',(-0.625,1.1,2.00001E-02));
#1822 = CARTESIAN_POINT('',(-0.625,1.5,2.00001E-02));
#1823 = ORIENTED_EDGE('',*,*,#1824,.F.);
#1824 = EDGE_CURVE('',#1825,#1818,#1827,.T.);
#1825 = VERTEX_POINT('',#1826);
#1826 = CARTESIAN_POINT('',(-0.375,1.5,2.00001E-02));
#1827 = B_SPLINE_CURVE_WITH_KNOTS('',1,(#1828,#1829),.UNSPECIFIED.,.F.,
  .F.,(2,2),(-1.125,-0.875),.PIECEWISE_BEZIER_KNOTS.);
#1828 = CARTESIAN_POINT('',(-0.375,1.5,2.00001E-02));
#1829 = CARTESIAN_POINT('',(-0.625,1.5,2.00001E-02));
#1830 = ORIENTED_EDGE('',*,*,#1831,.T.);
#1831 = EDGE_CURVE('',#1825,#1832,#1834,.T.);
#1832 = VERTEX_POINT('',#1833);
#1833 = CARTESIAN_POINT('',(-0.375,1.1,2.00001E-02));
#1834 = B_SPLINE_CURVE_WITH_KNOTS('',1,(#1835,#1836),.UNSPECIFIED.,.F.,
  .F.,(2,2),(-1.5,-1.1),.PIECEWISE_BEZIER_KNOTS.);
#1835 = CARTESIAN_POINT('',(-0.375,1.5,2.00001E-02));
#1836 = CARTESIAN_POINT('',(-0.375,1.1,2.00001E-02));
#1837 = ORIENTED_EDGE('',*,*,#1838,.T.);
#1838 = EDGE_CURVE('',#1832,#1839,#1841,.T.);
#1839 = VERTEX_POINT('',#1840);
#1840 = CARTESIAN_POINT('',(-0.125,1.1,2.00001E-02));
#1841 = B_SPLINE_CURVE_WITH_KNOTS('',1,(#1842,#1843),.UNSPECIFIED.,.F.,
  .F.,(2,2),(-0.375,-0.125),.PIECEWISE_BEZIER_KNOTS.);
#1842 = CARTESIAN_POINT('',(-0.375,1.1,2.00001E-02));
#1843 = CARTESIAN_POINT('',(-0.125,1.1,2.00001E-02));
#1844 = ORIENTED_EDGE('',*,*,#1845,.T.);
#1845 = EDGE_CURVE('',#1839,#1846,#1848,.T.);
#1846 = VERTEX_POINT('',#1847);
#1847 = CARTESIAN_POINT('',(-0.125,1.5,2.00001E-02));
#1848 = B_SPLINE_CURVE_WITH_KNOTS('',1,(#1849,#1850),.UNSPECIFIED.,.F.,
  .F.,(2,2),(1.1,1.5),.PIECEWISE_BEZIER_KNOTS.);
#1849 = CARTESIAN_POINT('',(-0.125,1.1,2.00001E-02));
#1850 = CARTESIAN_POINT('',(-0.125,1.5,2.00001E-02));
#1851 = ORIENTED_EDGE('',*,*,#1852,.F.);
#1852 = EDGE_CURVE('',#1853,#1846,#1855,.T.);
#1853 = VERTEX_POINT('',#1854);
#1854 = CARTESIAN_POINT('',(0.125,1.5,2.00001E-02));
#1855 = B_SPLINE_CURVE_WITH_KNOTS('',1,(#1856,#1857),.UNSPECIFIED.,.F.,
  .F.,(2,2),(-1.625,-1.375),.PIECEWISE_BEZIER_KNOTS.);
#1856 = CARTESIAN_POINT('',(0.125,1.5,2.00001E-02));
#1857 = CARTESIAN_POINT('',(-0.125,1.5,2.00001E-02));
#1858 = ORIENTED_EDGE('',*,*,#1859,.T.);
#1859 = EDGE_CURVE('',#1853,#1860,#1862,.T.);
#1860 = VERTEX_POINT('',#1861);
#1861 = CARTESIAN_POINT('',(0.125,1.1,2.00001E-02));
#1862 = B_SPLINE_CURVE_WITH_KNOTS('',1,(#1863,#1864),.UNSPECIFIED.,.F.,
  .F.,(2,2),(-1.5,-1.1),.PIECEWISE_BEZIER_KNOTS.);
#1863 = CARTESIAN_POINT('',(0.125,1.5,2.00001E-02));
#1864 = CARTESIAN_POINT('',(0.125,1.1,2.00001E-02));
#1865 = ORIENTED_EDGE('',*,*,#1866,.T.);
#1866 = EDGE_CURVE('',#1860,#1867,#1869,.T.);
#1867 = VERTEX_POINT('',#1868);
#1868 = CARTESIAN_POINT('',(0.375,1.1,2.00001E-02));
#1869 = B_SPLINE_CURVE_WITH_KNOTS('',1,(#1870,#1871),.UNSPECIFIED.,.F.,
  .F.,(2,2),(0.125,0.375),.PIECEWISE_BEZIER_KNOTS.);
#1870 = CARTESIAN_POINT('',(0.125,1.1,2.00001E-02));
#1871 = CARTESIAN_POINT('',(0.375,1.1,2.00001E-02));
#1872 = ORIENTED_EDGE('',*,*,#1873,.T.);
#1873 = EDGE_CURVE('',#1867,#1874,#1876,.T.);
#1874 = VERTEX_POINT('',#1875);
#1875 = CARTESIAN_POINT('',(0.375,1.5,2.00001E-02));
#1876 = B_SPLINE_CURVE_WITH_KNOTS('',1,(#1877,#1878),.UNSPECIFIED.,.F.,
  .F.,(2,2),(1.1,1.5),.PIECEWISE_BEZIER_KNOTS.);
#1877 = CARTESIAN_POINT('',(0.375,1.1,2.00001E-02));
#1878 = CARTESIAN_POINT('',(0.375,1.5,2.00001E-02));
#1879 = ORIENTED_EDGE('',*,*,#1880,.F.);
#1880 = EDGE_CURVE('',#1881,#1874,#1883,.T.);
#1881 = VERTEX_POINT('',#1882);
#1882 = CARTESIAN_POINT('',(0.625,1.5,2.00001E-02));
#1883 = B_SPLINE_CURVE_WITH_KNOTS('',1,(#1884,#1885),.UNSPECIFIED.,.F.,
  .F.,(2,2),(-2.125,-1.875),.PIECEWISE_BEZIER_KNOTS.);
#1884 = CARTESIAN_POINT('',(0.625,1.5,2.00001E-02));
#1885 = CARTESIAN_POINT('',(0.375,1.5,2.00001E-02));
#1886 = ORIENTED_EDGE('',*,*,#1887,.T.);
#1887 = EDGE_CURVE('',#1881,#1888,#1890,.T.);
#1888 = VERTEX_POINT('',#1889);
#1889 = CARTESIAN_POINT('',(0.625,1.1,2.00001E-02));
#1890 = B_SPLINE_CURVE_WITH_KNOTS('',1,(#1891,#1892),.UNSPECIFIED.,.F.,
  .F.,(2,2),(-1.5,-1.1),.PIECEWISE_BEZIER_KNOTS.);
#1891 = CARTESIAN_POINT('',(0.625,1.5,2.00001E-02));
#1892 = CARTESIAN_POINT('',(0.625,1.1,2.00001E-02));
#1893 = ORIENTED_EDGE('',*,*,#1894,.T.);
#1894 = EDGE_CURVE('',#1888,#1895,#1897,.T.);
#1895 = VERTEX_POINT('',#1896);
#1896 = CARTESIAN_POINT('',(0.875,1.1,2.00001E-02));
#1897 = B_SPLINE_CURVE_WITH_KNOTS('',1,(#1898,#1899),.UNSPECIFIED.,.F.,
  .F.,(2,2),(0.625,0.875),.PIECEWISE_BEZIER_KNOTS.);
#1898 = CARTESIAN_POINT('',(0.625,1.1,2.00001E-02));
#1899 = CARTESIAN_POINT('',(0.875,1.1,2.00001E-02));
#1900 = ORIENTED_EDGE('',*,*,#1901,.T.);
#1901 = EDGE_CURVE('',#1895,#1902,#1904,.T.);
#1902 = VERTEX_POINT('',#1903);
#1903 = CARTESIAN_POINT('',(0.875,1.5,2.00001E-02));
#1904 = B_SPLINE_CURVE_WITH_KNOTS('',1,(#1905,#1906),.UNSPECIFIED.,.F.,
  .F.,(2,2),(1.1,1.5),.PIECEWISE_BEZIER_KNOTS.);
#1905 = CARTESIAN_POINT('',(0.875,1.1,2.00001E-02));
#1906 = CARTESIAN_POINT('',(0.875,1.5,2.00001E-02));
#1907 = ORIENTED_EDGE('',*,*,#1908,.F.);
#1908 = EDGE_CURVE('',#1909,#1902,#1911,.T.);
#1909 = VERTEX_POINT('',#1910);
#1910 = CARTESIAN_POINT('',(1.5,1.5,2.00001E-02));
#1911 = B_SPLINE_CURVE_WITH_KNOTS('',1,(#1912,#1913),.UNSPECIFIED.,.F.,
  .F.,(2,2),(-3.,-2.375),.PIECEWISE_BEZIER_KNOTS.);
#1912 = CARTESIAN_POINT('',(1.5,1.5,2.00001E-02));
#1913 = CARTESIAN_POINT('',(0.875,1.5,2.00001E-02));
#1914 = ORIENTED_EDGE('',*,*,#1915,.F.);
#1915 = EDGE_CURVE('',#1916,#1909,#1918,.T.);
#1916 = VERTEX_POINT('',#1917);
#1917 = CARTESIAN_POINT('',(1.5,0.875,2.00001E-02));
#1918 = B_SPLINE_CURVE_WITH_KNOTS('',1,(#1919,#1920),.UNSPECIFIED.,.F.,
  .F.,(2,2),(-0.625,0.),.PIECEWISE_BEZIER_KNOTS.);
#1919 = CARTESIAN_POINT('',(1.5,0.875,2.00001E-02));
#1920 = CARTESIAN_POINT('',(1.5,1.5,2.00001E-02));
#1921 = ORIENTED_EDGE('',*,*,#1922,.T.);
#1922 = EDGE_CURVE('',#1916,#1923,#1925,.T.);
#1923 = VERTEX_POINT('',#1924);
#1924 = CARTESIAN_POINT('',(1.1,0.875,2.00001E-02));
#1925 = B_SPLINE_CURVE_WITH_KNOTS('',1,(#1926,#1927),.UNSPECIFIED.,.F.,
  .F.,(2,2),(-1.5,-1.1),.PIECEWISE_BEZIER_KNOTS.);
#1926 = CARTESIAN_POINT('',(1.5,0.875,2.00001E-02));
#1927 = CARTESIAN_POINT('',(1.1,0.875,2.00001E-02));
#1928 = ORIENTED_EDGE('',*,*,#1929,.T.);
#1929 = EDGE_CURVE('',#1923,#1930,#1932,.T.);
#1930 = VERTEX_POINT('',#1931);
#1931 = CARTESIAN_POINT('',(1.1,0.625,2.00001E-02));
#1932 = B_SPLINE_CURVE_WITH_KNOTS('',1,(#1933,#1934),.UNSPECIFIED.,.F.,
  .F.,(2,2),(-0.875,-0.625),.PIECEWISE_BEZIER_KNOTS.);
#1933 = CARTESIAN_POINT('',(1.1,0.875,2.00001E-02));
#1934 = CARTESIAN_POINT('',(1.1,0.625,2.00001E-02));
#1935 = ORIENTED_EDGE('',*,*,#1936,.T.);
#1936 = EDGE_CURVE('',#1930,#1937,#1939,.T.);
#1937 = VERTEX_POINT('',#1938);
#1938 = CARTESIAN_POINT('',(1.5,0.625,2.00001E-02));
#1939 = B_SPLINE_CURVE_WITH_KNOTS('',1,(#1940,#1941),.UNSPECIFIED.,.F.,
  .F.,(2,2),(1.1,1.5),.PIECEWISE_BEZIER_KNOTS.);
#1940 = CARTESIAN_POINT('',(1.1,0.625,2.00001E-02));
#1941 = CARTESIAN_POINT('',(1.5,0.625,2.00001E-02));
#1942 = ORIENTED_EDGE('',*,*,#1943,.F.);
#1943 = EDGE_CURVE('',#1944,#1937,#1946,.T.);
#1944 = VERTEX_POINT('',#1945);
#1945 = CARTESIAN_POINT('',(1.5,0.375,2.00001E-02));
#1946 = B_SPLINE_CURVE_WITH_KNOTS('',1,(#1947,#1948),.UNSPECIFIED.,.F.,
  .F.,(2,2),(-1.125,-0.875),.PIECEWISE_BEZIER_KNOTS.);
#1947 = CARTESIAN_POINT('',(1.5,0.375,2.00001E-02));
#1948 = CARTESIAN_POINT('',(1.5,0.625,2.00001E-02));
#1949 = ORIENTED_EDGE('',*,*,#1950,.T.);
#1950 = EDGE_CURVE('',#1944,#1951,#1953,.T.);
#1951 = VERTEX_POINT('',#1952);
#1952 = CARTESIAN_POINT('',(1.1,0.375,2.00001E-02));
#1953 = B_SPLINE_CURVE_WITH_KNOTS('',1,(#1954,#1955),.UNSPECIFIED.,.F.,
  .F.,(2,2),(-1.5,-1.1),.PIECEWISE_BEZIER_KNOTS.);
#1954 = CARTESIAN_POINT('',(1.5,0.375,2.00001E-02));
#1955 = CARTESIAN_POINT('',(1.1,0.375,2.00001E-02));
#1956 = ORIENTED_EDGE('',*,*,#1957,.T.);
#1957 = EDGE_CURVE('',#1951,#1958,#1960,.T.);
#1958 = VERTEX_POINT('',#1959);
#1959 = CARTESIAN_POINT('',(1.1,0.125,2.00001E-02));
#1960 = B_SPLINE_CURVE_WITH_KNOTS('',1,(#1961,#1962),.UNSPECIFIED.,.F.,
  .F.,(2,2),(-0.375,-0.125),.PIECEWISE_BEZIER_KNOTS.);
#1961 = CARTESIAN_POINT('',(1.1,0.375,2.00001E-02));
#1962 = CARTESIAN_POINT('',(1.1,0.125,2.00001E-02));
#1963 = ORIENTED_EDGE('',*,*,#1964,.T.);
#1964 = EDGE_CURVE('',#1958,#1965,#1967,.T.);
#1965 = VERTEX_POINT('',#1966);
#1966 = CARTESIAN_POINT('',(1.5,0.125,2.00001E-02));
#1967 = B_SPLINE_CURVE_WITH_KNOTS('',1,(#1968,#1969),.UNSPECIFIED.,.F.,
  .F.,(2,2),(1.1,1.5),.PIECEWISE_BEZIER_KNOTS.);
#1968 = CARTESIAN_POINT('',(1.1,0.125,2.00001E-02));
#1969 = CARTESIAN_POINT('',(1.5,0.125,2.00001E-02));
#1970 = ORIENTED_EDGE('',*,*,#1971,.F.);
#1971 = EDGE_CURVE('',#1972,#1965,#1974,.T.);
#1972 = VERTEX_POINT('',#1973);
#1973 = CARTESIAN_POINT('',(1.5,-0.125,2.00001E-02));
#1974 = B_SPLINE_CURVE_WITH_KNOTS('',1,(#1975,#1976),.UNSPECIFIED.,.F.,
  .F.,(2,2),(-1.625,-1.375),.PIECEWISE_BEZIER_KNOTS.);
#1975 = CARTESIAN_POINT('',(1.5,-0.125,2.00001E-02));
#1976 = CARTESIAN_POINT('',(1.5,0.125,2.00001E-02));
#1977 = ORIENTED_EDGE('',*,*,#1978,.T.);
#1978 = EDGE_CURVE('',#1972,#1979,#1981,.T.);
#1979 = VERTEX_POINT('',#1980);
#1980 = CARTESIAN_POINT('',(1.1,-0.125,2.00001E-02));
#1981 = B_SPLINE_CURVE_WITH_KNOTS('',1,(#1982,#1983),.UNSPECIFIED.,.F.,
  .F.,(2,2),(-1.5,-1.1),.PIECEWISE_BEZIER_KNOTS.);
#1982 = CARTESIAN_POINT('',(1.5,-0.125,2.00001E-02));
#1983 = CARTESIAN_POINT('',(1.1,-0.125,2.00001E-02));
#1984 = ORIENTED_EDGE('',*,*,#1985,.T.);
#1985 = EDGE_CURVE('',#1979,#1986,#1988,.T.);
#1986 = VERTEX_POINT('',#1987);
#1987 = CARTESIAN_POINT('',(1.1,-0.375,2.00001E-02));
#1988 = B_SPLINE_CURVE_WITH_KNOTS('',1,(#1989,#1990),.UNSPECIFIED.,.F.,
  .F.,(2,2),(0.125,0.375),.PIECEWISE_BEZIER_KNOTS.);
#1989 = CARTESIAN_POINT('',(1.1,-0.125,2.00001E-02));
#1990 = CARTESIAN_POINT('',(1.1,-0.375,2.00001E-02));
#1991 = ORIENTED_EDGE('',*,*,#1992,.T.);
#1992 = EDGE_CURVE('',#1986,#1993,#1995,.T.);
#1993 = VERTEX_POINT('',#1994);
#1994 = CARTESIAN_POINT('',(1.5,-0.375,2.00001E-02));
#1995 = B_SPLINE_CURVE_WITH_KNOTS('',1,(#1996,#1997),.UNSPECIFIED.,.F.,
  .F.,(2,2),(1.1,1.5),.PIECEWISE_BEZIER_KNOTS.);
#1996 = CARTESIAN_POINT('',(1.1,-0.375,2.00001E-02));
#1997 = CARTESIAN_POINT('',(1.5,-0.375,2.00001E-02));
#1998 = ORIENTED_EDGE('',*,*,#1999,.F.);
#1999 = EDGE_CURVE('',#2000,#1993,#2002,.T.);
#2000 = VERTEX_POINT('',#2001);
#2001 = CARTESIAN_POINT('',(1.5,-0.625,2.00001E-02));
#2002 = B_SPLINE_CURVE_WITH_KNOTS('',1,(#2003,#2004),.UNSPECIFIED.,.F.,
  .F.,(2,2),(-2.125,-1.875),.PIECEWISE_BEZIER_KNOTS.);
#2003 = CARTESIAN_POINT('',(1.5,-0.625,2.00001E-02));
#2004 = CARTESIAN_POINT('',(1.5,-0.375,2.00001E-02));
#2005 = ORIENTED_EDGE('',*,*,#2006,.T.);
#2006 = EDGE_CURVE('',#2000,#2007,#2009,.T.);
#2007 = VERTEX_POINT('',#2008);
#2008 = CARTESIAN_POINT('',(1.1,-0.625,2.00001E-02));
#2009 = B_SPLINE_CURVE_WITH_KNOTS('',1,(#2010,#2011),.UNSPECIFIED.,.F.,
  .F.,(2,2),(-1.5,-1.1),.PIECEWISE_BEZIER_KNOTS.);
#2010 = CARTESIAN_POINT('',(1.5,-0.625,2.00001E-02));
#2011 = CARTESIAN_POINT('',(1.1,-0.625,2.00001E-02));
#2012 = ORIENTED_EDGE('',*,*,#2013,.T.);
#2013 = EDGE_CURVE('',#2007,#2014,#2016,.T.);
#2014 = VERTEX_POINT('',#2015);
#2015 = CARTESIAN_POINT('',(1.1,-0.875,2.00001E-02));
#2016 = B_SPLINE_CURVE_WITH_KNOTS('',1,(#2017,#2018),.UNSPECIFIED.,.F.,
  .F.,(2,2),(0.625,0.875),.PIECEWISE_BEZIER_KNOTS.);
#2017 = CARTESIAN_POINT('',(1.1,-0.625,2.00001E-02));
#2018 = CARTESIAN_POINT('',(1.1,-0.875,2.00001E-02));
#2019 = ORIENTED_EDGE('',*,*,#2020,.T.);
#2020 = EDGE_CURVE('',#2014,#2021,#2023,.T.);
#2021 = VERTEX_POINT('',#2022);
#2022 = CARTESIAN_POINT('',(1.5,-0.875,2.00001E-02));
#2023 = B_SPLINE_CURVE_WITH_KNOTS('',1,(#2024,#2025),.UNSPECIFIED.,.F.,
  .F.,(2,2),(1.1,1.5),.PIECEWISE_BEZIER_KNOTS.);
#2024 = CARTESIAN_POINT('',(1.1,-0.875,2.00001E-02));
#2025 = CARTESIAN_POINT('',(1.5,-0.875,2.00001E-02));
#2026 = ORIENTED_EDGE('',*,*,#2027,.F.);
#2027 = EDGE_CURVE('',#2028,#2021,#2030,.T.);
#2028 = VERTEX_POINT('',#2029);
#2029 = CARTESIAN_POINT('',(1.5,-1.5,2.00001E-02));
#2030 = B_SPLINE_CURVE_WITH_KNOTS('',1,(#2031,#2032),.UNSPECIFIED.,.F.,
  .F.,(2,2),(-3.,-2.375),.PIECEWISE_BEZIER_KNOTS.);
#2031 = CARTESIAN_POINT('',(1.5,-1.5,2.00001E-02));
#2032 = CARTESIAN_POINT('',(1.5,-0.875,2.00001E-02));
#2033 = ORIENTED_EDGE('',*,*,#2034,.F.);
#2034 = EDGE_CURVE('',#2035,#2028,#2037,.T.);
#2035 = VERTEX_POINT('',#2036);
#2036 = CARTESIAN_POINT('',(0.875,-1.5,2.00001E-02));
#2037 = B_SPLINE_CURVE_WITH_KNOTS('',1,(#2038,#2039),.UNSPECIFIED.,.F.,
  .F.,(2,2),(2.375,3.),.PIECEWISE_BEZIER_KNOTS.);
#2038 = CARTESIAN_POINT('',(0.875,-1.5,2.00001E-02));
#2039 = CARTESIAN_POINT('',(1.5,-1.5,2.00001E-02));
#2040 = ORIENTED_EDGE('',*,*,#2041,.T.);
#2041 = EDGE_CURVE('',#2035,#2042,#2044,.T.);
#2042 = VERTEX_POINT('',#2043);
#2043 = CARTESIAN_POINT('',(0.875,-1.1,2.00001E-02));
#2044 = B_SPLINE_CURVE_WITH_KNOTS('',1,(#2045,#2046),.UNSPECIFIED.,.F.,
  .F.,(2,2),(-1.5,-1.1),.PIECEWISE_BEZIER_KNOTS.);
#2045 = CARTESIAN_POINT('',(0.875,-1.5,2.00001E-02));
#2046 = CARTESIAN_POINT('',(0.875,-1.1,2.00001E-02));
#2047 = ORIENTED_EDGE('',*,*,#2048,.T.);
#2048 = EDGE_CURVE('',#2042,#2049,#2051,.T.);
#2049 = VERTEX_POINT('',#2050);
#2050 = CARTESIAN_POINT('',(0.625,-1.1,2.00001E-02));
#2051 = B_SPLINE_CURVE_WITH_KNOTS('',1,(#2052,#2053),.UNSPECIFIED.,.F.,
  .F.,(2,2),(-0.875,-0.625),.PIECEWISE_BEZIER_KNOTS.);
#2052 = CARTESIAN_POINT('',(0.875,-1.1,2.00001E-02));
#2053 = CARTESIAN_POINT('',(0.625,-1.1,2.00001E-02));
#2054 = ORIENTED_EDGE('',*,*,#2055,.T.);
#2055 = EDGE_CURVE('',#2049,#2056,#2058,.T.);
#2056 = VERTEX_POINT('',#2057);
#2057 = CARTESIAN_POINT('',(0.625,-1.5,2.00001E-02));
#2058 = B_SPLINE_CURVE_WITH_KNOTS('',1,(#2059,#2060),.UNSPECIFIED.,.F.,
  .F.,(2,2),(1.1,1.5),.PIECEWISE_BEZIER_KNOTS.);
#2059 = CARTESIAN_POINT('',(0.625,-1.1,2.00001E-02));
#2060 = CARTESIAN_POINT('',(0.625,-1.5,2.00001E-02));
#2061 = ORIENTED_EDGE('',*,*,#2062,.F.);
#2062 = EDGE_CURVE('',#2063,#2056,#2065,.T.);
#2063 = VERTEX_POINT('',#2064);
#2064 = CARTESIAN_POINT('',(0.375,-1.5,2.00001E-02));
#2065 = B_SPLINE_CURVE_WITH_KNOTS('',1,(#2066,#2067),.UNSPECIFIED.,.F.,
  .F.,(2,2),(1.875,2.125),.PIECEWISE_BEZIER_KNOTS.);
#2066 = CARTESIAN_POINT('',(0.375,-1.5,2.00001E-02));
#2067 = CARTESIAN_POINT('',(0.625,-1.5,2.00001E-02));
#2068 = ORIENTED_EDGE('',*,*,#2069,.T.);
#2069 = EDGE_CURVE('',#2063,#2070,#2072,.T.);
#2070 = VERTEX_POINT('',#2071);
#2071 = CARTESIAN_POINT('',(0.375,-1.1,2.00001E-02));
#2072 = B_SPLINE_CURVE_WITH_KNOTS('',1,(#2073,#2074),.UNSPECIFIED.,.F.,
  .F.,(2,2),(-1.5,-1.1),.PIECEWISE_BEZIER_KNOTS.);
#2073 = CARTESIAN_POINT('',(0.375,-1.5,2.00001E-02));
#2074 = CARTESIAN_POINT('',(0.375,-1.1,2.00001E-02));
#2075 = ORIENTED_EDGE('',*,*,#2076,.T.);
#2076 = EDGE_CURVE('',#2070,#2077,#2079,.T.);
#2077 = VERTEX_POINT('',#2078);
#2078 = CARTESIAN_POINT('',(0.125,-1.1,2.00001E-02));
#2079 = B_SPLINE_CURVE_WITH_KNOTS('',1,(#2080,#2081),.UNSPECIFIED.,.F.,
  .F.,(2,2),(-0.375,-0.125),.PIECEWISE_BEZIER_KNOTS.);
#2080 = CARTESIAN_POINT('',(0.375,-1.1,2.00001E-02));
#2081 = CARTESIAN_POINT('',(0.125,-1.1,2.00001E-02));
#2082 = ORIENTED_EDGE('',*,*,#2083,.T.);
#2083 = EDGE_CURVE('',#2077,#2084,#2086,.T.);
#2084 = VERTEX_POINT('',#2085);
#2085 = CARTESIAN_POINT('',(0.125,-1.5,2.00001E-02));
#2086 = B_SPLINE_CURVE_WITH_KNOTS('',1,(#2087,#2088),.UNSPECIFIED.,.F.,
  .F.,(2,2),(1.1,1.5),.PIECEWISE_BEZIER_KNOTS.);
#2087 = CARTESIAN_POINT('',(0.125,-1.1,2.00001E-02));
#2088 = CARTESIAN_POINT('',(0.125,-1.5,2.00001E-02));
#2089 = ORIENTED_EDGE('',*,*,#2090,.F.);
#2090 = EDGE_CURVE('',#2091,#2084,#2093,.T.);
#2091 = VERTEX_POINT('',#2092);
#2092 = CARTESIAN_POINT('',(-0.125,-1.5,2.00001E-02));
#2093 = B_SPLINE_CURVE_WITH_KNOTS('',1,(#2094,#2095),.UNSPECIFIED.,.F.,
  .F.,(2,2),(1.375,1.625),.PIECEWISE_BEZIER_KNOTS.);
#2094 = CARTESIAN_POINT('',(-0.125,-1.5,2.00001E-02));
#2095 = CARTESIAN_POINT('',(0.125,-1.5,2.00001E-02));
#2096 = ORIENTED_EDGE('',*,*,#2097,.T.);
#2097 = EDGE_CURVE('',#2091,#2098,#2100,.T.);
#2098 = VERTEX_POINT('',#2099);
#2099 = CARTESIAN_POINT('',(-0.125,-1.1,2.00001E-02));
#2100 = B_SPLINE_CURVE_WITH_KNOTS('',1,(#2101,#2102),.UNSPECIFIED.,.F.,
  .F.,(2,2),(-1.5,-1.1),.PIECEWISE_BEZIER_KNOTS.);
#2101 = CARTESIAN_POINT('',(-0.125,-1.5,2.00001E-02));
#2102 = CARTESIAN_POINT('',(-0.125,-1.1,2.00001E-02));
#2103 = ORIENTED_EDGE('',*,*,#2104,.T.);
#2104 = EDGE_CURVE('',#2098,#2105,#2107,.T.);
#2105 = VERTEX_POINT('',#2106);
#2106 = CARTESIAN_POINT('',(-0.375,-1.1,2.00001E-02));
#2107 = B_SPLINE_CURVE_WITH_KNOTS('',1,(#2108,#2109),.UNSPECIFIED.,.F.,
  .F.,(2,2),(0.125,0.375),.PIECEWISE_BEZIER_KNOTS.);
#2108 = CARTESIAN_POINT('',(-0.125,-1.1,2.00001E-02));
#2109 = CARTESIAN_POINT('',(-0.375,-1.1,2.00001E-02));
#2110 = ORIENTED_EDGE('',*,*,#2111,.T.);
#2111 = EDGE_CURVE('',#2105,#2112,#2114,.T.);
#2112 = VERTEX_POINT('',#2113);
#2113 = CARTESIAN_POINT('',(-0.375,-1.5,2.00001E-02));
#2114 = B_SPLINE_CURVE_WITH_KNOTS('',1,(#2115,#2116),.UNSPECIFIED.,.F.,
  .F.,(2,2),(1.1,1.5),.PIECEWISE_BEZIER_KNOTS.);
#2115 = CARTESIAN_POINT('',(-0.375,-1.1,2.00001E-02));
#2116 = CARTESIAN_POINT('',(-0.375,-1.5,2.00001E-02));
#2117 = ORIENTED_EDGE('',*,*,#2118,.F.);
#2118 = EDGE_CURVE('',#2119,#2112,#2121,.T.);
#2119 = VERTEX_POINT('',#2120);
#2120 = CARTESIAN_POINT('',(-0.625,-1.5,2.00001E-02));
#2121 = B_SPLINE_CURVE_WITH_KNOTS('',1,(#2122,#2123),.UNSPECIFIED.,.F.,
  .F.,(2,2),(0.875,1.125),.PIECEWISE_BEZIER_KNOTS.);
#2122 = CARTESIAN_POINT('',(-0.625,-1.5,2.00001E-02));
#2123 = CARTESIAN_POINT('',(-0.375,-1.5,2.00001E-02));
#2124 = ORIENTED_EDGE('',*,*,#2125,.T.);
#2125 = EDGE_CURVE('',#2119,#2126,#2128,.T.);
#2126 = VERTEX_POINT('',#2127);
#2127 = CARTESIAN_POINT('',(-0.625,-1.1,2.00001E-02));
#2128 = B_SPLINE_CURVE_WITH_KNOTS('',1,(#2129,#2130),.UNSPECIFIED.,.F.,
  .F.,(2,2),(-1.5,-1.1),.PIECEWISE_BEZIER_KNOTS.);
#2129 = CARTESIAN_POINT('',(-0.625,-1.5,2.00001E-02));
#2130 = CARTESIAN_POINT('',(-0.625,-1.1,2.00001E-02));
#2131 = ORIENTED_EDGE('',*,*,#2132,.T.);
#2132 = EDGE_CURVE('',#2126,#2133,#2135,.T.);
#2133 = VERTEX_POINT('',#2134);
#2134 = CARTESIAN_POINT('',(-0.875,-1.1,2.00001E-02));
#2135 = B_SPLINE_CURVE_WITH_KNOTS('',1,(#2136,#2137),.UNSPECIFIED.,.F.,
  .F.,(2,2),(0.625,0.875),.PIECEWISE_BEZIER_KNOTS.);
#2136 = CARTESIAN_POINT('',(-0.625,-1.1,2.00001E-02));
#2137 = CARTESIAN_POINT('',(-0.875,-1.1,2.00001E-02));
#2138 = ORIENTED_EDGE('',*,*,#2139,.T.);
#2139 = EDGE_CURVE('',#2133,#2140,#2142,.T.);
#2140 = VERTEX_POINT('',#2141);
#2141 = CARTESIAN_POINT('',(-0.875,-1.5,2.00001E-02));
#2142 = B_SPLINE_CURVE_WITH_KNOTS('',1,(#2143,#2144),.UNSPECIFIED.,.F.,
  .F.,(2,2),(1.1,1.5),.PIECEWISE_BEZIER_KNOTS.);
#2143 = CARTESIAN_POINT('',(-0.875,-1.1,2.00001E-02));
#2144 = CARTESIAN_POINT('',(-0.875,-1.5,2.00001E-02));
#2145 = ORIENTED_EDGE('',*,*,#2146,.F.);
#2146 = EDGE_CURVE('',#1562,#2140,#2147,.T.);
#2147 = B_SPLINE_CURVE_WITH_KNOTS('',1,(#2148,#2149),.UNSPECIFIED.,.F.,
  .F.,(2,2),(0.,0.625),.PIECEWISE_BEZIER_KNOTS.);
#2148 = CARTESIAN_POINT('',(-1.5,-1.5,2.00001E-02));
#2149 = CARTESIAN_POINT('',(-0.875,-1.5,2.00001E-02));
#2150 = FACE_BOUND('',#2151,.T.);
#2151 = EDGE_LOOP('',(#2152,#2161,#2168,#2175,#2182));
#2152 = ORIENTED_EDGE('',*,*,#2153,.F.);
#2153 = EDGE_CURVE('',#2154,#2156,#2158,.T.);
#2154 = VERTEX_POINT('',#2155);
#2155 = CARTESIAN_POINT('',(0.85,0.85,2.00001E-02));
#2156 = VERTEX_POINT('',#2157);
#2157 = CARTESIAN_POINT('',(0.85,-0.85,2.00001E-02));
#2158 = B_SPLINE_CURVE_WITH_KNOTS('',1,(#2159,#2160),.UNSPECIFIED.,.F.,
  .F.,(2,2),(0.,1.7),.PIECEWISE_BEZIER_KNOTS.);
#2159 = CARTESIAN_POINT('',(0.85,0.85,2.00001E-02));
#2160 = CARTESIAN_POINT('',(0.85,-0.85,2.00001E-02));
#2161 = ORIENTED_EDGE('',*,*,#2162,.F.);
#2162 = EDGE_CURVE('',#2163,#2154,#2165,.T.);
#2163 = VERTEX_POINT('',#2164);
#2164 = CARTESIAN_POINT('',(-0.85,0.85,2.00001E-02));
#2165 = B_SPLINE_CURVE_WITH_KNOTS('',1,(#2166,#2167),.UNSPECIFIED.,.F.,
  .F.,(2,2),(-1.7,0.),.PIECEWISE_BEZIER_KNOTS.);
#2166 = CARTESIAN_POINT('',(-0.85,0.85,2.00001E-02));
#2167 = CARTESIAN_POINT('',(0.85,0.85,2.00001E-02));
#2168 = ORIENTED_EDGE('',*,*,#2169,.F.);
#2169 = EDGE_CURVE('',#2170,#2163,#2172,.T.);
#2170 = VERTEX_POINT('',#2171);
#2171 = CARTESIAN_POINT('',(-0.85,-0.55,2.00001E-02));
#2172 = B_SPLINE_CURVE_WITH_KNOTS('',1,(#2173,#2174),.UNSPECIFIED.,.F.,
  .F.,(2,2),(-1.4,0.),.PIECEWISE_BEZIER_KNOTS.);
#2173 = CARTESIAN_POINT('',(-0.85,-0.55,2.00001E-02));
#2174 = CARTESIAN_POINT('',(-0.85,0.85,2.00001E-02));
#2175 = ORIENTED_EDGE('',*,*,#2176,.F.);
#2176 = EDGE_CURVE('',#2177,#2170,#2179,.T.);
#2177 = VERTEX_POINT('',#2178);
#2178 = CARTESIAN_POINT('',(-0.55,-0.85,2.00001E-02));
#2179 = B_SPLINE_CURVE_WITH_KNOTS('',1,(#2180,#2181),.UNSPECIFIED.,.F.,
  .F.,(2,2),(-0.424264068712,0.),.PIECEWISE_BEZIER_KNOTS.);
#2180 = CARTESIAN_POINT('',(-0.55,-0.85,2.00001E-02));
#2181 = CARTESIAN_POINT('',(-0.85,-0.55,2.00001E-02));
#2182 = ORIENTED_EDGE('',*,*,#2183,.F.);
#2183 = EDGE_CURVE('',#2156,#2177,#2184,.T.);
#2184 = B_SPLINE_CURVE_WITH_KNOTS('',1,(#2185,#2186),.UNSPECIFIED.,.F.,
  .F.,(2,2),(0.,1.4),.PIECEWISE_BEZIER_KNOTS.);
#2185 = CARTESIAN_POINT('',(0.85,-0.85,2.00001E-02));
#2186 = CARTESIAN_POINT('',(-0.55,-0.85,2.00001E-02));
#2187 = B_SPLINE_SURFACE_WITH_KNOTS('',1,1,(
    (#2188,#2189)
    ,(#2190,#2191
    )),.UNSPECIFIED.,.F.,.F.,.F.,(2,2),(2,2),(-1.5,1.5),(-1.5,1.5),
  .PIECEWISE_BEZIER_KNOTS.);
#2188 = CARTESIAN_POINT('',(-1.5,-1.5,2.00001E-02));
#2189 = CARTESIAN_POINT('',(-1.5,1.5,2.00001E-02));
#2190 = CARTESIAN_POINT('',(1.5,-1.5,2.00001E-02));
#2191 = CARTESIAN_POINT('',(1.5,1.5,2.00001E-02));
#2192 = ADVANCED_FACE('',(#2193,#2223,#2313),#2343,.F.);
#2193 = FACE_BOUND('',#2194,.T.);
#2194 = EDGE_LOOP('',(#2195,#2204,#2211,#2218));
#2195 = ORIENTED_EDGE('',*,*,#2196,.F.);
#2196 = EDGE_CURVE('',#2197,#2199,#2201,.T.);
#2197 = VERTEX_POINT('',#2198);
#2198 = CARTESIAN_POINT('',(1.147918391292,-1.5,0.174810016707));
#2199 = VERTEX_POINT('',#2200);
#2200 = CARTESIAN_POINT('',(1.147918391292,-1.5,8.95947065419E-02));
#2201 = B_SPLINE_CURVE_WITH_KNOTS('',1,(#2202,#2203),.UNSPECIFIED.,.F.,
  .F.,(2,2),(-8.521531016555E-02,-5.551115123126E-17),
  .PIECEWISE_BEZIER_KNOTS.);
#2202 = CARTESIAN_POINT('',(1.147918391292,-1.5,0.174810016707));
#2203 = CARTESIAN_POINT('',(1.147918391292,-1.5,8.95947065419E-02));
#2204 = ORIENTED_EDGE('',*,*,#2205,.F.);
#2205 = EDGE_CURVE('',#2206,#2197,#2208,.T.);
#2206 = VERTEX_POINT('',#2207);
#2207 = CARTESIAN_POINT('',(1.292128916188,-1.5,0.174810016707));
#2208 = B_SPLINE_CURVE_WITH_KNOTS('',1,(#2209,#2210),.UNSPECIFIED.,.F.,
  .F.,(2,2),(4.440892098501E-16,0.144210524896),
  .PIECEWISE_BEZIER_KNOTS.);
#2209 = CARTESIAN_POINT('',(1.292128916188,-1.5,0.174810016707));
#2210 = CARTESIAN_POINT('',(1.147918391292,-1.5,0.174810016707));
#2211 = ORIENTED_EDGE('',*,*,#2212,.F.);
#2212 = EDGE_CURVE('',#2213,#2206,#2215,.T.);
#2213 = VERTEX_POINT('',#2214);
#2214 = CARTESIAN_POINT('',(1.292128916188,-1.5,8.95947065419E-02));
#2215 = B_SPLINE_CURVE_WITH_KNOTS('',1,(#2216,#2217),.UNSPECIFIED.,.F.,
  .F.,(2,2),(5.551115123126E-17,8.521531016555E-02),
  .PIECEWISE_BEZIER_KNOTS.);
#2216 = CARTESIAN_POINT('',(1.292128916188,-1.5,8.95947065419E-02));
#2217 = CARTESIAN_POINT('',(1.292128916188,-1.5,0.174810016707));
#2218 = ORIENTED_EDGE('',*,*,#2219,.F.);
#2219 = EDGE_CURVE('',#2199,#2213,#2220,.T.);
#2220 = B_SPLINE_CURVE_WITH_KNOTS('',1,(#2221,#2222),.UNSPECIFIED.,.F.,
  .F.,(2,2),(-0.144210524896,0.),.PIECEWISE_BEZIER_KNOTS.);
#2221 = CARTESIAN_POINT('',(1.147918391292,-1.5,8.95947065419E-02));
#2222 = CARTESIAN_POINT('',(1.292128916188,-1.5,8.95947065419E-02));
#2223 = FACE_BOUND('',#2224,.T.);
#2224 = EDGE_LOOP('',(#2225,#2234,#2239,#2240,#2245,#2246,#2247,#2248,
    #2255,#2262,#2267,#2268,#2275,#2282,#2287,#2288,#2295,#2302,#2307,
    #2308));
#2225 = ORIENTED_EDGE('',*,*,#2226,.T.);
#2226 = EDGE_CURVE('',#2227,#2229,#2231,.T.);
#2227 = VERTEX_POINT('',#2228);
#2228 = CARTESIAN_POINT('',(0.625,-1.5,0.2000001));
#2229 = VERTEX_POINT('',#2230);
#2230 = CARTESIAN_POINT('',(0.875,-1.5,0.2000001));
#2231 = B_SPLINE_CURVE_WITH_KNOTS('',1,(#2232,#2233),.UNSPECIFIED.,.F.,
  .F.,(2,2),(2.125,2.375),.PIECEWISE_BEZIER_KNOTS.);
#2232 = CARTESIAN_POINT('',(0.625,-1.5,0.2000001));
#2233 = CARTESIAN_POINT('',(0.875,-1.5,0.2000001));
#2234 = ORIENTED_EDGE('',*,*,#2235,.T.);
#2235 = EDGE_CURVE('',#2229,#2035,#2236,.T.);
#2236 = B_SPLINE_CURVE_WITH_KNOTS('',1,(#2237,#2238),.UNSPECIFIED.,.F.,
  .F.,(2,2),(0.72,0.9),.PIECEWISE_BEZIER_KNOTS.);
#2237 = CARTESIAN_POINT('',(0.875,-1.5,0.2000001));
#2238 = CARTESIAN_POINT('',(0.875,-1.5,2.00001E-02));
#2239 = ORIENTED_EDGE('',*,*,#2034,.T.);
#2240 = ORIENTED_EDGE('',*,*,#2241,.F.);
#2241 = EDGE_CURVE('',#717,#2028,#2242,.T.);
#2242 = B_SPLINE_CURVE_WITH_KNOTS('',1,(#2243,#2244),.UNSPECIFIED.,.F.,
  .F.,(2,2),(-0.,0.9),.PIECEWISE_BEZIER_KNOTS.);
#2243 = CARTESIAN_POINT('',(1.5,-1.5,0.9200001));
#2244 = CARTESIAN_POINT('',(1.5,-1.5,2.00001E-02));
#2245 = ORIENTED_EDGE('',*,*,#739,.F.);
#2246 = ORIENTED_EDGE('',*,*,#1568,.T.);
#2247 = ORIENTED_EDGE('',*,*,#2146,.T.);
#2248 = ORIENTED_EDGE('',*,*,#2249,.T.);
#2249 = EDGE_CURVE('',#2140,#2250,#2252,.T.);
#2250 = VERTEX_POINT('',#2251);
#2251 = CARTESIAN_POINT('',(-0.875,-1.5,0.2000001));
#2252 = B_SPLINE_CURVE_WITH_KNOTS('',1,(#2253,#2254),.UNSPECIFIED.,.F.,
  .F.,(2,2),(-0.9,-0.72),.PIECEWISE_BEZIER_KNOTS.);
#2253 = CARTESIAN_POINT('',(-0.875,-1.5,2.00001E-02));
#2254 = CARTESIAN_POINT('',(-0.875,-1.5,0.2000001));
#2255 = ORIENTED_EDGE('',*,*,#2256,.T.);
#2256 = EDGE_CURVE('',#2250,#2257,#2259,.T.);
#2257 = VERTEX_POINT('',#2258);
#2258 = CARTESIAN_POINT('',(-0.625,-1.5,0.2000001));
#2259 = B_SPLINE_CURVE_WITH_KNOTS('',1,(#2260,#2261),.UNSPECIFIED.,.F.,
  .F.,(2,2),(0.625,0.875),.PIECEWISE_BEZIER_KNOTS.);
#2260 = CARTESIAN_POINT('',(-0.875,-1.5,0.2000001));
#2261 = CARTESIAN_POINT('',(-0.625,-1.5,0.2000001));
#2262 = ORIENTED_EDGE('',*,*,#2263,.T.);
#2263 = EDGE_CURVE('',#2257,#2119,#2264,.T.);
#2264 = B_SPLINE_CURVE_WITH_KNOTS('',1,(#2265,#2266),.UNSPECIFIED.,.F.,
  .F.,(2,2),(0.72,0.9),.PIECEWISE_BEZIER_KNOTS.);
#2265 = CARTESIAN_POINT('',(-0.625,-1.5,0.2000001));
#2266 = CARTESIAN_POINT('',(-0.625,-1.5,2.00001E-02));
#2267 = ORIENTED_EDGE('',*,*,#2118,.T.);
#2268 = ORIENTED_EDGE('',*,*,#2269,.T.);
#2269 = EDGE_CURVE('',#2112,#2270,#2272,.T.);
#2270 = VERTEX_POINT('',#2271);
#2271 = CARTESIAN_POINT('',(-0.375,-1.5,0.2000001));
#2272 = B_SPLINE_CURVE_WITH_KNOTS('',1,(#2273,#2274),.UNSPECIFIED.,.F.,
  .F.,(2,2),(-0.9,-0.72),.PIECEWISE_BEZIER_KNOTS.);
#2273 = CARTESIAN_POINT('',(-0.375,-1.5,2.00001E-02));
#2274 = CARTESIAN_POINT('',(-0.375,-1.5,0.2000001));
#2275 = ORIENTED_EDGE('',*,*,#2276,.T.);
#2276 = EDGE_CURVE('',#2270,#2277,#2279,.T.);
#2277 = VERTEX_POINT('',#2278);
#2278 = CARTESIAN_POINT('',(-0.125,-1.5,0.2000001));
#2279 = B_SPLINE_CURVE_WITH_KNOTS('',1,(#2280,#2281),.UNSPECIFIED.,.F.,
  .F.,(2,2),(1.125,1.375),.PIECEWISE_BEZIER_KNOTS.);
#2280 = CARTESIAN_POINT('',(-0.375,-1.5,0.2000001));
#2281 = CARTESIAN_POINT('',(-0.125,-1.5,0.2000001));
#2282 = ORIENTED_EDGE('',*,*,#2283,.T.);
#2283 = EDGE_CURVE('',#2277,#2091,#2284,.T.);
#2284 = B_SPLINE_CURVE_WITH_KNOTS('',1,(#2285,#2286),.UNSPECIFIED.,.F.,
  .F.,(2,2),(0.72,0.9),.PIECEWISE_BEZIER_KNOTS.);
#2285 = CARTESIAN_POINT('',(-0.125,-1.5,0.2000001));
#2286 = CARTESIAN_POINT('',(-0.125,-1.5,2.00001E-02));
#2287 = ORIENTED_EDGE('',*,*,#2090,.T.);
#2288 = ORIENTED_EDGE('',*,*,#2289,.T.);
#2289 = EDGE_CURVE('',#2084,#2290,#2292,.T.);
#2290 = VERTEX_POINT('',#2291);
#2291 = CARTESIAN_POINT('',(0.125,-1.5,0.2000001));
#2292 = B_SPLINE_CURVE_WITH_KNOTS('',1,(#2293,#2294),.UNSPECIFIED.,.F.,
  .F.,(2,2),(-0.9,-0.72),.PIECEWISE_BEZIER_KNOTS.);
#2293 = CARTESIAN_POINT('',(0.125,-1.5,2.00001E-02));
#2294 = CARTESIAN_POINT('',(0.125,-1.5,0.2000001));
#2295 = ORIENTED_EDGE('',*,*,#2296,.T.);
#2296 = EDGE_CURVE('',#2290,#2297,#2299,.T.);
#2297 = VERTEX_POINT('',#2298);
#2298 = CARTESIAN_POINT('',(0.375,-1.5,0.2000001));
#2299 = B_SPLINE_CURVE_WITH_KNOTS('',1,(#2300,#2301),.UNSPECIFIED.,.F.,
  .F.,(2,2),(1.625,1.875),.PIECEWISE_BEZIER_KNOTS.);
#2300 = CARTESIAN_POINT('',(0.125,-1.5,0.2000001));
#2301 = CARTESIAN_POINT('',(0.375,-1.5,0.2000001));
#2302 = ORIENTED_EDGE('',*,*,#2303,.T.);
#2303 = EDGE_CURVE('',#2297,#2063,#2304,.T.);
#2304 = B_SPLINE_CURVE_WITH_KNOTS('',1,(#2305,#2306),.UNSPECIFIED.,.F.,
  .F.,(2,2),(0.72,0.9),.PIECEWISE_BEZIER_KNOTS.);
#2305 = CARTESIAN_POINT('',(0.375,-1.5,0.2000001));
#2306 = CARTESIAN_POINT('',(0.375,-1.5,2.00001E-02));
#2307 = ORIENTED_EDGE('',*,*,#2062,.T.);
#2308 = ORIENTED_EDGE('',*,*,#2309,.T.);
#2309 = EDGE_CURVE('',#2056,#2227,#2310,.T.);
#2310 = B_SPLINE_CURVE_WITH_KNOTS('',1,(#2311,#2312),.UNSPECIFIED.,.F.,
  .F.,(2,2),(-0.9,-0.72),.PIECEWISE_BEZIER_KNOTS.);
#2311 = CARTESIAN_POINT('',(0.625,-1.5,2.00001E-02));
#2312 = CARTESIAN_POINT('',(0.625,-1.5,0.2000001));
#2313 = FACE_BOUND('',#2314,.T.);
#2314 = EDGE_LOOP('',(#2315,#2324,#2331,#2338));
#2315 = ORIENTED_EDGE('',*,*,#2316,.F.);
#2316 = EDGE_CURVE('',#2317,#2319,#2321,.T.);
#2317 = VERTEX_POINT('',#2318);
#2318 = CARTESIAN_POINT('',(-1.292128916188,-1.5,0.174810016707));
#2319 = VERTEX_POINT('',#2320);
#2320 = CARTESIAN_POINT('',(-1.292128916188,-1.5,8.95947065419E-02));
#2321 = B_SPLINE_CURVE_WITH_KNOTS('',1,(#2322,#2323),.UNSPECIFIED.,.F.,
  .F.,(2,2),(-8.521531016555E-02,-5.551115123126E-17),
  .PIECEWISE_BEZIER_KNOTS.);
#2322 = CARTESIAN_POINT('',(-1.292128916188,-1.5,0.174810016707));
#2323 = CARTESIAN_POINT('',(-1.292128916188,-1.5,8.95947065419E-02));
#2324 = ORIENTED_EDGE('',*,*,#2325,.F.);
#2325 = EDGE_CURVE('',#2326,#2317,#2328,.T.);
#2326 = VERTEX_POINT('',#2327);
#2327 = CARTESIAN_POINT('',(-1.147918391292,-1.5,0.174810016707));
#2328 = B_SPLINE_CURVE_WITH_KNOTS('',1,(#2329,#2330),.UNSPECIFIED.,.F.,
  .F.,(2,2),(-0.144210524896,0.),.PIECEWISE_BEZIER_KNOTS.);
#2329 = CARTESIAN_POINT('',(-1.147918391292,-1.5,0.174810016707));
#2330 = CARTESIAN_POINT('',(-1.292128916188,-1.5,0.174810016707));
#2331 = ORIENTED_EDGE('',*,*,#2332,.F.);
#2332 = EDGE_CURVE('',#2333,#2326,#2335,.T.);
#2333 = VERTEX_POINT('',#2334);
#2334 = CARTESIAN_POINT('',(-1.147918391292,-1.5,8.95947065419E-02));
#2335 = B_SPLINE_CURVE_WITH_KNOTS('',1,(#2336,#2337),.UNSPECIFIED.,.F.,
  .F.,(2,2),(5.551115123126E-17,8.521531016555E-02),
  .PIECEWISE_BEZIER_KNOTS.);
#2336 = CARTESIAN_POINT('',(-1.147918391292,-1.5,8.95947065419E-02));
#2337 = CARTESIAN_POINT('',(-1.147918391292,-1.5,0.174810016707));
#2338 = ORIENTED_EDGE('',*,*,#2339,.F.);
#2339 = EDGE_CURVE('',#2319,#2333,#2340,.T.);
#2340 = B_SPLINE_CURVE_WITH_KNOTS('',1,(#2341,#2342),.UNSPECIFIED.,.F.,
  .F.,(2,2),(0.,0.144210524896),.PIECEWISE_BEZIER_KNOTS.);
#2341 = CARTESIAN_POINT('',(-1.292128916188,-1.5,8.95947065419E-02));
#2342 = CARTESIAN_POINT('',(-1.147918391292,-1.5,8.95947065419E-02));
#2343 = B_SPLINE_SURFACE_WITH_KNOTS('',1,1,(
    (#2344,#2345)
    ,(#2346,#2347
    )),.UNSPECIFIED.,.F.,.F.,.F.,(2,2),(2,2),(-0.9,0.),(0.,3.),
  .PIECEWISE_BEZIER_KNOTS.);
#2344 = CARTESIAN_POINT('',(-1.5,-1.5,2.00001E-02));
#2345 = CARTESIAN_POINT('',(1.5,-1.5,2.00001E-02));
#2346 = CARTESIAN_POINT('',(-1.5,-1.5,0.9200001));
#2347 = CARTESIAN_POINT('',(1.5,-1.5,0.9200001));
#2348 = ADVANCED_FACE('',(#2349,#2379,#2469),#2499,.F.);
#2349 = FACE_BOUND('',#2350,.T.);
#2350 = EDGE_LOOP('',(#2351,#2360,#2367,#2374));
#2351 = ORIENTED_EDGE('',*,*,#2352,.F.);
#2352 = EDGE_CURVE('',#2353,#2355,#2357,.T.);
#2353 = VERTEX_POINT('',#2354);
#2354 = CARTESIAN_POINT('',(1.5,1.147918391292,0.174810016707));
#2355 = VERTEX_POINT('',#2356);
#2356 = CARTESIAN_POINT('',(1.5,1.147918391292,8.95947065419E-02));
#2357 = B_SPLINE_CURVE_WITH_KNOTS('',1,(#2358,#2359),.UNSPECIFIED.,.F.,
  .F.,(2,2),(-8.521531016555E-02,-5.551115123126E-17),
  .PIECEWISE_BEZIER_KNOTS.);
#2358 = CARTESIAN_POINT('',(1.5,1.147918391292,0.174810016707));
#2359 = CARTESIAN_POINT('',(1.5,1.147918391292,8.95947065419E-02));
#2360 = ORIENTED_EDGE('',*,*,#2361,.F.);
#2361 = EDGE_CURVE('',#2362,#2353,#2364,.T.);
#2362 = VERTEX_POINT('',#2363);
#2363 = CARTESIAN_POINT('',(1.5,1.292128916188,0.174810016707));
#2364 = B_SPLINE_CURVE_WITH_KNOTS('',1,(#2365,#2366),.UNSPECIFIED.,.F.,
  .F.,(2,2),(1.783108567319E-29,0.144210524896),
  .PIECEWISE_BEZIER_KNOTS.);
#2365 = CARTESIAN_POINT('',(1.5,1.292128916188,0.174810016707));
#2366 = CARTESIAN_POINT('',(1.5,1.147918391292,0.174810016707));
#2367 = ORIENTED_EDGE('',*,*,#2368,.F.);
#2368 = EDGE_CURVE('',#2369,#2362,#2371,.T.);
#2369 = VERTEX_POINT('',#2370);
#2370 = CARTESIAN_POINT('',(1.5,1.292128916188,8.95947065419E-02));
#2371 = B_SPLINE_CURVE_WITH_KNOTS('',1,(#2372,#2373),.UNSPECIFIED.,.F.,
  .F.,(2,2),(5.551115123126E-17,8.521531016555E-02),
  .PIECEWISE_BEZIER_KNOTS.);
#2372 = CARTESIAN_POINT('',(1.5,1.292128916188,8.95947065419E-02));
#2373 = CARTESIAN_POINT('',(1.5,1.292128916188,0.174810016707));
#2374 = ORIENTED_EDGE('',*,*,#2375,.F.);
#2375 = EDGE_CURVE('',#2355,#2369,#2376,.T.);
#2376 = B_SPLINE_CURVE_WITH_KNOTS('',1,(#2377,#2378),.UNSPECIFIED.,.F.,
  .F.,(2,2),(-0.144210524896,-1.783108567319E-29),
  .PIECEWISE_BEZIER_KNOTS.);
#2377 = CARTESIAN_POINT('',(1.5,1.147918391292,8.95947065419E-02));
#2378 = CARTESIAN_POINT('',(1.5,1.292128916188,8.95947065419E-02));
#2379 = FACE_BOUND('',#2380,.T.);
#2380 = EDGE_LOOP('',(#2381,#2390,#2395,#2396,#2401,#2402,#2403,#2404,
    #2411,#2418,#2423,#2424,#2431,#2438,#2443,#2444,#2451,#2458,#2463,
    #2464));
#2381 = ORIENTED_EDGE('',*,*,#2382,.T.);
#2382 = EDGE_CURVE('',#2383,#2385,#2387,.T.);
#2383 = VERTEX_POINT('',#2384);
#2384 = CARTESIAN_POINT('',(1.5,0.625,0.2000001));
#2385 = VERTEX_POINT('',#2386);
#2386 = CARTESIAN_POINT('',(1.5,0.875,0.2000001));
#2387 = B_SPLINE_CURVE_WITH_KNOTS('',1,(#2388,#2389),.UNSPECIFIED.,.F.,
  .F.,(2,2),(-0.875,-0.625),.PIECEWISE_BEZIER_KNOTS.);
#2388 = CARTESIAN_POINT('',(1.5,0.625,0.2000001));
#2389 = CARTESIAN_POINT('',(1.5,0.875,0.2000001));
#2390 = ORIENTED_EDGE('',*,*,#2391,.T.);
#2391 = EDGE_CURVE('',#2385,#1916,#2392,.T.);
#2392 = B_SPLINE_CURVE_WITH_KNOTS('',1,(#2393,#2394),.UNSPECIFIED.,.F.,
  .F.,(2,2),(0.72,0.9),.PIECEWISE_BEZIER_KNOTS.);
#2393 = CARTESIAN_POINT('',(1.5,0.875,0.2000001));
#2394 = CARTESIAN_POINT('',(1.5,0.875,2.00001E-02));
#2395 = ORIENTED_EDGE('',*,*,#1915,.T.);
#2396 = ORIENTED_EDGE('',*,*,#2397,.F.);
#2397 = EDGE_CURVE('',#719,#1909,#2398,.T.);
#2398 = B_SPLINE_CURVE_WITH_KNOTS('',1,(#2399,#2400),.UNSPECIFIED.,.F.,
  .F.,(2,2),(-0.,0.9),.PIECEWISE_BEZIER_KNOTS.);
#2399 = CARTESIAN_POINT('',(1.5,1.5,0.9200001));
#2400 = CARTESIAN_POINT('',(1.5,1.5,2.00001E-02));
#2401 = ORIENTED_EDGE('',*,*,#716,.F.);
#2402 = ORIENTED_EDGE('',*,*,#2241,.T.);
#2403 = ORIENTED_EDGE('',*,*,#2027,.T.);
#2404 = ORIENTED_EDGE('',*,*,#2405,.T.);
#2405 = EDGE_CURVE('',#2021,#2406,#2408,.T.);
#2406 = VERTEX_POINT('',#2407);
#2407 = CARTESIAN_POINT('',(1.5,-0.875,0.2000001));
#2408 = B_SPLINE_CURVE_WITH_KNOTS('',1,(#2409,#2410),.UNSPECIFIED.,.F.,
  .F.,(2,2),(-0.9,-0.72),.PIECEWISE_BEZIER_KNOTS.);
#2409 = CARTESIAN_POINT('',(1.5,-0.875,2.00001E-02));
#2410 = CARTESIAN_POINT('',(1.5,-0.875,0.2000001));
#2411 = ORIENTED_EDGE('',*,*,#2412,.T.);
#2412 = EDGE_CURVE('',#2406,#2413,#2415,.T.);
#2413 = VERTEX_POINT('',#2414);
#2414 = CARTESIAN_POINT('',(1.5,-0.625,0.2000001));
#2415 = B_SPLINE_CURVE_WITH_KNOTS('',1,(#2416,#2417),.UNSPECIFIED.,.F.,
  .F.,(2,2),(-2.375,-2.125),.PIECEWISE_BEZIER_KNOTS.);
#2416 = CARTESIAN_POINT('',(1.5,-0.875,0.2000001));
#2417 = CARTESIAN_POINT('',(1.5,-0.625,0.2000001));
#2418 = ORIENTED_EDGE('',*,*,#2419,.T.);
#2419 = EDGE_CURVE('',#2413,#2000,#2420,.T.);
#2420 = B_SPLINE_CURVE_WITH_KNOTS('',1,(#2421,#2422),.UNSPECIFIED.,.F.,
  .F.,(2,2),(0.72,0.9),.PIECEWISE_BEZIER_KNOTS.);
#2421 = CARTESIAN_POINT('',(1.5,-0.625,0.2000001));
#2422 = CARTESIAN_POINT('',(1.5,-0.625,2.00001E-02));
#2423 = ORIENTED_EDGE('',*,*,#1999,.T.);
#2424 = ORIENTED_EDGE('',*,*,#2425,.T.);
#2425 = EDGE_CURVE('',#1993,#2426,#2428,.T.);
#2426 = VERTEX_POINT('',#2427);
#2427 = CARTESIAN_POINT('',(1.5,-0.375,0.2000001));
#2428 = B_SPLINE_CURVE_WITH_KNOTS('',1,(#2429,#2430),.UNSPECIFIED.,.F.,
  .F.,(2,2),(-0.9,-0.72),.PIECEWISE_BEZIER_KNOTS.);
#2429 = CARTESIAN_POINT('',(1.5,-0.375,2.00001E-02));
#2430 = CARTESIAN_POINT('',(1.5,-0.375,0.2000001));
#2431 = ORIENTED_EDGE('',*,*,#2432,.T.);
#2432 = EDGE_CURVE('',#2426,#2433,#2435,.T.);
#2433 = VERTEX_POINT('',#2434);
#2434 = CARTESIAN_POINT('',(1.5,-0.125,0.2000001));
#2435 = B_SPLINE_CURVE_WITH_KNOTS('',1,(#2436,#2437),.UNSPECIFIED.,.F.,
  .F.,(2,2),(-1.875,-1.625),.PIECEWISE_BEZIER_KNOTS.);
#2436 = CARTESIAN_POINT('',(1.5,-0.375,0.2000001));
#2437 = CARTESIAN_POINT('',(1.5,-0.125,0.2000001));
#2438 = ORIENTED_EDGE('',*,*,#2439,.T.);
#2439 = EDGE_CURVE('',#2433,#1972,#2440,.T.);
#2440 = B_SPLINE_CURVE_WITH_KNOTS('',1,(#2441,#2442),.UNSPECIFIED.,.F.,
  .F.,(2,2),(0.72,0.9),.PIECEWISE_BEZIER_KNOTS.);
#2441 = CARTESIAN_POINT('',(1.5,-0.125,0.2000001));
#2442 = CARTESIAN_POINT('',(1.5,-0.125,2.00001E-02));
#2443 = ORIENTED_EDGE('',*,*,#1971,.T.);
#2444 = ORIENTED_EDGE('',*,*,#2445,.T.);
#2445 = EDGE_CURVE('',#1965,#2446,#2448,.T.);
#2446 = VERTEX_POINT('',#2447);
#2447 = CARTESIAN_POINT('',(1.5,0.125,0.2000001));
#2448 = B_SPLINE_CURVE_WITH_KNOTS('',1,(#2449,#2450),.UNSPECIFIED.,.F.,
  .F.,(2,2),(-0.9,-0.72),.PIECEWISE_BEZIER_KNOTS.);
#2449 = CARTESIAN_POINT('',(1.5,0.125,2.00001E-02));
#2450 = CARTESIAN_POINT('',(1.5,0.125,0.2000001));
#2451 = ORIENTED_EDGE('',*,*,#2452,.T.);
#2452 = EDGE_CURVE('',#2446,#2453,#2455,.T.);
#2453 = VERTEX_POINT('',#2454);
#2454 = CARTESIAN_POINT('',(1.5,0.375,0.2000001));
#2455 = B_SPLINE_CURVE_WITH_KNOTS('',1,(#2456,#2457),.UNSPECIFIED.,.F.,
  .F.,(2,2),(-1.375,-1.125),.PIECEWISE_BEZIER_KNOTS.);
#2456 = CARTESIAN_POINT('',(1.5,0.125,0.2000001));
#2457 = CARTESIAN_POINT('',(1.5,0.375,0.2000001));
#2458 = ORIENTED_EDGE('',*,*,#2459,.T.);
#2459 = EDGE_CURVE('',#2453,#1944,#2460,.T.);
#2460 = B_SPLINE_CURVE_WITH_KNOTS('',1,(#2461,#2462),.UNSPECIFIED.,.F.,
  .F.,(2,2),(0.72,0.9),.PIECEWISE_BEZIER_KNOTS.);
#2461 = CARTESIAN_POINT('',(1.5,0.375,0.2000001));
#2462 = CARTESIAN_POINT('',(1.5,0.375,2.00001E-02));
#2463 = ORIENTED_EDGE('',*,*,#1943,.T.);
#2464 = ORIENTED_EDGE('',*,*,#2465,.T.);
#2465 = EDGE_CURVE('',#1937,#2383,#2466,.T.);
#2466 = B_SPLINE_CURVE_WITH_KNOTS('',1,(#2467,#2468),.UNSPECIFIED.,.F.,
  .F.,(2,2),(-0.9,-0.72),.PIECEWISE_BEZIER_KNOTS.);
#2467 = CARTESIAN_POINT('',(1.5,0.625,2.00001E-02));
#2468 = CARTESIAN_POINT('',(1.5,0.625,0.2000001));
#2469 = FACE_BOUND('',#2470,.T.);
#2470 = EDGE_LOOP('',(#2471,#2480,#2487,#2494));
#2471 = ORIENTED_EDGE('',*,*,#2472,.F.);
#2472 = EDGE_CURVE('',#2473,#2475,#2477,.T.);
#2473 = VERTEX_POINT('',#2474);
#2474 = CARTESIAN_POINT('',(1.5,-1.292128916188,0.174810016707));
#2475 = VERTEX_POINT('',#2476);
#2476 = CARTESIAN_POINT('',(1.5,-1.292128916188,8.95947065419E-02));
#2477 = B_SPLINE_CURVE_WITH_KNOTS('',1,(#2478,#2479),.UNSPECIFIED.,.F.,
  .F.,(2,2),(-8.521531016555E-02,-5.551115123126E-17),
  .PIECEWISE_BEZIER_KNOTS.);
#2478 = CARTESIAN_POINT('',(1.5,-1.292128916188,0.174810016707));
#2479 = CARTESIAN_POINT('',(1.5,-1.292128916188,8.95947065419E-02));
#2480 = ORIENTED_EDGE('',*,*,#2481,.F.);
#2481 = EDGE_CURVE('',#2482,#2473,#2484,.T.);
#2482 = VERTEX_POINT('',#2483);
#2483 = CARTESIAN_POINT('',(1.5,-1.147918391292,0.174810016707));
#2484 = B_SPLINE_CURVE_WITH_KNOTS('',1,(#2485,#2486),.UNSPECIFIED.,.F.,
  .F.,(2,2),(-0.144210524896,0.),.PIECEWISE_BEZIER_KNOTS.);
#2485 = CARTESIAN_POINT('',(1.5,-1.147918391292,0.174810016707));
#2486 = CARTESIAN_POINT('',(1.5,-1.292128916188,0.174810016707));
#2487 = ORIENTED_EDGE('',*,*,#2488,.F.);
#2488 = EDGE_CURVE('',#2489,#2482,#2491,.T.);
#2489 = VERTEX_POINT('',#2490);
#2490 = CARTESIAN_POINT('',(1.5,-1.147918391292,8.95947065419E-02));
#2491 = B_SPLINE_CURVE_WITH_KNOTS('',1,(#2492,#2493),.UNSPECIFIED.,.F.,
  .F.,(2,2),(5.551115123126E-17,8.521531016555E-02),
  .PIECEWISE_BEZIER_KNOTS.);
#2492 = CARTESIAN_POINT('',(1.5,-1.147918391292,8.95947065419E-02));
#2493 = CARTESIAN_POINT('',(1.5,-1.147918391292,0.174810016707));
#2494 = ORIENTED_EDGE('',*,*,#2495,.F.);
#2495 = EDGE_CURVE('',#2475,#2489,#2496,.T.);
#2496 = B_SPLINE_CURVE_WITH_KNOTS('',1,(#2497,#2498),.UNSPECIFIED.,.F.,
  .F.,(2,2),(4.440892098501E-16,0.144210524896),
  .PIECEWISE_BEZIER_KNOTS.);
#2497 = CARTESIAN_POINT('',(1.5,-1.292128916188,8.95947065419E-02));
#2498 = CARTESIAN_POINT('',(1.5,-1.147918391292,8.95947065419E-02));
#2499 = B_SPLINE_SURFACE_WITH_KNOTS('',1,1,(
    (#2500,#2501)
    ,(#2502,#2503
    )),.UNSPECIFIED.,.F.,.F.,.F.,(2,2),(2,2),(0.,3.),(-0.9,0.),
  .PIECEWISE_BEZIER_KNOTS.);
#2500 = CARTESIAN_POINT('',(1.5,1.5,2.00001E-02));
#2501 = CARTESIAN_POINT('',(1.5,1.5,0.9200001));
#2502 = CARTESIAN_POINT('',(1.5,-1.5,2.00001E-02));
#2503 = CARTESIAN_POINT('',(1.5,-1.5,0.9200001));
#2504 = ADVANCED_FACE('',(#2505,#2535,#2621),#2651,.F.);
#2505 = FACE_BOUND('',#2506,.T.);
#2506 = EDGE_LOOP('',(#2507,#2516,#2523,#2530));
#2507 = ORIENTED_EDGE('',*,*,#2508,.F.);
#2508 = EDGE_CURVE('',#2509,#2511,#2513,.T.);
#2509 = VERTEX_POINT('',#2510);
#2510 = CARTESIAN_POINT('',(-1.147918391292,1.5,0.174810016707));
#2511 = VERTEX_POINT('',#2512);
#2512 = CARTESIAN_POINT('',(-1.147918391292,1.5,8.95947065419E-02));
#2513 = B_SPLINE_CURVE_WITH_KNOTS('',1,(#2514,#2515),.UNSPECIFIED.,.F.,
  .F.,(2,2),(-8.521531016555E-02,-5.551115123126E-17),
  .PIECEWISE_BEZIER_KNOTS.);
#2514 = CARTESIAN_POINT('',(-1.147918391292,1.5,0.174810016707));
#2515 = CARTESIAN_POINT('',(-1.147918391292,1.5,8.95947065419E-02));
#2516 = ORIENTED_EDGE('',*,*,#2517,.F.);
#2517 = EDGE_CURVE('',#2518,#2509,#2520,.T.);
#2518 = VERTEX_POINT('',#2519);
#2519 = CARTESIAN_POINT('',(-1.292128916188,1.5,0.174810016707));
#2520 = B_SPLINE_CURVE_WITH_KNOTS('',1,(#2521,#2522),.UNSPECIFIED.,.F.,
  .F.,(2,2),(0.,0.144210524896),.PIECEWISE_BEZIER_KNOTS.);
#2521 = CARTESIAN_POINT('',(-1.292128916188,1.5,0.174810016707));
#2522 = CARTESIAN_POINT('',(-1.147918391292,1.5,0.174810016707));
#2523 = ORIENTED_EDGE('',*,*,#2524,.F.);
#2524 = EDGE_CURVE('',#2525,#2518,#2527,.T.);
#2525 = VERTEX_POINT('',#2526);
#2526 = CARTESIAN_POINT('',(-1.292128916188,1.5,8.95947065419E-02));
#2527 = B_SPLINE_CURVE_WITH_KNOTS('',1,(#2528,#2529),.UNSPECIFIED.,.F.,
  .F.,(2,2),(5.551115123126E-17,8.521531016555E-02),
  .PIECEWISE_BEZIER_KNOTS.);
#2528 = CARTESIAN_POINT('',(-1.292128916188,1.5,8.95947065419E-02));
#2529 = CARTESIAN_POINT('',(-1.292128916188,1.5,0.174810016707));
#2530 = ORIENTED_EDGE('',*,*,#2531,.F.);
#2531 = EDGE_CURVE('',#2511,#2525,#2532,.T.);
#2532 = B_SPLINE_CURVE_WITH_KNOTS('',1,(#2533,#2534),.UNSPECIFIED.,.F.,
  .F.,(2,2),(-0.144210524896,-0.),.PIECEWISE_BEZIER_KNOTS.);
#2533 = CARTESIAN_POINT('',(-1.147918391292,1.5,8.95947065419E-02));
#2534 = CARTESIAN_POINT('',(-1.292128916188,1.5,8.95947065419E-02));
#2535 = FACE_BOUND('',#2536,.T.);
#2536 = EDGE_LOOP('',(#2537,#2546,#2551,#2552,#2553,#2554,#2555,#2556,
    #2563,#2570,#2575,#2576,#2583,#2590,#2595,#2596,#2603,#2610,#2615,
    #2616));
#2537 = ORIENTED_EDGE('',*,*,#2538,.T.);
#2538 = EDGE_CURVE('',#2539,#2541,#2543,.T.);
#2539 = VERTEX_POINT('',#2540);
#2540 = CARTESIAN_POINT('',(-0.625,1.5,0.2000001));
#2541 = VERTEX_POINT('',#2542);
#2542 = CARTESIAN_POINT('',(-0.875,1.5,0.2000001));
#2543 = B_SPLINE_CURVE_WITH_KNOTS('',1,(#2544,#2545),.UNSPECIFIED.,.F.,
  .F.,(2,2),(-0.875,-0.625),.PIECEWISE_BEZIER_KNOTS.);
#2544 = CARTESIAN_POINT('',(-0.625,1.5,0.2000001));
#2545 = CARTESIAN_POINT('',(-0.875,1.5,0.2000001));
#2546 = ORIENTED_EDGE('',*,*,#2547,.T.);
#2547 = EDGE_CURVE('',#2541,#1797,#2548,.T.);
#2548 = B_SPLINE_CURVE_WITH_KNOTS('',1,(#2549,#2550),.UNSPECIFIED.,.F.,
  .F.,(2,2),(0.72,0.9),.PIECEWISE_BEZIER_KNOTS.);
#2549 = CARTESIAN_POINT('',(-0.875,1.5,0.2000001));
#2550 = CARTESIAN_POINT('',(-0.875,1.5,2.00001E-02));
#2551 = ORIENTED_EDGE('',*,*,#1796,.T.);
#2552 = ORIENTED_EDGE('',*,*,#1574,.F.);
#2553 = ORIENTED_EDGE('',*,*,#725,.F.);
#2554 = ORIENTED_EDGE('',*,*,#2397,.T.);
#2555 = ORIENTED_EDGE('',*,*,#1908,.T.);
#2556 = ORIENTED_EDGE('',*,*,#2557,.T.);
#2557 = EDGE_CURVE('',#1902,#2558,#2560,.T.);
#2558 = VERTEX_POINT('',#2559);
#2559 = CARTESIAN_POINT('',(0.875,1.5,0.2000001));
#2560 = B_SPLINE_CURVE_WITH_KNOTS('',1,(#2561,#2562),.UNSPECIFIED.,.F.,
  .F.,(2,2),(-0.9,-0.72),.PIECEWISE_BEZIER_KNOTS.);
#2561 = CARTESIAN_POINT('',(0.875,1.5,2.00001E-02));
#2562 = CARTESIAN_POINT('',(0.875,1.5,0.2000001));
#2563 = ORIENTED_EDGE('',*,*,#2564,.T.);
#2564 = EDGE_CURVE('',#2558,#2565,#2567,.T.);
#2565 = VERTEX_POINT('',#2566);
#2566 = CARTESIAN_POINT('',(0.625,1.5,0.2000001));
#2567 = B_SPLINE_CURVE_WITH_KNOTS('',1,(#2568,#2569),.UNSPECIFIED.,.F.,
  .F.,(2,2),(-2.375,-2.125),.PIECEWISE_BEZIER_KNOTS.);
#2568 = CARTESIAN_POINT('',(0.875,1.5,0.2000001));
#2569 = CARTESIAN_POINT('',(0.625,1.5,0.2000001));
#2570 = ORIENTED_EDGE('',*,*,#2571,.T.);
#2571 = EDGE_CURVE('',#2565,#1881,#2572,.T.);
#2572 = B_SPLINE_CURVE_WITH_KNOTS('',1,(#2573,#2574),.UNSPECIFIED.,.F.,
  .F.,(2,2),(0.72,0.9),.PIECEWISE_BEZIER_KNOTS.);
#2573 = CARTESIAN_POINT('',(0.625,1.5,0.2000001));
#2574 = CARTESIAN_POINT('',(0.625,1.5,2.00001E-02));
#2575 = ORIENTED_EDGE('',*,*,#1880,.T.);
#2576 = ORIENTED_EDGE('',*,*,#2577,.T.);
#2577 = EDGE_CURVE('',#1874,#2578,#2580,.T.);
#2578 = VERTEX_POINT('',#2579);
#2579 = CARTESIAN_POINT('',(0.375,1.5,0.2000001));
#2580 = B_SPLINE_CURVE_WITH_KNOTS('',1,(#2581,#2582),.UNSPECIFIED.,.F.,
  .F.,(2,2),(-0.9,-0.72),.PIECEWISE_BEZIER_KNOTS.);
#2581 = CARTESIAN_POINT('',(0.375,1.5,2.00001E-02));
#2582 = CARTESIAN_POINT('',(0.375,1.5,0.2000001));
#2583 = ORIENTED_EDGE('',*,*,#2584,.T.);
#2584 = EDGE_CURVE('',#2578,#2585,#2587,.T.);
#2585 = VERTEX_POINT('',#2586);
#2586 = CARTESIAN_POINT('',(0.125,1.5,0.2000001));
#2587 = B_SPLINE_CURVE_WITH_KNOTS('',1,(#2588,#2589),.UNSPECIFIED.,.F.,
  .F.,(2,2),(-1.875,-1.625),.PIECEWISE_BEZIER_KNOTS.);
#2588 = CARTESIAN_POINT('',(0.375,1.5,0.2000001));
#2589 = CARTESIAN_POINT('',(0.125,1.5,0.2000001));
#2590 = ORIENTED_EDGE('',*,*,#2591,.T.);
#2591 = EDGE_CURVE('',#2585,#1853,#2592,.T.);
#2592 = B_SPLINE_CURVE_WITH_KNOTS('',1,(#2593,#2594),.UNSPECIFIED.,.F.,
  .F.,(2,2),(0.72,0.9),.PIECEWISE_BEZIER_KNOTS.);
#2593 = CARTESIAN_POINT('',(0.125,1.5,0.2000001));
#2594 = CARTESIAN_POINT('',(0.125,1.5,2.00001E-02));
#2595 = ORIENTED_EDGE('',*,*,#1852,.T.);
#2596 = ORIENTED_EDGE('',*,*,#2597,.T.);
#2597 = EDGE_CURVE('',#1846,#2598,#2600,.T.);
#2598 = VERTEX_POINT('',#2599);
#2599 = CARTESIAN_POINT('',(-0.125,1.5,0.2000001));
#2600 = B_SPLINE_CURVE_WITH_KNOTS('',1,(#2601,#2602),.UNSPECIFIED.,.F.,
  .F.,(2,2),(-0.9,-0.72),.PIECEWISE_BEZIER_KNOTS.);
#2601 = CARTESIAN_POINT('',(-0.125,1.5,2.00001E-02));
#2602 = CARTESIAN_POINT('',(-0.125,1.5,0.2000001));
#2603 = ORIENTED_EDGE('',*,*,#2604,.T.);
#2604 = EDGE_CURVE('',#2598,#2605,#2607,.T.);
#2605 = VERTEX_POINT('',#2606);
#2606 = CARTESIAN_POINT('',(-0.375,1.5,0.2000001));
#2607 = B_SPLINE_CURVE_WITH_KNOTS('',1,(#2608,#2609),.UNSPECIFIED.,.F.,
  .F.,(2,2),(-1.375,-1.125),.PIECEWISE_BEZIER_KNOTS.);
#2608 = CARTESIAN_POINT('',(-0.125,1.5,0.2000001));
#2609 = CARTESIAN_POINT('',(-0.375,1.5,0.2000001));
#2610 = ORIENTED_EDGE('',*,*,#2611,.T.);
#2611 = EDGE_CURVE('',#2605,#1825,#2612,.T.);
#2612 = B_SPLINE_CURVE_WITH_KNOTS('',1,(#2613,#2614),.UNSPECIFIED.,.F.,
  .F.,(2,2),(0.72,0.9),.PIECEWISE_BEZIER_KNOTS.);
#2613 = CARTESIAN_POINT('',(-0.375,1.5,0.2000001));
#2614 = CARTESIAN_POINT('',(-0.375,1.5,2.00001E-02));
#2615 = ORIENTED_EDGE('',*,*,#1824,.T.);
#2616 = ORIENTED_EDGE('',*,*,#2617,.T.);
#2617 = EDGE_CURVE('',#1818,#2539,#2618,.T.);
#2618 = B_SPLINE_CURVE_WITH_KNOTS('',1,(#2619,#2620),.UNSPECIFIED.,.F.,
  .F.,(2,2),(-0.9,-0.72),.PIECEWISE_BEZIER_KNOTS.);
#2619 = CARTESIAN_POINT('',(-0.625,1.5,2.00001E-02));
#2620 = CARTESIAN_POINT('',(-0.625,1.5,0.2000001));
#2621 = FACE_BOUND('',#2622,.T.);
#2622 = EDGE_LOOP('',(#2623,#2632,#2639,#2646));
#2623 = ORIENTED_EDGE('',*,*,#2624,.F.);
#2624 = EDGE_CURVE('',#2625,#2627,#2629,.T.);
#2625 = VERTEX_POINT('',#2626);
#2626 = CARTESIAN_POINT('',(1.292128916188,1.5,0.174810016707));
#2627 = VERTEX_POINT('',#2628);
#2628 = CARTESIAN_POINT('',(1.292128916188,1.5,8.95947065419E-02));
#2629 = B_SPLINE_CURVE_WITH_KNOTS('',1,(#2630,#2631),.UNSPECIFIED.,.F.,
  .F.,(2,2),(-8.521531016555E-02,-5.551115123126E-17),
  .PIECEWISE_BEZIER_KNOTS.);
#2630 = CARTESIAN_POINT('',(1.292128916188,1.5,0.174810016707));
#2631 = CARTESIAN_POINT('',(1.292128916188,1.5,8.95947065419E-02));
#2632 = ORIENTED_EDGE('',*,*,#2633,.F.);
#2633 = EDGE_CURVE('',#2634,#2625,#2636,.T.);
#2634 = VERTEX_POINT('',#2635);
#2635 = CARTESIAN_POINT('',(1.147918391292,1.5,0.174810016707));
#2636 = B_SPLINE_CURVE_WITH_KNOTS('',1,(#2637,#2638),.UNSPECIFIED.,.F.,
  .F.,(2,2),(-0.144210524896,0.),.PIECEWISE_BEZIER_KNOTS.);
#2637 = CARTESIAN_POINT('',(1.147918391292,1.5,0.174810016707));
#2638 = CARTESIAN_POINT('',(1.292128916188,1.5,0.174810016707));
#2639 = ORIENTED_EDGE('',*,*,#2640,.F.);
#2640 = EDGE_CURVE('',#2641,#2634,#2643,.T.);
#2641 = VERTEX_POINT('',#2642);
#2642 = CARTESIAN_POINT('',(1.147918391292,1.5,8.95947065419E-02));
#2643 = B_SPLINE_CURVE_WITH_KNOTS('',1,(#2644,#2645),.UNSPECIFIED.,.F.,
  .F.,(2,2),(5.551115123126E-17,8.521531016555E-02),
  .PIECEWISE_BEZIER_KNOTS.);
#2644 = CARTESIAN_POINT('',(1.147918391292,1.5,8.95947065419E-02));
#2645 = CARTESIAN_POINT('',(1.147918391292,1.5,0.174810016707));
#2646 = ORIENTED_EDGE('',*,*,#2647,.F.);
#2647 = EDGE_CURVE('',#2627,#2641,#2648,.T.);
#2648 = B_SPLINE_CURVE_WITH_KNOTS('',1,(#2649,#2650),.UNSPECIFIED.,.F.,
  .F.,(2,2),(0.,0.144210524896),.PIECEWISE_BEZIER_KNOTS.);
#2649 = CARTESIAN_POINT('',(1.292128916188,1.5,8.95947065419E-02));
#2650 = CARTESIAN_POINT('',(1.147918391292,1.5,8.95947065419E-02));
#2651 = B_SPLINE_SURFACE_WITH_KNOTS('',1,1,(
    (#2652,#2653)
    ,(#2654,#2655
    )),.UNSPECIFIED.,.F.,.F.,.F.,(2,2),(2,2),(0.,0.9),(0.,3.),
  .PIECEWISE_BEZIER_KNOTS.);
#2652 = CARTESIAN_POINT('',(-1.5,1.5,0.9200001));
#2653 = CARTESIAN_POINT('',(1.5,1.5,0.9200001));
#2654 = CARTESIAN_POINT('',(-1.5,1.5,2.00001E-02));
#2655 = CARTESIAN_POINT('',(1.5,1.5,2.00001E-02));
#2656 = ADVANCED_FACE('',(#2657),#2676,.F.);
#2657 = FACE_BOUND('',#2658,.F.);
#2658 = EDGE_LOOP('',(#2659,#2660,#2661,#2675));
#2659 = ORIENTED_EDGE('',*,*,#747,.T.);
#2660 = ORIENTED_EDGE('',*,*,#21,.F.);
#2661 = ORIENTED_EDGE('',*,*,#2662,.F.);
#2662 = EDGE_CURVE('',#47,#22,#2663,.T.);
#2663 = B_SPLINE_CURVE_WITH_KNOTS('',3,(#2664,#2665,#2666,#2667,#2668,
    #2669,#2670,#2671,#2672,#2673,#2674),.UNSPECIFIED.,.F.,.F.,(4,1,1,1,
    1,1,1,1,4),(0.5,0.533333333333,0.6,0.666666666667,0.733333333333,0.8
    ,0.866666666667,0.933333333333,1.),.UNSPECIFIED.);
#2664 = CARTESIAN_POINT('',(-1.240721564531,-1.012821473694,0.9100001));
#2665 = CARTESIAN_POINT('',(-1.240721564531,-0.998618608656,0.9100001));
#2666 = CARTESIAN_POINT('',(-1.23629323295,-0.956010013541,0.9100001));
#2667 = CARTESIAN_POINT('',(-1.206771022411,-0.889702043024,0.9100001));
#2668 = CARTESIAN_POINT('',(-1.142043307202,-0.831420946471,0.9100001));
#2669 = CARTESIAN_POINT('',(-1.059206539422,-0.804505649047,0.9100001));
#2670 = CARTESIAN_POINT('',(-0.972583948769,-0.813610050194,0.9100001));
#2671 = CARTESIAN_POINT('',(-0.897153368108,-0.857159916243,0.9100001));
#2672 = CARTESIAN_POINT('',(-0.845957430102,-0.927625079717,0.9100001));
#2673 = CARTESIAN_POINT('',(-0.833884728389,-0.984422675701,0.9100001));
#2674 = CARTESIAN_POINT('',(-0.833884728389,-1.012821473694,0.9100001));
#2675 = ORIENTED_EDGE('',*,*,#46,.T.);
#2676 = B_SPLINE_SURFACE_WITH_KNOTS('',3,1,(
    (#2677,#2678)
    ,(#2679,#2680)
    ,(#2681,#2682)
    ,(#2683,#2684)
    ,(#2685,#2686)
    ,(#2687,#2688)
    ,(#2689,#2690)
    ,(#2691,#2692)
    ,(#2693,#2694)
    ,(#2695,#2696)
    ,(#2697,#2698
  )),.UNSPECIFIED.,.F.,.F.,.F.,(4,1,1,1,1,1,1,1,4),(2,2),(0.,
    6.666666666667E-02,0.133333333333,0.2,0.266666666667,0.333333333333,
    0.4,0.466666666667,0.500000000179),(0.,1.),.UNSPECIFIED.);
#2677 = CARTESIAN_POINT('',(-0.833884728389,-1.012821473694,0.9100001));
#2678 = CARTESIAN_POINT('',(-0.833884728389,-1.012821473694,0.9200001));
#2679 = CARTESIAN_POINT('',(-0.833884728389,-0.984422675701,0.9100001));
#2680 = CARTESIAN_POINT('',(-0.833884728389,-0.984422675701,0.9200001));
#2681 = CARTESIAN_POINT('',(-0.845957430102,-0.927625079717,0.9100001));
#2682 = CARTESIAN_POINT('',(-0.845957430102,-0.927625079717,0.9200001));
#2683 = CARTESIAN_POINT('',(-0.897153368108,-0.857159916243,0.9100001));
#2684 = CARTESIAN_POINT('',(-0.897153368108,-0.857159916243,0.9200001));
#2685 = CARTESIAN_POINT('',(-0.972583948769,-0.813610050194,0.9100001));
#2686 = CARTESIAN_POINT('',(-0.972583948769,-0.813610050194,0.9200001));
#2687 = CARTESIAN_POINT('',(-1.059206539422,-0.804505649047,0.9100001));
#2688 = CARTESIAN_POINT('',(-1.059206539422,-0.804505649047,0.9200001));
#2689 = CARTESIAN_POINT('',(-1.142043307202,-0.831420946471,0.9100001));
#2690 = CARTESIAN_POINT('',(-1.142043307202,-0.831420946471,0.9200001));
#2691 = CARTESIAN_POINT('',(-1.206771022411,-0.889702043024,0.9100001));
#2692 = CARTESIAN_POINT('',(-1.206771022411,-0.889702043024,0.9200001));
#2693 = CARTESIAN_POINT('',(-1.236293232982,-0.956010013612,0.9100001));
#2694 = CARTESIAN_POINT('',(-1.236293232982,-0.956010013612,0.9200001));
#2695 = CARTESIAN_POINT('',(-1.240721564547,-0.998618608808,0.9100001));
#2696 = CARTESIAN_POINT('',(-1.240721564547,-0.998618608808,0.9200001));
#2697 = CARTESIAN_POINT('',(-1.240721564531,-1.012821473922,0.9100001));
#2698 = CARTESIAN_POINT('',(-1.240721564531,-1.012821473922,0.9200001));
#2699 = ADVANCED_FACE('',(#2700),#2704,.T.);
#2700 = FACE_BOUND('',#2701,.T.);
#2701 = EDGE_LOOP('',(#2702,#2703));
#2702 = ORIENTED_EDGE('',*,*,#53,.F.);
#2703 = ORIENTED_EDGE('',*,*,#2662,.F.);
#2704 = B_SPLINE_SURFACE_WITH_KNOTS('',1,1,(
    (#2705,#2706)
    ,(#2707,#2708
    )),.UNSPECIFIED.,.F.,.F.,.F.,(2,2),(2,2),(-1.240721564531,
    -0.833884728389),(-1.221137298341,-0.804505649047),
  .PIECEWISE_BEZIER_KNOTS.);
#2705 = CARTESIAN_POINT('',(-1.240721564531,-1.221137298341,0.9100001));
#2706 = CARTESIAN_POINT('',(-1.240721564531,-0.804505649047,0.9100001));
#2707 = CARTESIAN_POINT('',(-0.833884728389,-1.221137298341,0.9100001));
#2708 = CARTESIAN_POINT('',(-0.833884728389,-0.804505649047,0.9100001));
#2709 = ADVANCED_FACE('',(#2710),#2732,.T.);
#2710 = FACE_BOUND('',#2711,.T.);
#2711 = EDGE_LOOP('',(#2712,#2713,#2720,#2727));
#2712 = ORIENTED_EDGE('',*,*,#2584,.F.);
#2713 = ORIENTED_EDGE('',*,*,#2714,.F.);
#2714 = EDGE_CURVE('',#2715,#2578,#2717,.T.);
#2715 = VERTEX_POINT('',#2716);
#2716 = CARTESIAN_POINT('',(0.375,1.51,0.2000001));
#2717 = B_SPLINE_CURVE_WITH_KNOTS('',1,(#2718,#2719),.UNSPECIFIED.,.F.,
  .F.,(2,2),(-0.41,-0.4),.PIECEWISE_BEZIER_KNOTS.);
#2718 = CARTESIAN_POINT('',(0.375,1.51,0.2000001));
#2719 = CARTESIAN_POINT('',(0.375,1.5,0.2000001));
#2720 = ORIENTED_EDGE('',*,*,#2721,.F.);
#2721 = EDGE_CURVE('',#2722,#2715,#2724,.T.);
#2722 = VERTEX_POINT('',#2723);
#2723 = CARTESIAN_POINT('',(0.125,1.51,0.2000001));
#2724 = B_SPLINE_CURVE_WITH_KNOTS('',1,(#2725,#2726),.UNSPECIFIED.,.F.,
  .F.,(2,2),(-0.25,0.),.PIECEWISE_BEZIER_KNOTS.);
#2725 = CARTESIAN_POINT('',(0.125,1.51,0.2000001));
#2726 = CARTESIAN_POINT('',(0.375,1.51,0.2000001));
#2727 = ORIENTED_EDGE('',*,*,#2728,.F.);
#2728 = EDGE_CURVE('',#2585,#2722,#2729,.T.);
#2729 = B_SPLINE_CURVE_WITH_KNOTS('',1,(#2730,#2731),.UNSPECIFIED.,.F.,
  .F.,(2,2),(0.4,0.41),.PIECEWISE_BEZIER_KNOTS.);
#2730 = CARTESIAN_POINT('',(0.125,1.5,0.2000001));
#2731 = CARTESIAN_POINT('',(0.125,1.51,0.2000001));
#2732 = B_SPLINE_SURFACE_WITH_KNOTS('',1,1,(
    (#2733,#2734)
    ,(#2735,#2736
  )),.UNSPECIFIED.,.F.,.F.,.F.,(2,2),(2,2),(0.125,0.375),(1.5,1.51),
  .PIECEWISE_BEZIER_KNOTS.);
#2733 = CARTESIAN_POINT('',(0.125,1.5,0.2000001));
#2734 = CARTESIAN_POINT('',(0.125,1.51,0.2000001));
#2735 = CARTESIAN_POINT('',(0.375,1.5,0.2000001));
#2736 = CARTESIAN_POINT('',(0.375,1.51,0.2000001));
#2737 = ADVANCED_FACE('',(#2738),#2762,.T.);
#2738 = FACE_BOUND('',#2739,.T.);
#2739 = EDGE_LOOP('',(#2740,#2741,#2742,#2749,#2756,#2761));
#2740 = ORIENTED_EDGE('',*,*,#2591,.F.);
#2741 = ORIENTED_EDGE('',*,*,#2728,.T.);
#2742 = ORIENTED_EDGE('',*,*,#2743,.T.);
#2743 = EDGE_CURVE('',#2722,#2744,#2746,.T.);
#2744 = VERTEX_POINT('',#2745);
#2745 = CARTESIAN_POINT('',(0.125,1.51,9.999999999941E-08));
#2746 = B_SPLINE_CURVE_WITH_KNOTS('',1,(#2747,#2748),.UNSPECIFIED.,.F.,
  .F.,(2,2),(0.,0.2),.PIECEWISE_BEZIER_KNOTS.);
#2747 = CARTESIAN_POINT('',(0.125,1.51,0.2000001));
#2748 = CARTESIAN_POINT('',(0.125,1.51,1.000000000098E-07));
#2749 = ORIENTED_EDGE('',*,*,#2750,.F.);
#2750 = EDGE_CURVE('',#2751,#2744,#2753,.T.);
#2751 = VERTEX_POINT('',#2752);
#2752 = CARTESIAN_POINT('',(0.125,1.1,9.999999999941E-08));
#2753 = B_SPLINE_CURVE_WITH_KNOTS('',1,(#2754,#2755),.UNSPECIFIED.,.F.,
  .F.,(2,2),(0.,0.41),.PIECEWISE_BEZIER_KNOTS.);
#2754 = CARTESIAN_POINT('',(0.125,1.1,9.999999999941E-08));
#2755 = CARTESIAN_POINT('',(0.125,1.51,9.999999999941E-08));
#2756 = ORIENTED_EDGE('',*,*,#2757,.F.);
#2757 = EDGE_CURVE('',#1860,#2751,#2758,.T.);
#2758 = B_SPLINE_CURVE_WITH_KNOTS('',1,(#2759,#2760),.UNSPECIFIED.,.F.,
  .F.,(2,2),(0.18,0.2),.PIECEWISE_BEZIER_KNOTS.);
#2759 = CARTESIAN_POINT('',(0.125,1.1,2.00001E-02));
#2760 = CARTESIAN_POINT('',(0.125,1.1,1.000000000098E-07));
#2761 = ORIENTED_EDGE('',*,*,#1859,.F.);
#2762 = B_SPLINE_SURFACE_WITH_KNOTS('',1,1,(
    (#2763,#2764)
    ,(#2765,#2766
    )),.UNSPECIFIED.,.F.,.F.,.F.,(2,2),(2,2),(-0.41,0.),(-0.2,0.),
  .PIECEWISE_BEZIER_KNOTS.);
#2763 = CARTESIAN_POINT('',(0.125,1.51,1.000000000098E-07));
#2764 = CARTESIAN_POINT('',(0.125,1.51,0.2000001));
#2765 = CARTESIAN_POINT('',(0.125,1.1,1.000000000098E-07));
#2766 = CARTESIAN_POINT('',(0.125,1.1,0.2000001));
#2767 = ADVANCED_FACE('',(#2768),#2784,.T.);
#2768 = FACE_BOUND('',#2769,.T.);
#2769 = EDGE_LOOP('',(#2770,#2771,#2772,#2779));
#2770 = ORIENTED_EDGE('',*,*,#1866,.F.);
#2771 = ORIENTED_EDGE('',*,*,#2757,.T.);
#2772 = ORIENTED_EDGE('',*,*,#2773,.F.);
#2773 = EDGE_CURVE('',#2774,#2751,#2776,.T.);
#2774 = VERTEX_POINT('',#2775);
#2775 = CARTESIAN_POINT('',(0.375,1.1,9.999999999941E-08));
#2776 = B_SPLINE_CURVE_WITH_KNOTS('',1,(#2777,#2778),.UNSPECIFIED.,.F.,
  .F.,(2,2),(0.,0.25),.PIECEWISE_BEZIER_KNOTS.);
#2777 = CARTESIAN_POINT('',(0.375,1.1,9.999999999941E-08));
#2778 = CARTESIAN_POINT('',(0.125,1.1,9.999999999941E-08));
#2779 = ORIENTED_EDGE('',*,*,#2780,.F.);
#2780 = EDGE_CURVE('',#1867,#2774,#2781,.T.);
#2781 = B_SPLINE_CURVE_WITH_KNOTS('',1,(#2782,#2783),.UNSPECIFIED.,.F.,
  .F.,(2,2),(0.18,0.2),.PIECEWISE_BEZIER_KNOTS.);
#2782 = CARTESIAN_POINT('',(0.375,1.1,2.00001E-02));
#2783 = CARTESIAN_POINT('',(0.375,1.1,1.000000000098E-07));
#2784 = B_SPLINE_SURFACE_WITH_KNOTS('',1,1,(
    (#2785,#2786)
    ,(#2787,#2788
    )),.UNSPECIFIED.,.F.,.F.,.F.,(2,2),(2,2),(0.18,0.2),(-0.25,0.),
  .PIECEWISE_BEZIER_KNOTS.);
#2785 = CARTESIAN_POINT('',(0.125,1.1,2.00001E-02));
#2786 = CARTESIAN_POINT('',(0.375,1.1,2.00001E-02));
#2787 = CARTESIAN_POINT('',(0.125,1.1,1.000000000098E-07));
#2788 = CARTESIAN_POINT('',(0.375,1.1,1.000000000098E-07));
#2789 = ADVANCED_FACE('',(#2790),#2808,.T.);
#2790 = FACE_BOUND('',#2791,.T.);
#2791 = EDGE_LOOP('',(#2792,#2793,#2794,#2795,#2802,#2807));
#2792 = ORIENTED_EDGE('',*,*,#2577,.F.);
#2793 = ORIENTED_EDGE('',*,*,#1873,.F.);
#2794 = ORIENTED_EDGE('',*,*,#2780,.T.);
#2795 = ORIENTED_EDGE('',*,*,#2796,.F.);
#2796 = EDGE_CURVE('',#2797,#2774,#2799,.T.);
#2797 = VERTEX_POINT('',#2798);
#2798 = CARTESIAN_POINT('',(0.375,1.51,9.999999999941E-08));
#2799 = B_SPLINE_CURVE_WITH_KNOTS('',1,(#2800,#2801),.UNSPECIFIED.,.F.,
  .F.,(2,2),(-0.41,-0.),.PIECEWISE_BEZIER_KNOTS.);
#2800 = CARTESIAN_POINT('',(0.375,1.51,9.999999999941E-08));
#2801 = CARTESIAN_POINT('',(0.375,1.1,9.999999999941E-08));
#2802 = ORIENTED_EDGE('',*,*,#2803,.F.);
#2803 = EDGE_CURVE('',#2715,#2797,#2804,.T.);
#2804 = B_SPLINE_CURVE_WITH_KNOTS('',1,(#2805,#2806),.UNSPECIFIED.,.F.,
  .F.,(2,2),(0.,0.2),.PIECEWISE_BEZIER_KNOTS.);
#2805 = CARTESIAN_POINT('',(0.375,1.51,0.2000001));
#2806 = CARTESIAN_POINT('',(0.375,1.51,1.000000000098E-07));
#2807 = ORIENTED_EDGE('',*,*,#2714,.T.);
#2808 = B_SPLINE_SURFACE_WITH_KNOTS('',1,1,(
    (#2809,#2810)
    ,(#2811,#2812
    )),.UNSPECIFIED.,.F.,.F.,.F.,(2,2),(2,2),(0.,0.41),(-0.2,0.),
  .PIECEWISE_BEZIER_KNOTS.);
#2809 = CARTESIAN_POINT('',(0.375,1.1,1.000000000098E-07));
#2810 = CARTESIAN_POINT('',(0.375,1.1,0.2000001));
#2811 = CARTESIAN_POINT('',(0.375,1.51,1.000000000098E-07));
#2812 = CARTESIAN_POINT('',(0.375,1.51,0.2000001));
#2813 = ADVANCED_FACE('',(#2814),#2824,.T.);
#2814 = FACE_BOUND('',#2815,.T.);
#2815 = EDGE_LOOP('',(#2816,#2817,#2822,#2823));
#2816 = ORIENTED_EDGE('',*,*,#2803,.T.);
#2817 = ORIENTED_EDGE('',*,*,#2818,.F.);
#2818 = EDGE_CURVE('',#2744,#2797,#2819,.T.);
#2819 = B_SPLINE_CURVE_WITH_KNOTS('',1,(#2820,#2821),.UNSPECIFIED.,.F.,
  .F.,(2,2),(-0.25,0.),.PIECEWISE_BEZIER_KNOTS.);
#2820 = CARTESIAN_POINT('',(0.125,1.51,9.999999999941E-08));
#2821 = CARTESIAN_POINT('',(0.375,1.51,9.999999999941E-08));
#2822 = ORIENTED_EDGE('',*,*,#2743,.F.);
#2823 = ORIENTED_EDGE('',*,*,#2721,.T.);
#2824 = B_SPLINE_SURFACE_WITH_KNOTS('',1,1,(
    (#2825,#2826)
    ,(#2827,#2828
    )),.UNSPECIFIED.,.F.,.F.,.F.,(2,2),(2,2),(0.,0.25),(-0.2,0.),
  .PIECEWISE_BEZIER_KNOTS.);
#2825 = CARTESIAN_POINT('',(0.375,1.51,1.000000000098E-07));
#2826 = CARTESIAN_POINT('',(0.375,1.51,0.2000001));
#2827 = CARTESIAN_POINT('',(0.125,1.51,1.000000000098E-07));
#2828 = CARTESIAN_POINT('',(0.125,1.51,0.2000001));
#2829 = ADVANCED_FACE('',(#2830),#2836,.F.);
#2830 = FACE_BOUND('',#2831,.T.);
#2831 = EDGE_LOOP('',(#2832,#2833,#2834,#2835));
#2832 = ORIENTED_EDGE('',*,*,#2750,.T.);
#2833 = ORIENTED_EDGE('',*,*,#2818,.T.);
#2834 = ORIENTED_EDGE('',*,*,#2796,.T.);
#2835 = ORIENTED_EDGE('',*,*,#2773,.T.);
#2836 = B_SPLINE_SURFACE_WITH_KNOTS('',1,1,(
    (#2837,#2838)
    ,(#2839,#2840
  )),.UNSPECIFIED.,.F.,.F.,.F.,(2,2),(2,2),(0.125,0.375),(1.1,1.51),
  .PIECEWISE_BEZIER_KNOTS.);
#2837 = CARTESIAN_POINT('',(0.125,1.1,9.999999999941E-08));
#2838 = CARTESIAN_POINT('',(0.125,1.51,9.999999999941E-08));
#2839 = CARTESIAN_POINT('',(0.375,1.1,9.999999999941E-08));
#2840 = CARTESIAN_POINT('',(0.375,1.51,9.999999999941E-08));
#2841 = ADVANCED_FACE('',(#2842),#2864,.T.);
#2842 = FACE_BOUND('',#2843,.T.);
#2843 = EDGE_LOOP('',(#2844,#2845,#2852,#2859));
#2844 = ORIENTED_EDGE('',*,*,#2564,.F.);
#2845 = ORIENTED_EDGE('',*,*,#2846,.F.);
#2846 = EDGE_CURVE('',#2847,#2558,#2849,.T.);
#2847 = VERTEX_POINT('',#2848);
#2848 = CARTESIAN_POINT('',(0.875,1.51,0.2000001));
#2849 = B_SPLINE_CURVE_WITH_KNOTS('',1,(#2850,#2851),.UNSPECIFIED.,.F.,
  .F.,(2,2),(-0.41,-0.4),.PIECEWISE_BEZIER_KNOTS.);
#2850 = CARTESIAN_POINT('',(0.875,1.51,0.2000001));
#2851 = CARTESIAN_POINT('',(0.875,1.5,0.2000001));
#2852 = ORIENTED_EDGE('',*,*,#2853,.F.);
#2853 = EDGE_CURVE('',#2854,#2847,#2856,.T.);
#2854 = VERTEX_POINT('',#2855);
#2855 = CARTESIAN_POINT('',(0.625,1.51,0.2000001));
#2856 = B_SPLINE_CURVE_WITH_KNOTS('',1,(#2857,#2858),.UNSPECIFIED.,.F.,
  .F.,(2,2),(-0.25,0.),.PIECEWISE_BEZIER_KNOTS.);
#2857 = CARTESIAN_POINT('',(0.625,1.51,0.2000001));
#2858 = CARTESIAN_POINT('',(0.875,1.51,0.2000001));
#2859 = ORIENTED_EDGE('',*,*,#2860,.F.);
#2860 = EDGE_CURVE('',#2565,#2854,#2861,.T.);
#2861 = B_SPLINE_CURVE_WITH_KNOTS('',1,(#2862,#2863),.UNSPECIFIED.,.F.,
  .F.,(2,2),(0.4,0.41),.PIECEWISE_BEZIER_KNOTS.);
#2862 = CARTESIAN_POINT('',(0.625,1.5,0.2000001));
#2863 = CARTESIAN_POINT('',(0.625,1.51,0.2000001));
#2864 = B_SPLINE_SURFACE_WITH_KNOTS('',1,1,(
    (#2865,#2866)
    ,(#2867,#2868
  )),.UNSPECIFIED.,.F.,.F.,.F.,(2,2),(2,2),(0.125,0.375),(1.5,1.51),
  .PIECEWISE_BEZIER_KNOTS.);
#2865 = CARTESIAN_POINT('',(0.625,1.5,0.2000001));
#2866 = CARTESIAN_POINT('',(0.625,1.51,0.2000001));
#2867 = CARTESIAN_POINT('',(0.875,1.5,0.2000001));
#2868 = CARTESIAN_POINT('',(0.875,1.51,0.2000001));
#2869 = ADVANCED_FACE('',(#2870),#2894,.T.);
#2870 = FACE_BOUND('',#2871,.T.);
#2871 = EDGE_LOOP('',(#2872,#2873,#2874,#2881,#2888,#2893));
#2872 = ORIENTED_EDGE('',*,*,#2571,.F.);
#2873 = ORIENTED_EDGE('',*,*,#2860,.T.);
#2874 = ORIENTED_EDGE('',*,*,#2875,.T.);
#2875 = EDGE_CURVE('',#2854,#2876,#2878,.T.);
#2876 = VERTEX_POINT('',#2877);
#2877 = CARTESIAN_POINT('',(0.625,1.51,9.999999999941E-08));
#2878 = B_SPLINE_CURVE_WITH_KNOTS('',1,(#2879,#2880),.UNSPECIFIED.,.F.,
  .F.,(2,2),(0.,0.2),.PIECEWISE_BEZIER_KNOTS.);
#2879 = CARTESIAN_POINT('',(0.625,1.51,0.2000001));
#2880 = CARTESIAN_POINT('',(0.625,1.51,1.000000000098E-07));
#2881 = ORIENTED_EDGE('',*,*,#2882,.F.);
#2882 = EDGE_CURVE('',#2883,#2876,#2885,.T.);
#2883 = VERTEX_POINT('',#2884);
#2884 = CARTESIAN_POINT('',(0.625,1.1,9.999999999941E-08));
#2885 = B_SPLINE_CURVE_WITH_KNOTS('',1,(#2886,#2887),.UNSPECIFIED.,.F.,
  .F.,(2,2),(0.,0.41),.PIECEWISE_BEZIER_KNOTS.);
#2886 = CARTESIAN_POINT('',(0.625,1.1,9.999999999941E-08));
#2887 = CARTESIAN_POINT('',(0.625,1.51,9.999999999941E-08));
#2888 = ORIENTED_EDGE('',*,*,#2889,.F.);
#2889 = EDGE_CURVE('',#1888,#2883,#2890,.T.);
#2890 = B_SPLINE_CURVE_WITH_KNOTS('',1,(#2891,#2892),.UNSPECIFIED.,.F.,
  .F.,(2,2),(0.18,0.2),.PIECEWISE_BEZIER_KNOTS.);
#2891 = CARTESIAN_POINT('',(0.625,1.1,2.00001E-02));
#2892 = CARTESIAN_POINT('',(0.625,1.1,1.000000000098E-07));
#2893 = ORIENTED_EDGE('',*,*,#1887,.F.);
#2894 = B_SPLINE_SURFACE_WITH_KNOTS('',1,1,(
    (#2895,#2896)
    ,(#2897,#2898
    )),.UNSPECIFIED.,.F.,.F.,.F.,(2,2),(2,2),(-0.41,0.),(-0.2,0.),
  .PIECEWISE_BEZIER_KNOTS.);
#2895 = CARTESIAN_POINT('',(0.625,1.51,1.000000000098E-07));
#2896 = CARTESIAN_POINT('',(0.625,1.51,0.2000001));
#2897 = CARTESIAN_POINT('',(0.625,1.1,1.000000000098E-07));
#2898 = CARTESIAN_POINT('',(0.625,1.1,0.2000001));
#2899 = ADVANCED_FACE('',(#2900),#2916,.T.);
#2900 = FACE_BOUND('',#2901,.T.);
#2901 = EDGE_LOOP('',(#2902,#2903,#2904,#2911));
#2902 = ORIENTED_EDGE('',*,*,#1894,.F.);
#2903 = ORIENTED_EDGE('',*,*,#2889,.T.);
#2904 = ORIENTED_EDGE('',*,*,#2905,.F.);
#2905 = EDGE_CURVE('',#2906,#2883,#2908,.T.);
#2906 = VERTEX_POINT('',#2907);
#2907 = CARTESIAN_POINT('',(0.875,1.1,9.999999999941E-08));
#2908 = B_SPLINE_CURVE_WITH_KNOTS('',1,(#2909,#2910),.UNSPECIFIED.,.F.,
  .F.,(2,2),(0.,0.25),.PIECEWISE_BEZIER_KNOTS.);
#2909 = CARTESIAN_POINT('',(0.875,1.1,9.999999999941E-08));
#2910 = CARTESIAN_POINT('',(0.625,1.1,9.999999999941E-08));
#2911 = ORIENTED_EDGE('',*,*,#2912,.F.);
#2912 = EDGE_CURVE('',#1895,#2906,#2913,.T.);
#2913 = B_SPLINE_CURVE_WITH_KNOTS('',1,(#2914,#2915),.UNSPECIFIED.,.F.,
  .F.,(2,2),(0.18,0.2),.PIECEWISE_BEZIER_KNOTS.);
#2914 = CARTESIAN_POINT('',(0.875,1.1,2.00001E-02));
#2915 = CARTESIAN_POINT('',(0.875,1.1,1.000000000098E-07));
#2916 = B_SPLINE_SURFACE_WITH_KNOTS('',1,1,(
    (#2917,#2918)
    ,(#2919,#2920
    )),.UNSPECIFIED.,.F.,.F.,.F.,(2,2),(2,2),(0.18,0.2),(-0.25,0.),
  .PIECEWISE_BEZIER_KNOTS.);
#2917 = CARTESIAN_POINT('',(0.625,1.1,2.00001E-02));
#2918 = CARTESIAN_POINT('',(0.875,1.1,2.00001E-02));
#2919 = CARTESIAN_POINT('',(0.625,1.1,1.000000000098E-07));
#2920 = CARTESIAN_POINT('',(0.875,1.1,1.000000000098E-07));
#2921 = ADVANCED_FACE('',(#2922),#2940,.T.);
#2922 = FACE_BOUND('',#2923,.T.);
#2923 = EDGE_LOOP('',(#2924,#2925,#2926,#2927,#2934,#2939));
#2924 = ORIENTED_EDGE('',*,*,#2557,.F.);
#2925 = ORIENTED_EDGE('',*,*,#1901,.F.);
#2926 = ORIENTED_EDGE('',*,*,#2912,.T.);
#2927 = ORIENTED_EDGE('',*,*,#2928,.F.);
#2928 = EDGE_CURVE('',#2929,#2906,#2931,.T.);
#2929 = VERTEX_POINT('',#2930);
#2930 = CARTESIAN_POINT('',(0.875,1.51,9.999999999941E-08));
#2931 = B_SPLINE_CURVE_WITH_KNOTS('',1,(#2932,#2933),.UNSPECIFIED.,.F.,
  .F.,(2,2),(-0.41,-0.),.PIECEWISE_BEZIER_KNOTS.);
#2932 = CARTESIAN_POINT('',(0.875,1.51,9.999999999941E-08));
#2933 = CARTESIAN_POINT('',(0.875,1.1,9.999999999941E-08));
#2934 = ORIENTED_EDGE('',*,*,#2935,.F.);
#2935 = EDGE_CURVE('',#2847,#2929,#2936,.T.);
#2936 = B_SPLINE_CURVE_WITH_KNOTS('',1,(#2937,#2938),.UNSPECIFIED.,.F.,
  .F.,(2,2),(0.,0.2),.PIECEWISE_BEZIER_KNOTS.);
#2937 = CARTESIAN_POINT('',(0.875,1.51,0.2000001));
#2938 = CARTESIAN_POINT('',(0.875,1.51,1.000000000098E-07));
#2939 = ORIENTED_EDGE('',*,*,#2846,.T.);
#2940 = B_SPLINE_SURFACE_WITH_KNOTS('',1,1,(
    (#2941,#2942)
    ,(#2943,#2944
    )),.UNSPECIFIED.,.F.,.F.,.F.,(2,2),(2,2),(0.,0.41),(-0.2,0.),
  .PIECEWISE_BEZIER_KNOTS.);
#2941 = CARTESIAN_POINT('',(0.875,1.1,1.000000000098E-07));
#2942 = CARTESIAN_POINT('',(0.875,1.1,0.2000001));
#2943 = CARTESIAN_POINT('',(0.875,1.51,1.000000000098E-07));
#2944 = CARTESIAN_POINT('',(0.875,1.51,0.2000001));
#2945 = ADVANCED_FACE('',(#2946),#2956,.T.);
#2946 = FACE_BOUND('',#2947,.T.);
#2947 = EDGE_LOOP('',(#2948,#2949,#2954,#2955));
#2948 = ORIENTED_EDGE('',*,*,#2935,.T.);
#2949 = ORIENTED_EDGE('',*,*,#2950,.F.);
#2950 = EDGE_CURVE('',#2876,#2929,#2951,.T.);
#2951 = B_SPLINE_CURVE_WITH_KNOTS('',1,(#2952,#2953),.UNSPECIFIED.,.F.,
  .F.,(2,2),(-0.25,0.),.PIECEWISE_BEZIER_KNOTS.);
#2952 = CARTESIAN_POINT('',(0.625,1.51,9.999999999941E-08));
#2953 = CARTESIAN_POINT('',(0.875,1.51,9.999999999941E-08));
#2954 = ORIENTED_EDGE('',*,*,#2875,.F.);
#2955 = ORIENTED_EDGE('',*,*,#2853,.T.);
#2956 = B_SPLINE_SURFACE_WITH_KNOTS('',1,1,(
    (#2957,#2958)
    ,(#2959,#2960
    )),.UNSPECIFIED.,.F.,.F.,.F.,(2,2),(2,2),(0.,0.25),(-0.2,0.),
  .PIECEWISE_BEZIER_KNOTS.);
#2957 = CARTESIAN_POINT('',(0.875,1.51,1.000000000098E-07));
#2958 = CARTESIAN_POINT('',(0.875,1.51,0.2000001));
#2959 = CARTESIAN_POINT('',(0.625,1.51,1.000000000098E-07));
#2960 = CARTESIAN_POINT('',(0.625,1.51,0.2000001));
#2961 = ADVANCED_FACE('',(#2962),#2968,.F.);
#2962 = FACE_BOUND('',#2963,.T.);
#2963 = EDGE_LOOP('',(#2964,#2965,#2966,#2967));
#2964 = ORIENTED_EDGE('',*,*,#2882,.T.);
#2965 = ORIENTED_EDGE('',*,*,#2950,.T.);
#2966 = ORIENTED_EDGE('',*,*,#2928,.T.);
#2967 = ORIENTED_EDGE('',*,*,#2905,.T.);
#2968 = B_SPLINE_SURFACE_WITH_KNOTS('',1,1,(
    (#2969,#2970)
    ,(#2971,#2972
  )),.UNSPECIFIED.,.F.,.F.,.F.,(2,2),(2,2),(0.125,0.375),(1.1,1.51),
  .PIECEWISE_BEZIER_KNOTS.);
#2969 = CARTESIAN_POINT('',(0.625,1.1,9.999999999941E-08));
#2970 = CARTESIAN_POINT('',(0.625,1.51,9.999999999941E-08));
#2971 = CARTESIAN_POINT('',(0.875,1.1,9.999999999941E-08));
#2972 = CARTESIAN_POINT('',(0.875,1.51,9.999999999941E-08));
#2973 = ADVANCED_FACE('',(#2974),#2996,.T.);
#2974 = FACE_BOUND('',#2975,.T.);
#2975 = EDGE_LOOP('',(#2976,#2977,#2984,#2991));
#2976 = ORIENTED_EDGE('',*,*,#2604,.F.);
#2977 = ORIENTED_EDGE('',*,*,#2978,.F.);
#2978 = EDGE_CURVE('',#2979,#2598,#2981,.T.);
#2979 = VERTEX_POINT('',#2980);
#2980 = CARTESIAN_POINT('',(-0.125,1.51,0.2000001));
#2981 = B_SPLINE_CURVE_WITH_KNOTS('',1,(#2982,#2983),.UNSPECIFIED.,.F.,
  .F.,(2,2),(-0.41,-0.4),.PIECEWISE_BEZIER_KNOTS.);
#2982 = CARTESIAN_POINT('',(-0.125,1.51,0.2000001));
#2983 = CARTESIAN_POINT('',(-0.125,1.5,0.2000001));
#2984 = ORIENTED_EDGE('',*,*,#2985,.F.);
#2985 = EDGE_CURVE('',#2986,#2979,#2988,.T.);
#2986 = VERTEX_POINT('',#2987);
#2987 = CARTESIAN_POINT('',(-0.375,1.51,0.2000001));
#2988 = B_SPLINE_CURVE_WITH_KNOTS('',1,(#2989,#2990),.UNSPECIFIED.,.F.,
  .F.,(2,2),(-0.25,0.),.PIECEWISE_BEZIER_KNOTS.);
#2989 = CARTESIAN_POINT('',(-0.375,1.51,0.2000001));
#2990 = CARTESIAN_POINT('',(-0.125,1.51,0.2000001));
#2991 = ORIENTED_EDGE('',*,*,#2992,.F.);
#2992 = EDGE_CURVE('',#2605,#2986,#2993,.T.);
#2993 = B_SPLINE_CURVE_WITH_KNOTS('',1,(#2994,#2995),.UNSPECIFIED.,.F.,
  .F.,(2,2),(0.4,0.41),.PIECEWISE_BEZIER_KNOTS.);
#2994 = CARTESIAN_POINT('',(-0.375,1.5,0.2000001));
#2995 = CARTESIAN_POINT('',(-0.375,1.51,0.2000001));
#2996 = B_SPLINE_SURFACE_WITH_KNOTS('',1,1,(
    (#2997,#2998)
    ,(#2999,#3000
  )),.UNSPECIFIED.,.F.,.F.,.F.,(2,2),(2,2),(0.125,0.375),(1.5,1.51),
  .PIECEWISE_BEZIER_KNOTS.);
#2997 = CARTESIAN_POINT('',(-0.375,1.5,0.2000001));
#2998 = CARTESIAN_POINT('',(-0.375,1.51,0.2000001));
#2999 = CARTESIAN_POINT('',(-0.125,1.5,0.2000001));
#3000 = CARTESIAN_POINT('',(-0.125,1.51,0.2000001));
#3001 = ADVANCED_FACE('',(#3002),#3026,.T.);
#3002 = FACE_BOUND('',#3003,.T.);
#3003 = EDGE_LOOP('',(#3004,#3005,#3006,#3013,#3020,#3025));
#3004 = ORIENTED_EDGE('',*,*,#2611,.F.);
#3005 = ORIENTED_EDGE('',*,*,#2992,.T.);
#3006 = ORIENTED_EDGE('',*,*,#3007,.T.);
#3007 = EDGE_CURVE('',#2986,#3008,#3010,.T.);
#3008 = VERTEX_POINT('',#3009);
#3009 = CARTESIAN_POINT('',(-0.375,1.51,9.999999999941E-08));
#3010 = B_SPLINE_CURVE_WITH_KNOTS('',1,(#3011,#3012),.UNSPECIFIED.,.F.,
  .F.,(2,2),(0.,0.2),.PIECEWISE_BEZIER_KNOTS.);
#3011 = CARTESIAN_POINT('',(-0.375,1.51,0.2000001));
#3012 = CARTESIAN_POINT('',(-0.375,1.51,1.000000000098E-07));
#3013 = ORIENTED_EDGE('',*,*,#3014,.F.);
#3014 = EDGE_CURVE('',#3015,#3008,#3017,.T.);
#3015 = VERTEX_POINT('',#3016);
#3016 = CARTESIAN_POINT('',(-0.375,1.1,9.999999999941E-08));
#3017 = B_SPLINE_CURVE_WITH_KNOTS('',1,(#3018,#3019),.UNSPECIFIED.,.F.,
  .F.,(2,2),(0.,0.41),.PIECEWISE_BEZIER_KNOTS.);
#3018 = CARTESIAN_POINT('',(-0.375,1.1,9.999999999941E-08));
#3019 = CARTESIAN_POINT('',(-0.375,1.51,9.999999999941E-08));
#3020 = ORIENTED_EDGE('',*,*,#3021,.F.);
#3021 = EDGE_CURVE('',#1832,#3015,#3022,.T.);
#3022 = B_SPLINE_CURVE_WITH_KNOTS('',1,(#3023,#3024),.UNSPECIFIED.,.F.,
  .F.,(2,2),(0.18,0.2),.PIECEWISE_BEZIER_KNOTS.);
#3023 = CARTESIAN_POINT('',(-0.375,1.1,2.00001E-02));
#3024 = CARTESIAN_POINT('',(-0.375,1.1,1.000000000098E-07));
#3025 = ORIENTED_EDGE('',*,*,#1831,.F.);
#3026 = B_SPLINE_SURFACE_WITH_KNOTS('',1,1,(
    (#3027,#3028)
    ,(#3029,#3030
    )),.UNSPECIFIED.,.F.,.F.,.F.,(2,2),(2,2),(-0.41,0.),(-0.2,0.),
  .PIECEWISE_BEZIER_KNOTS.);
#3027 = CARTESIAN_POINT('',(-0.375,1.51,1.000000000098E-07));
#3028 = CARTESIAN_POINT('',(-0.375,1.51,0.2000001));
#3029 = CARTESIAN_POINT('',(-0.375,1.1,1.000000000098E-07));
#3030 = CARTESIAN_POINT('',(-0.375,1.1,0.2000001));
#3031 = ADVANCED_FACE('',(#3032),#3048,.T.);
#3032 = FACE_BOUND('',#3033,.T.);
#3033 = EDGE_LOOP('',(#3034,#3035,#3036,#3043));
#3034 = ORIENTED_EDGE('',*,*,#1838,.F.);
#3035 = ORIENTED_EDGE('',*,*,#3021,.T.);
#3036 = ORIENTED_EDGE('',*,*,#3037,.F.);
#3037 = EDGE_CURVE('',#3038,#3015,#3040,.T.);
#3038 = VERTEX_POINT('',#3039);
#3039 = CARTESIAN_POINT('',(-0.125,1.1,9.999999999941E-08));
#3040 = B_SPLINE_CURVE_WITH_KNOTS('',1,(#3041,#3042),.UNSPECIFIED.,.F.,
  .F.,(2,2),(0.,0.25),.PIECEWISE_BEZIER_KNOTS.);
#3041 = CARTESIAN_POINT('',(-0.125,1.1,9.999999999941E-08));
#3042 = CARTESIAN_POINT('',(-0.375,1.1,9.999999999941E-08));
#3043 = ORIENTED_EDGE('',*,*,#3044,.F.);
#3044 = EDGE_CURVE('',#1839,#3038,#3045,.T.);
#3045 = B_SPLINE_CURVE_WITH_KNOTS('',1,(#3046,#3047),.UNSPECIFIED.,.F.,
  .F.,(2,2),(0.18,0.2),.PIECEWISE_BEZIER_KNOTS.);
#3046 = CARTESIAN_POINT('',(-0.125,1.1,2.00001E-02));
#3047 = CARTESIAN_POINT('',(-0.125,1.1,1.000000000098E-07));
#3048 = B_SPLINE_SURFACE_WITH_KNOTS('',1,1,(
    (#3049,#3050)
    ,(#3051,#3052
    )),.UNSPECIFIED.,.F.,.F.,.F.,(2,2),(2,2),(0.18,0.2),(-0.25,0.),
  .PIECEWISE_BEZIER_KNOTS.);
#3049 = CARTESIAN_POINT('',(-0.375,1.1,2.00001E-02));
#3050 = CARTESIAN_POINT('',(-0.125,1.1,2.00001E-02));
#3051 = CARTESIAN_POINT('',(-0.375,1.1,1.000000000098E-07));
#3052 = CARTESIAN_POINT('',(-0.125,1.1,1.000000000098E-07));
#3053 = ADVANCED_FACE('',(#3054),#3072,.T.);
#3054 = FACE_BOUND('',#3055,.T.);
#3055 = EDGE_LOOP('',(#3056,#3057,#3058,#3059,#3066,#3071));
#3056 = ORIENTED_EDGE('',*,*,#2597,.F.);
#3057 = ORIENTED_EDGE('',*,*,#1845,.F.);
#3058 = ORIENTED_EDGE('',*,*,#3044,.T.);
#3059 = ORIENTED_EDGE('',*,*,#3060,.F.);
#3060 = EDGE_CURVE('',#3061,#3038,#3063,.T.);
#3061 = VERTEX_POINT('',#3062);
#3062 = CARTESIAN_POINT('',(-0.125,1.51,9.999999999941E-08));
#3063 = B_SPLINE_CURVE_WITH_KNOTS('',1,(#3064,#3065),.UNSPECIFIED.,.F.,
  .F.,(2,2),(-0.41,-0.),.PIECEWISE_BEZIER_KNOTS.);
#3064 = CARTESIAN_POINT('',(-0.125,1.51,9.999999999941E-08));
#3065 = CARTESIAN_POINT('',(-0.125,1.1,9.999999999941E-08));
#3066 = ORIENTED_EDGE('',*,*,#3067,.F.);
#3067 = EDGE_CURVE('',#2979,#3061,#3068,.T.);
#3068 = B_SPLINE_CURVE_WITH_KNOTS('',1,(#3069,#3070),.UNSPECIFIED.,.F.,
  .F.,(2,2),(0.,0.2),.PIECEWISE_BEZIER_KNOTS.);
#3069 = CARTESIAN_POINT('',(-0.125,1.51,0.2000001));
#3070 = CARTESIAN_POINT('',(-0.125,1.51,1.000000000098E-07));
#3071 = ORIENTED_EDGE('',*,*,#2978,.T.);
#3072 = B_SPLINE_SURFACE_WITH_KNOTS('',1,1,(
    (#3073,#3074)
    ,(#3075,#3076
    )),.UNSPECIFIED.,.F.,.F.,.F.,(2,2),(2,2),(0.,0.41),(-0.2,0.),
  .PIECEWISE_BEZIER_KNOTS.);
#3073 = CARTESIAN_POINT('',(-0.125,1.1,1.000000000098E-07));
#3074 = CARTESIAN_POINT('',(-0.125,1.1,0.2000001));
#3075 = CARTESIAN_POINT('',(-0.125,1.51,1.000000000098E-07));
#3076 = CARTESIAN_POINT('',(-0.125,1.51,0.2000001));
#3077 = ADVANCED_FACE('',(#3078),#3088,.T.);
#3078 = FACE_BOUND('',#3079,.T.);
#3079 = EDGE_LOOP('',(#3080,#3081,#3086,#3087));
#3080 = ORIENTED_EDGE('',*,*,#3067,.T.);
#3081 = ORIENTED_EDGE('',*,*,#3082,.F.);
#3082 = EDGE_CURVE('',#3008,#3061,#3083,.T.);
#3083 = B_SPLINE_CURVE_WITH_KNOTS('',1,(#3084,#3085),.UNSPECIFIED.,.F.,
  .F.,(2,2),(-0.25,0.),.PIECEWISE_BEZIER_KNOTS.);
#3084 = CARTESIAN_POINT('',(-0.375,1.51,9.999999999941E-08));
#3085 = CARTESIAN_POINT('',(-0.125,1.51,9.999999999941E-08));
#3086 = ORIENTED_EDGE('',*,*,#3007,.F.);
#3087 = ORIENTED_EDGE('',*,*,#2985,.T.);
#3088 = B_SPLINE_SURFACE_WITH_KNOTS('',1,1,(
    (#3089,#3090)
    ,(#3091,#3092
    )),.UNSPECIFIED.,.F.,.F.,.F.,(2,2),(2,2),(0.,0.25),(-0.2,0.),
  .PIECEWISE_BEZIER_KNOTS.);
#3089 = CARTESIAN_POINT('',(-0.125,1.51,1.000000000098E-07));
#3090 = CARTESIAN_POINT('',(-0.125,1.51,0.2000001));
#3091 = CARTESIAN_POINT('',(-0.375,1.51,1.000000000098E-07));
#3092 = CARTESIAN_POINT('',(-0.375,1.51,0.2000001));
#3093 = ADVANCED_FACE('',(#3094),#3100,.F.);
#3094 = FACE_BOUND('',#3095,.T.);
#3095 = EDGE_LOOP('',(#3096,#3097,#3098,#3099));
#3096 = ORIENTED_EDGE('',*,*,#3014,.T.);
#3097 = ORIENTED_EDGE('',*,*,#3082,.T.);
#3098 = ORIENTED_EDGE('',*,*,#3060,.T.);
#3099 = ORIENTED_EDGE('',*,*,#3037,.T.);
#3100 = B_SPLINE_SURFACE_WITH_KNOTS('',1,1,(
    (#3101,#3102)
    ,(#3103,#3104
  )),.UNSPECIFIED.,.F.,.F.,.F.,(2,2),(2,2),(0.125,0.375),(1.1,1.51),
  .PIECEWISE_BEZIER_KNOTS.);
#3101 = CARTESIAN_POINT('',(-0.375,1.1,9.999999999941E-08));
#3102 = CARTESIAN_POINT('',(-0.375,1.51,9.999999999941E-08));
#3103 = CARTESIAN_POINT('',(-0.125,1.1,9.999999999941E-08));
#3104 = CARTESIAN_POINT('',(-0.125,1.51,9.999999999941E-08));
#3105 = ADVANCED_FACE('',(#3106),#3128,.T.);
#3106 = FACE_BOUND('',#3107,.T.);
#3107 = EDGE_LOOP('',(#3108,#3109,#3116,#3123));
#3108 = ORIENTED_EDGE('',*,*,#2538,.F.);
#3109 = ORIENTED_EDGE('',*,*,#3110,.F.);
#3110 = EDGE_CURVE('',#3111,#2539,#3113,.T.);
#3111 = VERTEX_POINT('',#3112);
#3112 = CARTESIAN_POINT('',(-0.625,1.51,0.2000001));
#3113 = B_SPLINE_CURVE_WITH_KNOTS('',1,(#3114,#3115),.UNSPECIFIED.,.F.,
  .F.,(2,2),(-0.41,-0.4),.PIECEWISE_BEZIER_KNOTS.);
#3114 = CARTESIAN_POINT('',(-0.625,1.51,0.2000001));
#3115 = CARTESIAN_POINT('',(-0.625,1.5,0.2000001));
#3116 = ORIENTED_EDGE('',*,*,#3117,.F.);
#3117 = EDGE_CURVE('',#3118,#3111,#3120,.T.);
#3118 = VERTEX_POINT('',#3119);
#3119 = CARTESIAN_POINT('',(-0.875,1.51,0.2000001));
#3120 = B_SPLINE_CURVE_WITH_KNOTS('',1,(#3121,#3122),.UNSPECIFIED.,.F.,
  .F.,(2,2),(-0.25,0.),.PIECEWISE_BEZIER_KNOTS.);
#3121 = CARTESIAN_POINT('',(-0.875,1.51,0.2000001));
#3122 = CARTESIAN_POINT('',(-0.625,1.51,0.2000001));
#3123 = ORIENTED_EDGE('',*,*,#3124,.F.);
#3124 = EDGE_CURVE('',#2541,#3118,#3125,.T.);
#3125 = B_SPLINE_CURVE_WITH_KNOTS('',1,(#3126,#3127),.UNSPECIFIED.,.F.,
  .F.,(2,2),(0.4,0.41),.PIECEWISE_BEZIER_KNOTS.);
#3126 = CARTESIAN_POINT('',(-0.875,1.5,0.2000001));
#3127 = CARTESIAN_POINT('',(-0.875,1.51,0.2000001));
#3128 = B_SPLINE_SURFACE_WITH_KNOTS('',1,1,(
    (#3129,#3130)
    ,(#3131,#3132
  )),.UNSPECIFIED.,.F.,.F.,.F.,(2,2),(2,2),(0.125,0.375),(1.5,1.51),
  .PIECEWISE_BEZIER_KNOTS.);
#3129 = CARTESIAN_POINT('',(-0.875,1.5,0.2000001));
#3130 = CARTESIAN_POINT('',(-0.875,1.51,0.2000001));
#3131 = CARTESIAN_POINT('',(-0.625,1.5,0.2000001));
#3132 = CARTESIAN_POINT('',(-0.625,1.51,0.2000001));
#3133 = ADVANCED_FACE('',(#3134),#3158,.T.);
#3134 = FACE_BOUND('',#3135,.T.);
#3135 = EDGE_LOOP('',(#3136,#3137,#3138,#3145,#3152,#3157));
#3136 = ORIENTED_EDGE('',*,*,#2547,.F.);
#3137 = ORIENTED_EDGE('',*,*,#3124,.T.);
#3138 = ORIENTED_EDGE('',*,*,#3139,.T.);
#3139 = EDGE_CURVE('',#3118,#3140,#3142,.T.);
#3140 = VERTEX_POINT('',#3141);
#3141 = CARTESIAN_POINT('',(-0.875,1.51,9.999999999941E-08));
#3142 = B_SPLINE_CURVE_WITH_KNOTS('',1,(#3143,#3144),.UNSPECIFIED.,.F.,
  .F.,(2,2),(0.,0.2),.PIECEWISE_BEZIER_KNOTS.);
#3143 = CARTESIAN_POINT('',(-0.875,1.51,0.2000001));
#3144 = CARTESIAN_POINT('',(-0.875,1.51,1.000000000098E-07));
#3145 = ORIENTED_EDGE('',*,*,#3146,.F.);
#3146 = EDGE_CURVE('',#3147,#3140,#3149,.T.);
#3147 = VERTEX_POINT('',#3148);
#3148 = CARTESIAN_POINT('',(-0.875,1.1,9.999999999941E-08));
#3149 = B_SPLINE_CURVE_WITH_KNOTS('',1,(#3150,#3151),.UNSPECIFIED.,.F.,
  .F.,(2,2),(0.,0.41),.PIECEWISE_BEZIER_KNOTS.);
#3150 = CARTESIAN_POINT('',(-0.875,1.1,9.999999999941E-08));
#3151 = CARTESIAN_POINT('',(-0.875,1.51,9.999999999941E-08));
#3152 = ORIENTED_EDGE('',*,*,#3153,.F.);
#3153 = EDGE_CURVE('',#1804,#3147,#3154,.T.);
#3154 = B_SPLINE_CURVE_WITH_KNOTS('',1,(#3155,#3156),.UNSPECIFIED.,.F.,
  .F.,(2,2),(0.18,0.2),.PIECEWISE_BEZIER_KNOTS.);
#3155 = CARTESIAN_POINT('',(-0.875,1.1,2.00001E-02));
#3156 = CARTESIAN_POINT('',(-0.875,1.1,1.000000000098E-07));
#3157 = ORIENTED_EDGE('',*,*,#1803,.F.);
#3158 = B_SPLINE_SURFACE_WITH_KNOTS('',1,1,(
    (#3159,#3160)
    ,(#3161,#3162
    )),.UNSPECIFIED.,.F.,.F.,.F.,(2,2),(2,2),(-0.41,0.),(-0.2,0.),
  .PIECEWISE_BEZIER_KNOTS.);
#3159 = CARTESIAN_POINT('',(-0.875,1.51,1.000000000098E-07));
#3160 = CARTESIAN_POINT('',(-0.875,1.51,0.2000001));
#3161 = CARTESIAN_POINT('',(-0.875,1.1,1.000000000098E-07));
#3162 = CARTESIAN_POINT('',(-0.875,1.1,0.2000001));
#3163 = ADVANCED_FACE('',(#3164),#3180,.T.);
#3164 = FACE_BOUND('',#3165,.T.);
#3165 = EDGE_LOOP('',(#3166,#3167,#3168,#3175));
#3166 = ORIENTED_EDGE('',*,*,#1810,.F.);
#3167 = ORIENTED_EDGE('',*,*,#3153,.T.);
#3168 = ORIENTED_EDGE('',*,*,#3169,.F.);
#3169 = EDGE_CURVE('',#3170,#3147,#3172,.T.);
#3170 = VERTEX_POINT('',#3171);
#3171 = CARTESIAN_POINT('',(-0.625,1.1,9.999999999941E-08));
#3172 = B_SPLINE_CURVE_WITH_KNOTS('',1,(#3173,#3174),.UNSPECIFIED.,.F.,
  .F.,(2,2),(0.,0.25),.PIECEWISE_BEZIER_KNOTS.);
#3173 = CARTESIAN_POINT('',(-0.625,1.1,9.999999999941E-08));
#3174 = CARTESIAN_POINT('',(-0.875,1.1,9.999999999941E-08));
#3175 = ORIENTED_EDGE('',*,*,#3176,.F.);
#3176 = EDGE_CURVE('',#1811,#3170,#3177,.T.);
#3177 = B_SPLINE_CURVE_WITH_KNOTS('',1,(#3178,#3179),.UNSPECIFIED.,.F.,
  .F.,(2,2),(0.18,0.2),.PIECEWISE_BEZIER_KNOTS.);
#3178 = CARTESIAN_POINT('',(-0.625,1.1,2.00001E-02));
#3179 = CARTESIAN_POINT('',(-0.625,1.1,1.000000000098E-07));
#3180 = B_SPLINE_SURFACE_WITH_KNOTS('',1,1,(
    (#3181,#3182)
    ,(#3183,#3184
    )),.UNSPECIFIED.,.F.,.F.,.F.,(2,2),(2,2),(0.18,0.2),(-0.25,0.),
  .PIECEWISE_BEZIER_KNOTS.);
#3181 = CARTESIAN_POINT('',(-0.875,1.1,2.00001E-02));
#3182 = CARTESIAN_POINT('',(-0.625,1.1,2.00001E-02));
#3183 = CARTESIAN_POINT('',(-0.875,1.1,1.000000000098E-07));
#3184 = CARTESIAN_POINT('',(-0.625,1.1,1.000000000098E-07));
#3185 = ADVANCED_FACE('',(#3186),#3204,.T.);
#3186 = FACE_BOUND('',#3187,.T.);
#3187 = EDGE_LOOP('',(#3188,#3189,#3190,#3191,#3198,#3203));
#3188 = ORIENTED_EDGE('',*,*,#2617,.F.);
#3189 = ORIENTED_EDGE('',*,*,#1817,.F.);
#3190 = ORIENTED_EDGE('',*,*,#3176,.T.);
#3191 = ORIENTED_EDGE('',*,*,#3192,.F.);
#3192 = EDGE_CURVE('',#3193,#3170,#3195,.T.);
#3193 = VERTEX_POINT('',#3194);
#3194 = CARTESIAN_POINT('',(-0.625,1.51,9.999999999941E-08));
#3195 = B_SPLINE_CURVE_WITH_KNOTS('',1,(#3196,#3197),.UNSPECIFIED.,.F.,
  .F.,(2,2),(-0.41,-0.),.PIECEWISE_BEZIER_KNOTS.);
#3196 = CARTESIAN_POINT('',(-0.625,1.51,9.999999999941E-08));
#3197 = CARTESIAN_POINT('',(-0.625,1.1,9.999999999941E-08));
#3198 = ORIENTED_EDGE('',*,*,#3199,.F.);
#3199 = EDGE_CURVE('',#3111,#3193,#3200,.T.);
#3200 = B_SPLINE_CURVE_WITH_KNOTS('',1,(#3201,#3202),.UNSPECIFIED.,.F.,
  .F.,(2,2),(0.,0.2),.PIECEWISE_BEZIER_KNOTS.);
#3201 = CARTESIAN_POINT('',(-0.625,1.51,0.2000001));
#3202 = CARTESIAN_POINT('',(-0.625,1.51,1.000000000098E-07));
#3203 = ORIENTED_EDGE('',*,*,#3110,.T.);
#3204 = B_SPLINE_SURFACE_WITH_KNOTS('',1,1,(
    (#3205,#3206)
    ,(#3207,#3208
    )),.UNSPECIFIED.,.F.,.F.,.F.,(2,2),(2,2),(0.,0.41),(-0.2,0.),
  .PIECEWISE_BEZIER_KNOTS.);
#3205 = CARTESIAN_POINT('',(-0.625,1.1,1.000000000098E-07));
#3206 = CARTESIAN_POINT('',(-0.625,1.1,0.2000001));
#3207 = CARTESIAN_POINT('',(-0.625,1.51,1.000000000098E-07));
#3208 = CARTESIAN_POINT('',(-0.625,1.51,0.2000001));
#3209 = ADVANCED_FACE('',(#3210),#3220,.T.);
#3210 = FACE_BOUND('',#3211,.T.);
#3211 = EDGE_LOOP('',(#3212,#3213,#3218,#3219));
#3212 = ORIENTED_EDGE('',*,*,#3199,.T.);
#3213 = ORIENTED_EDGE('',*,*,#3214,.F.);
#3214 = EDGE_CURVE('',#3140,#3193,#3215,.T.);
#3215 = B_SPLINE_CURVE_WITH_KNOTS('',1,(#3216,#3217),.UNSPECIFIED.,.F.,
  .F.,(2,2),(-0.25,0.),.PIECEWISE_BEZIER_KNOTS.);
#3216 = CARTESIAN_POINT('',(-0.875,1.51,9.999999999941E-08));
#3217 = CARTESIAN_POINT('',(-0.625,1.51,9.999999999941E-08));
#3218 = ORIENTED_EDGE('',*,*,#3139,.F.);
#3219 = ORIENTED_EDGE('',*,*,#3117,.T.);
#3220 = B_SPLINE_SURFACE_WITH_KNOTS('',1,1,(
    (#3221,#3222)
    ,(#3223,#3224
    )),.UNSPECIFIED.,.F.,.F.,.F.,(2,2),(2,2),(0.,0.25),(-0.2,0.),
  .PIECEWISE_BEZIER_KNOTS.);
#3221 = CARTESIAN_POINT('',(-0.625,1.51,1.000000000098E-07));
#3222 = CARTESIAN_POINT('',(-0.625,1.51,0.2000001));
#3223 = CARTESIAN_POINT('',(-0.875,1.51,1.000000000098E-07));
#3224 = CARTESIAN_POINT('',(-0.875,1.51,0.2000001));
#3225 = ADVANCED_FACE('',(#3226),#3232,.F.);
#3226 = FACE_BOUND('',#3227,.T.);
#3227 = EDGE_LOOP('',(#3228,#3229,#3230,#3231));
#3228 = ORIENTED_EDGE('',*,*,#3146,.T.);
#3229 = ORIENTED_EDGE('',*,*,#3214,.T.);
#3230 = ORIENTED_EDGE('',*,*,#3192,.T.);
#3231 = ORIENTED_EDGE('',*,*,#3169,.T.);
#3232 = B_SPLINE_SURFACE_WITH_KNOTS('',1,1,(
    (#3233,#3234)
    ,(#3235,#3236
  )),.UNSPECIFIED.,.F.,.F.,.F.,(2,2),(2,2),(0.125,0.375),(1.1,1.51),
  .PIECEWISE_BEZIER_KNOTS.);
#3233 = CARTESIAN_POINT('',(-0.875,1.1,9.999999999941E-08));
#3234 = CARTESIAN_POINT('',(-0.875,1.51,9.999999999941E-08));
#3235 = CARTESIAN_POINT('',(-0.625,1.1,9.999999999941E-08));
#3236 = CARTESIAN_POINT('',(-0.625,1.51,9.999999999941E-08));
#3237 = ADVANCED_FACE('',(#3238),#3260,.F.);
#3238 = FACE_BOUND('',#3239,.T.);
#3239 = EDGE_LOOP('',(#3240,#3241,#3248,#3255));
#3240 = ORIENTED_EDGE('',*,*,#2508,.T.);
#3241 = ORIENTED_EDGE('',*,*,#3242,.F.);
#3242 = EDGE_CURVE('',#3243,#2511,#3245,.T.);
#3243 = VERTEX_POINT('',#3244);
#3244 = CARTESIAN_POINT('',(-1.147918391292,1.51,8.95947065419E-02));
#3245 = B_SPLINE_CURVE_WITH_KNOTS('',1,(#3246,#3247),.UNSPECIFIED.,.F.,
  .F.,(2,2),(-0.,1.E-02),.PIECEWISE_BEZIER_KNOTS.);
#3246 = CARTESIAN_POINT('',(-1.147918391292,1.51,8.95947065419E-02));
#3247 = CARTESIAN_POINT('',(-1.147918391292,1.5,8.95947065419E-02));
#3248 = ORIENTED_EDGE('',*,*,#3249,.F.);
#3249 = EDGE_CURVE('',#3250,#3243,#3252,.T.);
#3250 = VERTEX_POINT('',#3251);
#3251 = CARTESIAN_POINT('',(-1.147918391292,1.51,0.174810016707));
#3252 = B_SPLINE_CURVE_WITH_KNOTS('',1,(#3253,#3254),.UNSPECIFIED.,.F.,
  .F.,(2,2),(-8.521531016555E-02,-0.),.PIECEWISE_BEZIER_KNOTS.);
#3253 = CARTESIAN_POINT('',(-1.147918391292,1.51,0.174810016707));
#3254 = CARTESIAN_POINT('',(-1.147918391292,1.51,8.95947065419E-02));
#3255 = ORIENTED_EDGE('',*,*,#3256,.T.);
#3256 = EDGE_CURVE('',#3250,#2509,#3257,.T.);
#3257 = B_SPLINE_CURVE_WITH_KNOTS('',1,(#3258,#3259),.UNSPECIFIED.,.F.,
  .F.,(2,2),(-0.,1.E-02),.PIECEWISE_BEZIER_KNOTS.);
#3258 = CARTESIAN_POINT('',(-1.147918391292,1.51,0.174810016707));
#3259 = CARTESIAN_POINT('',(-1.147918391292,1.5,0.174810016707));
#3260 = B_SPLINE_SURFACE_WITH_KNOTS('',1,1,(
    (#3261,#3262)
    ,(#3263,#3264
    )),.UNSPECIFIED.,.F.,.F.,.F.,(2,2),(2,2),(0.,8.521531016555E-02),(
    -1.E-02,0.),.PIECEWISE_BEZIER_KNOTS.);
#3261 = CARTESIAN_POINT('',(-1.147918391292,1.5,8.95947065419E-02));
#3262 = CARTESIAN_POINT('',(-1.147918391292,1.51,8.95947065419E-02));
#3263 = CARTESIAN_POINT('',(-1.147918391292,1.5,0.174810016707));
#3264 = CARTESIAN_POINT('',(-1.147918391292,1.51,0.174810016707));
#3265 = ADVANCED_FACE('',(#3266),#3282,.F.);
#3266 = FACE_BOUND('',#3267,.T.);
#3267 = EDGE_LOOP('',(#3268,#3269,#3276,#3281));
#3268 = ORIENTED_EDGE('',*,*,#2531,.T.);
#3269 = ORIENTED_EDGE('',*,*,#3270,.F.);
#3270 = EDGE_CURVE('',#3271,#2525,#3273,.T.);
#3271 = VERTEX_POINT('',#3272);
#3272 = CARTESIAN_POINT('',(-1.292128916188,1.51,8.95947065419E-02));
#3273 = B_SPLINE_CURVE_WITH_KNOTS('',1,(#3274,#3275),.UNSPECIFIED.,.F.,
  .F.,(2,2),(-0.,1.E-02),.PIECEWISE_BEZIER_KNOTS.);
#3274 = CARTESIAN_POINT('',(-1.292128916188,1.51,8.95947065419E-02));
#3275 = CARTESIAN_POINT('',(-1.292128916188,1.5,8.95947065419E-02));
#3276 = ORIENTED_EDGE('',*,*,#3277,.F.);
#3277 = EDGE_CURVE('',#3243,#3271,#3278,.T.);
#3278 = B_SPLINE_CURVE_WITH_KNOTS('',1,(#3279,#3280),.UNSPECIFIED.,.F.,
  .F.,(2,2),(-0.144210524896,-0.),.PIECEWISE_BEZIER_KNOTS.);
#3279 = CARTESIAN_POINT('',(-1.147918391292,1.51,8.95947065419E-02));
#3280 = CARTESIAN_POINT('',(-1.292128916188,1.51,8.95947065419E-02));
#3281 = ORIENTED_EDGE('',*,*,#3242,.T.);
#3282 = B_SPLINE_SURFACE_WITH_KNOTS('',1,1,(
    (#3283,#3284)
    ,(#3285,#3286
    )),.UNSPECIFIED.,.F.,.F.,.F.,(2,2),(2,2),(0.,0.144210524896),(
    -1.E-02,0.),.PIECEWISE_BEZIER_KNOTS.);
#3283 = CARTESIAN_POINT('',(-1.292128916188,1.5,8.95947065419E-02));
#3284 = CARTESIAN_POINT('',(-1.292128916188,1.51,8.95947065419E-02));
#3285 = CARTESIAN_POINT('',(-1.147918391292,1.5,8.95947065419E-02));
#3286 = CARTESIAN_POINT('',(-1.147918391292,1.51,8.95947065419E-02));
#3287 = ADVANCED_FACE('',(#3288),#3304,.F.);
#3288 = FACE_BOUND('',#3289,.T.);
#3289 = EDGE_LOOP('',(#3290,#3291,#3298,#3303));
#3290 = ORIENTED_EDGE('',*,*,#2524,.T.);
#3291 = ORIENTED_EDGE('',*,*,#3292,.F.);
#3292 = EDGE_CURVE('',#3293,#2518,#3295,.T.);
#3293 = VERTEX_POINT('',#3294);
#3294 = CARTESIAN_POINT('',(-1.292128916188,1.51,0.174810016707));
#3295 = B_SPLINE_CURVE_WITH_KNOTS('',1,(#3296,#3297),.UNSPECIFIED.,.F.,
  .F.,(2,2),(-0.,1.E-02),.PIECEWISE_BEZIER_KNOTS.);
#3296 = CARTESIAN_POINT('',(-1.292128916188,1.51,0.174810016707));
#3297 = CARTESIAN_POINT('',(-1.292128916188,1.5,0.174810016707));
#3298 = ORIENTED_EDGE('',*,*,#3299,.F.);
#3299 = EDGE_CURVE('',#3271,#3293,#3300,.T.);
#3300 = B_SPLINE_CURVE_WITH_KNOTS('',1,(#3301,#3302),.UNSPECIFIED.,.F.,
  .F.,(2,2),(0.,8.521531016555E-02),.PIECEWISE_BEZIER_KNOTS.);
#3301 = CARTESIAN_POINT('',(-1.292128916188,1.51,8.95947065419E-02));
#3302 = CARTESIAN_POINT('',(-1.292128916188,1.51,0.174810016707));
#3303 = ORIENTED_EDGE('',*,*,#3270,.T.);
#3304 = B_SPLINE_SURFACE_WITH_KNOTS('',1,1,(
    (#3305,#3306)
    ,(#3307,#3308
    )),.UNSPECIFIED.,.F.,.F.,.F.,(2,2),(2,2),(-8.521531016555E-02,0.),(
    -1.E-02,0.),.PIECEWISE_BEZIER_KNOTS.);
#3305 = CARTESIAN_POINT('',(-1.292128916188,1.5,0.174810016707));
#3306 = CARTESIAN_POINT('',(-1.292128916188,1.51,0.174810016707));
#3307 = CARTESIAN_POINT('',(-1.292128916188,1.5,8.95947065419E-02));
#3308 = CARTESIAN_POINT('',(-1.292128916188,1.51,8.95947065419E-02));
#3309 = ADVANCED_FACE('',(#3310),#3320,.F.);
#3310 = FACE_BOUND('',#3311,.T.);
#3311 = EDGE_LOOP('',(#3312,#3313,#3314,#3319));
#3312 = ORIENTED_EDGE('',*,*,#2517,.T.);
#3313 = ORIENTED_EDGE('',*,*,#3256,.F.);
#3314 = ORIENTED_EDGE('',*,*,#3315,.F.);
#3315 = EDGE_CURVE('',#3293,#3250,#3316,.T.);
#3316 = B_SPLINE_CURVE_WITH_KNOTS('',1,(#3317,#3318),.UNSPECIFIED.,.F.,
  .F.,(2,2),(0.,0.144210524896),.PIECEWISE_BEZIER_KNOTS.);
#3317 = CARTESIAN_POINT('',(-1.292128916188,1.51,0.174810016707));
#3318 = CARTESIAN_POINT('',(-1.147918391292,1.51,0.174810016707));
#3319 = ORIENTED_EDGE('',*,*,#3292,.T.);
#3320 = B_SPLINE_SURFACE_WITH_KNOTS('',1,1,(
    (#3321,#3322)
    ,(#3323,#3324
    )),.UNSPECIFIED.,.F.,.F.,.F.,(2,2),(2,2),(-0.144210524896,0.),(
    -1.E-02,0.),.PIECEWISE_BEZIER_KNOTS.);
#3321 = CARTESIAN_POINT('',(-1.147918391292,1.5,0.174810016707));
#3322 = CARTESIAN_POINT('',(-1.147918391292,1.51,0.174810016707));
#3323 = CARTESIAN_POINT('',(-1.292128916188,1.5,0.174810016707));
#3324 = CARTESIAN_POINT('',(-1.292128916188,1.51,0.174810016707));
#3325 = ADVANCED_FACE('',(#3326),#3332,.T.);
#3326 = FACE_BOUND('',#3327,.T.);
#3327 = EDGE_LOOP('',(#3328,#3329,#3330,#3331));
#3328 = ORIENTED_EDGE('',*,*,#3249,.T.);
#3329 = ORIENTED_EDGE('',*,*,#3277,.T.);
#3330 = ORIENTED_EDGE('',*,*,#3299,.T.);
#3331 = ORIENTED_EDGE('',*,*,#3315,.T.);
#3332 = B_SPLINE_SURFACE_WITH_KNOTS('',1,1,(
    (#3333,#3334)
    ,(#3335,#3336
    )),.UNSPECIFIED.,.F.,.F.,.F.,(2,2),(2,2),(6.95946065419E-02,
    0.154809916707),(-1.292128916188,-1.147918391292),
  .PIECEWISE_BEZIER_KNOTS.);
#3333 = CARTESIAN_POINT('',(-1.292128916188,1.51,8.95947065419E-02));
#3334 = CARTESIAN_POINT('',(-1.147918391292,1.51,8.95947065419E-02));
#3335 = CARTESIAN_POINT('',(-1.292128916188,1.51,0.174810016707));
#3336 = CARTESIAN_POINT('',(-1.147918391292,1.51,0.174810016707));
#3337 = ADVANCED_FACE('',(#3338),#3360,.F.);
#3338 = FACE_BOUND('',#3339,.T.);
#3339 = EDGE_LOOP('',(#3340,#3341,#3348,#3355));
#3340 = ORIENTED_EDGE('',*,*,#2624,.T.);
#3341 = ORIENTED_EDGE('',*,*,#3342,.F.);
#3342 = EDGE_CURVE('',#3343,#2627,#3345,.T.);
#3343 = VERTEX_POINT('',#3344);
#3344 = CARTESIAN_POINT('',(1.292128916188,1.51,8.95947065419E-02));
#3345 = B_SPLINE_CURVE_WITH_KNOTS('',1,(#3346,#3347),.UNSPECIFIED.,.F.,
  .F.,(2,2),(-0.,1.E-02),.PIECEWISE_BEZIER_KNOTS.);
#3346 = CARTESIAN_POINT('',(1.292128916188,1.51,8.95947065419E-02));
#3347 = CARTESIAN_POINT('',(1.292128916188,1.5,8.95947065419E-02));
#3348 = ORIENTED_EDGE('',*,*,#3349,.F.);
#3349 = EDGE_CURVE('',#3350,#3343,#3352,.T.);
#3350 = VERTEX_POINT('',#3351);
#3351 = CARTESIAN_POINT('',(1.292128916188,1.51,0.174810016707));
#3352 = B_SPLINE_CURVE_WITH_KNOTS('',1,(#3353,#3354),.UNSPECIFIED.,.F.,
  .F.,(2,2),(-8.521531016555E-02,-0.),.PIECEWISE_BEZIER_KNOTS.);
#3353 = CARTESIAN_POINT('',(1.292128916188,1.51,0.174810016707));
#3354 = CARTESIAN_POINT('',(1.292128916188,1.51,8.95947065419E-02));
#3355 = ORIENTED_EDGE('',*,*,#3356,.T.);
#3356 = EDGE_CURVE('',#3350,#2625,#3357,.T.);
#3357 = B_SPLINE_CURVE_WITH_KNOTS('',1,(#3358,#3359),.UNSPECIFIED.,.F.,
  .F.,(2,2),(-0.,1.E-02),.PIECEWISE_BEZIER_KNOTS.);
#3358 = CARTESIAN_POINT('',(1.292128916188,1.51,0.174810016707));
#3359 = CARTESIAN_POINT('',(1.292128916188,1.5,0.174810016707));
#3360 = B_SPLINE_SURFACE_WITH_KNOTS('',1,1,(
    (#3361,#3362)
    ,(#3363,#3364
    )),.UNSPECIFIED.,.F.,.F.,.F.,(2,2),(2,2),(0.,8.521531016555E-02),(
    -1.E-02,0.),.PIECEWISE_BEZIER_KNOTS.);
#3361 = CARTESIAN_POINT('',(1.292128916188,1.5,8.95947065419E-02));
#3362 = CARTESIAN_POINT('',(1.292128916188,1.51,8.95947065419E-02));
#3363 = CARTESIAN_POINT('',(1.292128916188,1.5,0.174810016707));
#3364 = CARTESIAN_POINT('',(1.292128916188,1.51,0.174810016707));
#3365 = ADVANCED_FACE('',(#3366),#3382,.F.);
#3366 = FACE_BOUND('',#3367,.T.);
#3367 = EDGE_LOOP('',(#3368,#3369,#3376,#3381));
#3368 = ORIENTED_EDGE('',*,*,#2647,.T.);
#3369 = ORIENTED_EDGE('',*,*,#3370,.F.);
#3370 = EDGE_CURVE('',#3371,#2641,#3373,.T.);
#3371 = VERTEX_POINT('',#3372);
#3372 = CARTESIAN_POINT('',(1.147918391292,1.51,8.95947065419E-02));
#3373 = B_SPLINE_CURVE_WITH_KNOTS('',1,(#3374,#3375),.UNSPECIFIED.,.F.,
  .F.,(2,2),(-0.,1.E-02),.PIECEWISE_BEZIER_KNOTS.);
#3374 = CARTESIAN_POINT('',(1.147918391292,1.51,8.95947065419E-02));
#3375 = CARTESIAN_POINT('',(1.147918391292,1.5,8.95947065419E-02));
#3376 = ORIENTED_EDGE('',*,*,#3377,.F.);
#3377 = EDGE_CURVE('',#3343,#3371,#3378,.T.);
#3378 = B_SPLINE_CURVE_WITH_KNOTS('',1,(#3379,#3380),.UNSPECIFIED.,.F.,
  .F.,(2,2),(0.,0.144210524896),.PIECEWISE_BEZIER_KNOTS.);
#3379 = CARTESIAN_POINT('',(1.292128916188,1.51,8.95947065419E-02));
#3380 = CARTESIAN_POINT('',(1.147918391292,1.51,8.95947065419E-02));
#3381 = ORIENTED_EDGE('',*,*,#3342,.T.);
#3382 = B_SPLINE_SURFACE_WITH_KNOTS('',1,1,(
    (#3383,#3384)
    ,(#3385,#3386
    )),.UNSPECIFIED.,.F.,.F.,.F.,(2,2),(2,2),(-0.144210524896,0.),(
    -1.E-02,0.),.PIECEWISE_BEZIER_KNOTS.);
#3383 = CARTESIAN_POINT('',(1.147918391292,1.5,8.95947065419E-02));
#3384 = CARTESIAN_POINT('',(1.147918391292,1.51,8.95947065419E-02));
#3385 = CARTESIAN_POINT('',(1.292128916188,1.5,8.95947065419E-02));
#3386 = CARTESIAN_POINT('',(1.292128916188,1.51,8.95947065419E-02));
#3387 = ADVANCED_FACE('',(#3388),#3404,.F.);
#3388 = FACE_BOUND('',#3389,.T.);
#3389 = EDGE_LOOP('',(#3390,#3391,#3398,#3403));
#3390 = ORIENTED_EDGE('',*,*,#2640,.T.);
#3391 = ORIENTED_EDGE('',*,*,#3392,.F.);
#3392 = EDGE_CURVE('',#3393,#2634,#3395,.T.);
#3393 = VERTEX_POINT('',#3394);
#3394 = CARTESIAN_POINT('',(1.147918391292,1.51,0.174810016707));
#3395 = B_SPLINE_CURVE_WITH_KNOTS('',1,(#3396,#3397),.UNSPECIFIED.,.F.,
  .F.,(2,2),(-0.,1.E-02),.PIECEWISE_BEZIER_KNOTS.);
#3396 = CARTESIAN_POINT('',(1.147918391292,1.51,0.174810016707));
#3397 = CARTESIAN_POINT('',(1.147918391292,1.5,0.174810016707));
#3398 = ORIENTED_EDGE('',*,*,#3399,.F.);
#3399 = EDGE_CURVE('',#3371,#3393,#3400,.T.);
#3400 = B_SPLINE_CURVE_WITH_KNOTS('',1,(#3401,#3402),.UNSPECIFIED.,.F.,
  .F.,(2,2),(0.,8.521531016555E-02),.PIECEWISE_BEZIER_KNOTS.);
#3401 = CARTESIAN_POINT('',(1.147918391292,1.51,8.95947065419E-02));
#3402 = CARTESIAN_POINT('',(1.147918391292,1.51,0.174810016707));
#3403 = ORIENTED_EDGE('',*,*,#3370,.T.);
#3404 = B_SPLINE_SURFACE_WITH_KNOTS('',1,1,(
    (#3405,#3406)
    ,(#3407,#3408
    )),.UNSPECIFIED.,.F.,.F.,.F.,(2,2),(2,2),(-8.521531016555E-02,0.),(
    -1.E-02,0.),.PIECEWISE_BEZIER_KNOTS.);
#3405 = CARTESIAN_POINT('',(1.147918391292,1.5,0.174810016707));
#3406 = CARTESIAN_POINT('',(1.147918391292,1.51,0.174810016707));
#3407 = CARTESIAN_POINT('',(1.147918391292,1.5,8.95947065419E-02));
#3408 = CARTESIAN_POINT('',(1.147918391292,1.51,8.95947065419E-02));
#3409 = ADVANCED_FACE('',(#3410),#3420,.F.);
#3410 = FACE_BOUND('',#3411,.T.);
#3411 = EDGE_LOOP('',(#3412,#3413,#3414,#3419));
#3412 = ORIENTED_EDGE('',*,*,#2633,.T.);
#3413 = ORIENTED_EDGE('',*,*,#3356,.F.);
#3414 = ORIENTED_EDGE('',*,*,#3415,.F.);
#3415 = EDGE_CURVE('',#3393,#3350,#3416,.T.);
#3416 = B_SPLINE_CURVE_WITH_KNOTS('',1,(#3417,#3418),.UNSPECIFIED.,.F.,
  .F.,(2,2),(-0.144210524896,0.),.PIECEWISE_BEZIER_KNOTS.);
#3417 = CARTESIAN_POINT('',(1.147918391292,1.51,0.174810016707));
#3418 = CARTESIAN_POINT('',(1.292128916188,1.51,0.174810016707));
#3419 = ORIENTED_EDGE('',*,*,#3392,.T.);
#3420 = B_SPLINE_SURFACE_WITH_KNOTS('',1,1,(
    (#3421,#3422)
    ,(#3423,#3424
    )),.UNSPECIFIED.,.F.,.F.,.F.,(2,2),(2,2),(-0.,0.144210524896),(
    -1.E-02,0.),.PIECEWISE_BEZIER_KNOTS.);
#3421 = CARTESIAN_POINT('',(1.292128916188,1.5,0.174810016707));
#3422 = CARTESIAN_POINT('',(1.292128916188,1.51,0.174810016707));
#3423 = CARTESIAN_POINT('',(1.147918391292,1.5,0.174810016707));
#3424 = CARTESIAN_POINT('',(1.147918391292,1.51,0.174810016707));
#3425 = ADVANCED_FACE('',(#3426),#3432,.F.);
#3426 = FACE_BOUND('',#3427,.T.);
#3427 = EDGE_LOOP('',(#3428,#3429,#3430,#3431));
#3428 = ORIENTED_EDGE('',*,*,#3349,.T.);
#3429 = ORIENTED_EDGE('',*,*,#3377,.T.);
#3430 = ORIENTED_EDGE('',*,*,#3399,.T.);
#3431 = ORIENTED_EDGE('',*,*,#3415,.T.);
#3432 = B_SPLINE_SURFACE_WITH_KNOTS('',1,1,(
    (#3433,#3434)
    ,(#3435,#3436
    )),.UNSPECIFIED.,.F.,.F.,.F.,(2,2),(2,2),(-0.154809916707,
    -6.95946065419E-02),(1.147918391292,1.292128916188),
  .PIECEWISE_BEZIER_KNOTS.);
#3433 = CARTESIAN_POINT('',(1.147918391292,1.51,0.174810016707));
#3434 = CARTESIAN_POINT('',(1.292128916188,1.51,0.174810016707));
#3435 = CARTESIAN_POINT('',(1.147918391292,1.51,8.95947065419E-02));
#3436 = CARTESIAN_POINT('',(1.292128916188,1.51,8.95947065419E-02));
#3437 = ADVANCED_FACE('',(#3438),#3460,.T.);
#3438 = FACE_BOUND('',#3439,.T.);
#3439 = EDGE_LOOP('',(#3440,#3441,#3448,#3455));
#3440 = ORIENTED_EDGE('',*,*,#2432,.F.);
#3441 = ORIENTED_EDGE('',*,*,#3442,.F.);
#3442 = EDGE_CURVE('',#3443,#2426,#3445,.T.);
#3443 = VERTEX_POINT('',#3444);
#3444 = CARTESIAN_POINT('',(1.51,-0.375,0.2000001));
#3445 = B_SPLINE_CURVE_WITH_KNOTS('',1,(#3446,#3447),.UNSPECIFIED.,.F.,
  .F.,(2,2),(-0.41,-0.4),.PIECEWISE_BEZIER_KNOTS.);
#3446 = CARTESIAN_POINT('',(1.51,-0.375,0.2000001));
#3447 = CARTESIAN_POINT('',(1.5,-0.375,0.2000001));
#3448 = ORIENTED_EDGE('',*,*,#3449,.F.);
#3449 = EDGE_CURVE('',#3450,#3443,#3452,.T.);
#3450 = VERTEX_POINT('',#3451);
#3451 = CARTESIAN_POINT('',(1.51,-0.125,0.2000001));
#3452 = B_SPLINE_CURVE_WITH_KNOTS('',1,(#3453,#3454),.UNSPECIFIED.,.F.,
  .F.,(2,2),(-0.25,0.),.PIECEWISE_BEZIER_KNOTS.);
#3453 = CARTESIAN_POINT('',(1.51,-0.125,0.2000001));
#3454 = CARTESIAN_POINT('',(1.51,-0.375,0.2000001));
#3455 = ORIENTED_EDGE('',*,*,#3456,.F.);
#3456 = EDGE_CURVE('',#2433,#3450,#3457,.T.);
#3457 = B_SPLINE_CURVE_WITH_KNOTS('',1,(#3458,#3459),.UNSPECIFIED.,.F.,
  .F.,(2,2),(0.4,0.41),.PIECEWISE_BEZIER_KNOTS.);
#3458 = CARTESIAN_POINT('',(1.5,-0.125,0.2000001));
#3459 = CARTESIAN_POINT('',(1.51,-0.125,0.2000001));
#3460 = B_SPLINE_SURFACE_WITH_KNOTS('',1,1,(
    (#3461,#3462)
    ,(#3463,#3464
  )),.UNSPECIFIED.,.F.,.F.,.F.,(2,2),(2,2),(0.125,0.375),(1.5,1.51),
  .PIECEWISE_BEZIER_KNOTS.);
#3461 = CARTESIAN_POINT('',(1.5,-0.125,0.2000001));
#3462 = CARTESIAN_POINT('',(1.51,-0.125,0.2000001));
#3463 = CARTESIAN_POINT('',(1.5,-0.375,0.2000001));
#3464 = CARTESIAN_POINT('',(1.51,-0.375,0.2000001));
#3465 = ADVANCED_FACE('',(#3466),#3490,.T.);
#3466 = FACE_BOUND('',#3467,.T.);
#3467 = EDGE_LOOP('',(#3468,#3469,#3470,#3477,#3484,#3489));
#3468 = ORIENTED_EDGE('',*,*,#2439,.F.);
#3469 = ORIENTED_EDGE('',*,*,#3456,.T.);
#3470 = ORIENTED_EDGE('',*,*,#3471,.T.);
#3471 = EDGE_CURVE('',#3450,#3472,#3474,.T.);
#3472 = VERTEX_POINT('',#3473);
#3473 = CARTESIAN_POINT('',(1.51,-0.125,9.999999999941E-08));
#3474 = B_SPLINE_CURVE_WITH_KNOTS('',1,(#3475,#3476),.UNSPECIFIED.,.F.,
  .F.,(2,2),(0.,0.2),.PIECEWISE_BEZIER_KNOTS.);
#3475 = CARTESIAN_POINT('',(1.51,-0.125,0.2000001));
#3476 = CARTESIAN_POINT('',(1.51,-0.125,1.000000000098E-07));
#3477 = ORIENTED_EDGE('',*,*,#3478,.F.);
#3478 = EDGE_CURVE('',#3479,#3472,#3481,.T.);
#3479 = VERTEX_POINT('',#3480);
#3480 = CARTESIAN_POINT('',(1.1,-0.125,9.999999999941E-08));
#3481 = B_SPLINE_CURVE_WITH_KNOTS('',1,(#3482,#3483),.UNSPECIFIED.,.F.,
  .F.,(2,2),(0.,0.41),.PIECEWISE_BEZIER_KNOTS.);
#3482 = CARTESIAN_POINT('',(1.1,-0.125,9.999999999941E-08));
#3483 = CARTESIAN_POINT('',(1.51,-0.125,9.999999999941E-08));
#3484 = ORIENTED_EDGE('',*,*,#3485,.F.);
#3485 = EDGE_CURVE('',#1979,#3479,#3486,.T.);
#3486 = B_SPLINE_CURVE_WITH_KNOTS('',1,(#3487,#3488),.UNSPECIFIED.,.F.,
  .F.,(2,2),(0.18,0.2),.PIECEWISE_BEZIER_KNOTS.);
#3487 = CARTESIAN_POINT('',(1.1,-0.125,2.00001E-02));
#3488 = CARTESIAN_POINT('',(1.1,-0.125,1.000000000098E-07));
#3489 = ORIENTED_EDGE('',*,*,#1978,.F.);
#3490 = B_SPLINE_SURFACE_WITH_KNOTS('',1,1,(
    (#3491,#3492)
    ,(#3493,#3494
    )),.UNSPECIFIED.,.F.,.F.,.F.,(2,2),(2,2),(-0.41,0.),(-0.2,0.),
  .PIECEWISE_BEZIER_KNOTS.);
#3491 = CARTESIAN_POINT('',(1.51,-0.125,1.000000000098E-07));
#3492 = CARTESIAN_POINT('',(1.51,-0.125,0.2000001));
#3493 = CARTESIAN_POINT('',(1.1,-0.125,1.000000000098E-07));
#3494 = CARTESIAN_POINT('',(1.1,-0.125,0.2000001));
#3495 = ADVANCED_FACE('',(#3496),#3512,.T.);
#3496 = FACE_BOUND('',#3497,.T.);
#3497 = EDGE_LOOP('',(#3498,#3499,#3500,#3507));
#3498 = ORIENTED_EDGE('',*,*,#1985,.F.);
#3499 = ORIENTED_EDGE('',*,*,#3485,.T.);
#3500 = ORIENTED_EDGE('',*,*,#3501,.F.);
#3501 = EDGE_CURVE('',#3502,#3479,#3504,.T.);
#3502 = VERTEX_POINT('',#3503);
#3503 = CARTESIAN_POINT('',(1.1,-0.375,9.999999999941E-08));
#3504 = B_SPLINE_CURVE_WITH_KNOTS('',1,(#3505,#3506),.UNSPECIFIED.,.F.,
  .F.,(2,2),(0.,0.25),.PIECEWISE_BEZIER_KNOTS.);
#3505 = CARTESIAN_POINT('',(1.1,-0.375,9.999999999941E-08));
#3506 = CARTESIAN_POINT('',(1.1,-0.125,9.999999999941E-08));
#3507 = ORIENTED_EDGE('',*,*,#3508,.F.);
#3508 = EDGE_CURVE('',#1986,#3502,#3509,.T.);
#3509 = B_SPLINE_CURVE_WITH_KNOTS('',1,(#3510,#3511),.UNSPECIFIED.,.F.,
  .F.,(2,2),(0.18,0.2),.PIECEWISE_BEZIER_KNOTS.);
#3510 = CARTESIAN_POINT('',(1.1,-0.375,2.00001E-02));
#3511 = CARTESIAN_POINT('',(1.1,-0.375,1.000000000098E-07));
#3512 = B_SPLINE_SURFACE_WITH_KNOTS('',1,1,(
    (#3513,#3514)
    ,(#3515,#3516
    )),.UNSPECIFIED.,.F.,.F.,.F.,(2,2),(2,2),(-0.25,0.),(-0.2,-0.18),
  .PIECEWISE_BEZIER_KNOTS.);
#3513 = CARTESIAN_POINT('',(1.1,-0.125,1.000000000098E-07));
#3514 = CARTESIAN_POINT('',(1.1,-0.125,2.00001E-02));
#3515 = CARTESIAN_POINT('',(1.1,-0.375,1.000000000098E-07));
#3516 = CARTESIAN_POINT('',(1.1,-0.375,2.00001E-02));
#3517 = ADVANCED_FACE('',(#3518),#3536,.T.);
#3518 = FACE_BOUND('',#3519,.T.);
#3519 = EDGE_LOOP('',(#3520,#3521,#3522,#3523,#3530,#3535));
#3520 = ORIENTED_EDGE('',*,*,#2425,.F.);
#3521 = ORIENTED_EDGE('',*,*,#1992,.F.);
#3522 = ORIENTED_EDGE('',*,*,#3508,.T.);
#3523 = ORIENTED_EDGE('',*,*,#3524,.F.);
#3524 = EDGE_CURVE('',#3525,#3502,#3527,.T.);
#3525 = VERTEX_POINT('',#3526);
#3526 = CARTESIAN_POINT('',(1.51,-0.375,9.999999999941E-08));
#3527 = B_SPLINE_CURVE_WITH_KNOTS('',1,(#3528,#3529),.UNSPECIFIED.,.F.,
  .F.,(2,2),(-0.41,0.),.PIECEWISE_BEZIER_KNOTS.);
#3528 = CARTESIAN_POINT('',(1.51,-0.375,9.999999999941E-08));
#3529 = CARTESIAN_POINT('',(1.1,-0.375,9.999999999941E-08));
#3530 = ORIENTED_EDGE('',*,*,#3531,.F.);
#3531 = EDGE_CURVE('',#3443,#3525,#3532,.T.);
#3532 = B_SPLINE_CURVE_WITH_KNOTS('',1,(#3533,#3534),.UNSPECIFIED.,.F.,
  .F.,(2,2),(0.,0.2),.PIECEWISE_BEZIER_KNOTS.);
#3533 = CARTESIAN_POINT('',(1.51,-0.375,0.2000001));
#3534 = CARTESIAN_POINT('',(1.51,-0.375,1.000000000098E-07));
#3535 = ORIENTED_EDGE('',*,*,#3442,.T.);
#3536 = B_SPLINE_SURFACE_WITH_KNOTS('',1,1,(
    (#3537,#3538)
    ,(#3539,#3540
    )),.UNSPECIFIED.,.F.,.F.,.F.,(2,2),(2,2),(0.,0.41),(-0.2,0.),
  .PIECEWISE_BEZIER_KNOTS.);
#3537 = CARTESIAN_POINT('',(1.1,-0.375,1.000000000098E-07));
#3538 = CARTESIAN_POINT('',(1.1,-0.375,0.2000001));
#3539 = CARTESIAN_POINT('',(1.51,-0.375,1.000000000098E-07));
#3540 = CARTESIAN_POINT('',(1.51,-0.375,0.2000001));
#3541 = ADVANCED_FACE('',(#3542),#3552,.T.);
#3542 = FACE_BOUND('',#3543,.T.);
#3543 = EDGE_LOOP('',(#3544,#3545,#3550,#3551));
#3544 = ORIENTED_EDGE('',*,*,#3531,.T.);
#3545 = ORIENTED_EDGE('',*,*,#3546,.F.);
#3546 = EDGE_CURVE('',#3472,#3525,#3547,.T.);
#3547 = B_SPLINE_CURVE_WITH_KNOTS('',1,(#3548,#3549),.UNSPECIFIED.,.F.,
  .F.,(2,2),(-0.25,0.),.PIECEWISE_BEZIER_KNOTS.);
#3548 = CARTESIAN_POINT('',(1.51,-0.125,9.999999999941E-08));
#3549 = CARTESIAN_POINT('',(1.51,-0.375,9.999999999941E-08));
#3550 = ORIENTED_EDGE('',*,*,#3471,.F.);
#3551 = ORIENTED_EDGE('',*,*,#3449,.T.);
#3552 = B_SPLINE_SURFACE_WITH_KNOTS('',1,1,(
    (#3553,#3554)
    ,(#3555,#3556
    )),.UNSPECIFIED.,.F.,.F.,.F.,(2,2),(2,2),(0.,0.25),(-0.2,0.),
  .PIECEWISE_BEZIER_KNOTS.);
#3553 = CARTESIAN_POINT('',(1.51,-0.375,1.000000000098E-07));
#3554 = CARTESIAN_POINT('',(1.51,-0.375,0.2000001));
#3555 = CARTESIAN_POINT('',(1.51,-0.125,1.000000000098E-07));
#3556 = CARTESIAN_POINT('',(1.51,-0.125,0.2000001));
#3557 = ADVANCED_FACE('',(#3558),#3564,.F.);
#3558 = FACE_BOUND('',#3559,.T.);
#3559 = EDGE_LOOP('',(#3560,#3561,#3562,#3563));
#3560 = ORIENTED_EDGE('',*,*,#3478,.T.);
#3561 = ORIENTED_EDGE('',*,*,#3546,.T.);
#3562 = ORIENTED_EDGE('',*,*,#3524,.T.);
#3563 = ORIENTED_EDGE('',*,*,#3501,.T.);
#3564 = B_SPLINE_SURFACE_WITH_KNOTS('',1,1,(
    (#3565,#3566)
    ,(#3567,#3568
  )),.UNSPECIFIED.,.F.,.F.,.F.,(2,2),(2,2),(0.125,0.375),(1.1,1.51),
  .PIECEWISE_BEZIER_KNOTS.);
#3565 = CARTESIAN_POINT('',(1.1,-0.125,9.999999999941E-08));
#3566 = CARTESIAN_POINT('',(1.51,-0.125,9.999999999941E-08));
#3567 = CARTESIAN_POINT('',(1.1,-0.375,9.999999999941E-08));
#3568 = CARTESIAN_POINT('',(1.51,-0.375,9.999999999941E-08));
#3569 = ADVANCED_FACE('',(#3570),#3592,.T.);
#3570 = FACE_BOUND('',#3571,.T.);
#3571 = EDGE_LOOP('',(#3572,#3573,#3580,#3587));
#3572 = ORIENTED_EDGE('',*,*,#2412,.F.);
#3573 = ORIENTED_EDGE('',*,*,#3574,.F.);
#3574 = EDGE_CURVE('',#3575,#2406,#3577,.T.);
#3575 = VERTEX_POINT('',#3576);
#3576 = CARTESIAN_POINT('',(1.51,-0.875,0.2000001));
#3577 = B_SPLINE_CURVE_WITH_KNOTS('',1,(#3578,#3579),.UNSPECIFIED.,.F.,
  .F.,(2,2),(-0.41,-0.4),.PIECEWISE_BEZIER_KNOTS.);
#3578 = CARTESIAN_POINT('',(1.51,-0.875,0.2000001));
#3579 = CARTESIAN_POINT('',(1.5,-0.875,0.2000001));
#3580 = ORIENTED_EDGE('',*,*,#3581,.F.);
#3581 = EDGE_CURVE('',#3582,#3575,#3584,.T.);
#3582 = VERTEX_POINT('',#3583);
#3583 = CARTESIAN_POINT('',(1.51,-0.625,0.2000001));
#3584 = B_SPLINE_CURVE_WITH_KNOTS('',1,(#3585,#3586),.UNSPECIFIED.,.F.,
  .F.,(2,2),(-0.25,0.),.PIECEWISE_BEZIER_KNOTS.);
#3585 = CARTESIAN_POINT('',(1.51,-0.625,0.2000001));
#3586 = CARTESIAN_POINT('',(1.51,-0.875,0.2000001));
#3587 = ORIENTED_EDGE('',*,*,#3588,.F.);
#3588 = EDGE_CURVE('',#2413,#3582,#3589,.T.);
#3589 = B_SPLINE_CURVE_WITH_KNOTS('',1,(#3590,#3591),.UNSPECIFIED.,.F.,
  .F.,(2,2),(0.4,0.41),.PIECEWISE_BEZIER_KNOTS.);
#3590 = CARTESIAN_POINT('',(1.5,-0.625,0.2000001));
#3591 = CARTESIAN_POINT('',(1.51,-0.625,0.2000001));
#3592 = B_SPLINE_SURFACE_WITH_KNOTS('',1,1,(
    (#3593,#3594)
    ,(#3595,#3596
  )),.UNSPECIFIED.,.F.,.F.,.F.,(2,2),(2,2),(0.125,0.375),(1.5,1.51),
  .PIECEWISE_BEZIER_KNOTS.);
#3593 = CARTESIAN_POINT('',(1.5,-0.625,0.2000001));
#3594 = CARTESIAN_POINT('',(1.51,-0.625,0.2000001));
#3595 = CARTESIAN_POINT('',(1.5,-0.875,0.2000001));
#3596 = CARTESIAN_POINT('',(1.51,-0.875,0.2000001));
#3597 = ADVANCED_FACE('',(#3598),#3622,.T.);
#3598 = FACE_BOUND('',#3599,.T.);
#3599 = EDGE_LOOP('',(#3600,#3601,#3602,#3609,#3616,#3621));
#3600 = ORIENTED_EDGE('',*,*,#2419,.F.);
#3601 = ORIENTED_EDGE('',*,*,#3588,.T.);
#3602 = ORIENTED_EDGE('',*,*,#3603,.T.);
#3603 = EDGE_CURVE('',#3582,#3604,#3606,.T.);
#3604 = VERTEX_POINT('',#3605);
#3605 = CARTESIAN_POINT('',(1.51,-0.625,9.999999999941E-08));
#3606 = B_SPLINE_CURVE_WITH_KNOTS('',1,(#3607,#3608),.UNSPECIFIED.,.F.,
  .F.,(2,2),(0.,0.2),.PIECEWISE_BEZIER_KNOTS.);
#3607 = CARTESIAN_POINT('',(1.51,-0.625,0.2000001));
#3608 = CARTESIAN_POINT('',(1.51,-0.625,1.000000000098E-07));
#3609 = ORIENTED_EDGE('',*,*,#3610,.F.);
#3610 = EDGE_CURVE('',#3611,#3604,#3613,.T.);
#3611 = VERTEX_POINT('',#3612);
#3612 = CARTESIAN_POINT('',(1.1,-0.625,9.999999999941E-08));
#3613 = B_SPLINE_CURVE_WITH_KNOTS('',1,(#3614,#3615),.UNSPECIFIED.,.F.,
  .F.,(2,2),(0.,0.41),.PIECEWISE_BEZIER_KNOTS.);
#3614 = CARTESIAN_POINT('',(1.1,-0.625,9.999999999941E-08));
#3615 = CARTESIAN_POINT('',(1.51,-0.625,9.999999999941E-08));
#3616 = ORIENTED_EDGE('',*,*,#3617,.F.);
#3617 = EDGE_CURVE('',#2007,#3611,#3618,.T.);
#3618 = B_SPLINE_CURVE_WITH_KNOTS('',1,(#3619,#3620),.UNSPECIFIED.,.F.,
  .F.,(2,2),(0.18,0.2),.PIECEWISE_BEZIER_KNOTS.);
#3619 = CARTESIAN_POINT('',(1.1,-0.625,2.00001E-02));
#3620 = CARTESIAN_POINT('',(1.1,-0.625,1.000000000098E-07));
#3621 = ORIENTED_EDGE('',*,*,#2006,.F.);
#3622 = B_SPLINE_SURFACE_WITH_KNOTS('',1,1,(
    (#3623,#3624)
    ,(#3625,#3626
    )),.UNSPECIFIED.,.F.,.F.,.F.,(2,2),(2,2),(-0.41,0.),(-0.2,0.),
  .PIECEWISE_BEZIER_KNOTS.);
#3623 = CARTESIAN_POINT('',(1.51,-0.625,1.000000000098E-07));
#3624 = CARTESIAN_POINT('',(1.51,-0.625,0.2000001));
#3625 = CARTESIAN_POINT('',(1.1,-0.625,1.000000000098E-07));
#3626 = CARTESIAN_POINT('',(1.1,-0.625,0.2000001));
#3627 = ADVANCED_FACE('',(#3628),#3644,.T.);
#3628 = FACE_BOUND('',#3629,.T.);
#3629 = EDGE_LOOP('',(#3630,#3631,#3632,#3639));
#3630 = ORIENTED_EDGE('',*,*,#2013,.F.);
#3631 = ORIENTED_EDGE('',*,*,#3617,.T.);
#3632 = ORIENTED_EDGE('',*,*,#3633,.F.);
#3633 = EDGE_CURVE('',#3634,#3611,#3636,.T.);
#3634 = VERTEX_POINT('',#3635);
#3635 = CARTESIAN_POINT('',(1.1,-0.875,9.999999999941E-08));
#3636 = B_SPLINE_CURVE_WITH_KNOTS('',1,(#3637,#3638),.UNSPECIFIED.,.F.,
  .F.,(2,2),(0.,0.25),.PIECEWISE_BEZIER_KNOTS.);
#3637 = CARTESIAN_POINT('',(1.1,-0.875,9.999999999941E-08));
#3638 = CARTESIAN_POINT('',(1.1,-0.625,9.999999999941E-08));
#3639 = ORIENTED_EDGE('',*,*,#3640,.F.);
#3640 = EDGE_CURVE('',#2014,#3634,#3641,.T.);
#3641 = B_SPLINE_CURVE_WITH_KNOTS('',1,(#3642,#3643),.UNSPECIFIED.,.F.,
  .F.,(2,2),(0.18,0.2),.PIECEWISE_BEZIER_KNOTS.);
#3642 = CARTESIAN_POINT('',(1.1,-0.875,2.00001E-02));
#3643 = CARTESIAN_POINT('',(1.1,-0.875,1.000000000098E-07));
#3644 = B_SPLINE_SURFACE_WITH_KNOTS('',1,1,(
    (#3645,#3646)
    ,(#3647,#3648
    )),.UNSPECIFIED.,.F.,.F.,.F.,(2,2),(2,2),(-0.25,0.),(-0.2,-0.18),
  .PIECEWISE_BEZIER_KNOTS.);
#3645 = CARTESIAN_POINT('',(1.1,-0.625,1.000000000098E-07));
#3646 = CARTESIAN_POINT('',(1.1,-0.625,2.00001E-02));
#3647 = CARTESIAN_POINT('',(1.1,-0.875,1.000000000098E-07));
#3648 = CARTESIAN_POINT('',(1.1,-0.875,2.00001E-02));
#3649 = ADVANCED_FACE('',(#3650),#3668,.T.);
#3650 = FACE_BOUND('',#3651,.T.);
#3651 = EDGE_LOOP('',(#3652,#3653,#3654,#3655,#3662,#3667));
#3652 = ORIENTED_EDGE('',*,*,#2405,.F.);
#3653 = ORIENTED_EDGE('',*,*,#2020,.F.);
#3654 = ORIENTED_EDGE('',*,*,#3640,.T.);
#3655 = ORIENTED_EDGE('',*,*,#3656,.F.);
#3656 = EDGE_CURVE('',#3657,#3634,#3659,.T.);
#3657 = VERTEX_POINT('',#3658);
#3658 = CARTESIAN_POINT('',(1.51,-0.875,9.999999999941E-08));
#3659 = B_SPLINE_CURVE_WITH_KNOTS('',1,(#3660,#3661),.UNSPECIFIED.,.F.,
  .F.,(2,2),(-0.41,0.),.PIECEWISE_BEZIER_KNOTS.);
#3660 = CARTESIAN_POINT('',(1.51,-0.875,9.999999999941E-08));
#3661 = CARTESIAN_POINT('',(1.1,-0.875,9.999999999941E-08));
#3662 = ORIENTED_EDGE('',*,*,#3663,.F.);
#3663 = EDGE_CURVE('',#3575,#3657,#3664,.T.);
#3664 = B_SPLINE_CURVE_WITH_KNOTS('',1,(#3665,#3666),.UNSPECIFIED.,.F.,
  .F.,(2,2),(0.,0.2),.PIECEWISE_BEZIER_KNOTS.);
#3665 = CARTESIAN_POINT('',(1.51,-0.875,0.2000001));
#3666 = CARTESIAN_POINT('',(1.51,-0.875,1.000000000098E-07));
#3667 = ORIENTED_EDGE('',*,*,#3574,.T.);
#3668 = B_SPLINE_SURFACE_WITH_KNOTS('',1,1,(
    (#3669,#3670)
    ,(#3671,#3672
    )),.UNSPECIFIED.,.F.,.F.,.F.,(2,2),(2,2),(0.,0.41),(-0.2,0.),
  .PIECEWISE_BEZIER_KNOTS.);
#3669 = CARTESIAN_POINT('',(1.1,-0.875,1.000000000098E-07));
#3670 = CARTESIAN_POINT('',(1.1,-0.875,0.2000001));
#3671 = CARTESIAN_POINT('',(1.51,-0.875,1.000000000098E-07));
#3672 = CARTESIAN_POINT('',(1.51,-0.875,0.2000001));
#3673 = ADVANCED_FACE('',(#3674),#3684,.T.);
#3674 = FACE_BOUND('',#3675,.T.);
#3675 = EDGE_LOOP('',(#3676,#3677,#3682,#3683));
#3676 = ORIENTED_EDGE('',*,*,#3663,.T.);
#3677 = ORIENTED_EDGE('',*,*,#3678,.F.);
#3678 = EDGE_CURVE('',#3604,#3657,#3679,.T.);
#3679 = B_SPLINE_CURVE_WITH_KNOTS('',1,(#3680,#3681),.UNSPECIFIED.,.F.,
  .F.,(2,2),(-0.25,0.),.PIECEWISE_BEZIER_KNOTS.);
#3680 = CARTESIAN_POINT('',(1.51,-0.625,9.999999999941E-08));
#3681 = CARTESIAN_POINT('',(1.51,-0.875,9.999999999941E-08));
#3682 = ORIENTED_EDGE('',*,*,#3603,.F.);
#3683 = ORIENTED_EDGE('',*,*,#3581,.T.);
#3684 = B_SPLINE_SURFACE_WITH_KNOTS('',1,1,(
    (#3685,#3686)
    ,(#3687,#3688
    )),.UNSPECIFIED.,.F.,.F.,.F.,(2,2),(2,2),(0.,0.25),(-0.2,0.),
  .PIECEWISE_BEZIER_KNOTS.);
#3685 = CARTESIAN_POINT('',(1.51,-0.875,1.000000000098E-07));
#3686 = CARTESIAN_POINT('',(1.51,-0.875,0.2000001));
#3687 = CARTESIAN_POINT('',(1.51,-0.625,1.000000000098E-07));
#3688 = CARTESIAN_POINT('',(1.51,-0.625,0.2000001));
#3689 = ADVANCED_FACE('',(#3690),#3696,.F.);
#3690 = FACE_BOUND('',#3691,.T.);
#3691 = EDGE_LOOP('',(#3692,#3693,#3694,#3695));
#3692 = ORIENTED_EDGE('',*,*,#3610,.T.);
#3693 = ORIENTED_EDGE('',*,*,#3678,.T.);
#3694 = ORIENTED_EDGE('',*,*,#3656,.T.);
#3695 = ORIENTED_EDGE('',*,*,#3633,.T.);
#3696 = B_SPLINE_SURFACE_WITH_KNOTS('',1,1,(
    (#3697,#3698)
    ,(#3699,#3700
  )),.UNSPECIFIED.,.F.,.F.,.F.,(2,2),(2,2),(0.125,0.375),(1.1,1.51),
  .PIECEWISE_BEZIER_KNOTS.);
#3697 = CARTESIAN_POINT('',(1.1,-0.625,9.999999999941E-08));
#3698 = CARTESIAN_POINT('',(1.51,-0.625,9.999999999941E-08));
#3699 = CARTESIAN_POINT('',(1.1,-0.875,9.999999999941E-08));
#3700 = CARTESIAN_POINT('',(1.51,-0.875,9.999999999941E-08));
#3701 = ADVANCED_FACE('',(#3702),#3724,.T.);
#3702 = FACE_BOUND('',#3703,.T.);
#3703 = EDGE_LOOP('',(#3704,#3705,#3712,#3719));
#3704 = ORIENTED_EDGE('',*,*,#2452,.F.);
#3705 = ORIENTED_EDGE('',*,*,#3706,.F.);
#3706 = EDGE_CURVE('',#3707,#2446,#3709,.T.);
#3707 = VERTEX_POINT('',#3708);
#3708 = CARTESIAN_POINT('',(1.51,0.125,0.2000001));
#3709 = B_SPLINE_CURVE_WITH_KNOTS('',1,(#3710,#3711),.UNSPECIFIED.,.F.,
  .F.,(2,2),(-0.41,-0.4),.PIECEWISE_BEZIER_KNOTS.);
#3710 = CARTESIAN_POINT('',(1.51,0.125,0.2000001));
#3711 = CARTESIAN_POINT('',(1.5,0.125,0.2000001));
#3712 = ORIENTED_EDGE('',*,*,#3713,.F.);
#3713 = EDGE_CURVE('',#3714,#3707,#3716,.T.);
#3714 = VERTEX_POINT('',#3715);
#3715 = CARTESIAN_POINT('',(1.51,0.375,0.2000001));
#3716 = B_SPLINE_CURVE_WITH_KNOTS('',1,(#3717,#3718),.UNSPECIFIED.,.F.,
  .F.,(2,2),(-0.25,0.),.PIECEWISE_BEZIER_KNOTS.);
#3717 = CARTESIAN_POINT('',(1.51,0.375,0.2000001));
#3718 = CARTESIAN_POINT('',(1.51,0.125,0.2000001));
#3719 = ORIENTED_EDGE('',*,*,#3720,.F.);
#3720 = EDGE_CURVE('',#2453,#3714,#3721,.T.);
#3721 = B_SPLINE_CURVE_WITH_KNOTS('',1,(#3722,#3723),.UNSPECIFIED.,.F.,
  .F.,(2,2),(0.4,0.41),.PIECEWISE_BEZIER_KNOTS.);
#3722 = CARTESIAN_POINT('',(1.5,0.375,0.2000001));
#3723 = CARTESIAN_POINT('',(1.51,0.375,0.2000001));
#3724 = B_SPLINE_SURFACE_WITH_KNOTS('',1,1,(
    (#3725,#3726)
    ,(#3727,#3728
  )),.UNSPECIFIED.,.F.,.F.,.F.,(2,2),(2,2),(0.125,0.375),(1.5,1.51),
  .PIECEWISE_BEZIER_KNOTS.);
#3725 = CARTESIAN_POINT('',(1.5,0.375,0.2000001));
#3726 = CARTESIAN_POINT('',(1.51,0.375,0.2000001));
#3727 = CARTESIAN_POINT('',(1.5,0.125,0.2000001));
#3728 = CARTESIAN_POINT('',(1.51,0.125,0.2000001));
#3729 = ADVANCED_FACE('',(#3730),#3754,.T.);
#3730 = FACE_BOUND('',#3731,.T.);
#3731 = EDGE_LOOP('',(#3732,#3733,#3734,#3741,#3748,#3753));
#3732 = ORIENTED_EDGE('',*,*,#2459,.F.);
#3733 = ORIENTED_EDGE('',*,*,#3720,.T.);
#3734 = ORIENTED_EDGE('',*,*,#3735,.T.);
#3735 = EDGE_CURVE('',#3714,#3736,#3738,.T.);
#3736 = VERTEX_POINT('',#3737);
#3737 = CARTESIAN_POINT('',(1.51,0.375,9.999999999941E-08));
#3738 = B_SPLINE_CURVE_WITH_KNOTS('',1,(#3739,#3740),.UNSPECIFIED.,.F.,
  .F.,(2,2),(0.,0.2),.PIECEWISE_BEZIER_KNOTS.);
#3739 = CARTESIAN_POINT('',(1.51,0.375,0.2000001));
#3740 = CARTESIAN_POINT('',(1.51,0.375,1.000000000098E-07));
#3741 = ORIENTED_EDGE('',*,*,#3742,.F.);
#3742 = EDGE_CURVE('',#3743,#3736,#3745,.T.);
#3743 = VERTEX_POINT('',#3744);
#3744 = CARTESIAN_POINT('',(1.1,0.375,9.999999999941E-08));
#3745 = B_SPLINE_CURVE_WITH_KNOTS('',1,(#3746,#3747),.UNSPECIFIED.,.F.,
  .F.,(2,2),(0.,0.41),.PIECEWISE_BEZIER_KNOTS.);
#3746 = CARTESIAN_POINT('',(1.1,0.375,9.999999999941E-08));
#3747 = CARTESIAN_POINT('',(1.51,0.375,9.999999999941E-08));
#3748 = ORIENTED_EDGE('',*,*,#3749,.F.);
#3749 = EDGE_CURVE('',#1951,#3743,#3750,.T.);
#3750 = B_SPLINE_CURVE_WITH_KNOTS('',1,(#3751,#3752),.UNSPECIFIED.,.F.,
  .F.,(2,2),(0.18,0.2),.PIECEWISE_BEZIER_KNOTS.);
#3751 = CARTESIAN_POINT('',(1.1,0.375,2.00001E-02));
#3752 = CARTESIAN_POINT('',(1.1,0.375,1.000000000098E-07));
#3753 = ORIENTED_EDGE('',*,*,#1950,.F.);
#3754 = B_SPLINE_SURFACE_WITH_KNOTS('',1,1,(
    (#3755,#3756)
    ,(#3757,#3758
    )),.UNSPECIFIED.,.F.,.F.,.F.,(2,2),(2,2),(-0.41,0.),(-0.2,0.),
  .PIECEWISE_BEZIER_KNOTS.);
#3755 = CARTESIAN_POINT('',(1.51,0.375,1.000000000098E-07));
#3756 = CARTESIAN_POINT('',(1.51,0.375,0.2000001));
#3757 = CARTESIAN_POINT('',(1.1,0.375,1.000000000098E-07));
#3758 = CARTESIAN_POINT('',(1.1,0.375,0.2000001));
#3759 = ADVANCED_FACE('',(#3760),#3776,.T.);
#3760 = FACE_BOUND('',#3761,.T.);
#3761 = EDGE_LOOP('',(#3762,#3763,#3764,#3771));
#3762 = ORIENTED_EDGE('',*,*,#1957,.F.);
#3763 = ORIENTED_EDGE('',*,*,#3749,.T.);
#3764 = ORIENTED_EDGE('',*,*,#3765,.F.);
#3765 = EDGE_CURVE('',#3766,#3743,#3768,.T.);
#3766 = VERTEX_POINT('',#3767);
#3767 = CARTESIAN_POINT('',(1.1,0.125,9.999999999941E-08));
#3768 = B_SPLINE_CURVE_WITH_KNOTS('',1,(#3769,#3770),.UNSPECIFIED.,.F.,
  .F.,(2,2),(0.,0.25),.PIECEWISE_BEZIER_KNOTS.);
#3769 = CARTESIAN_POINT('',(1.1,0.125,9.999999999941E-08));
#3770 = CARTESIAN_POINT('',(1.1,0.375,9.999999999941E-08));
#3771 = ORIENTED_EDGE('',*,*,#3772,.F.);
#3772 = EDGE_CURVE('',#1958,#3766,#3773,.T.);
#3773 = B_SPLINE_CURVE_WITH_KNOTS('',1,(#3774,#3775),.UNSPECIFIED.,.F.,
  .F.,(2,2),(0.18,0.2),.PIECEWISE_BEZIER_KNOTS.);
#3774 = CARTESIAN_POINT('',(1.1,0.125,2.00001E-02));
#3775 = CARTESIAN_POINT('',(1.1,0.125,1.000000000098E-07));
#3776 = B_SPLINE_SURFACE_WITH_KNOTS('',1,1,(
    (#3777,#3778)
    ,(#3779,#3780
    )),.UNSPECIFIED.,.F.,.F.,.F.,(2,2),(2,2),(-0.25,0.),(-0.2,-0.18),
  .PIECEWISE_BEZIER_KNOTS.);
#3777 = CARTESIAN_POINT('',(1.1,0.375,1.000000000098E-07));
#3778 = CARTESIAN_POINT('',(1.1,0.375,2.00001E-02));
#3779 = CARTESIAN_POINT('',(1.1,0.125,1.000000000098E-07));
#3780 = CARTESIAN_POINT('',(1.1,0.125,2.00001E-02));
#3781 = ADVANCED_FACE('',(#3782),#3800,.T.);
#3782 = FACE_BOUND('',#3783,.T.);
#3783 = EDGE_LOOP('',(#3784,#3785,#3786,#3787,#3794,#3799));
#3784 = ORIENTED_EDGE('',*,*,#2445,.F.);
#3785 = ORIENTED_EDGE('',*,*,#1964,.F.);
#3786 = ORIENTED_EDGE('',*,*,#3772,.T.);
#3787 = ORIENTED_EDGE('',*,*,#3788,.F.);
#3788 = EDGE_CURVE('',#3789,#3766,#3791,.T.);
#3789 = VERTEX_POINT('',#3790);
#3790 = CARTESIAN_POINT('',(1.51,0.125,9.999999999941E-08));
#3791 = B_SPLINE_CURVE_WITH_KNOTS('',1,(#3792,#3793),.UNSPECIFIED.,.F.,
  .F.,(2,2),(-0.41,0.),.PIECEWISE_BEZIER_KNOTS.);
#3792 = CARTESIAN_POINT('',(1.51,0.125,9.999999999941E-08));
#3793 = CARTESIAN_POINT('',(1.1,0.125,9.999999999941E-08));
#3794 = ORIENTED_EDGE('',*,*,#3795,.F.);
#3795 = EDGE_CURVE('',#3707,#3789,#3796,.T.);
#3796 = B_SPLINE_CURVE_WITH_KNOTS('',1,(#3797,#3798),.UNSPECIFIED.,.F.,
  .F.,(2,2),(0.,0.2),.PIECEWISE_BEZIER_KNOTS.);
#3797 = CARTESIAN_POINT('',(1.51,0.125,0.2000001));
#3798 = CARTESIAN_POINT('',(1.51,0.125,1.000000000098E-07));
#3799 = ORIENTED_EDGE('',*,*,#3706,.T.);
#3800 = B_SPLINE_SURFACE_WITH_KNOTS('',1,1,(
    (#3801,#3802)
    ,(#3803,#3804
    )),.UNSPECIFIED.,.F.,.F.,.F.,(2,2),(2,2),(0.,0.41),(-0.2,0.),
  .PIECEWISE_BEZIER_KNOTS.);
#3801 = CARTESIAN_POINT('',(1.1,0.125,1.000000000098E-07));
#3802 = CARTESIAN_POINT('',(1.1,0.125,0.2000001));
#3803 = CARTESIAN_POINT('',(1.51,0.125,1.000000000098E-07));
#3804 = CARTESIAN_POINT('',(1.51,0.125,0.2000001));
#3805 = ADVANCED_FACE('',(#3806),#3816,.T.);
#3806 = FACE_BOUND('',#3807,.T.);
#3807 = EDGE_LOOP('',(#3808,#3809,#3814,#3815));
#3808 = ORIENTED_EDGE('',*,*,#3795,.T.);
#3809 = ORIENTED_EDGE('',*,*,#3810,.F.);
#3810 = EDGE_CURVE('',#3736,#3789,#3811,.T.);
#3811 = B_SPLINE_CURVE_WITH_KNOTS('',1,(#3812,#3813),.UNSPECIFIED.,.F.,
  .F.,(2,2),(-0.25,0.),.PIECEWISE_BEZIER_KNOTS.);
#3812 = CARTESIAN_POINT('',(1.51,0.375,9.999999999941E-08));
#3813 = CARTESIAN_POINT('',(1.51,0.125,9.999999999941E-08));
#3814 = ORIENTED_EDGE('',*,*,#3735,.F.);
#3815 = ORIENTED_EDGE('',*,*,#3713,.T.);
#3816 = B_SPLINE_SURFACE_WITH_KNOTS('',1,1,(
    (#3817,#3818)
    ,(#3819,#3820
    )),.UNSPECIFIED.,.F.,.F.,.F.,(2,2),(2,2),(0.,0.25),(-0.2,0.),
  .PIECEWISE_BEZIER_KNOTS.);
#3817 = CARTESIAN_POINT('',(1.51,0.125,1.000000000098E-07));
#3818 = CARTESIAN_POINT('',(1.51,0.125,0.2000001));
#3819 = CARTESIAN_POINT('',(1.51,0.375,1.000000000098E-07));
#3820 = CARTESIAN_POINT('',(1.51,0.375,0.2000001));
#3821 = ADVANCED_FACE('',(#3822),#3828,.F.);
#3822 = FACE_BOUND('',#3823,.T.);
#3823 = EDGE_LOOP('',(#3824,#3825,#3826,#3827));
#3824 = ORIENTED_EDGE('',*,*,#3742,.T.);
#3825 = ORIENTED_EDGE('',*,*,#3810,.T.);
#3826 = ORIENTED_EDGE('',*,*,#3788,.T.);
#3827 = ORIENTED_EDGE('',*,*,#3765,.T.);
#3828 = B_SPLINE_SURFACE_WITH_KNOTS('',1,1,(
    (#3829,#3830)
    ,(#3831,#3832
  )),.UNSPECIFIED.,.F.,.F.,.F.,(2,2),(2,2),(0.125,0.375),(1.1,1.51),
  .PIECEWISE_BEZIER_KNOTS.);
#3829 = CARTESIAN_POINT('',(1.1,0.375,9.999999999941E-08));
#3830 = CARTESIAN_POINT('',(1.51,0.375,9.999999999941E-08));
#3831 = CARTESIAN_POINT('',(1.1,0.125,9.999999999941E-08));
#3832 = CARTESIAN_POINT('',(1.51,0.125,9.999999999941E-08));
#3833 = ADVANCED_FACE('',(#3834),#3856,.T.);
#3834 = FACE_BOUND('',#3835,.T.);
#3835 = EDGE_LOOP('',(#3836,#3837,#3844,#3851));
#3836 = ORIENTED_EDGE('',*,*,#2382,.F.);
#3837 = ORIENTED_EDGE('',*,*,#3838,.F.);
#3838 = EDGE_CURVE('',#3839,#2383,#3841,.T.);
#3839 = VERTEX_POINT('',#3840);
#3840 = CARTESIAN_POINT('',(1.51,0.625,0.2000001));
#3841 = B_SPLINE_CURVE_WITH_KNOTS('',1,(#3842,#3843),.UNSPECIFIED.,.F.,
  .F.,(2,2),(-0.41,-0.4),.PIECEWISE_BEZIER_KNOTS.);
#3842 = CARTESIAN_POINT('',(1.51,0.625,0.2000001));
#3843 = CARTESIAN_POINT('',(1.5,0.625,0.2000001));
#3844 = ORIENTED_EDGE('',*,*,#3845,.F.);
#3845 = EDGE_CURVE('',#3846,#3839,#3848,.T.);
#3846 = VERTEX_POINT('',#3847);
#3847 = CARTESIAN_POINT('',(1.51,0.875,0.2000001));
#3848 = B_SPLINE_CURVE_WITH_KNOTS('',1,(#3849,#3850),.UNSPECIFIED.,.F.,
  .F.,(2,2),(-0.25,0.),.PIECEWISE_BEZIER_KNOTS.);
#3849 = CARTESIAN_POINT('',(1.51,0.875,0.2000001));
#3850 = CARTESIAN_POINT('',(1.51,0.625,0.2000001));
#3851 = ORIENTED_EDGE('',*,*,#3852,.F.);
#3852 = EDGE_CURVE('',#2385,#3846,#3853,.T.);
#3853 = B_SPLINE_CURVE_WITH_KNOTS('',1,(#3854,#3855),.UNSPECIFIED.,.F.,
  .F.,(2,2),(0.4,0.41),.PIECEWISE_BEZIER_KNOTS.);
#3854 = CARTESIAN_POINT('',(1.5,0.875,0.2000001));
#3855 = CARTESIAN_POINT('',(1.51,0.875,0.2000001));
#3856 = B_SPLINE_SURFACE_WITH_KNOTS('',1,1,(
    (#3857,#3858)
    ,(#3859,#3860
  )),.UNSPECIFIED.,.F.,.F.,.F.,(2,2),(2,2),(0.125,0.375),(1.5,1.51),
  .PIECEWISE_BEZIER_KNOTS.);
#3857 = CARTESIAN_POINT('',(1.5,0.875,0.2000001));
#3858 = CARTESIAN_POINT('',(1.51,0.875,0.2000001));
#3859 = CARTESIAN_POINT('',(1.5,0.625,0.2000001));
#3860 = CARTESIAN_POINT('',(1.51,0.625,0.2000001));
#3861 = ADVANCED_FACE('',(#3862),#3886,.T.);
#3862 = FACE_BOUND('',#3863,.T.);
#3863 = EDGE_LOOP('',(#3864,#3865,#3866,#3873,#3880,#3885));
#3864 = ORIENTED_EDGE('',*,*,#2391,.F.);
#3865 = ORIENTED_EDGE('',*,*,#3852,.T.);
#3866 = ORIENTED_EDGE('',*,*,#3867,.T.);
#3867 = EDGE_CURVE('',#3846,#3868,#3870,.T.);
#3868 = VERTEX_POINT('',#3869);
#3869 = CARTESIAN_POINT('',(1.51,0.875,9.999999999941E-08));
#3870 = B_SPLINE_CURVE_WITH_KNOTS('',1,(#3871,#3872),.UNSPECIFIED.,.F.,
  .F.,(2,2),(0.,0.2),.PIECEWISE_BEZIER_KNOTS.);
#3871 = CARTESIAN_POINT('',(1.51,0.875,0.2000001));
#3872 = CARTESIAN_POINT('',(1.51,0.875,1.000000000098E-07));
#3873 = ORIENTED_EDGE('',*,*,#3874,.F.);
#3874 = EDGE_CURVE('',#3875,#3868,#3877,.T.);
#3875 = VERTEX_POINT('',#3876);
#3876 = CARTESIAN_POINT('',(1.1,0.875,9.999999999941E-08));
#3877 = B_SPLINE_CURVE_WITH_KNOTS('',1,(#3878,#3879),.UNSPECIFIED.,.F.,
  .F.,(2,2),(0.,0.41),.PIECEWISE_BEZIER_KNOTS.);
#3878 = CARTESIAN_POINT('',(1.1,0.875,9.999999999941E-08));
#3879 = CARTESIAN_POINT('',(1.51,0.875,9.999999999941E-08));
#3880 = ORIENTED_EDGE('',*,*,#3881,.F.);
#3881 = EDGE_CURVE('',#1923,#3875,#3882,.T.);
#3882 = B_SPLINE_CURVE_WITH_KNOTS('',1,(#3883,#3884),.UNSPECIFIED.,.F.,
  .F.,(2,2),(0.18,0.2),.PIECEWISE_BEZIER_KNOTS.);
#3883 = CARTESIAN_POINT('',(1.1,0.875,2.00001E-02));
#3884 = CARTESIAN_POINT('',(1.1,0.875,1.000000000098E-07));
#3885 = ORIENTED_EDGE('',*,*,#1922,.F.);
#3886 = B_SPLINE_SURFACE_WITH_KNOTS('',1,1,(
    (#3887,#3888)
    ,(#3889,#3890
    )),.UNSPECIFIED.,.F.,.F.,.F.,(2,2),(2,2),(-0.41,0.),(-0.2,0.),
  .PIECEWISE_BEZIER_KNOTS.);
#3887 = CARTESIAN_POINT('',(1.51,0.875,1.000000000098E-07));
#3888 = CARTESIAN_POINT('',(1.51,0.875,0.2000001));
#3889 = CARTESIAN_POINT('',(1.1,0.875,1.000000000098E-07));
#3890 = CARTESIAN_POINT('',(1.1,0.875,0.2000001));
#3891 = ADVANCED_FACE('',(#3892),#3908,.T.);
#3892 = FACE_BOUND('',#3893,.T.);
#3893 = EDGE_LOOP('',(#3894,#3895,#3896,#3903));
#3894 = ORIENTED_EDGE('',*,*,#1929,.F.);
#3895 = ORIENTED_EDGE('',*,*,#3881,.T.);
#3896 = ORIENTED_EDGE('',*,*,#3897,.F.);
#3897 = EDGE_CURVE('',#3898,#3875,#3900,.T.);
#3898 = VERTEX_POINT('',#3899);
#3899 = CARTESIAN_POINT('',(1.1,0.625,9.999999999941E-08));
#3900 = B_SPLINE_CURVE_WITH_KNOTS('',1,(#3901,#3902),.UNSPECIFIED.,.F.,
  .F.,(2,2),(0.,0.25),.PIECEWISE_BEZIER_KNOTS.);
#3901 = CARTESIAN_POINT('',(1.1,0.625,9.999999999941E-08));
#3902 = CARTESIAN_POINT('',(1.1,0.875,9.999999999941E-08));
#3903 = ORIENTED_EDGE('',*,*,#3904,.F.);
#3904 = EDGE_CURVE('',#1930,#3898,#3905,.T.);
#3905 = B_SPLINE_CURVE_WITH_KNOTS('',1,(#3906,#3907),.UNSPECIFIED.,.F.,
  .F.,(2,2),(0.18,0.2),.PIECEWISE_BEZIER_KNOTS.);
#3906 = CARTESIAN_POINT('',(1.1,0.625,2.00001E-02));
#3907 = CARTESIAN_POINT('',(1.1,0.625,1.000000000098E-07));
#3908 = B_SPLINE_SURFACE_WITH_KNOTS('',1,1,(
    (#3909,#3910)
    ,(#3911,#3912
    )),.UNSPECIFIED.,.F.,.F.,.F.,(2,2),(2,2),(-0.25,0.),(-0.2,-0.18),
  .PIECEWISE_BEZIER_KNOTS.);
#3909 = CARTESIAN_POINT('',(1.1,0.875,1.000000000098E-07));
#3910 = CARTESIAN_POINT('',(1.1,0.875,2.00001E-02));
#3911 = CARTESIAN_POINT('',(1.1,0.625,1.000000000098E-07));
#3912 = CARTESIAN_POINT('',(1.1,0.625,2.00001E-02));
#3913 = ADVANCED_FACE('',(#3914),#3932,.T.);
#3914 = FACE_BOUND('',#3915,.T.);
#3915 = EDGE_LOOP('',(#3916,#3917,#3918,#3919,#3926,#3931));
#3916 = ORIENTED_EDGE('',*,*,#2465,.F.);
#3917 = ORIENTED_EDGE('',*,*,#1936,.F.);
#3918 = ORIENTED_EDGE('',*,*,#3904,.T.);
#3919 = ORIENTED_EDGE('',*,*,#3920,.F.);
#3920 = EDGE_CURVE('',#3921,#3898,#3923,.T.);
#3921 = VERTEX_POINT('',#3922);
#3922 = CARTESIAN_POINT('',(1.51,0.625,9.999999999941E-08));
#3923 = B_SPLINE_CURVE_WITH_KNOTS('',1,(#3924,#3925),.UNSPECIFIED.,.F.,
  .F.,(2,2),(-0.41,0.),.PIECEWISE_BEZIER_KNOTS.);
#3924 = CARTESIAN_POINT('',(1.51,0.625,9.999999999941E-08));
#3925 = CARTESIAN_POINT('',(1.1,0.625,9.999999999941E-08));
#3926 = ORIENTED_EDGE('',*,*,#3927,.F.);
#3927 = EDGE_CURVE('',#3839,#3921,#3928,.T.);
#3928 = B_SPLINE_CURVE_WITH_KNOTS('',1,(#3929,#3930),.UNSPECIFIED.,.F.,
  .F.,(2,2),(0.,0.2),.PIECEWISE_BEZIER_KNOTS.);
#3929 = CARTESIAN_POINT('',(1.51,0.625,0.2000001));
#3930 = CARTESIAN_POINT('',(1.51,0.625,1.000000000098E-07));
#3931 = ORIENTED_EDGE('',*,*,#3838,.T.);
#3932 = B_SPLINE_SURFACE_WITH_KNOTS('',1,1,(
    (#3933,#3934)
    ,(#3935,#3936
    )),.UNSPECIFIED.,.F.,.F.,.F.,(2,2),(2,2),(0.,0.41),(-0.2,0.),
  .PIECEWISE_BEZIER_KNOTS.);
#3933 = CARTESIAN_POINT('',(1.1,0.625,1.000000000098E-07));
#3934 = CARTESIAN_POINT('',(1.1,0.625,0.2000001));
#3935 = CARTESIAN_POINT('',(1.51,0.625,1.000000000098E-07));
#3936 = CARTESIAN_POINT('',(1.51,0.625,0.2000001));
#3937 = ADVANCED_FACE('',(#3938),#3948,.T.);
#3938 = FACE_BOUND('',#3939,.T.);
#3939 = EDGE_LOOP('',(#3940,#3941,#3946,#3947));
#3940 = ORIENTED_EDGE('',*,*,#3927,.T.);
#3941 = ORIENTED_EDGE('',*,*,#3942,.F.);
#3942 = EDGE_CURVE('',#3868,#3921,#3943,.T.);
#3943 = B_SPLINE_CURVE_WITH_KNOTS('',1,(#3944,#3945),.UNSPECIFIED.,.F.,
  .F.,(2,2),(-0.25,0.),.PIECEWISE_BEZIER_KNOTS.);
#3944 = CARTESIAN_POINT('',(1.51,0.875,9.999999999941E-08));
#3945 = CARTESIAN_POINT('',(1.51,0.625,9.999999999941E-08));
#3946 = ORIENTED_EDGE('',*,*,#3867,.F.);
#3947 = ORIENTED_EDGE('',*,*,#3845,.T.);
#3948 = B_SPLINE_SURFACE_WITH_KNOTS('',1,1,(
    (#3949,#3950)
    ,(#3951,#3952
    )),.UNSPECIFIED.,.F.,.F.,.F.,(2,2),(2,2),(0.,0.25),(-0.2,0.),
  .PIECEWISE_BEZIER_KNOTS.);
#3949 = CARTESIAN_POINT('',(1.51,0.625,1.000000000098E-07));
#3950 = CARTESIAN_POINT('',(1.51,0.625,0.2000001));
#3951 = CARTESIAN_POINT('',(1.51,0.875,1.000000000098E-07));
#3952 = CARTESIAN_POINT('',(1.51,0.875,0.2000001));
#3953 = ADVANCED_FACE('',(#3954),#3960,.F.);
#3954 = FACE_BOUND('',#3955,.T.);
#3955 = EDGE_LOOP('',(#3956,#3957,#3958,#3959));
#3956 = ORIENTED_EDGE('',*,*,#3874,.T.);
#3957 = ORIENTED_EDGE('',*,*,#3942,.T.);
#3958 = ORIENTED_EDGE('',*,*,#3920,.T.);
#3959 = ORIENTED_EDGE('',*,*,#3897,.T.);
#3960 = B_SPLINE_SURFACE_WITH_KNOTS('',1,1,(
    (#3961,#3962)
    ,(#3963,#3964
  )),.UNSPECIFIED.,.F.,.F.,.F.,(2,2),(2,2),(0.125,0.375),(1.1,1.51),
  .PIECEWISE_BEZIER_KNOTS.);
#3961 = CARTESIAN_POINT('',(1.1,0.875,9.999999999941E-08));
#3962 = CARTESIAN_POINT('',(1.51,0.875,9.999999999941E-08));
#3963 = CARTESIAN_POINT('',(1.1,0.625,9.999999999941E-08));
#3964 = CARTESIAN_POINT('',(1.51,0.625,9.999999999941E-08));
#3965 = ADVANCED_FACE('',(#3966),#3988,.T.);
#3966 = FACE_BOUND('',#3967,.T.);
#3967 = EDGE_LOOP('',(#3968,#3969,#3976,#3983));
#3968 = ORIENTED_EDGE('',*,*,#2276,.F.);
#3969 = ORIENTED_EDGE('',*,*,#3970,.F.);
#3970 = EDGE_CURVE('',#3971,#2270,#3973,.T.);
#3971 = VERTEX_POINT('',#3972);
#3972 = CARTESIAN_POINT('',(-0.375,-1.51,0.2000001));
#3973 = B_SPLINE_CURVE_WITH_KNOTS('',1,(#3974,#3975),.UNSPECIFIED.,.F.,
  .F.,(2,2),(-0.41,-0.4),.PIECEWISE_BEZIER_KNOTS.);
#3974 = CARTESIAN_POINT('',(-0.375,-1.51,0.2000001));
#3975 = CARTESIAN_POINT('',(-0.375,-1.5,0.2000001));
#3976 = ORIENTED_EDGE('',*,*,#3977,.F.);
#3977 = EDGE_CURVE('',#3978,#3971,#3980,.T.);
#3978 = VERTEX_POINT('',#3979);
#3979 = CARTESIAN_POINT('',(-0.125,-1.51,0.2000001));
#3980 = B_SPLINE_CURVE_WITH_KNOTS('',1,(#3981,#3982),.UNSPECIFIED.,.F.,
  .F.,(2,2),(-0.25,0.),.PIECEWISE_BEZIER_KNOTS.);
#3981 = CARTESIAN_POINT('',(-0.125,-1.51,0.2000001));
#3982 = CARTESIAN_POINT('',(-0.375,-1.51,0.2000001));
#3983 = ORIENTED_EDGE('',*,*,#3984,.F.);
#3984 = EDGE_CURVE('',#2277,#3978,#3985,.T.);
#3985 = B_SPLINE_CURVE_WITH_KNOTS('',1,(#3986,#3987),.UNSPECIFIED.,.F.,
  .F.,(2,2),(0.4,0.41),.PIECEWISE_BEZIER_KNOTS.);
#3986 = CARTESIAN_POINT('',(-0.125,-1.5,0.2000001));
#3987 = CARTESIAN_POINT('',(-0.125,-1.51,0.2000001));
#3988 = B_SPLINE_SURFACE_WITH_KNOTS('',1,1,(
    (#3989,#3990)
    ,(#3991,#3992
  )),.UNSPECIFIED.,.F.,.F.,.F.,(2,2),(2,2),(0.125,0.375),(1.5,1.51),
  .PIECEWISE_BEZIER_KNOTS.);
#3989 = CARTESIAN_POINT('',(-0.125,-1.5,0.2000001));
#3990 = CARTESIAN_POINT('',(-0.125,-1.51,0.2000001));
#3991 = CARTESIAN_POINT('',(-0.375,-1.5,0.2000001));
#3992 = CARTESIAN_POINT('',(-0.375,-1.51,0.2000001));
#3993 = ADVANCED_FACE('',(#3994),#4018,.T.);
#3994 = FACE_BOUND('',#3995,.T.);
#3995 = EDGE_LOOP('',(#3996,#3997,#3998,#4005,#4012,#4017));
#3996 = ORIENTED_EDGE('',*,*,#2283,.F.);
#3997 = ORIENTED_EDGE('',*,*,#3984,.T.);
#3998 = ORIENTED_EDGE('',*,*,#3999,.T.);
#3999 = EDGE_CURVE('',#3978,#4000,#4002,.T.);
#4000 = VERTEX_POINT('',#4001);
#4001 = CARTESIAN_POINT('',(-0.125,-1.51,9.999999999941E-08));
#4002 = B_SPLINE_CURVE_WITH_KNOTS('',1,(#4003,#4004),.UNSPECIFIED.,.F.,
  .F.,(2,2),(0.,0.2),.PIECEWISE_BEZIER_KNOTS.);
#4003 = CARTESIAN_POINT('',(-0.125,-1.51,0.2000001));
#4004 = CARTESIAN_POINT('',(-0.125,-1.51,1.000000000098E-07));
#4005 = ORIENTED_EDGE('',*,*,#4006,.F.);
#4006 = EDGE_CURVE('',#4007,#4000,#4009,.T.);
#4007 = VERTEX_POINT('',#4008);
#4008 = CARTESIAN_POINT('',(-0.125,-1.1,9.999999999941E-08));
#4009 = B_SPLINE_CURVE_WITH_KNOTS('',1,(#4010,#4011),.UNSPECIFIED.,.F.,
  .F.,(2,2),(0.,0.41),.PIECEWISE_BEZIER_KNOTS.);
#4010 = CARTESIAN_POINT('',(-0.125,-1.1,9.999999999941E-08));
#4011 = CARTESIAN_POINT('',(-0.125,-1.51,9.999999999941E-08));
#4012 = ORIENTED_EDGE('',*,*,#4013,.F.);
#4013 = EDGE_CURVE('',#2098,#4007,#4014,.T.);
#4014 = B_SPLINE_CURVE_WITH_KNOTS('',1,(#4015,#4016),.UNSPECIFIED.,.F.,
  .F.,(2,2),(0.18,0.2),.PIECEWISE_BEZIER_KNOTS.);
#4015 = CARTESIAN_POINT('',(-0.125,-1.1,2.00001E-02));
#4016 = CARTESIAN_POINT('',(-0.125,-1.1,1.000000000098E-07));
#4017 = ORIENTED_EDGE('',*,*,#2097,.F.);
#4018 = B_SPLINE_SURFACE_WITH_KNOTS('',1,1,(
    (#4019,#4020)
    ,(#4021,#4022
    )),.UNSPECIFIED.,.F.,.F.,.F.,(2,2),(2,2),(-0.41,0.),(-0.2,0.),
  .PIECEWISE_BEZIER_KNOTS.);
#4019 = CARTESIAN_POINT('',(-0.125,-1.51,1.000000000098E-07));
#4020 = CARTESIAN_POINT('',(-0.125,-1.51,0.2000001));
#4021 = CARTESIAN_POINT('',(-0.125,-1.1,1.000000000098E-07));
#4022 = CARTESIAN_POINT('',(-0.125,-1.1,0.2000001));
#4023 = ADVANCED_FACE('',(#4024),#4040,.T.);
#4024 = FACE_BOUND('',#4025,.T.);
#4025 = EDGE_LOOP('',(#4026,#4027,#4028,#4035));
#4026 = ORIENTED_EDGE('',*,*,#2104,.F.);
#4027 = ORIENTED_EDGE('',*,*,#4013,.T.);
#4028 = ORIENTED_EDGE('',*,*,#4029,.F.);
#4029 = EDGE_CURVE('',#4030,#4007,#4032,.T.);
#4030 = VERTEX_POINT('',#4031);
#4031 = CARTESIAN_POINT('',(-0.375,-1.1,9.999999999941E-08));
#4032 = B_SPLINE_CURVE_WITH_KNOTS('',1,(#4033,#4034),.UNSPECIFIED.,.F.,
  .F.,(2,2),(0.,0.25),.PIECEWISE_BEZIER_KNOTS.);
#4033 = CARTESIAN_POINT('',(-0.375,-1.1,9.999999999941E-08));
#4034 = CARTESIAN_POINT('',(-0.125,-1.1,9.999999999941E-08));
#4035 = ORIENTED_EDGE('',*,*,#4036,.F.);
#4036 = EDGE_CURVE('',#2105,#4030,#4037,.T.);
#4037 = B_SPLINE_CURVE_WITH_KNOTS('',1,(#4038,#4039),.UNSPECIFIED.,.F.,
  .F.,(2,2),(0.18,0.2),.PIECEWISE_BEZIER_KNOTS.);
#4038 = CARTESIAN_POINT('',(-0.375,-1.1,2.00001E-02));
#4039 = CARTESIAN_POINT('',(-0.375,-1.1,1.000000000098E-07));
#4040 = B_SPLINE_SURFACE_WITH_KNOTS('',1,1,(
    (#4041,#4042)
    ,(#4043,#4044
    )),.UNSPECIFIED.,.F.,.F.,.F.,(2,2),(2,2),(-0.2,-0.18),(0.,0.25),
  .PIECEWISE_BEZIER_KNOTS.);
#4041 = CARTESIAN_POINT('',(-0.375,-1.1,1.000000000098E-07));
#4042 = CARTESIAN_POINT('',(-0.125,-1.1,1.000000000098E-07));
#4043 = CARTESIAN_POINT('',(-0.375,-1.1,2.00001E-02));
#4044 = CARTESIAN_POINT('',(-0.125,-1.1,2.00001E-02));
#4045 = ADVANCED_FACE('',(#4046),#4064,.T.);
#4046 = FACE_BOUND('',#4047,.T.);
#4047 = EDGE_LOOP('',(#4048,#4049,#4050,#4051,#4058,#4063));
#4048 = ORIENTED_EDGE('',*,*,#2269,.F.);
#4049 = ORIENTED_EDGE('',*,*,#2111,.F.);
#4050 = ORIENTED_EDGE('',*,*,#4036,.T.);
#4051 = ORIENTED_EDGE('',*,*,#4052,.F.);
#4052 = EDGE_CURVE('',#4053,#4030,#4055,.T.);
#4053 = VERTEX_POINT('',#4054);
#4054 = CARTESIAN_POINT('',(-0.375,-1.51,9.999999999941E-08));
#4055 = B_SPLINE_CURVE_WITH_KNOTS('',1,(#4056,#4057),.UNSPECIFIED.,.F.,
  .F.,(2,2),(-0.41,0.),.PIECEWISE_BEZIER_KNOTS.);
#4056 = CARTESIAN_POINT('',(-0.375,-1.51,9.999999999941E-08));
#4057 = CARTESIAN_POINT('',(-0.375,-1.1,9.999999999941E-08));
#4058 = ORIENTED_EDGE('',*,*,#4059,.F.);
#4059 = EDGE_CURVE('',#3971,#4053,#4060,.T.);
#4060 = B_SPLINE_CURVE_WITH_KNOTS('',1,(#4061,#4062),.UNSPECIFIED.,.F.,
  .F.,(2,2),(0.,0.2),.PIECEWISE_BEZIER_KNOTS.);
#4061 = CARTESIAN_POINT('',(-0.375,-1.51,0.2000001));
#4062 = CARTESIAN_POINT('',(-0.375,-1.51,1.000000000098E-07));
#4063 = ORIENTED_EDGE('',*,*,#3970,.T.);
#4064 = B_SPLINE_SURFACE_WITH_KNOTS('',1,1,(
    (#4065,#4066)
    ,(#4067,#4068
    )),.UNSPECIFIED.,.F.,.F.,.F.,(2,2),(2,2),(0.,0.41),(-0.2,0.),
  .PIECEWISE_BEZIER_KNOTS.);
#4065 = CARTESIAN_POINT('',(-0.375,-1.1,1.000000000098E-07));
#4066 = CARTESIAN_POINT('',(-0.375,-1.1,0.2000001));
#4067 = CARTESIAN_POINT('',(-0.375,-1.51,1.000000000098E-07));
#4068 = CARTESIAN_POINT('',(-0.375,-1.51,0.2000001));
#4069 = ADVANCED_FACE('',(#4070),#4080,.T.);
#4070 = FACE_BOUND('',#4071,.T.);
#4071 = EDGE_LOOP('',(#4072,#4073,#4078,#4079));
#4072 = ORIENTED_EDGE('',*,*,#4059,.T.);
#4073 = ORIENTED_EDGE('',*,*,#4074,.F.);
#4074 = EDGE_CURVE('',#4000,#4053,#4075,.T.);
#4075 = B_SPLINE_CURVE_WITH_KNOTS('',1,(#4076,#4077),.UNSPECIFIED.,.F.,
  .F.,(2,2),(-0.25,0.),.PIECEWISE_BEZIER_KNOTS.);
#4076 = CARTESIAN_POINT('',(-0.125,-1.51,9.999999999941E-08));
#4077 = CARTESIAN_POINT('',(-0.375,-1.51,9.999999999941E-08));
#4078 = ORIENTED_EDGE('',*,*,#3999,.F.);
#4079 = ORIENTED_EDGE('',*,*,#3977,.T.);
#4080 = B_SPLINE_SURFACE_WITH_KNOTS('',1,1,(
    (#4081,#4082)
    ,(#4083,#4084
    )),.UNSPECIFIED.,.F.,.F.,.F.,(2,2),(2,2),(0.,0.25),(-0.2,0.),
  .PIECEWISE_BEZIER_KNOTS.);
#4081 = CARTESIAN_POINT('',(-0.375,-1.51,1.000000000098E-07));
#4082 = CARTESIAN_POINT('',(-0.375,-1.51,0.2000001));
#4083 = CARTESIAN_POINT('',(-0.125,-1.51,1.000000000098E-07));
#4084 = CARTESIAN_POINT('',(-0.125,-1.51,0.2000001));
#4085 = ADVANCED_FACE('',(#4086),#4092,.F.);
#4086 = FACE_BOUND('',#4087,.T.);
#4087 = EDGE_LOOP('',(#4088,#4089,#4090,#4091));
#4088 = ORIENTED_EDGE('',*,*,#4006,.T.);
#4089 = ORIENTED_EDGE('',*,*,#4074,.T.);
#4090 = ORIENTED_EDGE('',*,*,#4052,.T.);
#4091 = ORIENTED_EDGE('',*,*,#4029,.T.);
#4092 = B_SPLINE_SURFACE_WITH_KNOTS('',1,1,(
    (#4093,#4094)
    ,(#4095,#4096
  )),.UNSPECIFIED.,.F.,.F.,.F.,(2,2),(2,2),(0.125,0.375),(1.1,1.51),
  .PIECEWISE_BEZIER_KNOTS.);
#4093 = CARTESIAN_POINT('',(-0.125,-1.1,9.999999999941E-08));
#4094 = CARTESIAN_POINT('',(-0.125,-1.51,9.999999999941E-08));
#4095 = CARTESIAN_POINT('',(-0.375,-1.1,9.999999999941E-08));
#4096 = CARTESIAN_POINT('',(-0.375,-1.51,9.999999999941E-08));
#4097 = ADVANCED_FACE('',(#4098),#4120,.T.);
#4098 = FACE_BOUND('',#4099,.T.);
#4099 = EDGE_LOOP('',(#4100,#4101,#4108,#4115));
#4100 = ORIENTED_EDGE('',*,*,#2256,.F.);
#4101 = ORIENTED_EDGE('',*,*,#4102,.F.);
#4102 = EDGE_CURVE('',#4103,#2250,#4105,.T.);
#4103 = VERTEX_POINT('',#4104);
#4104 = CARTESIAN_POINT('',(-0.875,-1.51,0.2000001));
#4105 = B_SPLINE_CURVE_WITH_KNOTS('',1,(#4106,#4107),.UNSPECIFIED.,.F.,
  .F.,(2,2),(-0.41,-0.4),.PIECEWISE_BEZIER_KNOTS.);
#4106 = CARTESIAN_POINT('',(-0.875,-1.51,0.2000001));
#4107 = CARTESIAN_POINT('',(-0.875,-1.5,0.2000001));
#4108 = ORIENTED_EDGE('',*,*,#4109,.F.);
#4109 = EDGE_CURVE('',#4110,#4103,#4112,.T.);
#4110 = VERTEX_POINT('',#4111);
#4111 = CARTESIAN_POINT('',(-0.625,-1.51,0.2000001));
#4112 = B_SPLINE_CURVE_WITH_KNOTS('',1,(#4113,#4114),.UNSPECIFIED.,.F.,
  .F.,(2,2),(-0.25,0.),.PIECEWISE_BEZIER_KNOTS.);
#4113 = CARTESIAN_POINT('',(-0.625,-1.51,0.2000001));
#4114 = CARTESIAN_POINT('',(-0.875,-1.51,0.2000001));
#4115 = ORIENTED_EDGE('',*,*,#4116,.F.);
#4116 = EDGE_CURVE('',#2257,#4110,#4117,.T.);
#4117 = B_SPLINE_CURVE_WITH_KNOTS('',1,(#4118,#4119),.UNSPECIFIED.,.F.,
  .F.,(2,2),(0.4,0.41),.PIECEWISE_BEZIER_KNOTS.);
#4118 = CARTESIAN_POINT('',(-0.625,-1.5,0.2000001));
#4119 = CARTESIAN_POINT('',(-0.625,-1.51,0.2000001));
#4120 = B_SPLINE_SURFACE_WITH_KNOTS('',1,1,(
    (#4121,#4122)
    ,(#4123,#4124
  )),.UNSPECIFIED.,.F.,.F.,.F.,(2,2),(2,2),(0.125,0.375),(1.5,1.51),
  .PIECEWISE_BEZIER_KNOTS.);
#4121 = CARTESIAN_POINT('',(-0.625,-1.5,0.2000001));
#4122 = CARTESIAN_POINT('',(-0.625,-1.51,0.2000001));
#4123 = CARTESIAN_POINT('',(-0.875,-1.5,0.2000001));
#4124 = CARTESIAN_POINT('',(-0.875,-1.51,0.2000001));
#4125 = ADVANCED_FACE('',(#4126),#4150,.T.);
#4126 = FACE_BOUND('',#4127,.T.);
#4127 = EDGE_LOOP('',(#4128,#4129,#4130,#4137,#4144,#4149));
#4128 = ORIENTED_EDGE('',*,*,#2263,.F.);
#4129 = ORIENTED_EDGE('',*,*,#4116,.T.);
#4130 = ORIENTED_EDGE('',*,*,#4131,.T.);
#4131 = EDGE_CURVE('',#4110,#4132,#4134,.T.);
#4132 = VERTEX_POINT('',#4133);
#4133 = CARTESIAN_POINT('',(-0.625,-1.51,9.999999999941E-08));
#4134 = B_SPLINE_CURVE_WITH_KNOTS('',1,(#4135,#4136),.UNSPECIFIED.,.F.,
  .F.,(2,2),(0.,0.2),.PIECEWISE_BEZIER_KNOTS.);
#4135 = CARTESIAN_POINT('',(-0.625,-1.51,0.2000001));
#4136 = CARTESIAN_POINT('',(-0.625,-1.51,1.000000000098E-07));
#4137 = ORIENTED_EDGE('',*,*,#4138,.F.);
#4138 = EDGE_CURVE('',#4139,#4132,#4141,.T.);
#4139 = VERTEX_POINT('',#4140);
#4140 = CARTESIAN_POINT('',(-0.625,-1.1,9.999999999941E-08));
#4141 = B_SPLINE_CURVE_WITH_KNOTS('',1,(#4142,#4143),.UNSPECIFIED.,.F.,
  .F.,(2,2),(0.,0.41),.PIECEWISE_BEZIER_KNOTS.);
#4142 = CARTESIAN_POINT('',(-0.625,-1.1,9.999999999941E-08));
#4143 = CARTESIAN_POINT('',(-0.625,-1.51,9.999999999941E-08));
#4144 = ORIENTED_EDGE('',*,*,#4145,.F.);
#4145 = EDGE_CURVE('',#2126,#4139,#4146,.T.);
#4146 = B_SPLINE_CURVE_WITH_KNOTS('',1,(#4147,#4148),.UNSPECIFIED.,.F.,
  .F.,(2,2),(0.18,0.2),.PIECEWISE_BEZIER_KNOTS.);
#4147 = CARTESIAN_POINT('',(-0.625,-1.1,2.00001E-02));
#4148 = CARTESIAN_POINT('',(-0.625,-1.1,1.000000000098E-07));
#4149 = ORIENTED_EDGE('',*,*,#2125,.F.);
#4150 = B_SPLINE_SURFACE_WITH_KNOTS('',1,1,(
    (#4151,#4152)
    ,(#4153,#4154
    )),.UNSPECIFIED.,.F.,.F.,.F.,(2,2),(2,2),(-0.41,0.),(-0.2,0.),
  .PIECEWISE_BEZIER_KNOTS.);
#4151 = CARTESIAN_POINT('',(-0.625,-1.51,1.000000000098E-07));
#4152 = CARTESIAN_POINT('',(-0.625,-1.51,0.2000001));
#4153 = CARTESIAN_POINT('',(-0.625,-1.1,1.000000000098E-07));
#4154 = CARTESIAN_POINT('',(-0.625,-1.1,0.2000001));
#4155 = ADVANCED_FACE('',(#4156),#4172,.T.);
#4156 = FACE_BOUND('',#4157,.T.);
#4157 = EDGE_LOOP('',(#4158,#4159,#4160,#4167));
#4158 = ORIENTED_EDGE('',*,*,#2132,.F.);
#4159 = ORIENTED_EDGE('',*,*,#4145,.T.);
#4160 = ORIENTED_EDGE('',*,*,#4161,.F.);
#4161 = EDGE_CURVE('',#4162,#4139,#4164,.T.);
#4162 = VERTEX_POINT('',#4163);
#4163 = CARTESIAN_POINT('',(-0.875,-1.1,9.999999999941E-08));
#4164 = B_SPLINE_CURVE_WITH_KNOTS('',1,(#4165,#4166),.UNSPECIFIED.,.F.,
  .F.,(2,2),(0.,0.25),.PIECEWISE_BEZIER_KNOTS.);
#4165 = CARTESIAN_POINT('',(-0.875,-1.1,9.999999999941E-08));
#4166 = CARTESIAN_POINT('',(-0.625,-1.1,9.999999999941E-08));
#4167 = ORIENTED_EDGE('',*,*,#4168,.F.);
#4168 = EDGE_CURVE('',#2133,#4162,#4169,.T.);
#4169 = B_SPLINE_CURVE_WITH_KNOTS('',1,(#4170,#4171),.UNSPECIFIED.,.F.,
  .F.,(2,2),(0.18,0.2),.PIECEWISE_BEZIER_KNOTS.);
#4170 = CARTESIAN_POINT('',(-0.875,-1.1,2.00001E-02));
#4171 = CARTESIAN_POINT('',(-0.875,-1.1,1.000000000098E-07));
#4172 = B_SPLINE_SURFACE_WITH_KNOTS('',1,1,(
    (#4173,#4174)
    ,(#4175,#4176
    )),.UNSPECIFIED.,.F.,.F.,.F.,(2,2),(2,2),(-0.2,-0.18),(0.,0.25),
  .PIECEWISE_BEZIER_KNOTS.);
#4173 = CARTESIAN_POINT('',(-0.875,-1.1,1.000000000098E-07));
#4174 = CARTESIAN_POINT('',(-0.625,-1.1,1.000000000098E-07));
#4175 = CARTESIAN_POINT('',(-0.875,-1.1,2.00001E-02));
#4176 = CARTESIAN_POINT('',(-0.625,-1.1,2.00001E-02));
#4177 = ADVANCED_FACE('',(#4178),#4196,.T.);
#4178 = FACE_BOUND('',#4179,.T.);
#4179 = EDGE_LOOP('',(#4180,#4181,#4182,#4183,#4190,#4195));
#4180 = ORIENTED_EDGE('',*,*,#2249,.F.);
#4181 = ORIENTED_EDGE('',*,*,#2139,.F.);
#4182 = ORIENTED_EDGE('',*,*,#4168,.T.);
#4183 = ORIENTED_EDGE('',*,*,#4184,.F.);
#4184 = EDGE_CURVE('',#4185,#4162,#4187,.T.);
#4185 = VERTEX_POINT('',#4186);
#4186 = CARTESIAN_POINT('',(-0.875,-1.51,9.999999999941E-08));
#4187 = B_SPLINE_CURVE_WITH_KNOTS('',1,(#4188,#4189),.UNSPECIFIED.,.F.,
  .F.,(2,2),(-0.41,0.),.PIECEWISE_BEZIER_KNOTS.);
#4188 = CARTESIAN_POINT('',(-0.875,-1.51,9.999999999941E-08));
#4189 = CARTESIAN_POINT('',(-0.875,-1.1,9.999999999941E-08));
#4190 = ORIENTED_EDGE('',*,*,#4191,.F.);
#4191 = EDGE_CURVE('',#4103,#4185,#4192,.T.);
#4192 = B_SPLINE_CURVE_WITH_KNOTS('',1,(#4193,#4194),.UNSPECIFIED.,.F.,
  .F.,(2,2),(0.,0.2),.PIECEWISE_BEZIER_KNOTS.);
#4193 = CARTESIAN_POINT('',(-0.875,-1.51,0.2000001));
#4194 = CARTESIAN_POINT('',(-0.875,-1.51,1.000000000098E-07));
#4195 = ORIENTED_EDGE('',*,*,#4102,.T.);
#4196 = B_SPLINE_SURFACE_WITH_KNOTS('',1,1,(
    (#4197,#4198)
    ,(#4199,#4200
    )),.UNSPECIFIED.,.F.,.F.,.F.,(2,2),(2,2),(0.,0.41),(-0.2,0.),
  .PIECEWISE_BEZIER_KNOTS.);
#4197 = CARTESIAN_POINT('',(-0.875,-1.1,1.000000000098E-07));
#4198 = CARTESIAN_POINT('',(-0.875,-1.1,0.2000001));
#4199 = CARTESIAN_POINT('',(-0.875,-1.51,1.000000000098E-07));
#4200 = CARTESIAN_POINT('',(-0.875,-1.51,0.2000001));
#4201 = ADVANCED_FACE('',(#4202),#4212,.T.);
#4202 = FACE_BOUND('',#4203,.T.);
#4203 = EDGE_LOOP('',(#4204,#4205,#4210,#4211));
#4204 = ORIENTED_EDGE('',*,*,#4191,.T.);
#4205 = ORIENTED_EDGE('',*,*,#4206,.F.);
#4206 = EDGE_CURVE('',#4132,#4185,#4207,.T.);
#4207 = B_SPLINE_CURVE_WITH_KNOTS('',1,(#4208,#4209),.UNSPECIFIED.,.F.,
  .F.,(2,2),(-0.25,0.),.PIECEWISE_BEZIER_KNOTS.);
#4208 = CARTESIAN_POINT('',(-0.625,-1.51,9.999999999941E-08));
#4209 = CARTESIAN_POINT('',(-0.875,-1.51,9.999999999941E-08));
#4210 = ORIENTED_EDGE('',*,*,#4131,.F.);
#4211 = ORIENTED_EDGE('',*,*,#4109,.T.);
#4212 = B_SPLINE_SURFACE_WITH_KNOTS('',1,1,(
    (#4213,#4214)
    ,(#4215,#4216
    )),.UNSPECIFIED.,.F.,.F.,.F.,(2,2),(2,2),(0.,0.25),(-0.2,0.),
  .PIECEWISE_BEZIER_KNOTS.);
#4213 = CARTESIAN_POINT('',(-0.875,-1.51,1.000000000098E-07));
#4214 = CARTESIAN_POINT('',(-0.875,-1.51,0.2000001));
#4215 = CARTESIAN_POINT('',(-0.625,-1.51,1.000000000098E-07));
#4216 = CARTESIAN_POINT('',(-0.625,-1.51,0.2000001));
#4217 = ADVANCED_FACE('',(#4218),#4224,.F.);
#4218 = FACE_BOUND('',#4219,.T.);
#4219 = EDGE_LOOP('',(#4220,#4221,#4222,#4223));
#4220 = ORIENTED_EDGE('',*,*,#4138,.T.);
#4221 = ORIENTED_EDGE('',*,*,#4206,.T.);
#4222 = ORIENTED_EDGE('',*,*,#4184,.T.);
#4223 = ORIENTED_EDGE('',*,*,#4161,.T.);
#4224 = B_SPLINE_SURFACE_WITH_KNOTS('',1,1,(
    (#4225,#4226)
    ,(#4227,#4228
  )),.UNSPECIFIED.,.F.,.F.,.F.,(2,2),(2,2),(0.125,0.375),(1.1,1.51),
  .PIECEWISE_BEZIER_KNOTS.);
#4225 = CARTESIAN_POINT('',(-0.625,-1.1,9.999999999941E-08));
#4226 = CARTESIAN_POINT('',(-0.625,-1.51,9.999999999941E-08));
#4227 = CARTESIAN_POINT('',(-0.875,-1.1,9.999999999941E-08));
#4228 = CARTESIAN_POINT('',(-0.875,-1.51,9.999999999941E-08));
#4229 = ADVANCED_FACE('',(#4230),#4252,.T.);
#4230 = FACE_BOUND('',#4231,.T.);
#4231 = EDGE_LOOP('',(#4232,#4233,#4240,#4247));
#4232 = ORIENTED_EDGE('',*,*,#2296,.F.);
#4233 = ORIENTED_EDGE('',*,*,#4234,.F.);
#4234 = EDGE_CURVE('',#4235,#2290,#4237,.T.);
#4235 = VERTEX_POINT('',#4236);
#4236 = CARTESIAN_POINT('',(0.125,-1.51,0.2000001));
#4237 = B_SPLINE_CURVE_WITH_KNOTS('',1,(#4238,#4239),.UNSPECIFIED.,.F.,
  .F.,(2,2),(-0.41,-0.4),.PIECEWISE_BEZIER_KNOTS.);
#4238 = CARTESIAN_POINT('',(0.125,-1.51,0.2000001));
#4239 = CARTESIAN_POINT('',(0.125,-1.5,0.2000001));
#4240 = ORIENTED_EDGE('',*,*,#4241,.F.);
#4241 = EDGE_CURVE('',#4242,#4235,#4244,.T.);
#4242 = VERTEX_POINT('',#4243);
#4243 = CARTESIAN_POINT('',(0.375,-1.51,0.2000001));
#4244 = B_SPLINE_CURVE_WITH_KNOTS('',1,(#4245,#4246),.UNSPECIFIED.,.F.,
  .F.,(2,2),(-0.25,0.),.PIECEWISE_BEZIER_KNOTS.);
#4245 = CARTESIAN_POINT('',(0.375,-1.51,0.2000001));
#4246 = CARTESIAN_POINT('',(0.125,-1.51,0.2000001));
#4247 = ORIENTED_EDGE('',*,*,#4248,.F.);
#4248 = EDGE_CURVE('',#2297,#4242,#4249,.T.);
#4249 = B_SPLINE_CURVE_WITH_KNOTS('',1,(#4250,#4251),.UNSPECIFIED.,.F.,
  .F.,(2,2),(0.4,0.41),.PIECEWISE_BEZIER_KNOTS.);
#4250 = CARTESIAN_POINT('',(0.375,-1.5,0.2000001));
#4251 = CARTESIAN_POINT('',(0.375,-1.51,0.2000001));
#4252 = B_SPLINE_SURFACE_WITH_KNOTS('',1,1,(
    (#4253,#4254)
    ,(#4255,#4256
  )),.UNSPECIFIED.,.F.,.F.,.F.,(2,2),(2,2),(0.125,0.375),(1.5,1.51),
  .PIECEWISE_BEZIER_KNOTS.);
#4253 = CARTESIAN_POINT('',(0.375,-1.5,0.2000001));
#4254 = CARTESIAN_POINT('',(0.375,-1.51,0.2000001));
#4255 = CARTESIAN_POINT('',(0.125,-1.5,0.2000001));
#4256 = CARTESIAN_POINT('',(0.125,-1.51,0.2000001));
#4257 = ADVANCED_FACE('',(#4258),#4282,.T.);
#4258 = FACE_BOUND('',#4259,.T.);
#4259 = EDGE_LOOP('',(#4260,#4261,#4262,#4269,#4276,#4281));
#4260 = ORIENTED_EDGE('',*,*,#2303,.F.);
#4261 = ORIENTED_EDGE('',*,*,#4248,.T.);
#4262 = ORIENTED_EDGE('',*,*,#4263,.T.);
#4263 = EDGE_CURVE('',#4242,#4264,#4266,.T.);
#4264 = VERTEX_POINT('',#4265);
#4265 = CARTESIAN_POINT('',(0.375,-1.51,9.999999999941E-08));
#4266 = B_SPLINE_CURVE_WITH_KNOTS('',1,(#4267,#4268),.UNSPECIFIED.,.F.,
  .F.,(2,2),(0.,0.2),.PIECEWISE_BEZIER_KNOTS.);
#4267 = CARTESIAN_POINT('',(0.375,-1.51,0.2000001));
#4268 = CARTESIAN_POINT('',(0.375,-1.51,1.000000000098E-07));
#4269 = ORIENTED_EDGE('',*,*,#4270,.F.);
#4270 = EDGE_CURVE('',#4271,#4264,#4273,.T.);
#4271 = VERTEX_POINT('',#4272);
#4272 = CARTESIAN_POINT('',(0.375,-1.1,9.999999999941E-08));
#4273 = B_SPLINE_CURVE_WITH_KNOTS('',1,(#4274,#4275),.UNSPECIFIED.,.F.,
  .F.,(2,2),(0.,0.41),.PIECEWISE_BEZIER_KNOTS.);
#4274 = CARTESIAN_POINT('',(0.375,-1.1,9.999999999941E-08));
#4275 = CARTESIAN_POINT('',(0.375,-1.51,9.999999999941E-08));
#4276 = ORIENTED_EDGE('',*,*,#4277,.F.);
#4277 = EDGE_CURVE('',#2070,#4271,#4278,.T.);
#4278 = B_SPLINE_CURVE_WITH_KNOTS('',1,(#4279,#4280),.UNSPECIFIED.,.F.,
  .F.,(2,2),(0.18,0.2),.PIECEWISE_BEZIER_KNOTS.);
#4279 = CARTESIAN_POINT('',(0.375,-1.1,2.00001E-02));
#4280 = CARTESIAN_POINT('',(0.375,-1.1,1.000000000098E-07));
#4281 = ORIENTED_EDGE('',*,*,#2069,.F.);
#4282 = B_SPLINE_SURFACE_WITH_KNOTS('',1,1,(
    (#4283,#4284)
    ,(#4285,#4286
    )),.UNSPECIFIED.,.F.,.F.,.F.,(2,2),(2,2),(-0.41,0.),(-0.2,0.),
  .PIECEWISE_BEZIER_KNOTS.);
#4283 = CARTESIAN_POINT('',(0.375,-1.51,1.000000000098E-07));
#4284 = CARTESIAN_POINT('',(0.375,-1.51,0.2000001));
#4285 = CARTESIAN_POINT('',(0.375,-1.1,1.000000000098E-07));
#4286 = CARTESIAN_POINT('',(0.375,-1.1,0.2000001));
#4287 = ADVANCED_FACE('',(#4288),#4304,.T.);
#4288 = FACE_BOUND('',#4289,.T.);
#4289 = EDGE_LOOP('',(#4290,#4291,#4292,#4299));
#4290 = ORIENTED_EDGE('',*,*,#2076,.F.);
#4291 = ORIENTED_EDGE('',*,*,#4277,.T.);
#4292 = ORIENTED_EDGE('',*,*,#4293,.F.);
#4293 = EDGE_CURVE('',#4294,#4271,#4296,.T.);
#4294 = VERTEX_POINT('',#4295);
#4295 = CARTESIAN_POINT('',(0.125,-1.1,9.999999999941E-08));
#4296 = B_SPLINE_CURVE_WITH_KNOTS('',1,(#4297,#4298),.UNSPECIFIED.,.F.,
  .F.,(2,2),(0.,0.25),.PIECEWISE_BEZIER_KNOTS.);
#4297 = CARTESIAN_POINT('',(0.125,-1.1,9.999999999941E-08));
#4298 = CARTESIAN_POINT('',(0.375,-1.1,9.999999999941E-08));
#4299 = ORIENTED_EDGE('',*,*,#4300,.F.);
#4300 = EDGE_CURVE('',#2077,#4294,#4301,.T.);
#4301 = B_SPLINE_CURVE_WITH_KNOTS('',1,(#4302,#4303),.UNSPECIFIED.,.F.,
  .F.,(2,2),(0.18,0.2),.PIECEWISE_BEZIER_KNOTS.);
#4302 = CARTESIAN_POINT('',(0.125,-1.1,2.00001E-02));
#4303 = CARTESIAN_POINT('',(0.125,-1.1,1.000000000098E-07));
#4304 = B_SPLINE_SURFACE_WITH_KNOTS('',1,1,(
    (#4305,#4306)
    ,(#4307,#4308
    )),.UNSPECIFIED.,.F.,.F.,.F.,(2,2),(2,2),(-0.2,-0.18),(0.,0.25),
  .PIECEWISE_BEZIER_KNOTS.);
#4305 = CARTESIAN_POINT('',(0.125,-1.1,1.000000000098E-07));
#4306 = CARTESIAN_POINT('',(0.375,-1.1,1.000000000098E-07));
#4307 = CARTESIAN_POINT('',(0.125,-1.1,2.00001E-02));
#4308 = CARTESIAN_POINT('',(0.375,-1.1,2.00001E-02));
#4309 = ADVANCED_FACE('',(#4310),#4328,.T.);
#4310 = FACE_BOUND('',#4311,.T.);
#4311 = EDGE_LOOP('',(#4312,#4313,#4314,#4315,#4322,#4327));
#4312 = ORIENTED_EDGE('',*,*,#2289,.F.);
#4313 = ORIENTED_EDGE('',*,*,#2083,.F.);
#4314 = ORIENTED_EDGE('',*,*,#4300,.T.);
#4315 = ORIENTED_EDGE('',*,*,#4316,.F.);
#4316 = EDGE_CURVE('',#4317,#4294,#4319,.T.);
#4317 = VERTEX_POINT('',#4318);
#4318 = CARTESIAN_POINT('',(0.125,-1.51,9.999999999941E-08));
#4319 = B_SPLINE_CURVE_WITH_KNOTS('',1,(#4320,#4321),.UNSPECIFIED.,.F.,
  .F.,(2,2),(-0.41,0.),.PIECEWISE_BEZIER_KNOTS.);
#4320 = CARTESIAN_POINT('',(0.125,-1.51,9.999999999941E-08));
#4321 = CARTESIAN_POINT('',(0.125,-1.1,9.999999999941E-08));
#4322 = ORIENTED_EDGE('',*,*,#4323,.F.);
#4323 = EDGE_CURVE('',#4235,#4317,#4324,.T.);
#4324 = B_SPLINE_CURVE_WITH_KNOTS('',1,(#4325,#4326),.UNSPECIFIED.,.F.,
  .F.,(2,2),(0.,0.2),.PIECEWISE_BEZIER_KNOTS.);
#4325 = CARTESIAN_POINT('',(0.125,-1.51,0.2000001));
#4326 = CARTESIAN_POINT('',(0.125,-1.51,1.000000000098E-07));
#4327 = ORIENTED_EDGE('',*,*,#4234,.T.);
#4328 = B_SPLINE_SURFACE_WITH_KNOTS('',1,1,(
    (#4329,#4330)
    ,(#4331,#4332
    )),.UNSPECIFIED.,.F.,.F.,.F.,(2,2),(2,2),(0.,0.41),(-0.2,0.),
  .PIECEWISE_BEZIER_KNOTS.);
#4329 = CARTESIAN_POINT('',(0.125,-1.1,1.000000000098E-07));
#4330 = CARTESIAN_POINT('',(0.125,-1.1,0.2000001));
#4331 = CARTESIAN_POINT('',(0.125,-1.51,1.000000000098E-07));
#4332 = CARTESIAN_POINT('',(0.125,-1.51,0.2000001));
#4333 = ADVANCED_FACE('',(#4334),#4344,.T.);
#4334 = FACE_BOUND('',#4335,.T.);
#4335 = EDGE_LOOP('',(#4336,#4337,#4342,#4343));
#4336 = ORIENTED_EDGE('',*,*,#4323,.T.);
#4337 = ORIENTED_EDGE('',*,*,#4338,.F.);
#4338 = EDGE_CURVE('',#4264,#4317,#4339,.T.);
#4339 = B_SPLINE_CURVE_WITH_KNOTS('',1,(#4340,#4341),.UNSPECIFIED.,.F.,
  .F.,(2,2),(-0.25,0.),.PIECEWISE_BEZIER_KNOTS.);
#4340 = CARTESIAN_POINT('',(0.375,-1.51,9.999999999941E-08));
#4341 = CARTESIAN_POINT('',(0.125,-1.51,9.999999999941E-08));
#4342 = ORIENTED_EDGE('',*,*,#4263,.F.);
#4343 = ORIENTED_EDGE('',*,*,#4241,.T.);
#4344 = B_SPLINE_SURFACE_WITH_KNOTS('',1,1,(
    (#4345,#4346)
    ,(#4347,#4348
    )),.UNSPECIFIED.,.F.,.F.,.F.,(2,2),(2,2),(0.,0.25),(-0.2,0.),
  .PIECEWISE_BEZIER_KNOTS.);
#4345 = CARTESIAN_POINT('',(0.125,-1.51,1.000000000098E-07));
#4346 = CARTESIAN_POINT('',(0.125,-1.51,0.2000001));
#4347 = CARTESIAN_POINT('',(0.375,-1.51,1.000000000098E-07));
#4348 = CARTESIAN_POINT('',(0.375,-1.51,0.2000001));
#4349 = ADVANCED_FACE('',(#4350),#4356,.F.);
#4350 = FACE_BOUND('',#4351,.T.);
#4351 = EDGE_LOOP('',(#4352,#4353,#4354,#4355));
#4352 = ORIENTED_EDGE('',*,*,#4270,.T.);
#4353 = ORIENTED_EDGE('',*,*,#4338,.T.);
#4354 = ORIENTED_EDGE('',*,*,#4316,.T.);
#4355 = ORIENTED_EDGE('',*,*,#4293,.T.);
#4356 = B_SPLINE_SURFACE_WITH_KNOTS('',1,1,(
    (#4357,#4358)
    ,(#4359,#4360
  )),.UNSPECIFIED.,.F.,.F.,.F.,(2,2),(2,2),(0.125,0.375),(1.1,1.51),
  .PIECEWISE_BEZIER_KNOTS.);
#4357 = CARTESIAN_POINT('',(0.375,-1.1,9.999999999941E-08));
#4358 = CARTESIAN_POINT('',(0.375,-1.51,9.999999999941E-08));
#4359 = CARTESIAN_POINT('',(0.125,-1.1,9.999999999941E-08));
#4360 = CARTESIAN_POINT('',(0.125,-1.51,9.999999999941E-08));
#4361 = ADVANCED_FACE('',(#4362),#4384,.T.);
#4362 = FACE_BOUND('',#4363,.T.);
#4363 = EDGE_LOOP('',(#4364,#4365,#4372,#4379));
#4364 = ORIENTED_EDGE('',*,*,#2226,.F.);
#4365 = ORIENTED_EDGE('',*,*,#4366,.F.);
#4366 = EDGE_CURVE('',#4367,#2227,#4369,.T.);
#4367 = VERTEX_POINT('',#4368);
#4368 = CARTESIAN_POINT('',(0.625,-1.51,0.2000001));
#4369 = B_SPLINE_CURVE_WITH_KNOTS('',1,(#4370,#4371),.UNSPECIFIED.,.F.,
  .F.,(2,2),(-0.41,-0.4),.PIECEWISE_BEZIER_KNOTS.);
#4370 = CARTESIAN_POINT('',(0.625,-1.51,0.2000001));
#4371 = CARTESIAN_POINT('',(0.625,-1.5,0.2000001));
#4372 = ORIENTED_EDGE('',*,*,#4373,.F.);
#4373 = EDGE_CURVE('',#4374,#4367,#4376,.T.);
#4374 = VERTEX_POINT('',#4375);
#4375 = CARTESIAN_POINT('',(0.875,-1.51,0.2000001));
#4376 = B_SPLINE_CURVE_WITH_KNOTS('',1,(#4377,#4378),.UNSPECIFIED.,.F.,
  .F.,(2,2),(-0.25,0.),.PIECEWISE_BEZIER_KNOTS.);
#4377 = CARTESIAN_POINT('',(0.875,-1.51,0.2000001));
#4378 = CARTESIAN_POINT('',(0.625,-1.51,0.2000001));
#4379 = ORIENTED_EDGE('',*,*,#4380,.F.);
#4380 = EDGE_CURVE('',#2229,#4374,#4381,.T.);
#4381 = B_SPLINE_CURVE_WITH_KNOTS('',1,(#4382,#4383),.UNSPECIFIED.,.F.,
  .F.,(2,2),(0.4,0.41),.PIECEWISE_BEZIER_KNOTS.);
#4382 = CARTESIAN_POINT('',(0.875,-1.5,0.2000001));
#4383 = CARTESIAN_POINT('',(0.875,-1.51,0.2000001));
#4384 = B_SPLINE_SURFACE_WITH_KNOTS('',1,1,(
    (#4385,#4386)
    ,(#4387,#4388
  )),.UNSPECIFIED.,.F.,.F.,.F.,(2,2),(2,2),(0.125,0.375),(1.5,1.51),
  .PIECEWISE_BEZIER_KNOTS.);
#4385 = CARTESIAN_POINT('',(0.875,-1.5,0.2000001));
#4386 = CARTESIAN_POINT('',(0.875,-1.51,0.2000001));
#4387 = CARTESIAN_POINT('',(0.625,-1.5,0.2000001));
#4388 = CARTESIAN_POINT('',(0.625,-1.51,0.2000001));
#4389 = ADVANCED_FACE('',(#4390),#4414,.T.);
#4390 = FACE_BOUND('',#4391,.T.);
#4391 = EDGE_LOOP('',(#4392,#4393,#4394,#4401,#4408,#4413));
#4392 = ORIENTED_EDGE('',*,*,#2235,.F.);
#4393 = ORIENTED_EDGE('',*,*,#4380,.T.);
#4394 = ORIENTED_EDGE('',*,*,#4395,.T.);
#4395 = EDGE_CURVE('',#4374,#4396,#4398,.T.);
#4396 = VERTEX_POINT('',#4397);
#4397 = CARTESIAN_POINT('',(0.875,-1.51,9.999999999941E-08));
#4398 = B_SPLINE_CURVE_WITH_KNOTS('',1,(#4399,#4400),.UNSPECIFIED.,.F.,
  .F.,(2,2),(0.,0.2),.PIECEWISE_BEZIER_KNOTS.);
#4399 = CARTESIAN_POINT('',(0.875,-1.51,0.2000001));
#4400 = CARTESIAN_POINT('',(0.875,-1.51,1.000000000098E-07));
#4401 = ORIENTED_EDGE('',*,*,#4402,.F.);
#4402 = EDGE_CURVE('',#4403,#4396,#4405,.T.);
#4403 = VERTEX_POINT('',#4404);
#4404 = CARTESIAN_POINT('',(0.875,-1.1,9.999999999941E-08));
#4405 = B_SPLINE_CURVE_WITH_KNOTS('',1,(#4406,#4407),.UNSPECIFIED.,.F.,
  .F.,(2,2),(0.,0.41),.PIECEWISE_BEZIER_KNOTS.);
#4406 = CARTESIAN_POINT('',(0.875,-1.1,9.999999999941E-08));
#4407 = CARTESIAN_POINT('',(0.875,-1.51,9.999999999941E-08));
#4408 = ORIENTED_EDGE('',*,*,#4409,.F.);
#4409 = EDGE_CURVE('',#2042,#4403,#4410,.T.);
#4410 = B_SPLINE_CURVE_WITH_KNOTS('',1,(#4411,#4412),.UNSPECIFIED.,.F.,
  .F.,(2,2),(0.18,0.2),.PIECEWISE_BEZIER_KNOTS.);
#4411 = CARTESIAN_POINT('',(0.875,-1.1,2.00001E-02));
#4412 = CARTESIAN_POINT('',(0.875,-1.1,1.000000000098E-07));
#4413 = ORIENTED_EDGE('',*,*,#2041,.F.);
#4414 = B_SPLINE_SURFACE_WITH_KNOTS('',1,1,(
    (#4415,#4416)
    ,(#4417,#4418
    )),.UNSPECIFIED.,.F.,.F.,.F.,(2,2),(2,2),(-0.41,0.),(-0.2,0.),
  .PIECEWISE_BEZIER_KNOTS.);
#4415 = CARTESIAN_POINT('',(0.875,-1.51,1.000000000098E-07));
#4416 = CARTESIAN_POINT('',(0.875,-1.51,0.2000001));
#4417 = CARTESIAN_POINT('',(0.875,-1.1,1.000000000098E-07));
#4418 = CARTESIAN_POINT('',(0.875,-1.1,0.2000001));
#4419 = ADVANCED_FACE('',(#4420),#4436,.T.);
#4420 = FACE_BOUND('',#4421,.T.);
#4421 = EDGE_LOOP('',(#4422,#4423,#4424,#4431));
#4422 = ORIENTED_EDGE('',*,*,#2048,.F.);
#4423 = ORIENTED_EDGE('',*,*,#4409,.T.);
#4424 = ORIENTED_EDGE('',*,*,#4425,.F.);
#4425 = EDGE_CURVE('',#4426,#4403,#4428,.T.);
#4426 = VERTEX_POINT('',#4427);
#4427 = CARTESIAN_POINT('',(0.625,-1.1,9.999999999941E-08));
#4428 = B_SPLINE_CURVE_WITH_KNOTS('',1,(#4429,#4430),.UNSPECIFIED.,.F.,
  .F.,(2,2),(0.,0.25),.PIECEWISE_BEZIER_KNOTS.);
#4429 = CARTESIAN_POINT('',(0.625,-1.1,9.999999999941E-08));
#4430 = CARTESIAN_POINT('',(0.875,-1.1,9.999999999941E-08));
#4431 = ORIENTED_EDGE('',*,*,#4432,.F.);
#4432 = EDGE_CURVE('',#2049,#4426,#4433,.T.);
#4433 = B_SPLINE_CURVE_WITH_KNOTS('',1,(#4434,#4435),.UNSPECIFIED.,.F.,
  .F.,(2,2),(0.18,0.2),.PIECEWISE_BEZIER_KNOTS.);
#4434 = CARTESIAN_POINT('',(0.625,-1.1,2.00001E-02));
#4435 = CARTESIAN_POINT('',(0.625,-1.1,1.000000000098E-07));
#4436 = B_SPLINE_SURFACE_WITH_KNOTS('',1,1,(
    (#4437,#4438)
    ,(#4439,#4440
    )),.UNSPECIFIED.,.F.,.F.,.F.,(2,2),(2,2),(-0.2,-0.18),(0.,0.25),
  .PIECEWISE_BEZIER_KNOTS.);
#4437 = CARTESIAN_POINT('',(0.625,-1.1,1.000000000098E-07));
#4438 = CARTESIAN_POINT('',(0.875,-1.1,1.000000000098E-07));
#4439 = CARTESIAN_POINT('',(0.625,-1.1,2.00001E-02));
#4440 = CARTESIAN_POINT('',(0.875,-1.1,2.00001E-02));
#4441 = ADVANCED_FACE('',(#4442),#4460,.T.);
#4442 = FACE_BOUND('',#4443,.T.);
#4443 = EDGE_LOOP('',(#4444,#4445,#4446,#4447,#4454,#4459));
#4444 = ORIENTED_EDGE('',*,*,#2309,.F.);
#4445 = ORIENTED_EDGE('',*,*,#2055,.F.);
#4446 = ORIENTED_EDGE('',*,*,#4432,.T.);
#4447 = ORIENTED_EDGE('',*,*,#4448,.F.);
#4448 = EDGE_CURVE('',#4449,#4426,#4451,.T.);
#4449 = VERTEX_POINT('',#4450);
#4450 = CARTESIAN_POINT('',(0.625,-1.51,9.999999999941E-08));
#4451 = B_SPLINE_CURVE_WITH_KNOTS('',1,(#4452,#4453),.UNSPECIFIED.,.F.,
  .F.,(2,2),(-0.41,0.),.PIECEWISE_BEZIER_KNOTS.);
#4452 = CARTESIAN_POINT('',(0.625,-1.51,9.999999999941E-08));
#4453 = CARTESIAN_POINT('',(0.625,-1.1,9.999999999941E-08));
#4454 = ORIENTED_EDGE('',*,*,#4455,.F.);
#4455 = EDGE_CURVE('',#4367,#4449,#4456,.T.);
#4456 = B_SPLINE_CURVE_WITH_KNOTS('',1,(#4457,#4458),.UNSPECIFIED.,.F.,
  .F.,(2,2),(0.,0.2),.PIECEWISE_BEZIER_KNOTS.);
#4457 = CARTESIAN_POINT('',(0.625,-1.51,0.2000001));
#4458 = CARTESIAN_POINT('',(0.625,-1.51,1.000000000098E-07));
#4459 = ORIENTED_EDGE('',*,*,#4366,.T.);
#4460 = B_SPLINE_SURFACE_WITH_KNOTS('',1,1,(
    (#4461,#4462)
    ,(#4463,#4464
    )),.UNSPECIFIED.,.F.,.F.,.F.,(2,2),(2,2),(0.,0.41),(-0.2,0.),
  .PIECEWISE_BEZIER_KNOTS.);
#4461 = CARTESIAN_POINT('',(0.625,-1.1,1.000000000098E-07));
#4462 = CARTESIAN_POINT('',(0.625,-1.1,0.2000001));
#4463 = CARTESIAN_POINT('',(0.625,-1.51,1.000000000098E-07));
#4464 = CARTESIAN_POINT('',(0.625,-1.51,0.2000001));
#4465 = ADVANCED_FACE('',(#4466),#4476,.T.);
#4466 = FACE_BOUND('',#4467,.T.);
#4467 = EDGE_LOOP('',(#4468,#4469,#4474,#4475));
#4468 = ORIENTED_EDGE('',*,*,#4455,.T.);
#4469 = ORIENTED_EDGE('',*,*,#4470,.F.);
#4470 = EDGE_CURVE('',#4396,#4449,#4471,.T.);
#4471 = B_SPLINE_CURVE_WITH_KNOTS('',1,(#4472,#4473),.UNSPECIFIED.,.F.,
  .F.,(2,2),(-0.25,0.),.PIECEWISE_BEZIER_KNOTS.);
#4472 = CARTESIAN_POINT('',(0.875,-1.51,9.999999999941E-08));
#4473 = CARTESIAN_POINT('',(0.625,-1.51,9.999999999941E-08));
#4474 = ORIENTED_EDGE('',*,*,#4395,.F.);
#4475 = ORIENTED_EDGE('',*,*,#4373,.T.);
#4476 = B_SPLINE_SURFACE_WITH_KNOTS('',1,1,(
    (#4477,#4478)
    ,(#4479,#4480
    )),.UNSPECIFIED.,.F.,.F.,.F.,(2,2),(2,2),(0.,0.25),(-0.2,0.),
  .PIECEWISE_BEZIER_KNOTS.);
#4477 = CARTESIAN_POINT('',(0.625,-1.51,1.000000000098E-07));
#4478 = CARTESIAN_POINT('',(0.625,-1.51,0.2000001));
#4479 = CARTESIAN_POINT('',(0.875,-1.51,1.000000000098E-07));
#4480 = CARTESIAN_POINT('',(0.875,-1.51,0.2000001));
#4481 = ADVANCED_FACE('',(#4482),#4488,.F.);
#4482 = FACE_BOUND('',#4483,.T.);
#4483 = EDGE_LOOP('',(#4484,#4485,#4486,#4487));
#4484 = ORIENTED_EDGE('',*,*,#4402,.T.);
#4485 = ORIENTED_EDGE('',*,*,#4470,.T.);
#4486 = ORIENTED_EDGE('',*,*,#4448,.T.);
#4487 = ORIENTED_EDGE('',*,*,#4425,.T.);
#4488 = B_SPLINE_SURFACE_WITH_KNOTS('',1,1,(
    (#4489,#4490)
    ,(#4491,#4492
  )),.UNSPECIFIED.,.F.,.F.,.F.,(2,2),(2,2),(0.125,0.375),(1.1,1.51),
  .PIECEWISE_BEZIER_KNOTS.);
#4489 = CARTESIAN_POINT('',(0.875,-1.1,9.999999999941E-08));
#4490 = CARTESIAN_POINT('',(0.875,-1.51,9.999999999941E-08));
#4491 = CARTESIAN_POINT('',(0.625,-1.1,9.999999999941E-08));
#4492 = CARTESIAN_POINT('',(0.625,-1.51,9.999999999941E-08));
#4493 = ADVANCED_FACE('',(#4494),#4516,.T.);
#4494 = FACE_BOUND('',#4495,.T.);
#4495 = EDGE_LOOP('',(#4496,#4497,#4504,#4511));
#4496 = ORIENTED_EDGE('',*,*,#1623,.F.);
#4497 = ORIENTED_EDGE('',*,*,#4498,.F.);
#4498 = EDGE_CURVE('',#4499,#1617,#4501,.T.);
#4499 = VERTEX_POINT('',#4500);
#4500 = CARTESIAN_POINT('',(-1.51,0.375,0.2000001));
#4501 = B_SPLINE_CURVE_WITH_KNOTS('',1,(#4502,#4503),.UNSPECIFIED.,.F.,
  .F.,(2,2),(-0.41,-0.4),.PIECEWISE_BEZIER_KNOTS.);
#4502 = CARTESIAN_POINT('',(-1.51,0.375,0.2000001));
#4503 = CARTESIAN_POINT('',(-1.5,0.375,0.2000001));
#4504 = ORIENTED_EDGE('',*,*,#4505,.F.);
#4505 = EDGE_CURVE('',#4506,#4499,#4508,.T.);
#4506 = VERTEX_POINT('',#4507);
#4507 = CARTESIAN_POINT('',(-1.51,0.125,0.2000001));
#4508 = B_SPLINE_CURVE_WITH_KNOTS('',1,(#4509,#4510),.UNSPECIFIED.,.F.,
  .F.,(2,2),(-0.25,0.),.PIECEWISE_BEZIER_KNOTS.);
#4509 = CARTESIAN_POINT('',(-1.51,0.125,0.2000001));
#4510 = CARTESIAN_POINT('',(-1.51,0.375,0.2000001));
#4511 = ORIENTED_EDGE('',*,*,#4512,.F.);
#4512 = EDGE_CURVE('',#1624,#4506,#4513,.T.);
#4513 = B_SPLINE_CURVE_WITH_KNOTS('',1,(#4514,#4515),.UNSPECIFIED.,.F.,
  .F.,(2,2),(0.4,0.41),.PIECEWISE_BEZIER_KNOTS.);
#4514 = CARTESIAN_POINT('',(-1.5,0.125,0.2000001));
#4515 = CARTESIAN_POINT('',(-1.51,0.125,0.2000001));
#4516 = B_SPLINE_SURFACE_WITH_KNOTS('',1,1,(
    (#4517,#4518)
    ,(#4519,#4520
  )),.UNSPECIFIED.,.F.,.F.,.F.,(2,2),(2,2),(0.125,0.375),(1.5,1.51),
  .PIECEWISE_BEZIER_KNOTS.);
#4517 = CARTESIAN_POINT('',(-1.5,0.125,0.2000001));
#4518 = CARTESIAN_POINT('',(-1.51,0.125,0.2000001));
#4519 = CARTESIAN_POINT('',(-1.5,0.375,0.2000001));
#4520 = CARTESIAN_POINT('',(-1.51,0.375,0.2000001));
#4521 = ADVANCED_FACE('',(#4522),#4546,.T.);
#4522 = FACE_BOUND('',#4523,.T.);
#4523 = EDGE_LOOP('',(#4524,#4525,#4526,#4533,#4540,#4545));
#4524 = ORIENTED_EDGE('',*,*,#1630,.F.);
#4525 = ORIENTED_EDGE('',*,*,#4512,.T.);
#4526 = ORIENTED_EDGE('',*,*,#4527,.T.);
#4527 = EDGE_CURVE('',#4506,#4528,#4530,.T.);
#4528 = VERTEX_POINT('',#4529);
#4529 = CARTESIAN_POINT('',(-1.51,0.125,9.999999999941E-08));
#4530 = B_SPLINE_CURVE_WITH_KNOTS('',1,(#4531,#4532),.UNSPECIFIED.,.F.,
  .F.,(2,2),(0.,0.2),.PIECEWISE_BEZIER_KNOTS.);
#4531 = CARTESIAN_POINT('',(-1.51,0.125,0.2000001));
#4532 = CARTESIAN_POINT('',(-1.51,0.125,1.000000000098E-07));
#4533 = ORIENTED_EDGE('',*,*,#4534,.F.);
#4534 = EDGE_CURVE('',#4535,#4528,#4537,.T.);
#4535 = VERTEX_POINT('',#4536);
#4536 = CARTESIAN_POINT('',(-1.1,0.125,9.999999999941E-08));
#4537 = B_SPLINE_CURVE_WITH_KNOTS('',1,(#4538,#4539),.UNSPECIFIED.,.F.,
  .F.,(2,2),(0.,0.41),.PIECEWISE_BEZIER_KNOTS.);
#4538 = CARTESIAN_POINT('',(-1.1,0.125,9.999999999941E-08));
#4539 = CARTESIAN_POINT('',(-1.51,0.125,9.999999999941E-08));
#4540 = ORIENTED_EDGE('',*,*,#4541,.F.);
#4541 = EDGE_CURVE('',#1757,#4535,#4542,.T.);
#4542 = B_SPLINE_CURVE_WITH_KNOTS('',1,(#4543,#4544),.UNSPECIFIED.,.F.,
  .F.,(2,2),(0.18,0.2),.PIECEWISE_BEZIER_KNOTS.);
#4543 = CARTESIAN_POINT('',(-1.1,0.125,2.00001E-02));
#4544 = CARTESIAN_POINT('',(-1.1,0.125,1.000000000098E-07));
#4545 = ORIENTED_EDGE('',*,*,#1756,.F.);
#4546 = B_SPLINE_SURFACE_WITH_KNOTS('',1,1,(
    (#4547,#4548)
    ,(#4549,#4550
    )),.UNSPECIFIED.,.F.,.F.,.F.,(2,2),(2,2),(-0.41,0.),(-0.2,0.),
  .PIECEWISE_BEZIER_KNOTS.);
#4547 = CARTESIAN_POINT('',(-1.51,0.125,1.000000000098E-07));
#4548 = CARTESIAN_POINT('',(-1.51,0.125,0.2000001));
#4549 = CARTESIAN_POINT('',(-1.1,0.125,1.000000000098E-07));
#4550 = CARTESIAN_POINT('',(-1.1,0.125,0.2000001));
#4551 = ADVANCED_FACE('',(#4552),#4568,.T.);
#4552 = FACE_BOUND('',#4553,.T.);
#4553 = EDGE_LOOP('',(#4554,#4555,#4556,#4563));
#4554 = ORIENTED_EDGE('',*,*,#1763,.F.);
#4555 = ORIENTED_EDGE('',*,*,#4541,.T.);
#4556 = ORIENTED_EDGE('',*,*,#4557,.F.);
#4557 = EDGE_CURVE('',#4558,#4535,#4560,.T.);
#4558 = VERTEX_POINT('',#4559);
#4559 = CARTESIAN_POINT('',(-1.1,0.375,9.999999999941E-08));
#4560 = B_SPLINE_CURVE_WITH_KNOTS('',1,(#4561,#4562),.UNSPECIFIED.,.F.,
  .F.,(2,2),(0.,0.25),.PIECEWISE_BEZIER_KNOTS.);
#4561 = CARTESIAN_POINT('',(-1.1,0.375,9.999999999941E-08));
#4562 = CARTESIAN_POINT('',(-1.1,0.125,9.999999999941E-08));
#4563 = ORIENTED_EDGE('',*,*,#4564,.F.);
#4564 = EDGE_CURVE('',#1764,#4558,#4565,.T.);
#4565 = B_SPLINE_CURVE_WITH_KNOTS('',1,(#4566,#4567),.UNSPECIFIED.,.F.,
  .F.,(2,2),(0.18,0.2),.PIECEWISE_BEZIER_KNOTS.);
#4566 = CARTESIAN_POINT('',(-1.1,0.375,2.00001E-02));
#4567 = CARTESIAN_POINT('',(-1.1,0.375,1.000000000098E-07));
#4568 = B_SPLINE_SURFACE_WITH_KNOTS('',1,1,(
    (#4569,#4570)
    ,(#4571,#4572
    )),.UNSPECIFIED.,.F.,.F.,.F.,(2,2),(2,2),(-0.25,0.),(-0.2,-0.18),
  .PIECEWISE_BEZIER_KNOTS.);
#4569 = CARTESIAN_POINT('',(-1.1,0.125,1.000000000098E-07));
#4570 = CARTESIAN_POINT('',(-1.1,0.125,2.00001E-02));
#4571 = CARTESIAN_POINT('',(-1.1,0.375,1.000000000098E-07));
#4572 = CARTESIAN_POINT('',(-1.1,0.375,2.00001E-02));
#4573 = ADVANCED_FACE('',(#4574),#4592,.T.);
#4574 = FACE_BOUND('',#4575,.T.);
#4575 = EDGE_LOOP('',(#4576,#4577,#4578,#4579,#4586,#4591));
#4576 = ORIENTED_EDGE('',*,*,#1616,.F.);
#4577 = ORIENTED_EDGE('',*,*,#1770,.F.);
#4578 = ORIENTED_EDGE('',*,*,#4564,.T.);
#4579 = ORIENTED_EDGE('',*,*,#4580,.F.);
#4580 = EDGE_CURVE('',#4581,#4558,#4583,.T.);
#4581 = VERTEX_POINT('',#4582);
#4582 = CARTESIAN_POINT('',(-1.51,0.375,9.999999999941E-08));
#4583 = B_SPLINE_CURVE_WITH_KNOTS('',1,(#4584,#4585),.UNSPECIFIED.,.F.,
  .F.,(2,2),(-0.41,0.),.PIECEWISE_BEZIER_KNOTS.);
#4584 = CARTESIAN_POINT('',(-1.51,0.375,9.999999999941E-08));
#4585 = CARTESIAN_POINT('',(-1.1,0.375,9.999999999941E-08));
#4586 = ORIENTED_EDGE('',*,*,#4587,.F.);
#4587 = EDGE_CURVE('',#4499,#4581,#4588,.T.);
#4588 = B_SPLINE_CURVE_WITH_KNOTS('',1,(#4589,#4590),.UNSPECIFIED.,.F.,
  .F.,(2,2),(0.,0.2),.PIECEWISE_BEZIER_KNOTS.);
#4589 = CARTESIAN_POINT('',(-1.51,0.375,0.2000001));
#4590 = CARTESIAN_POINT('',(-1.51,0.375,1.000000000098E-07));
#4591 = ORIENTED_EDGE('',*,*,#4498,.T.);
#4592 = B_SPLINE_SURFACE_WITH_KNOTS('',1,1,(
    (#4593,#4594)
    ,(#4595,#4596
    )),.UNSPECIFIED.,.F.,.F.,.F.,(2,2),(2,2),(0.,0.41),(-0.2,0.),
  .PIECEWISE_BEZIER_KNOTS.);
#4593 = CARTESIAN_POINT('',(-1.1,0.375,1.000000000098E-07));
#4594 = CARTESIAN_POINT('',(-1.1,0.375,0.2000001));
#4595 = CARTESIAN_POINT('',(-1.51,0.375,1.000000000098E-07));
#4596 = CARTESIAN_POINT('',(-1.51,0.375,0.2000001));
#4597 = ADVANCED_FACE('',(#4598),#4608,.T.);
#4598 = FACE_BOUND('',#4599,.T.);
#4599 = EDGE_LOOP('',(#4600,#4601,#4606,#4607));
#4600 = ORIENTED_EDGE('',*,*,#4587,.T.);
#4601 = ORIENTED_EDGE('',*,*,#4602,.F.);
#4602 = EDGE_CURVE('',#4528,#4581,#4603,.T.);
#4603 = B_SPLINE_CURVE_WITH_KNOTS('',1,(#4604,#4605),.UNSPECIFIED.,.F.,
  .F.,(2,2),(-0.25,0.),.PIECEWISE_BEZIER_KNOTS.);
#4604 = CARTESIAN_POINT('',(-1.51,0.125,9.999999999941E-08));
#4605 = CARTESIAN_POINT('',(-1.51,0.375,9.999999999941E-08));
#4606 = ORIENTED_EDGE('',*,*,#4527,.F.);
#4607 = ORIENTED_EDGE('',*,*,#4505,.T.);
#4608 = B_SPLINE_SURFACE_WITH_KNOTS('',1,1,(
    (#4609,#4610)
    ,(#4611,#4612
    )),.UNSPECIFIED.,.F.,.F.,.F.,(2,2),(2,2),(0.,0.25),(-0.2,0.),
  .PIECEWISE_BEZIER_KNOTS.);
#4609 = CARTESIAN_POINT('',(-1.51,0.375,1.000000000098E-07));
#4610 = CARTESIAN_POINT('',(-1.51,0.375,0.2000001));
#4611 = CARTESIAN_POINT('',(-1.51,0.125,1.000000000098E-07));
#4612 = CARTESIAN_POINT('',(-1.51,0.125,0.2000001));
#4613 = ADVANCED_FACE('',(#4614),#4620,.F.);
#4614 = FACE_BOUND('',#4615,.T.);
#4615 = EDGE_LOOP('',(#4616,#4617,#4618,#4619));
#4616 = ORIENTED_EDGE('',*,*,#4534,.T.);
#4617 = ORIENTED_EDGE('',*,*,#4602,.T.);
#4618 = ORIENTED_EDGE('',*,*,#4580,.T.);
#4619 = ORIENTED_EDGE('',*,*,#4557,.T.);
#4620 = B_SPLINE_SURFACE_WITH_KNOTS('',1,1,(
    (#4621,#4622)
    ,(#4623,#4624
  )),.UNSPECIFIED.,.F.,.F.,.F.,(2,2),(2,2),(0.125,0.375),(1.1,1.51),
  .PIECEWISE_BEZIER_KNOTS.);
#4621 = CARTESIAN_POINT('',(-1.1,0.125,9.999999999941E-08));
#4622 = CARTESIAN_POINT('',(-1.51,0.125,9.999999999941E-08));
#4623 = CARTESIAN_POINT('',(-1.1,0.375,9.999999999941E-08));
#4624 = CARTESIAN_POINT('',(-1.51,0.375,9.999999999941E-08));
#4625 = ADVANCED_FACE('',(#4626),#4648,.T.);
#4626 = FACE_BOUND('',#4627,.T.);
#4627 = EDGE_LOOP('',(#4628,#4629,#4636,#4643));
#4628 = ORIENTED_EDGE('',*,*,#1595,.F.);
#4629 = ORIENTED_EDGE('',*,*,#4630,.F.);
#4630 = EDGE_CURVE('',#4631,#1589,#4633,.T.);
#4631 = VERTEX_POINT('',#4632);
#4632 = CARTESIAN_POINT('',(-1.51,0.875,0.2000001));
#4633 = B_SPLINE_CURVE_WITH_KNOTS('',1,(#4634,#4635),.UNSPECIFIED.,.F.,
  .F.,(2,2),(-0.41,-0.4),.PIECEWISE_BEZIER_KNOTS.);
#4634 = CARTESIAN_POINT('',(-1.51,0.875,0.2000001));
#4635 = CARTESIAN_POINT('',(-1.5,0.875,0.2000001));
#4636 = ORIENTED_EDGE('',*,*,#4637,.F.);
#4637 = EDGE_CURVE('',#4638,#4631,#4640,.T.);
#4638 = VERTEX_POINT('',#4639);
#4639 = CARTESIAN_POINT('',(-1.51,0.625,0.2000001));
#4640 = B_SPLINE_CURVE_WITH_KNOTS('',1,(#4641,#4642),.UNSPECIFIED.,.F.,
  .F.,(2,2),(-0.25,0.),.PIECEWISE_BEZIER_KNOTS.);
#4641 = CARTESIAN_POINT('',(-1.51,0.625,0.2000001));
#4642 = CARTESIAN_POINT('',(-1.51,0.875,0.2000001));
#4643 = ORIENTED_EDGE('',*,*,#4644,.F.);
#4644 = EDGE_CURVE('',#1596,#4638,#4645,.T.);
#4645 = B_SPLINE_CURVE_WITH_KNOTS('',1,(#4646,#4647),.UNSPECIFIED.,.F.,
  .F.,(2,2),(0.4,0.41),.PIECEWISE_BEZIER_KNOTS.);
#4646 = CARTESIAN_POINT('',(-1.5,0.625,0.2000001));
#4647 = CARTESIAN_POINT('',(-1.51,0.625,0.2000001));
#4648 = B_SPLINE_SURFACE_WITH_KNOTS('',1,1,(
    (#4649,#4650)
    ,(#4651,#4652
  )),.UNSPECIFIED.,.F.,.F.,.F.,(2,2),(2,2),(0.125,0.375),(1.5,1.51),
  .PIECEWISE_BEZIER_KNOTS.);
#4649 = CARTESIAN_POINT('',(-1.5,0.625,0.2000001));
#4650 = CARTESIAN_POINT('',(-1.51,0.625,0.2000001));
#4651 = CARTESIAN_POINT('',(-1.5,0.875,0.2000001));
#4652 = CARTESIAN_POINT('',(-1.51,0.875,0.2000001));
#4653 = ADVANCED_FACE('',(#4654),#4678,.T.);
#4654 = FACE_BOUND('',#4655,.T.);
#4655 = EDGE_LOOP('',(#4656,#4657,#4658,#4665,#4672,#4677));
#4656 = ORIENTED_EDGE('',*,*,#1602,.F.);
#4657 = ORIENTED_EDGE('',*,*,#4644,.T.);
#4658 = ORIENTED_EDGE('',*,*,#4659,.T.);
#4659 = EDGE_CURVE('',#4638,#4660,#4662,.T.);
#4660 = VERTEX_POINT('',#4661);
#4661 = CARTESIAN_POINT('',(-1.51,0.625,9.999999999941E-08));
#4662 = B_SPLINE_CURVE_WITH_KNOTS('',1,(#4663,#4664),.UNSPECIFIED.,.F.,
  .F.,(2,2),(0.,0.2),.PIECEWISE_BEZIER_KNOTS.);
#4663 = CARTESIAN_POINT('',(-1.51,0.625,0.2000001));
#4664 = CARTESIAN_POINT('',(-1.51,0.625,1.000000000098E-07));
#4665 = ORIENTED_EDGE('',*,*,#4666,.F.);
#4666 = EDGE_CURVE('',#4667,#4660,#4669,.T.);
#4667 = VERTEX_POINT('',#4668);
#4668 = CARTESIAN_POINT('',(-1.1,0.625,9.999999999941E-08));
#4669 = B_SPLINE_CURVE_WITH_KNOTS('',1,(#4670,#4671),.UNSPECIFIED.,.F.,
  .F.,(2,2),(0.,0.41),.PIECEWISE_BEZIER_KNOTS.);
#4670 = CARTESIAN_POINT('',(-1.1,0.625,9.999999999941E-08));
#4671 = CARTESIAN_POINT('',(-1.51,0.625,9.999999999941E-08));
#4672 = ORIENTED_EDGE('',*,*,#4673,.F.);
#4673 = EDGE_CURVE('',#1777,#4667,#4674,.T.);
#4674 = B_SPLINE_CURVE_WITH_KNOTS('',1,(#4675,#4676),.UNSPECIFIED.,.F.,
  .F.,(2,2),(0.18,0.2),.PIECEWISE_BEZIER_KNOTS.);
#4675 = CARTESIAN_POINT('',(-1.1,0.625,2.00001E-02));
#4676 = CARTESIAN_POINT('',(-1.1,0.625,1.000000000098E-07));
#4677 = ORIENTED_EDGE('',*,*,#1776,.F.);
#4678 = B_SPLINE_SURFACE_WITH_KNOTS('',1,1,(
    (#4679,#4680)
    ,(#4681,#4682
    )),.UNSPECIFIED.,.F.,.F.,.F.,(2,2),(2,2),(-0.41,0.),(-0.2,0.),
  .PIECEWISE_BEZIER_KNOTS.);
#4679 = CARTESIAN_POINT('',(-1.51,0.625,1.000000000098E-07));
#4680 = CARTESIAN_POINT('',(-1.51,0.625,0.2000001));
#4681 = CARTESIAN_POINT('',(-1.1,0.625,1.000000000098E-07));
#4682 = CARTESIAN_POINT('',(-1.1,0.625,0.2000001));
#4683 = ADVANCED_FACE('',(#4684),#4700,.T.);
#4684 = FACE_BOUND('',#4685,.T.);
#4685 = EDGE_LOOP('',(#4686,#4687,#4688,#4695));
#4686 = ORIENTED_EDGE('',*,*,#1783,.F.);
#4687 = ORIENTED_EDGE('',*,*,#4673,.T.);
#4688 = ORIENTED_EDGE('',*,*,#4689,.F.);
#4689 = EDGE_CURVE('',#4690,#4667,#4692,.T.);
#4690 = VERTEX_POINT('',#4691);
#4691 = CARTESIAN_POINT('',(-1.1,0.875,9.999999999941E-08));
#4692 = B_SPLINE_CURVE_WITH_KNOTS('',1,(#4693,#4694),.UNSPECIFIED.,.F.,
  .F.,(2,2),(0.,0.25),.PIECEWISE_BEZIER_KNOTS.);
#4693 = CARTESIAN_POINT('',(-1.1,0.875,9.999999999941E-08));
#4694 = CARTESIAN_POINT('',(-1.1,0.625,9.999999999941E-08));
#4695 = ORIENTED_EDGE('',*,*,#4696,.F.);
#4696 = EDGE_CURVE('',#1784,#4690,#4697,.T.);
#4697 = B_SPLINE_CURVE_WITH_KNOTS('',1,(#4698,#4699),.UNSPECIFIED.,.F.,
  .F.,(2,2),(0.18,0.2),.PIECEWISE_BEZIER_KNOTS.);
#4698 = CARTESIAN_POINT('',(-1.1,0.875,2.00001E-02));
#4699 = CARTESIAN_POINT('',(-1.1,0.875,1.000000000098E-07));
#4700 = B_SPLINE_SURFACE_WITH_KNOTS('',1,1,(
    (#4701,#4702)
    ,(#4703,#4704
    )),.UNSPECIFIED.,.F.,.F.,.F.,(2,2),(2,2),(-0.25,0.),(-0.2,-0.18),
  .PIECEWISE_BEZIER_KNOTS.);
#4701 = CARTESIAN_POINT('',(-1.1,0.625,1.000000000098E-07));
#4702 = CARTESIAN_POINT('',(-1.1,0.625,2.00001E-02));
#4703 = CARTESIAN_POINT('',(-1.1,0.875,1.000000000098E-07));
#4704 = CARTESIAN_POINT('',(-1.1,0.875,2.00001E-02));
#4705 = ADVANCED_FACE('',(#4706),#4724,.T.);
#4706 = FACE_BOUND('',#4707,.T.);
#4707 = EDGE_LOOP('',(#4708,#4709,#4710,#4711,#4718,#4723));
#4708 = ORIENTED_EDGE('',*,*,#1588,.F.);
#4709 = ORIENTED_EDGE('',*,*,#1790,.F.);
#4710 = ORIENTED_EDGE('',*,*,#4696,.T.);
#4711 = ORIENTED_EDGE('',*,*,#4712,.F.);
#4712 = EDGE_CURVE('',#4713,#4690,#4715,.T.);
#4713 = VERTEX_POINT('',#4714);
#4714 = CARTESIAN_POINT('',(-1.51,0.875,9.999999999941E-08));
#4715 = B_SPLINE_CURVE_WITH_KNOTS('',1,(#4716,#4717),.UNSPECIFIED.,.F.,
  .F.,(2,2),(-0.41,0.),.PIECEWISE_BEZIER_KNOTS.);
#4716 = CARTESIAN_POINT('',(-1.51,0.875,9.999999999941E-08));
#4717 = CARTESIAN_POINT('',(-1.1,0.875,9.999999999941E-08));
#4718 = ORIENTED_EDGE('',*,*,#4719,.F.);
#4719 = EDGE_CURVE('',#4631,#4713,#4720,.T.);
#4720 = B_SPLINE_CURVE_WITH_KNOTS('',1,(#4721,#4722),.UNSPECIFIED.,.F.,
  .F.,(2,2),(0.,0.2),.PIECEWISE_BEZIER_KNOTS.);
#4721 = CARTESIAN_POINT('',(-1.51,0.875,0.2000001));
#4722 = CARTESIAN_POINT('',(-1.51,0.875,1.000000000098E-07));
#4723 = ORIENTED_EDGE('',*,*,#4630,.T.);
#4724 = B_SPLINE_SURFACE_WITH_KNOTS('',1,1,(
    (#4725,#4726)
    ,(#4727,#4728
    )),.UNSPECIFIED.,.F.,.F.,.F.,(2,2),(2,2),(0.,0.41),(-0.2,0.),
  .PIECEWISE_BEZIER_KNOTS.);
#4725 = CARTESIAN_POINT('',(-1.1,0.875,1.000000000098E-07));
#4726 = CARTESIAN_POINT('',(-1.1,0.875,0.2000001));
#4727 = CARTESIAN_POINT('',(-1.51,0.875,1.000000000098E-07));
#4728 = CARTESIAN_POINT('',(-1.51,0.875,0.2000001));
#4729 = ADVANCED_FACE('',(#4730),#4740,.T.);
#4730 = FACE_BOUND('',#4731,.T.);
#4731 = EDGE_LOOP('',(#4732,#4733,#4738,#4739));
#4732 = ORIENTED_EDGE('',*,*,#4719,.T.);
#4733 = ORIENTED_EDGE('',*,*,#4734,.F.);
#4734 = EDGE_CURVE('',#4660,#4713,#4735,.T.);
#4735 = B_SPLINE_CURVE_WITH_KNOTS('',1,(#4736,#4737),.UNSPECIFIED.,.F.,
  .F.,(2,2),(-0.25,0.),.PIECEWISE_BEZIER_KNOTS.);
#4736 = CARTESIAN_POINT('',(-1.51,0.625,9.999999999941E-08));
#4737 = CARTESIAN_POINT('',(-1.51,0.875,9.999999999941E-08));
#4738 = ORIENTED_EDGE('',*,*,#4659,.F.);
#4739 = ORIENTED_EDGE('',*,*,#4637,.T.);
#4740 = B_SPLINE_SURFACE_WITH_KNOTS('',1,1,(
    (#4741,#4742)
    ,(#4743,#4744
    )),.UNSPECIFIED.,.F.,.F.,.F.,(2,2),(2,2),(0.,0.25),(-0.2,0.),
  .PIECEWISE_BEZIER_KNOTS.);
#4741 = CARTESIAN_POINT('',(-1.51,0.875,1.000000000098E-07));
#4742 = CARTESIAN_POINT('',(-1.51,0.875,0.2000001));
#4743 = CARTESIAN_POINT('',(-1.51,0.625,1.000000000098E-07));
#4744 = CARTESIAN_POINT('',(-1.51,0.625,0.2000001));
#4745 = ADVANCED_FACE('',(#4746),#4752,.F.);
#4746 = FACE_BOUND('',#4747,.T.);
#4747 = EDGE_LOOP('',(#4748,#4749,#4750,#4751));
#4748 = ORIENTED_EDGE('',*,*,#4666,.T.);
#4749 = ORIENTED_EDGE('',*,*,#4734,.T.);
#4750 = ORIENTED_EDGE('',*,*,#4712,.T.);
#4751 = ORIENTED_EDGE('',*,*,#4689,.T.);
#4752 = B_SPLINE_SURFACE_WITH_KNOTS('',1,1,(
    (#4753,#4754)
    ,(#4755,#4756
  )),.UNSPECIFIED.,.F.,.F.,.F.,(2,2),(2,2),(0.125,0.375),(1.1,1.51),
  .PIECEWISE_BEZIER_KNOTS.);
#4753 = CARTESIAN_POINT('',(-1.1,0.625,9.999999999941E-08));
#4754 = CARTESIAN_POINT('',(-1.51,0.625,9.999999999941E-08));
#4755 = CARTESIAN_POINT('',(-1.1,0.875,9.999999999941E-08));
#4756 = CARTESIAN_POINT('',(-1.51,0.875,9.999999999941E-08));
#4757 = ADVANCED_FACE('',(#4758),#4780,.T.);
#4758 = FACE_BOUND('',#4759,.T.);
#4759 = EDGE_LOOP('',(#4760,#4761,#4768,#4775));
#4760 = ORIENTED_EDGE('',*,*,#1651,.F.);
#4761 = ORIENTED_EDGE('',*,*,#4762,.F.);
#4762 = EDGE_CURVE('',#4763,#1645,#4765,.T.);
#4763 = VERTEX_POINT('',#4764);
#4764 = CARTESIAN_POINT('',(-1.51,-0.125,0.2000001));
#4765 = B_SPLINE_CURVE_WITH_KNOTS('',1,(#4766,#4767),.UNSPECIFIED.,.F.,
  .F.,(2,2),(-0.41,-0.4),.PIECEWISE_BEZIER_KNOTS.);
#4766 = CARTESIAN_POINT('',(-1.51,-0.125,0.2000001));
#4767 = CARTESIAN_POINT('',(-1.5,-0.125,0.2000001));
#4768 = ORIENTED_EDGE('',*,*,#4769,.F.);
#4769 = EDGE_CURVE('',#4770,#4763,#4772,.T.);
#4770 = VERTEX_POINT('',#4771);
#4771 = CARTESIAN_POINT('',(-1.51,-0.375,0.2000001));
#4772 = B_SPLINE_CURVE_WITH_KNOTS('',1,(#4773,#4774),.UNSPECIFIED.,.F.,
  .F.,(2,2),(-0.25,0.),.PIECEWISE_BEZIER_KNOTS.);
#4773 = CARTESIAN_POINT('',(-1.51,-0.375,0.2000001));
#4774 = CARTESIAN_POINT('',(-1.51,-0.125,0.2000001));
#4775 = ORIENTED_EDGE('',*,*,#4776,.F.);
#4776 = EDGE_CURVE('',#1652,#4770,#4777,.T.);
#4777 = B_SPLINE_CURVE_WITH_KNOTS('',1,(#4778,#4779),.UNSPECIFIED.,.F.,
  .F.,(2,2),(0.4,0.41),.PIECEWISE_BEZIER_KNOTS.);
#4778 = CARTESIAN_POINT('',(-1.5,-0.375,0.2000001));
#4779 = CARTESIAN_POINT('',(-1.51,-0.375,0.2000001));
#4780 = B_SPLINE_SURFACE_WITH_KNOTS('',1,1,(
    (#4781,#4782)
    ,(#4783,#4784
  )),.UNSPECIFIED.,.F.,.F.,.F.,(2,2),(2,2),(0.125,0.375),(1.5,1.51),
  .PIECEWISE_BEZIER_KNOTS.);
#4781 = CARTESIAN_POINT('',(-1.5,-0.375,0.2000001));
#4782 = CARTESIAN_POINT('',(-1.51,-0.375,0.2000001));
#4783 = CARTESIAN_POINT('',(-1.5,-0.125,0.2000001));
#4784 = CARTESIAN_POINT('',(-1.51,-0.125,0.2000001));
#4785 = ADVANCED_FACE('',(#4786),#4810,.T.);
#4786 = FACE_BOUND('',#4787,.T.);
#4787 = EDGE_LOOP('',(#4788,#4789,#4790,#4797,#4804,#4809));
#4788 = ORIENTED_EDGE('',*,*,#1658,.F.);
#4789 = ORIENTED_EDGE('',*,*,#4776,.T.);
#4790 = ORIENTED_EDGE('',*,*,#4791,.T.);
#4791 = EDGE_CURVE('',#4770,#4792,#4794,.T.);
#4792 = VERTEX_POINT('',#4793);
#4793 = CARTESIAN_POINT('',(-1.51,-0.375,9.999999999941E-08));
#4794 = B_SPLINE_CURVE_WITH_KNOTS('',1,(#4795,#4796),.UNSPECIFIED.,.F.,
  .F.,(2,2),(0.,0.2),.PIECEWISE_BEZIER_KNOTS.);
#4795 = CARTESIAN_POINT('',(-1.51,-0.375,0.2000001));
#4796 = CARTESIAN_POINT('',(-1.51,-0.375,1.000000000098E-07));
#4797 = ORIENTED_EDGE('',*,*,#4798,.F.);
#4798 = EDGE_CURVE('',#4799,#4792,#4801,.T.);
#4799 = VERTEX_POINT('',#4800);
#4800 = CARTESIAN_POINT('',(-1.1,-0.375,9.999999999941E-08));
#4801 = B_SPLINE_CURVE_WITH_KNOTS('',1,(#4802,#4803),.UNSPECIFIED.,.F.,
  .F.,(2,2),(0.,0.41),.PIECEWISE_BEZIER_KNOTS.);
#4802 = CARTESIAN_POINT('',(-1.1,-0.375,9.999999999941E-08));
#4803 = CARTESIAN_POINT('',(-1.51,-0.375,9.999999999941E-08));
#4804 = ORIENTED_EDGE('',*,*,#4805,.F.);
#4805 = EDGE_CURVE('',#1737,#4799,#4806,.T.);
#4806 = B_SPLINE_CURVE_WITH_KNOTS('',1,(#4807,#4808),.UNSPECIFIED.,.F.,
  .F.,(2,2),(0.18,0.2),.PIECEWISE_BEZIER_KNOTS.);
#4807 = CARTESIAN_POINT('',(-1.1,-0.375,2.00001E-02));
#4808 = CARTESIAN_POINT('',(-1.1,-0.375,1.000000000098E-07));
#4809 = ORIENTED_EDGE('',*,*,#1736,.F.);
#4810 = B_SPLINE_SURFACE_WITH_KNOTS('',1,1,(
    (#4811,#4812)
    ,(#4813,#4814
    )),.UNSPECIFIED.,.F.,.F.,.F.,(2,2),(2,2),(-0.41,0.),(-0.2,0.),
  .PIECEWISE_BEZIER_KNOTS.);
#4811 = CARTESIAN_POINT('',(-1.51,-0.375,1.000000000098E-07));
#4812 = CARTESIAN_POINT('',(-1.51,-0.375,0.2000001));
#4813 = CARTESIAN_POINT('',(-1.1,-0.375,1.000000000098E-07));
#4814 = CARTESIAN_POINT('',(-1.1,-0.375,0.2000001));
#4815 = ADVANCED_FACE('',(#4816),#4832,.T.);
#4816 = FACE_BOUND('',#4817,.T.);
#4817 = EDGE_LOOP('',(#4818,#4819,#4820,#4827));
#4818 = ORIENTED_EDGE('',*,*,#1743,.F.);
#4819 = ORIENTED_EDGE('',*,*,#4805,.T.);
#4820 = ORIENTED_EDGE('',*,*,#4821,.F.);
#4821 = EDGE_CURVE('',#4822,#4799,#4824,.T.);
#4822 = VERTEX_POINT('',#4823);
#4823 = CARTESIAN_POINT('',(-1.1,-0.125,9.999999999941E-08));
#4824 = B_SPLINE_CURVE_WITH_KNOTS('',1,(#4825,#4826),.UNSPECIFIED.,.F.,
  .F.,(2,2),(0.,0.25),.PIECEWISE_BEZIER_KNOTS.);
#4825 = CARTESIAN_POINT('',(-1.1,-0.125,9.999999999941E-08));
#4826 = CARTESIAN_POINT('',(-1.1,-0.375,9.999999999941E-08));
#4827 = ORIENTED_EDGE('',*,*,#4828,.F.);
#4828 = EDGE_CURVE('',#1744,#4822,#4829,.T.);
#4829 = B_SPLINE_CURVE_WITH_KNOTS('',1,(#4830,#4831),.UNSPECIFIED.,.F.,
  .F.,(2,2),(0.18,0.2),.PIECEWISE_BEZIER_KNOTS.);
#4830 = CARTESIAN_POINT('',(-1.1,-0.125,2.00001E-02));
#4831 = CARTESIAN_POINT('',(-1.1,-0.125,1.000000000098E-07));
#4832 = B_SPLINE_SURFACE_WITH_KNOTS('',1,1,(
    (#4833,#4834)
    ,(#4835,#4836
    )),.UNSPECIFIED.,.F.,.F.,.F.,(2,2),(2,2),(-0.25,0.),(-0.2,-0.18),
  .PIECEWISE_BEZIER_KNOTS.);
#4833 = CARTESIAN_POINT('',(-1.1,-0.375,1.000000000098E-07));
#4834 = CARTESIAN_POINT('',(-1.1,-0.375,2.00001E-02));
#4835 = CARTESIAN_POINT('',(-1.1,-0.125,1.000000000098E-07));
#4836 = CARTESIAN_POINT('',(-1.1,-0.125,2.00001E-02));
#4837 = ADVANCED_FACE('',(#4838),#4856,.T.);
#4838 = FACE_BOUND('',#4839,.T.);
#4839 = EDGE_LOOP('',(#4840,#4841,#4842,#4843,#4850,#4855));
#4840 = ORIENTED_EDGE('',*,*,#1644,.F.);
#4841 = ORIENTED_EDGE('',*,*,#1750,.F.);
#4842 = ORIENTED_EDGE('',*,*,#4828,.T.);
#4843 = ORIENTED_EDGE('',*,*,#4844,.F.);
#4844 = EDGE_CURVE('',#4845,#4822,#4847,.T.);
#4845 = VERTEX_POINT('',#4846);
#4846 = CARTESIAN_POINT('',(-1.51,-0.125,9.999999999941E-08));
#4847 = B_SPLINE_CURVE_WITH_KNOTS('',1,(#4848,#4849),.UNSPECIFIED.,.F.,
  .F.,(2,2),(-0.41,0.),.PIECEWISE_BEZIER_KNOTS.);
#4848 = CARTESIAN_POINT('',(-1.51,-0.125,9.999999999941E-08));
#4849 = CARTESIAN_POINT('',(-1.1,-0.125,9.999999999941E-08));
#4850 = ORIENTED_EDGE('',*,*,#4851,.F.);
#4851 = EDGE_CURVE('',#4763,#4845,#4852,.T.);
#4852 = B_SPLINE_CURVE_WITH_KNOTS('',1,(#4853,#4854),.UNSPECIFIED.,.F.,
  .F.,(2,2),(0.,0.2),.PIECEWISE_BEZIER_KNOTS.);
#4853 = CARTESIAN_POINT('',(-1.51,-0.125,0.2000001));
#4854 = CARTESIAN_POINT('',(-1.51,-0.125,1.000000000098E-07));
#4855 = ORIENTED_EDGE('',*,*,#4762,.T.);
#4856 = B_SPLINE_SURFACE_WITH_KNOTS('',1,1,(
    (#4857,#4858)
    ,(#4859,#4860
    )),.UNSPECIFIED.,.F.,.F.,.F.,(2,2),(2,2),(0.,0.41),(-0.2,0.),
  .PIECEWISE_BEZIER_KNOTS.);
#4857 = CARTESIAN_POINT('',(-1.1,-0.125,1.000000000098E-07));
#4858 = CARTESIAN_POINT('',(-1.1,-0.125,0.2000001));
#4859 = CARTESIAN_POINT('',(-1.51,-0.125,1.000000000098E-07));
#4860 = CARTESIAN_POINT('',(-1.51,-0.125,0.2000001));
#4861 = ADVANCED_FACE('',(#4862),#4872,.T.);
#4862 = FACE_BOUND('',#4863,.T.);
#4863 = EDGE_LOOP('',(#4864,#4865,#4870,#4871));
#4864 = ORIENTED_EDGE('',*,*,#4851,.T.);
#4865 = ORIENTED_EDGE('',*,*,#4866,.F.);
#4866 = EDGE_CURVE('',#4792,#4845,#4867,.T.);
#4867 = B_SPLINE_CURVE_WITH_KNOTS('',1,(#4868,#4869),.UNSPECIFIED.,.F.,
  .F.,(2,2),(-0.25,0.),.PIECEWISE_BEZIER_KNOTS.);
#4868 = CARTESIAN_POINT('',(-1.51,-0.375,9.999999999941E-08));
#4869 = CARTESIAN_POINT('',(-1.51,-0.125,9.999999999941E-08));
#4870 = ORIENTED_EDGE('',*,*,#4791,.F.);
#4871 = ORIENTED_EDGE('',*,*,#4769,.T.);
#4872 = B_SPLINE_SURFACE_WITH_KNOTS('',1,1,(
    (#4873,#4874)
    ,(#4875,#4876
    )),.UNSPECIFIED.,.F.,.F.,.F.,(2,2),(2,2),(0.,0.25),(-0.2,0.),
  .PIECEWISE_BEZIER_KNOTS.);
#4873 = CARTESIAN_POINT('',(-1.51,-0.125,1.000000000098E-07));
#4874 = CARTESIAN_POINT('',(-1.51,-0.125,0.2000001));
#4875 = CARTESIAN_POINT('',(-1.51,-0.375,1.000000000098E-07));
#4876 = CARTESIAN_POINT('',(-1.51,-0.375,0.2000001));
#4877 = ADVANCED_FACE('',(#4878),#4884,.F.);
#4878 = FACE_BOUND('',#4879,.T.);
#4879 = EDGE_LOOP('',(#4880,#4881,#4882,#4883));
#4880 = ORIENTED_EDGE('',*,*,#4798,.T.);
#4881 = ORIENTED_EDGE('',*,*,#4866,.T.);
#4882 = ORIENTED_EDGE('',*,*,#4844,.T.);
#4883 = ORIENTED_EDGE('',*,*,#4821,.T.);
#4884 = B_SPLINE_SURFACE_WITH_KNOTS('',1,1,(
    (#4885,#4886)
    ,(#4887,#4888
  )),.UNSPECIFIED.,.F.,.F.,.F.,(2,2),(2,2),(0.125,0.375),(1.1,1.51),
  .PIECEWISE_BEZIER_KNOTS.);
#4885 = CARTESIAN_POINT('',(-1.1,-0.375,9.999999999941E-08));
#4886 = CARTESIAN_POINT('',(-1.51,-0.375,9.999999999941E-08));
#4887 = CARTESIAN_POINT('',(-1.1,-0.125,9.999999999941E-08));
#4888 = CARTESIAN_POINT('',(-1.51,-0.125,9.999999999941E-08));
#4889 = ADVANCED_FACE('',(#4890),#4912,.T.);
#4890 = FACE_BOUND('',#4891,.T.);
#4891 = EDGE_LOOP('',(#4892,#4893,#4900,#4907));
#4892 = ORIENTED_EDGE('',*,*,#1545,.F.);
#4893 = ORIENTED_EDGE('',*,*,#4894,.F.);
#4894 = EDGE_CURVE('',#4895,#1546,#4897,.T.);
#4895 = VERTEX_POINT('',#4896);
#4896 = CARTESIAN_POINT('',(-1.51,-0.625,0.2000001));
#4897 = B_SPLINE_CURVE_WITH_KNOTS('',1,(#4898,#4899),.UNSPECIFIED.,.F.,
  .F.,(2,2),(-0.41,-0.4),.PIECEWISE_BEZIER_KNOTS.);
#4898 = CARTESIAN_POINT('',(-1.51,-0.625,0.2000001));
#4899 = CARTESIAN_POINT('',(-1.5,-0.625,0.2000001));
#4900 = ORIENTED_EDGE('',*,*,#4901,.F.);
#4901 = EDGE_CURVE('',#4902,#4895,#4904,.T.);
#4902 = VERTEX_POINT('',#4903);
#4903 = CARTESIAN_POINT('',(-1.51,-0.875,0.2000001));
#4904 = B_SPLINE_CURVE_WITH_KNOTS('',1,(#4905,#4906),.UNSPECIFIED.,.F.,
  .F.,(2,2),(-0.25,0.),.PIECEWISE_BEZIER_KNOTS.);
#4905 = CARTESIAN_POINT('',(-1.51,-0.875,0.2000001));
#4906 = CARTESIAN_POINT('',(-1.51,-0.625,0.2000001));
#4907 = ORIENTED_EDGE('',*,*,#4908,.F.);
#4908 = EDGE_CURVE('',#1548,#4902,#4909,.T.);
#4909 = B_SPLINE_CURVE_WITH_KNOTS('',1,(#4910,#4911),.UNSPECIFIED.,.F.,
  .F.,(2,2),(0.4,0.41),.PIECEWISE_BEZIER_KNOTS.);
#4910 = CARTESIAN_POINT('',(-1.5,-0.875,0.2000001));
#4911 = CARTESIAN_POINT('',(-1.51,-0.875,0.2000001));
#4912 = B_SPLINE_SURFACE_WITH_KNOTS('',1,1,(
    (#4913,#4914)
    ,(#4915,#4916
  )),.UNSPECIFIED.,.F.,.F.,.F.,(2,2),(2,2),(0.125,0.375),(1.5,1.51),
  .PIECEWISE_BEZIER_KNOTS.);
#4913 = CARTESIAN_POINT('',(-1.5,-0.875,0.2000001));
#4914 = CARTESIAN_POINT('',(-1.51,-0.875,0.2000001));
#4915 = CARTESIAN_POINT('',(-1.5,-0.625,0.2000001));
#4916 = CARTESIAN_POINT('',(-1.51,-0.625,0.2000001));
#4917 = ADVANCED_FACE('',(#4918),#4942,.T.);
#4918 = FACE_BOUND('',#4919,.T.);
#4919 = EDGE_LOOP('',(#4920,#4921,#4922,#4929,#4936,#4941));
#4920 = ORIENTED_EDGE('',*,*,#1554,.F.);
#4921 = ORIENTED_EDGE('',*,*,#4908,.T.);
#4922 = ORIENTED_EDGE('',*,*,#4923,.T.);
#4923 = EDGE_CURVE('',#4902,#4924,#4926,.T.);
#4924 = VERTEX_POINT('',#4925);
#4925 = CARTESIAN_POINT('',(-1.51,-0.875,9.999999999941E-08));
#4926 = B_SPLINE_CURVE_WITH_KNOTS('',1,(#4927,#4928),.UNSPECIFIED.,.F.,
  .F.,(2,2),(0.,0.2),.PIECEWISE_BEZIER_KNOTS.);
#4927 = CARTESIAN_POINT('',(-1.51,-0.875,0.2000001));
#4928 = CARTESIAN_POINT('',(-1.51,-0.875,1.000000000098E-07));
#4929 = ORIENTED_EDGE('',*,*,#4930,.F.);
#4930 = EDGE_CURVE('',#4931,#4924,#4933,.T.);
#4931 = VERTEX_POINT('',#4932);
#4932 = CARTESIAN_POINT('',(-1.1,-0.875,9.999999999941E-08));
#4933 = B_SPLINE_CURVE_WITH_KNOTS('',1,(#4934,#4935),.UNSPECIFIED.,.F.,
  .F.,(2,2),(0.,0.41),.PIECEWISE_BEZIER_KNOTS.);
#4934 = CARTESIAN_POINT('',(-1.1,-0.875,9.999999999941E-08));
#4935 = CARTESIAN_POINT('',(-1.51,-0.875,9.999999999941E-08));
#4936 = ORIENTED_EDGE('',*,*,#4937,.F.);
#4937 = EDGE_CURVE('',#1717,#4931,#4938,.T.);
#4938 = B_SPLINE_CURVE_WITH_KNOTS('',1,(#4939,#4940),.UNSPECIFIED.,.F.,
  .F.,(2,2),(0.18,0.2),.PIECEWISE_BEZIER_KNOTS.);
#4939 = CARTESIAN_POINT('',(-1.1,-0.875,2.00001E-02));
#4940 = CARTESIAN_POINT('',(-1.1,-0.875,1.000000000098E-07));
#4941 = ORIENTED_EDGE('',*,*,#1716,.F.);
#4942 = B_SPLINE_SURFACE_WITH_KNOTS('',1,1,(
    (#4943,#4944)
    ,(#4945,#4946
    )),.UNSPECIFIED.,.F.,.F.,.F.,(2,2),(2,2),(-0.41,0.),(-0.2,0.),
  .PIECEWISE_BEZIER_KNOTS.);
#4943 = CARTESIAN_POINT('',(-1.51,-0.875,1.000000000098E-07));
#4944 = CARTESIAN_POINT('',(-1.51,-0.875,0.2000001));
#4945 = CARTESIAN_POINT('',(-1.1,-0.875,1.000000000098E-07));
#4946 = CARTESIAN_POINT('',(-1.1,-0.875,0.2000001));
#4947 = ADVANCED_FACE('',(#4948),#4964,.T.);
#4948 = FACE_BOUND('',#4949,.T.);
#4949 = EDGE_LOOP('',(#4950,#4951,#4952,#4959));
#4950 = ORIENTED_EDGE('',*,*,#1723,.F.);
#4951 = ORIENTED_EDGE('',*,*,#4937,.T.);
#4952 = ORIENTED_EDGE('',*,*,#4953,.F.);
#4953 = EDGE_CURVE('',#4954,#4931,#4956,.T.);
#4954 = VERTEX_POINT('',#4955);
#4955 = CARTESIAN_POINT('',(-1.1,-0.625,9.999999999941E-08));
#4956 = B_SPLINE_CURVE_WITH_KNOTS('',1,(#4957,#4958),.UNSPECIFIED.,.F.,
  .F.,(2,2),(0.,0.25),.PIECEWISE_BEZIER_KNOTS.);
#4957 = CARTESIAN_POINT('',(-1.1,-0.625,9.999999999941E-08));
#4958 = CARTESIAN_POINT('',(-1.1,-0.875,9.999999999941E-08));
#4959 = ORIENTED_EDGE('',*,*,#4960,.F.);
#4960 = EDGE_CURVE('',#1724,#4954,#4961,.T.);
#4961 = B_SPLINE_CURVE_WITH_KNOTS('',1,(#4962,#4963),.UNSPECIFIED.,.F.,
  .F.,(2,2),(0.18,0.2),.PIECEWISE_BEZIER_KNOTS.);
#4962 = CARTESIAN_POINT('',(-1.1,-0.625,2.00001E-02));
#4963 = CARTESIAN_POINT('',(-1.1,-0.625,1.000000000098E-07));
#4964 = B_SPLINE_SURFACE_WITH_KNOTS('',1,1,(
    (#4965,#4966)
    ,(#4967,#4968
    )),.UNSPECIFIED.,.F.,.F.,.F.,(2,2),(2,2),(-0.25,0.),(-0.2,-0.18),
  .PIECEWISE_BEZIER_KNOTS.);
#4965 = CARTESIAN_POINT('',(-1.1,-0.875,1.000000000098E-07));
#4966 = CARTESIAN_POINT('',(-1.1,-0.875,2.00001E-02));
#4967 = CARTESIAN_POINT('',(-1.1,-0.625,1.000000000098E-07));
#4968 = CARTESIAN_POINT('',(-1.1,-0.625,2.00001E-02));
#4969 = ADVANCED_FACE('',(#4970),#4988,.T.);
#4970 = FACE_BOUND('',#4971,.T.);
#4971 = EDGE_LOOP('',(#4972,#4973,#4974,#4975,#4982,#4987));
#4972 = ORIENTED_EDGE('',*,*,#1672,.F.);
#4973 = ORIENTED_EDGE('',*,*,#1730,.F.);
#4974 = ORIENTED_EDGE('',*,*,#4960,.T.);
#4975 = ORIENTED_EDGE('',*,*,#4976,.F.);
#4976 = EDGE_CURVE('',#4977,#4954,#4979,.T.);
#4977 = VERTEX_POINT('',#4978);
#4978 = CARTESIAN_POINT('',(-1.51,-0.625,9.999999999941E-08));
#4979 = B_SPLINE_CURVE_WITH_KNOTS('',1,(#4980,#4981),.UNSPECIFIED.,.F.,
  .F.,(2,2),(-0.41,0.),.PIECEWISE_BEZIER_KNOTS.);
#4980 = CARTESIAN_POINT('',(-1.51,-0.625,9.999999999941E-08));
#4981 = CARTESIAN_POINT('',(-1.1,-0.625,9.999999999941E-08));
#4982 = ORIENTED_EDGE('',*,*,#4983,.F.);
#4983 = EDGE_CURVE('',#4895,#4977,#4984,.T.);
#4984 = B_SPLINE_CURVE_WITH_KNOTS('',1,(#4985,#4986),.UNSPECIFIED.,.F.,
  .F.,(2,2),(0.,0.2),.PIECEWISE_BEZIER_KNOTS.);
#4985 = CARTESIAN_POINT('',(-1.51,-0.625,0.2000001));
#4986 = CARTESIAN_POINT('',(-1.51,-0.625,1.000000000098E-07));
#4987 = ORIENTED_EDGE('',*,*,#4894,.T.);
#4988 = B_SPLINE_SURFACE_WITH_KNOTS('',1,1,(
    (#4989,#4990)
    ,(#4991,#4992
    )),.UNSPECIFIED.,.F.,.F.,.F.,(2,2),(2,2),(0.,0.41),(-0.2,0.),
  .PIECEWISE_BEZIER_KNOTS.);
#4989 = CARTESIAN_POINT('',(-1.1,-0.625,1.000000000098E-07));
#4990 = CARTESIAN_POINT('',(-1.1,-0.625,0.2000001));
#4991 = CARTESIAN_POINT('',(-1.51,-0.625,1.000000000098E-07));
#4992 = CARTESIAN_POINT('',(-1.51,-0.625,0.2000001));
#4993 = ADVANCED_FACE('',(#4994),#5004,.T.);
#4994 = FACE_BOUND('',#4995,.T.);
#4995 = EDGE_LOOP('',(#4996,#4997,#5002,#5003));
#4996 = ORIENTED_EDGE('',*,*,#4983,.T.);
#4997 = ORIENTED_EDGE('',*,*,#4998,.F.);
#4998 = EDGE_CURVE('',#4924,#4977,#4999,.T.);
#4999 = B_SPLINE_CURVE_WITH_KNOTS('',1,(#5000,#5001),.UNSPECIFIED.,.F.,
  .F.,(2,2),(-0.25,0.),.PIECEWISE_BEZIER_KNOTS.);
#5000 = CARTESIAN_POINT('',(-1.51,-0.875,9.999999999941E-08));
#5001 = CARTESIAN_POINT('',(-1.51,-0.625,9.999999999941E-08));
#5002 = ORIENTED_EDGE('',*,*,#4923,.F.);
#5003 = ORIENTED_EDGE('',*,*,#4901,.T.);
#5004 = B_SPLINE_SURFACE_WITH_KNOTS('',1,1,(
    (#5005,#5006)
    ,(#5007,#5008
    )),.UNSPECIFIED.,.F.,.F.,.F.,(2,2),(2,2),(0.,0.25),(-0.2,0.),
  .PIECEWISE_BEZIER_KNOTS.);
#5005 = CARTESIAN_POINT('',(-1.51,-0.625,1.000000000098E-07));
#5006 = CARTESIAN_POINT('',(-1.51,-0.625,0.2000001));
#5007 = CARTESIAN_POINT('',(-1.51,-0.875,1.000000000098E-07));
#5008 = CARTESIAN_POINT('',(-1.51,-0.875,0.2000001));
#5009 = ADVANCED_FACE('',(#5010),#5016,.F.);
#5010 = FACE_BOUND('',#5011,.T.);
#5011 = EDGE_LOOP('',(#5012,#5013,#5014,#5015));
#5012 = ORIENTED_EDGE('',*,*,#4930,.T.);
#5013 = ORIENTED_EDGE('',*,*,#4998,.T.);
#5014 = ORIENTED_EDGE('',*,*,#4976,.T.);
#5015 = ORIENTED_EDGE('',*,*,#4953,.T.);
#5016 = B_SPLINE_SURFACE_WITH_KNOTS('',1,1,(
    (#5017,#5018)
    ,(#5019,#5020
  )),.UNSPECIFIED.,.F.,.F.,.F.,(2,2),(2,2),(0.125,0.375),(1.1,1.51),
  .PIECEWISE_BEZIER_KNOTS.);
#5017 = CARTESIAN_POINT('',(-1.1,-0.875,9.999999999941E-08));
#5018 = CARTESIAN_POINT('',(-1.51,-0.875,9.999999999941E-08));
#5019 = CARTESIAN_POINT('',(-1.1,-0.625,9.999999999941E-08));
#5020 = CARTESIAN_POINT('',(-1.51,-0.625,9.999999999941E-08));
#5021 = ADVANCED_FACE('',(#5022),#5044,.F.);
#5022 = FACE_BOUND('',#5023,.T.);
#5023 = EDGE_LOOP('',(#5024,#5025,#5032,#5039));
#5024 = ORIENTED_EDGE('',*,*,#2352,.T.);
#5025 = ORIENTED_EDGE('',*,*,#5026,.F.);
#5026 = EDGE_CURVE('',#5027,#2355,#5029,.T.);
#5027 = VERTEX_POINT('',#5028);
#5028 = CARTESIAN_POINT('',(1.51,1.147918391292,8.95947065419E-02));
#5029 = B_SPLINE_CURVE_WITH_KNOTS('',1,(#5030,#5031),.UNSPECIFIED.,.F.,
  .F.,(2,2),(0.,1.E-02),.PIECEWISE_BEZIER_KNOTS.);
#5030 = CARTESIAN_POINT('',(1.51,1.147918391292,8.95947065419E-02));
#5031 = CARTESIAN_POINT('',(1.5,1.147918391292,8.95947065419E-02));
#5032 = ORIENTED_EDGE('',*,*,#5033,.F.);
#5033 = EDGE_CURVE('',#5034,#5027,#5036,.T.);
#5034 = VERTEX_POINT('',#5035);
#5035 = CARTESIAN_POINT('',(1.51,1.147918391292,0.174810016707));
#5036 = B_SPLINE_CURVE_WITH_KNOTS('',1,(#5037,#5038),.UNSPECIFIED.,.F.,
  .F.,(2,2),(-8.521531016555E-02,0.),.PIECEWISE_BEZIER_KNOTS.);
#5037 = CARTESIAN_POINT('',(1.51,1.147918391292,0.174810016707));
#5038 = CARTESIAN_POINT('',(1.51,1.147918391292,8.95947065419E-02));
#5039 = ORIENTED_EDGE('',*,*,#5040,.T.);
#5040 = EDGE_CURVE('',#5034,#2353,#5041,.T.);
#5041 = B_SPLINE_CURVE_WITH_KNOTS('',1,(#5042,#5043),.UNSPECIFIED.,.F.,
  .F.,(2,2),(0.,1.E-02),.PIECEWISE_BEZIER_KNOTS.);
#5042 = CARTESIAN_POINT('',(1.51,1.147918391292,0.174810016707));
#5043 = CARTESIAN_POINT('',(1.5,1.147918391292,0.174810016707));
#5044 = B_SPLINE_SURFACE_WITH_KNOTS('',1,1,(
    (#5045,#5046)
    ,(#5047,#5048
    )),.UNSPECIFIED.,.F.,.F.,.F.,(2,2),(2,2),(0.,1.E-02),(0.,
    8.521531016555E-02),.PIECEWISE_BEZIER_KNOTS.);
#5045 = CARTESIAN_POINT('',(1.51,1.147918391292,8.95947065419E-02));
#5046 = CARTESIAN_POINT('',(1.51,1.147918391292,0.174810016707));
#5047 = CARTESIAN_POINT('',(1.5,1.147918391292,8.95947065419E-02));
#5048 = CARTESIAN_POINT('',(1.5,1.147918391292,0.174810016707));
#5049 = ADVANCED_FACE('',(#5050),#5066,.F.);
#5050 = FACE_BOUND('',#5051,.T.);
#5051 = EDGE_LOOP('',(#5052,#5053,#5060,#5065));
#5052 = ORIENTED_EDGE('',*,*,#2375,.T.);
#5053 = ORIENTED_EDGE('',*,*,#5054,.F.);
#5054 = EDGE_CURVE('',#5055,#2369,#5057,.T.);
#5055 = VERTEX_POINT('',#5056);
#5056 = CARTESIAN_POINT('',(1.51,1.292128916188,8.95947065419E-02));
#5057 = B_SPLINE_CURVE_WITH_KNOTS('',1,(#5058,#5059),.UNSPECIFIED.,.F.,
  .F.,(2,2),(0.,1.000000000001E-02),.PIECEWISE_BEZIER_KNOTS.);
#5058 = CARTESIAN_POINT('',(1.51,1.292128916188,8.95947065419E-02));
#5059 = CARTESIAN_POINT('',(1.5,1.292128916188,8.95947065419E-02));
#5060 = ORIENTED_EDGE('',*,*,#5061,.F.);
#5061 = EDGE_CURVE('',#5027,#5055,#5062,.T.);
#5062 = B_SPLINE_CURVE_WITH_KNOTS('',1,(#5063,#5064),.UNSPECIFIED.,.F.,
  .F.,(2,2),(-0.144210524896,0.),.PIECEWISE_BEZIER_KNOTS.);
#5063 = CARTESIAN_POINT('',(1.51,1.147918391292,8.95947065419E-02));
#5064 = CARTESIAN_POINT('',(1.51,1.292128916188,8.95947065419E-02));
#5065 = ORIENTED_EDGE('',*,*,#5026,.T.);
#5066 = B_SPLINE_SURFACE_WITH_KNOTS('',1,1,(
    (#5067,#5068)
    ,(#5069,#5070
    )),.UNSPECIFIED.,.F.,.F.,.F.,(2,2),(2,2),(-1.000000000001E-02,0.),(
    -0.144210524896,3.491481338845E-17),.PIECEWISE_BEZIER_KNOTS.);
#5067 = CARTESIAN_POINT('',(1.5,1.147918391292,8.95947065419E-02));
#5068 = CARTESIAN_POINT('',(1.5,1.292128916188,8.95947065419E-02));
#5069 = CARTESIAN_POINT('',(1.51,1.147918391292,8.95947065419E-02));
#5070 = CARTESIAN_POINT('',(1.51,1.292128916188,8.95947065419E-02));
#5071 = ADVANCED_FACE('',(#5072),#5088,.F.);
#5072 = FACE_BOUND('',#5073,.T.);
#5073 = EDGE_LOOP('',(#5074,#5075,#5082,#5087));
#5074 = ORIENTED_EDGE('',*,*,#2368,.T.);
#5075 = ORIENTED_EDGE('',*,*,#5076,.F.);
#5076 = EDGE_CURVE('',#5077,#2362,#5079,.T.);
#5077 = VERTEX_POINT('',#5078);
#5078 = CARTESIAN_POINT('',(1.51,1.292128916188,0.174810016707));
#5079 = B_SPLINE_CURVE_WITH_KNOTS('',1,(#5080,#5081),.UNSPECIFIED.,.F.,
  .F.,(2,2),(0.,1.000000000001E-02),.PIECEWISE_BEZIER_KNOTS.);
#5080 = CARTESIAN_POINT('',(1.51,1.292128916188,0.174810016707));
#5081 = CARTESIAN_POINT('',(1.5,1.292128916188,0.174810016707));
#5082 = ORIENTED_EDGE('',*,*,#5083,.F.);
#5083 = EDGE_CURVE('',#5055,#5077,#5084,.T.);
#5084 = B_SPLINE_CURVE_WITH_KNOTS('',1,(#5085,#5086),.UNSPECIFIED.,.F.,
  .F.,(2,2),(0.,8.521531016555E-02),.PIECEWISE_BEZIER_KNOTS.);
#5085 = CARTESIAN_POINT('',(1.51,1.292128916188,8.95947065419E-02));
#5086 = CARTESIAN_POINT('',(1.51,1.292128916188,0.174810016707));
#5087 = ORIENTED_EDGE('',*,*,#5054,.T.);
#5088 = B_SPLINE_SURFACE_WITH_KNOTS('',1,1,(
    (#5089,#5090)
    ,(#5091,#5092
    )),.UNSPECIFIED.,.F.,.F.,.F.,(2,2),(2,2),(-1.000000000001E-02,0.),(
    0.,8.521531016555E-02),.PIECEWISE_BEZIER_KNOTS.);
#5089 = CARTESIAN_POINT('',(1.5,1.292128916188,8.95947065419E-02));
#5090 = CARTESIAN_POINT('',(1.5,1.292128916188,0.174810016707));
#5091 = CARTESIAN_POINT('',(1.51,1.292128916188,8.95947065419E-02));
#5092 = CARTESIAN_POINT('',(1.51,1.292128916188,0.174810016707));
#5093 = ADVANCED_FACE('',(#5094),#5104,.F.);
#5094 = FACE_BOUND('',#5095,.T.);
#5095 = EDGE_LOOP('',(#5096,#5097,#5098,#5103));
#5096 = ORIENTED_EDGE('',*,*,#2361,.T.);
#5097 = ORIENTED_EDGE('',*,*,#5040,.F.);
#5098 = ORIENTED_EDGE('',*,*,#5099,.F.);
#5099 = EDGE_CURVE('',#5077,#5034,#5100,.T.);
#5100 = B_SPLINE_CURVE_WITH_KNOTS('',1,(#5101,#5102),.UNSPECIFIED.,.F.,
  .F.,(2,2),(0.,0.144210524896),.PIECEWISE_BEZIER_KNOTS.);
#5101 = CARTESIAN_POINT('',(1.51,1.292128916188,0.174810016707));
#5102 = CARTESIAN_POINT('',(1.51,1.147918391292,0.174810016707));
#5103 = ORIENTED_EDGE('',*,*,#5076,.T.);
#5104 = B_SPLINE_SURFACE_WITH_KNOTS('',1,1,(
    (#5105,#5106)
    ,(#5107,#5108
    )),.UNSPECIFIED.,.F.,.F.,.F.,(2,2),(2,2),(0.,1.000000000001E-02),(
    -0.144210524896,3.491481338845E-17),.PIECEWISE_BEZIER_KNOTS.);
#5105 = CARTESIAN_POINT('',(1.51,1.147918391292,0.174810016707));
#5106 = CARTESIAN_POINT('',(1.51,1.292128916188,0.174810016707));
#5107 = CARTESIAN_POINT('',(1.5,1.147918391292,0.174810016707));
#5108 = CARTESIAN_POINT('',(1.5,1.292128916188,0.174810016707));
#5109 = ADVANCED_FACE('',(#5110),#5116,.T.);
#5110 = FACE_BOUND('',#5111,.T.);
#5111 = EDGE_LOOP('',(#5112,#5113,#5114,#5115));
#5112 = ORIENTED_EDGE('',*,*,#5033,.T.);
#5113 = ORIENTED_EDGE('',*,*,#5061,.T.);
#5114 = ORIENTED_EDGE('',*,*,#5083,.T.);
#5115 = ORIENTED_EDGE('',*,*,#5099,.T.);
#5116 = B_SPLINE_SURFACE_WITH_KNOTS('',1,1,(
    (#5117,#5118)
    ,(#5119,#5120
    )),.UNSPECIFIED.,.F.,.F.,.F.,(2,2),(2,2),(6.95946065419E-02,
    0.154809916707),(-1.292128916188,-1.147918391292),
  .PIECEWISE_BEZIER_KNOTS.);
#5117 = CARTESIAN_POINT('',(1.51,1.292128916188,8.95947065419E-02));
#5118 = CARTESIAN_POINT('',(1.51,1.147918391292,8.95947065419E-02));
#5119 = CARTESIAN_POINT('',(1.51,1.292128916188,0.174810016707));
#5120 = CARTESIAN_POINT('',(1.51,1.147918391292,0.174810016707));
#5121 = ADVANCED_FACE('',(#5122),#5144,.F.);
#5122 = FACE_BOUND('',#5123,.T.);
#5123 = EDGE_LOOP('',(#5124,#5125,#5132,#5139));
#5124 = ORIENTED_EDGE('',*,*,#2472,.T.);
#5125 = ORIENTED_EDGE('',*,*,#5126,.F.);
#5126 = EDGE_CURVE('',#5127,#2475,#5129,.T.);
#5127 = VERTEX_POINT('',#5128);
#5128 = CARTESIAN_POINT('',(1.51,-1.292128916188,8.95947065419E-02));
#5129 = B_SPLINE_CURVE_WITH_KNOTS('',1,(#5130,#5131),.UNSPECIFIED.,.F.,
  .F.,(2,2),(0.,9.999999999996E-03),.PIECEWISE_BEZIER_KNOTS.);
#5130 = CARTESIAN_POINT('',(1.51,-1.292128916188,8.95947065419E-02));
#5131 = CARTESIAN_POINT('',(1.5,-1.292128916188,8.95947065419E-02));
#5132 = ORIENTED_EDGE('',*,*,#5133,.F.);
#5133 = EDGE_CURVE('',#5134,#5127,#5136,.T.);
#5134 = VERTEX_POINT('',#5135);
#5135 = CARTESIAN_POINT('',(1.51,-1.292128916188,0.174810016707));
#5136 = B_SPLINE_CURVE_WITH_KNOTS('',1,(#5137,#5138),.UNSPECIFIED.,.F.,
  .F.,(2,2),(-8.521531016555E-02,0.),.PIECEWISE_BEZIER_KNOTS.);
#5137 = CARTESIAN_POINT('',(1.51,-1.292128916188,0.174810016707));
#5138 = CARTESIAN_POINT('',(1.51,-1.292128916188,8.95947065419E-02));
#5139 = ORIENTED_EDGE('',*,*,#5140,.T.);
#5140 = EDGE_CURVE('',#5134,#2473,#5141,.T.);
#5141 = B_SPLINE_CURVE_WITH_KNOTS('',1,(#5142,#5143),.UNSPECIFIED.,.F.,
  .F.,(2,2),(0.,1.E-02),.PIECEWISE_BEZIER_KNOTS.);
#5142 = CARTESIAN_POINT('',(1.51,-1.292128916188,0.174810016707));
#5143 = CARTESIAN_POINT('',(1.5,-1.292128916188,0.174810016707));
#5144 = B_SPLINE_SURFACE_WITH_KNOTS('',1,1,(
    (#5145,#5146)
    ,(#5147,#5148
    )),.UNSPECIFIED.,.F.,.F.,.F.,(2,2),(2,2),(0.,1.E-02),(0.,
    8.521531016555E-02),.PIECEWISE_BEZIER_KNOTS.);
#5145 = CARTESIAN_POINT('',(1.51,-1.292128916188,8.95947065419E-02));
#5146 = CARTESIAN_POINT('',(1.51,-1.292128916188,0.174810016707));
#5147 = CARTESIAN_POINT('',(1.5,-1.292128916188,8.95947065419E-02));
#5148 = CARTESIAN_POINT('',(1.5,-1.292128916188,0.174810016707));
#5149 = ADVANCED_FACE('',(#5150),#5166,.F.);
#5150 = FACE_BOUND('',#5151,.T.);
#5151 = EDGE_LOOP('',(#5152,#5153,#5160,#5165));
#5152 = ORIENTED_EDGE('',*,*,#2495,.T.);
#5153 = ORIENTED_EDGE('',*,*,#5154,.F.);
#5154 = EDGE_CURVE('',#5155,#2489,#5157,.T.);
#5155 = VERTEX_POINT('',#5156);
#5156 = CARTESIAN_POINT('',(1.51,-1.147918391292,8.95947065419E-02));
#5157 = B_SPLINE_CURVE_WITH_KNOTS('',1,(#5158,#5159),.UNSPECIFIED.,.F.,
  .F.,(2,2),(0.,9.999999999996E-03),.PIECEWISE_BEZIER_KNOTS.);
#5158 = CARTESIAN_POINT('',(1.51,-1.147918391292,8.95947065419E-02));
#5159 = CARTESIAN_POINT('',(1.5,-1.147918391292,8.95947065419E-02));
#5160 = ORIENTED_EDGE('',*,*,#5161,.F.);
#5161 = EDGE_CURVE('',#5127,#5155,#5162,.T.);
#5162 = B_SPLINE_CURVE_WITH_KNOTS('',1,(#5163,#5164),.UNSPECIFIED.,.F.,
  .F.,(2,2),(0.,0.144210524896),.PIECEWISE_BEZIER_KNOTS.);
#5163 = CARTESIAN_POINT('',(1.51,-1.292128916188,8.95947065419E-02));
#5164 = CARTESIAN_POINT('',(1.51,-1.147918391292,8.95947065419E-02));
#5165 = ORIENTED_EDGE('',*,*,#5126,.T.);
#5166 = B_SPLINE_SURFACE_WITH_KNOTS('',1,1,(
    (#5167,#5168)
    ,(#5169,#5170
    )),.UNSPECIFIED.,.F.,.F.,.F.,(2,2),(2,2),(-1.E-02,6.661338147751E-16
    ),(0.,0.144210524896),.PIECEWISE_BEZIER_KNOTS.);
#5167 = CARTESIAN_POINT('',(1.5,-1.292128916188,8.95947065419E-02));
#5168 = CARTESIAN_POINT('',(1.5,-1.147918391292,8.95947065419E-02));
#5169 = CARTESIAN_POINT('',(1.51,-1.292128916188,8.95947065419E-02));
#5170 = CARTESIAN_POINT('',(1.51,-1.147918391292,8.95947065419E-02));
#5171 = ADVANCED_FACE('',(#5172),#5188,.F.);
#5172 = FACE_BOUND('',#5173,.T.);
#5173 = EDGE_LOOP('',(#5174,#5175,#5182,#5187));
#5174 = ORIENTED_EDGE('',*,*,#2488,.T.);
#5175 = ORIENTED_EDGE('',*,*,#5176,.F.);
#5176 = EDGE_CURVE('',#5177,#2482,#5179,.T.);
#5177 = VERTEX_POINT('',#5178);
#5178 = CARTESIAN_POINT('',(1.51,-1.147918391292,0.174810016707));
#5179 = B_SPLINE_CURVE_WITH_KNOTS('',1,(#5180,#5181),.UNSPECIFIED.,.F.,
  .F.,(2,2),(0.,9.999999999996E-03),.PIECEWISE_BEZIER_KNOTS.);
#5180 = CARTESIAN_POINT('',(1.51,-1.147918391292,0.174810016707));
#5181 = CARTESIAN_POINT('',(1.5,-1.147918391292,0.174810016707));
#5182 = ORIENTED_EDGE('',*,*,#5183,.F.);
#5183 = EDGE_CURVE('',#5155,#5177,#5184,.T.);
#5184 = B_SPLINE_CURVE_WITH_KNOTS('',1,(#5185,#5186),.UNSPECIFIED.,.F.,
  .F.,(2,2),(0.,8.521531016555E-02),.PIECEWISE_BEZIER_KNOTS.);
#5185 = CARTESIAN_POINT('',(1.51,-1.147918391292,8.95947065419E-02));
#5186 = CARTESIAN_POINT('',(1.51,-1.147918391292,0.174810016707));
#5187 = ORIENTED_EDGE('',*,*,#5154,.T.);
#5188 = B_SPLINE_SURFACE_WITH_KNOTS('',1,1,(
    (#5189,#5190)
    ,(#5191,#5192
    )),.UNSPECIFIED.,.F.,.F.,.F.,(2,2),(2,2),(-1.E-02,0.),(0.,
    8.521531016555E-02),.PIECEWISE_BEZIER_KNOTS.);
#5189 = CARTESIAN_POINT('',(1.5,-1.147918391292,8.95947065419E-02));
#5190 = CARTESIAN_POINT('',(1.5,-1.147918391292,0.174810016707));
#5191 = CARTESIAN_POINT('',(1.51,-1.147918391292,8.95947065419E-02));
#5192 = CARTESIAN_POINT('',(1.51,-1.147918391292,0.174810016707));
#5193 = ADVANCED_FACE('',(#5194),#5204,.F.);
#5194 = FACE_BOUND('',#5195,.T.);
#5195 = EDGE_LOOP('',(#5196,#5197,#5198,#5203));
#5196 = ORIENTED_EDGE('',*,*,#2481,.T.);
#5197 = ORIENTED_EDGE('',*,*,#5140,.F.);
#5198 = ORIENTED_EDGE('',*,*,#5199,.F.);
#5199 = EDGE_CURVE('',#5177,#5134,#5200,.T.);
#5200 = B_SPLINE_CURVE_WITH_KNOTS('',1,(#5201,#5202),.UNSPECIFIED.,.F.,
  .F.,(2,2),(-0.144210524896,0.),.PIECEWISE_BEZIER_KNOTS.);
#5201 = CARTESIAN_POINT('',(1.51,-1.147918391292,0.174810016707));
#5202 = CARTESIAN_POINT('',(1.51,-1.292128916188,0.174810016707));
#5203 = ORIENTED_EDGE('',*,*,#5176,.T.);
#5204 = B_SPLINE_SURFACE_WITH_KNOTS('',1,1,(
    (#5205,#5206)
    ,(#5207,#5208
    )),.UNSPECIFIED.,.F.,.F.,.F.,(2,2),(2,2),(-6.661338147751E-16,1.E-02
    ),(0.,0.144210524896),.PIECEWISE_BEZIER_KNOTS.);
#5205 = CARTESIAN_POINT('',(1.51,-1.292128916188,0.174810016707));
#5206 = CARTESIAN_POINT('',(1.51,-1.147918391292,0.174810016707));
#5207 = CARTESIAN_POINT('',(1.5,-1.292128916188,0.174810016707));
#5208 = CARTESIAN_POINT('',(1.5,-1.147918391292,0.174810016707));
#5209 = ADVANCED_FACE('',(#5210),#5216,.F.);
#5210 = FACE_BOUND('',#5211,.T.);
#5211 = EDGE_LOOP('',(#5212,#5213,#5214,#5215));
#5212 = ORIENTED_EDGE('',*,*,#5133,.T.);
#5213 = ORIENTED_EDGE('',*,*,#5161,.T.);
#5214 = ORIENTED_EDGE('',*,*,#5183,.T.);
#5215 = ORIENTED_EDGE('',*,*,#5199,.T.);
#5216 = B_SPLINE_SURFACE_WITH_KNOTS('',1,1,(
    (#5217,#5218)
    ,(#5219,#5220
    )),.UNSPECIFIED.,.F.,.F.,.F.,(2,2),(2,2),(-0.154809916707,
    -6.95946065419E-02),(1.147918391292,1.292128916188),
  .PIECEWISE_BEZIER_KNOTS.);
#5217 = CARTESIAN_POINT('',(1.51,-1.147918391292,0.174810016707));
#5218 = CARTESIAN_POINT('',(1.51,-1.292128916188,0.174810016707));
#5219 = CARTESIAN_POINT('',(1.51,-1.147918391292,8.95947065419E-02));
#5220 = CARTESIAN_POINT('',(1.51,-1.292128916188,8.95947065419E-02));
#5221 = ADVANCED_FACE('',(#5222),#5244,.F.);
#5222 = FACE_BOUND('',#5223,.T.);
#5223 = EDGE_LOOP('',(#5224,#5225,#5232,#5239));
#5224 = ORIENTED_EDGE('',*,*,#2196,.T.);
#5225 = ORIENTED_EDGE('',*,*,#5226,.F.);
#5226 = EDGE_CURVE('',#5227,#2199,#5229,.T.);
#5227 = VERTEX_POINT('',#5228);
#5228 = CARTESIAN_POINT('',(1.147918391292,-1.51,8.95947065419E-02));
#5229 = B_SPLINE_CURVE_WITH_KNOTS('',1,(#5230,#5231),.UNSPECIFIED.,.F.,
  .F.,(2,2),(0.,1.E-02),.PIECEWISE_BEZIER_KNOTS.);
#5230 = CARTESIAN_POINT('',(1.147918391292,-1.51,8.95947065419E-02));
#5231 = CARTESIAN_POINT('',(1.147918391292,-1.5,8.95947065419E-02));
#5232 = ORIENTED_EDGE('',*,*,#5233,.F.);
#5233 = EDGE_CURVE('',#5234,#5227,#5236,.T.);
#5234 = VERTEX_POINT('',#5235);
#5235 = CARTESIAN_POINT('',(1.147918391292,-1.51,0.174810016707));
#5236 = B_SPLINE_CURVE_WITH_KNOTS('',1,(#5237,#5238),.UNSPECIFIED.,.F.,
  .F.,(2,2),(-8.521531016555E-02,0.),.PIECEWISE_BEZIER_KNOTS.);
#5237 = CARTESIAN_POINT('',(1.147918391292,-1.51,0.174810016707));
#5238 = CARTESIAN_POINT('',(1.147918391292,-1.51,8.95947065419E-02));
#5239 = ORIENTED_EDGE('',*,*,#5240,.T.);
#5240 = EDGE_CURVE('',#5234,#2197,#5241,.T.);
#5241 = B_SPLINE_CURVE_WITH_KNOTS('',1,(#5242,#5243),.UNSPECIFIED.,.F.,
  .F.,(2,2),(0.,1.E-02),.PIECEWISE_BEZIER_KNOTS.);
#5242 = CARTESIAN_POINT('',(1.147918391292,-1.51,0.174810016707));
#5243 = CARTESIAN_POINT('',(1.147918391292,-1.5,0.174810016707));
#5244 = B_SPLINE_SURFACE_WITH_KNOTS('',1,1,(
    (#5245,#5246)
    ,(#5247,#5248
    )),.UNSPECIFIED.,.F.,.F.,.F.,(2,2),(2,2),(-8.521531016555E-02,0.),(
    0.,1.E-02),.PIECEWISE_BEZIER_KNOTS.);
#5245 = CARTESIAN_POINT('',(1.147918391292,-1.51,0.174810016707));
#5246 = CARTESIAN_POINT('',(1.147918391292,-1.5,0.174810016707));
#5247 = CARTESIAN_POINT('',(1.147918391292,-1.51,8.95947065419E-02));
#5248 = CARTESIAN_POINT('',(1.147918391292,-1.5,8.95947065419E-02));
#5249 = ADVANCED_FACE('',(#5250),#5266,.F.);
#5250 = FACE_BOUND('',#5251,.T.);
#5251 = EDGE_LOOP('',(#5252,#5253,#5260,#5265));
#5252 = ORIENTED_EDGE('',*,*,#2219,.T.);
#5253 = ORIENTED_EDGE('',*,*,#5254,.F.);
#5254 = EDGE_CURVE('',#5255,#2213,#5257,.T.);
#5255 = VERTEX_POINT('',#5256);
#5256 = CARTESIAN_POINT('',(1.292128916188,-1.51,8.95947065419E-02));
#5257 = B_SPLINE_CURVE_WITH_KNOTS('',1,(#5258,#5259),.UNSPECIFIED.,.F.,
  .F.,(2,2),(0.,1.E-02),.PIECEWISE_BEZIER_KNOTS.);
#5258 = CARTESIAN_POINT('',(1.292128916188,-1.51,8.95947065419E-02));
#5259 = CARTESIAN_POINT('',(1.292128916188,-1.5,8.95947065419E-02));
#5260 = ORIENTED_EDGE('',*,*,#5261,.F.);
#5261 = EDGE_CURVE('',#5227,#5255,#5262,.T.);
#5262 = B_SPLINE_CURVE_WITH_KNOTS('',1,(#5263,#5264),.UNSPECIFIED.,.F.,
  .F.,(2,2),(-0.144210524896,0.),.PIECEWISE_BEZIER_KNOTS.);
#5263 = CARTESIAN_POINT('',(1.147918391292,-1.51,8.95947065419E-02));
#5264 = CARTESIAN_POINT('',(1.292128916188,-1.51,8.95947065419E-02));
#5265 = ORIENTED_EDGE('',*,*,#5226,.T.);
#5266 = B_SPLINE_SURFACE_WITH_KNOTS('',1,1,(
    (#5267,#5268)
    ,(#5269,#5270
    )),.UNSPECIFIED.,.F.,.F.,.F.,(2,2),(2,2),(-0.144210524896,0.),(0.,
    1.E-02),.PIECEWISE_BEZIER_KNOTS.);
#5267 = CARTESIAN_POINT('',(1.147918391292,-1.51,8.95947065419E-02));
#5268 = CARTESIAN_POINT('',(1.147918391292,-1.5,8.95947065419E-02));
#5269 = CARTESIAN_POINT('',(1.292128916188,-1.51,8.95947065419E-02));
#5270 = CARTESIAN_POINT('',(1.292128916188,-1.5,8.95947065419E-02));
#5271 = ADVANCED_FACE('',(#5272),#5288,.F.);
#5272 = FACE_BOUND('',#5273,.T.);
#5273 = EDGE_LOOP('',(#5274,#5275,#5282,#5287));
#5274 = ORIENTED_EDGE('',*,*,#2212,.T.);
#5275 = ORIENTED_EDGE('',*,*,#5276,.F.);
#5276 = EDGE_CURVE('',#5277,#2206,#5279,.T.);
#5277 = VERTEX_POINT('',#5278);
#5278 = CARTESIAN_POINT('',(1.292128916188,-1.51,0.174810016707));
#5279 = B_SPLINE_CURVE_WITH_KNOTS('',1,(#5280,#5281),.UNSPECIFIED.,.F.,
  .F.,(2,2),(0.,1.E-02),.PIECEWISE_BEZIER_KNOTS.);
#5280 = CARTESIAN_POINT('',(1.292128916188,-1.51,0.174810016707));
#5281 = CARTESIAN_POINT('',(1.292128916188,-1.5,0.174810016707));
#5282 = ORIENTED_EDGE('',*,*,#5283,.F.);
#5283 = EDGE_CURVE('',#5255,#5277,#5284,.T.);
#5284 = B_SPLINE_CURVE_WITH_KNOTS('',1,(#5285,#5286),.UNSPECIFIED.,.F.,
  .F.,(2,2),(0.,8.521531016555E-02),.PIECEWISE_BEZIER_KNOTS.);
#5285 = CARTESIAN_POINT('',(1.292128916188,-1.51,8.95947065419E-02));
#5286 = CARTESIAN_POINT('',(1.292128916188,-1.51,0.174810016707));
#5287 = ORIENTED_EDGE('',*,*,#5254,.T.);
#5288 = B_SPLINE_SURFACE_WITH_KNOTS('',1,1,(
    (#5289,#5290)
    ,(#5291,#5292
    )),.UNSPECIFIED.,.F.,.F.,.F.,(2,2),(2,2),(0.,8.521531016555E-02),(0.
    ,1.E-02),.PIECEWISE_BEZIER_KNOTS.);
#5289 = CARTESIAN_POINT('',(1.292128916188,-1.51,8.95947065419E-02));
#5290 = CARTESIAN_POINT('',(1.292128916188,-1.5,8.95947065419E-02));
#5291 = CARTESIAN_POINT('',(1.292128916188,-1.51,0.174810016707));
#5292 = CARTESIAN_POINT('',(1.292128916188,-1.5,0.174810016707));
#5293 = ADVANCED_FACE('',(#5294),#5304,.F.);
#5294 = FACE_BOUND('',#5295,.T.);
#5295 = EDGE_LOOP('',(#5296,#5297,#5298,#5303));
#5296 = ORIENTED_EDGE('',*,*,#2205,.T.);
#5297 = ORIENTED_EDGE('',*,*,#5240,.F.);
#5298 = ORIENTED_EDGE('',*,*,#5299,.F.);
#5299 = EDGE_CURVE('',#5277,#5234,#5300,.T.);
#5300 = B_SPLINE_CURVE_WITH_KNOTS('',1,(#5301,#5302),.UNSPECIFIED.,.F.,
  .F.,(2,2),(0.,0.144210524896),.PIECEWISE_BEZIER_KNOTS.);
#5301 = CARTESIAN_POINT('',(1.292128916188,-1.51,0.174810016707));
#5302 = CARTESIAN_POINT('',(1.147918391292,-1.51,0.174810016707));
#5303 = ORIENTED_EDGE('',*,*,#5276,.T.);
#5304 = B_SPLINE_SURFACE_WITH_KNOTS('',1,1,(
    (#5305,#5306)
    ,(#5307,#5308
    )),.UNSPECIFIED.,.F.,.F.,.F.,(2,2),(2,2),(0.,0.144210524896),(0.,
    1.E-02),.PIECEWISE_BEZIER_KNOTS.);
#5305 = CARTESIAN_POINT('',(1.292128916188,-1.51,0.174810016707));
#5306 = CARTESIAN_POINT('',(1.292128916188,-1.5,0.174810016707));
#5307 = CARTESIAN_POINT('',(1.147918391292,-1.51,0.174810016707));
#5308 = CARTESIAN_POINT('',(1.147918391292,-1.5,0.174810016707));
#5309 = ADVANCED_FACE('',(#5310),#5316,.T.);
#5310 = FACE_BOUND('',#5311,.T.);
#5311 = EDGE_LOOP('',(#5312,#5313,#5314,#5315));
#5312 = ORIENTED_EDGE('',*,*,#5233,.T.);
#5313 = ORIENTED_EDGE('',*,*,#5261,.T.);
#5314 = ORIENTED_EDGE('',*,*,#5283,.T.);
#5315 = ORIENTED_EDGE('',*,*,#5299,.T.);
#5316 = B_SPLINE_SURFACE_WITH_KNOTS('',1,1,(
    (#5317,#5318)
    ,(#5319,#5320
    )),.UNSPECIFIED.,.F.,.F.,.F.,(2,2),(2,2),(6.95946065419E-02,
    0.154809916707),(-1.292128916188,-1.147918391292),
  .PIECEWISE_BEZIER_KNOTS.);
#5317 = CARTESIAN_POINT('',(1.292128916188,-1.51,8.95947065419E-02));
#5318 = CARTESIAN_POINT('',(1.147918391292,-1.51,8.95947065419E-02));
#5319 = CARTESIAN_POINT('',(1.292128916188,-1.51,0.174810016707));
#5320 = CARTESIAN_POINT('',(1.147918391292,-1.51,0.174810016707));
#5321 = ADVANCED_FACE('',(#5322),#5344,.F.);
#5322 = FACE_BOUND('',#5323,.T.);
#5323 = EDGE_LOOP('',(#5324,#5325,#5332,#5339));
#5324 = ORIENTED_EDGE('',*,*,#2316,.T.);
#5325 = ORIENTED_EDGE('',*,*,#5326,.F.);
#5326 = EDGE_CURVE('',#5327,#2319,#5329,.T.);
#5327 = VERTEX_POINT('',#5328);
#5328 = CARTESIAN_POINT('',(-1.292128916188,-1.51,8.95947065419E-02));
#5329 = B_SPLINE_CURVE_WITH_KNOTS('',1,(#5330,#5331),.UNSPECIFIED.,.F.,
  .F.,(2,2),(0.,1.E-02),.PIECEWISE_BEZIER_KNOTS.);
#5330 = CARTESIAN_POINT('',(-1.292128916188,-1.51,8.95947065419E-02));
#5331 = CARTESIAN_POINT('',(-1.292128916188,-1.5,8.95947065419E-02));
#5332 = ORIENTED_EDGE('',*,*,#5333,.F.);
#5333 = EDGE_CURVE('',#5334,#5327,#5336,.T.);
#5334 = VERTEX_POINT('',#5335);
#5335 = CARTESIAN_POINT('',(-1.292128916188,-1.51,0.174810016707));
#5336 = B_SPLINE_CURVE_WITH_KNOTS('',1,(#5337,#5338),.UNSPECIFIED.,.F.,
  .F.,(2,2),(-8.521531016555E-02,0.),.PIECEWISE_BEZIER_KNOTS.);
#5337 = CARTESIAN_POINT('',(-1.292128916188,-1.51,0.174810016707));
#5338 = CARTESIAN_POINT('',(-1.292128916188,-1.51,8.95947065419E-02));
#5339 = ORIENTED_EDGE('',*,*,#5340,.T.);
#5340 = EDGE_CURVE('',#5334,#2317,#5341,.T.);
#5341 = B_SPLINE_CURVE_WITH_KNOTS('',1,(#5342,#5343),.UNSPECIFIED.,.F.,
  .F.,(2,2),(0.,1.E-02),.PIECEWISE_BEZIER_KNOTS.);
#5342 = CARTESIAN_POINT('',(-1.292128916188,-1.51,0.174810016707));
#5343 = CARTESIAN_POINT('',(-1.292128916188,-1.5,0.174810016707));
#5344 = B_SPLINE_SURFACE_WITH_KNOTS('',1,1,(
    (#5345,#5346)
    ,(#5347,#5348
    )),.UNSPECIFIED.,.F.,.F.,.F.,(2,2),(2,2),(-8.521531016555E-02,0.),(
    0.,1.E-02),.PIECEWISE_BEZIER_KNOTS.);
#5345 = CARTESIAN_POINT('',(-1.292128916188,-1.51,0.174810016707));
#5346 = CARTESIAN_POINT('',(-1.292128916188,-1.5,0.174810016707));
#5347 = CARTESIAN_POINT('',(-1.292128916188,-1.51,8.95947065419E-02));
#5348 = CARTESIAN_POINT('',(-1.292128916188,-1.5,8.95947065419E-02));
#5349 = ADVANCED_FACE('',(#5350),#5366,.F.);
#5350 = FACE_BOUND('',#5351,.T.);
#5351 = EDGE_LOOP('',(#5352,#5353,#5360,#5365));
#5352 = ORIENTED_EDGE('',*,*,#2339,.T.);
#5353 = ORIENTED_EDGE('',*,*,#5354,.F.);
#5354 = EDGE_CURVE('',#5355,#2333,#5357,.T.);
#5355 = VERTEX_POINT('',#5356);
#5356 = CARTESIAN_POINT('',(-1.147918391292,-1.51,8.95947065419E-02));
#5357 = B_SPLINE_CURVE_WITH_KNOTS('',1,(#5358,#5359),.UNSPECIFIED.,.F.,
  .F.,(2,2),(0.,1.E-02),.PIECEWISE_BEZIER_KNOTS.);
#5358 = CARTESIAN_POINT('',(-1.147918391292,-1.51,8.95947065419E-02));
#5359 = CARTESIAN_POINT('',(-1.147918391292,-1.5,8.95947065419E-02));
#5360 = ORIENTED_EDGE('',*,*,#5361,.F.);
#5361 = EDGE_CURVE('',#5327,#5355,#5362,.T.);
#5362 = B_SPLINE_CURVE_WITH_KNOTS('',1,(#5363,#5364),.UNSPECIFIED.,.F.,
  .F.,(2,2),(0.,0.144210524896),.PIECEWISE_BEZIER_KNOTS.);
#5363 = CARTESIAN_POINT('',(-1.292128916188,-1.51,8.95947065419E-02));
#5364 = CARTESIAN_POINT('',(-1.147918391292,-1.51,8.95947065419E-02));
#5365 = ORIENTED_EDGE('',*,*,#5326,.T.);
#5366 = B_SPLINE_SURFACE_WITH_KNOTS('',1,1,(
    (#5367,#5368)
    ,(#5369,#5370
    )),.UNSPECIFIED.,.F.,.F.,.F.,(2,2),(2,2),(0.,0.144210524896),(0.,
    1.E-02),.PIECEWISE_BEZIER_KNOTS.);
#5367 = CARTESIAN_POINT('',(-1.292128916188,-1.51,8.95947065419E-02));
#5368 = CARTESIAN_POINT('',(-1.292128916188,-1.5,8.95947065419E-02));
#5369 = CARTESIAN_POINT('',(-1.147918391292,-1.51,8.95947065419E-02));
#5370 = CARTESIAN_POINT('',(-1.147918391292,-1.5,8.95947065419E-02));
#5371 = ADVANCED_FACE('',(#5372),#5388,.F.);
#5372 = FACE_BOUND('',#5373,.T.);
#5373 = EDGE_LOOP('',(#5374,#5375,#5382,#5387));
#5374 = ORIENTED_EDGE('',*,*,#2332,.T.);
#5375 = ORIENTED_EDGE('',*,*,#5376,.F.);
#5376 = EDGE_CURVE('',#5377,#2326,#5379,.T.);
#5377 = VERTEX_POINT('',#5378);
#5378 = CARTESIAN_POINT('',(-1.147918391292,-1.51,0.174810016707));
#5379 = B_SPLINE_CURVE_WITH_KNOTS('',1,(#5380,#5381),.UNSPECIFIED.,.F.,
  .F.,(2,2),(0.,1.E-02),.PIECEWISE_BEZIER_KNOTS.);
#5380 = CARTESIAN_POINT('',(-1.147918391292,-1.51,0.174810016707));
#5381 = CARTESIAN_POINT('',(-1.147918391292,-1.5,0.174810016707));
#5382 = ORIENTED_EDGE('',*,*,#5383,.F.);
#5383 = EDGE_CURVE('',#5355,#5377,#5384,.T.);
#5384 = B_SPLINE_CURVE_WITH_KNOTS('',1,(#5385,#5386),.UNSPECIFIED.,.F.,
  .F.,(2,2),(0.,8.521531016555E-02),.PIECEWISE_BEZIER_KNOTS.);
#5385 = CARTESIAN_POINT('',(-1.147918391292,-1.51,8.95947065419E-02));
#5386 = CARTESIAN_POINT('',(-1.147918391292,-1.51,0.174810016707));
#5387 = ORIENTED_EDGE('',*,*,#5354,.T.);
#5388 = B_SPLINE_SURFACE_WITH_KNOTS('',1,1,(
    (#5389,#5390)
    ,(#5391,#5392
    )),.UNSPECIFIED.,.F.,.F.,.F.,(2,2),(2,2),(0.,8.521531016555E-02),(0.
    ,1.E-02),.PIECEWISE_BEZIER_KNOTS.);
#5389 = CARTESIAN_POINT('',(-1.147918391292,-1.51,8.95947065419E-02));
#5390 = CARTESIAN_POINT('',(-1.147918391292,-1.5,8.95947065419E-02));
#5391 = CARTESIAN_POINT('',(-1.147918391292,-1.51,0.174810016707));
#5392 = CARTESIAN_POINT('',(-1.147918391292,-1.5,0.174810016707));
#5393 = ADVANCED_FACE('',(#5394),#5404,.F.);
#5394 = FACE_BOUND('',#5395,.T.);
#5395 = EDGE_LOOP('',(#5396,#5397,#5398,#5403));
#5396 = ORIENTED_EDGE('',*,*,#2325,.T.);
#5397 = ORIENTED_EDGE('',*,*,#5340,.F.);
#5398 = ORIENTED_EDGE('',*,*,#5399,.F.);
#5399 = EDGE_CURVE('',#5377,#5334,#5400,.T.);
#5400 = B_SPLINE_CURVE_WITH_KNOTS('',1,(#5401,#5402),.UNSPECIFIED.,.F.,
  .F.,(2,2),(-0.144210524896,0.),.PIECEWISE_BEZIER_KNOTS.);
#5401 = CARTESIAN_POINT('',(-1.147918391292,-1.51,0.174810016707));
#5402 = CARTESIAN_POINT('',(-1.292128916188,-1.51,0.174810016707));
#5403 = ORIENTED_EDGE('',*,*,#5376,.T.);
#5404 = B_SPLINE_SURFACE_WITH_KNOTS('',1,1,(
    (#5405,#5406)
    ,(#5407,#5408
    )),.UNSPECIFIED.,.F.,.F.,.F.,(2,2),(2,2),(-0.144210524896,0.),(0.,
    1.E-02),.PIECEWISE_BEZIER_KNOTS.);
#5405 = CARTESIAN_POINT('',(-1.147918391292,-1.51,0.174810016707));
#5406 = CARTESIAN_POINT('',(-1.147918391292,-1.5,0.174810016707));
#5407 = CARTESIAN_POINT('',(-1.292128916188,-1.51,0.174810016707));
#5408 = CARTESIAN_POINT('',(-1.292128916188,-1.5,0.174810016707));
#5409 = ADVANCED_FACE('',(#5410),#5416,.F.);
#5410 = FACE_BOUND('',#5411,.T.);
#5411 = EDGE_LOOP('',(#5412,#5413,#5414,#5415));
#5412 = ORIENTED_EDGE('',*,*,#5333,.T.);
#5413 = ORIENTED_EDGE('',*,*,#5361,.T.);
#5414 = ORIENTED_EDGE('',*,*,#5383,.T.);
#5415 = ORIENTED_EDGE('',*,*,#5399,.T.);
#5416 = B_SPLINE_SURFACE_WITH_KNOTS('',1,1,(
    (#5417,#5418)
    ,(#5419,#5420
    )),.UNSPECIFIED.,.F.,.F.,.F.,(2,2),(2,2),(-0.154809916707,
    -6.95946065419E-02),(1.147918391292,1.292128916188),
  .PIECEWISE_BEZIER_KNOTS.);
#5417 = CARTESIAN_POINT('',(-1.147918391292,-1.51,0.174810016707));
#5418 = CARTESIAN_POINT('',(-1.292128916188,-1.51,0.174810016707));
#5419 = CARTESIAN_POINT('',(-1.147918391292,-1.51,8.95947065419E-02));
#5420 = CARTESIAN_POINT('',(-1.292128916188,-1.51,8.95947065419E-02));
#5421 = ADVANCED_FACE('',(#5422),#5444,.F.);
#5422 = FACE_BOUND('',#5423,.T.);
#5423 = EDGE_LOOP('',(#5424,#5425,#5432,#5439));
#5424 = ORIENTED_EDGE('',*,*,#1515,.T.);
#5425 = ORIENTED_EDGE('',*,*,#5426,.F.);
#5426 = EDGE_CURVE('',#5427,#1518,#5429,.T.);
#5427 = VERTEX_POINT('',#5428);
#5428 = CARTESIAN_POINT('',(-1.51,-1.147918391292,8.95947065419E-02));
#5429 = B_SPLINE_CURVE_WITH_KNOTS('',1,(#5430,#5431),.UNSPECIFIED.,.F.,
  .F.,(2,2),(0.,1.000000000001E-02),.PIECEWISE_BEZIER_KNOTS.);
#5430 = CARTESIAN_POINT('',(-1.51,-1.147918391292,8.95947065419E-02));
#5431 = CARTESIAN_POINT('',(-1.5,-1.147918391292,8.95947065419E-02));
#5432 = ORIENTED_EDGE('',*,*,#5433,.F.);
#5433 = EDGE_CURVE('',#5434,#5427,#5436,.T.);
#5434 = VERTEX_POINT('',#5435);
#5435 = CARTESIAN_POINT('',(-1.51,-1.147918391292,0.174810016707));
#5436 = B_SPLINE_CURVE_WITH_KNOTS('',1,(#5437,#5438),.UNSPECIFIED.,.F.,
  .F.,(2,2),(-8.521531016555E-02,0.),.PIECEWISE_BEZIER_KNOTS.);
#5437 = CARTESIAN_POINT('',(-1.51,-1.147918391292,0.174810016707));
#5438 = CARTESIAN_POINT('',(-1.51,-1.147918391292,8.95947065419E-02));
#5439 = ORIENTED_EDGE('',*,*,#5440,.T.);
#5440 = EDGE_CURVE('',#5434,#1516,#5441,.T.);
#5441 = B_SPLINE_CURVE_WITH_KNOTS('',1,(#5442,#5443),.UNSPECIFIED.,.F.,
  .F.,(2,2),(0.,1.E-02),.PIECEWISE_BEZIER_KNOTS.);
#5442 = CARTESIAN_POINT('',(-1.51,-1.147918391292,0.174810016707));
#5443 = CARTESIAN_POINT('',(-1.5,-1.147918391292,0.174810016707));
#5444 = B_SPLINE_SURFACE_WITH_KNOTS('',1,1,(
    (#5445,#5446)
    ,(#5447,#5448
    )),.UNSPECIFIED.,.F.,.F.,.F.,(2,2),(2,2),(0.,1.000000000001E-02),(0.
    ,8.521531016555E-02),.PIECEWISE_BEZIER_KNOTS.);
#5445 = CARTESIAN_POINT('',(-1.51,-1.147918391292,8.95947065419E-02));
#5446 = CARTESIAN_POINT('',(-1.51,-1.147918391292,0.174810016707));
#5447 = CARTESIAN_POINT('',(-1.5,-1.147918391292,8.95947065419E-02));
#5448 = CARTESIAN_POINT('',(-1.5,-1.147918391292,0.174810016707));
#5449 = ADVANCED_FACE('',(#5450),#5466,.F.);
#5450 = FACE_BOUND('',#5451,.T.);
#5451 = EDGE_LOOP('',(#5452,#5453,#5460,#5465));
#5452 = ORIENTED_EDGE('',*,*,#1538,.T.);
#5453 = ORIENTED_EDGE('',*,*,#5454,.F.);
#5454 = EDGE_CURVE('',#5455,#1532,#5457,.T.);
#5455 = VERTEX_POINT('',#5456);
#5456 = CARTESIAN_POINT('',(-1.51,-1.292128916188,8.95947065419E-02));
#5457 = B_SPLINE_CURVE_WITH_KNOTS('',1,(#5458,#5459),.UNSPECIFIED.,.F.,
  .F.,(2,2),(0.,1.000000000001E-02),.PIECEWISE_BEZIER_KNOTS.);
#5458 = CARTESIAN_POINT('',(-1.51,-1.292128916188,8.95947065419E-02));
#5459 = CARTESIAN_POINT('',(-1.5,-1.292128916188,8.95947065419E-02));
#5460 = ORIENTED_EDGE('',*,*,#5461,.F.);
#5461 = EDGE_CURVE('',#5427,#5455,#5462,.T.);
#5462 = B_SPLINE_CURVE_WITH_KNOTS('',1,(#5463,#5464),.UNSPECIFIED.,.F.,
  .F.,(2,2),(-0.144210524896,-0.),.PIECEWISE_BEZIER_KNOTS.);
#5463 = CARTESIAN_POINT('',(-1.51,-1.147918391292,8.95947065419E-02));
#5464 = CARTESIAN_POINT('',(-1.51,-1.292128916188,8.95947065419E-02));
#5465 = ORIENTED_EDGE('',*,*,#5426,.T.);
#5466 = B_SPLINE_SURFACE_WITH_KNOTS('',1,1,(
    (#5467,#5468)
    ,(#5469,#5470
    )),.UNSPECIFIED.,.F.,.F.,.F.,(2,2),(2,2),(0.,1.000000000001E-02),(
    -1.047444401654E-16,0.144210524896),.PIECEWISE_BEZIER_KNOTS.);
#5467 = CARTESIAN_POINT('',(-1.51,-1.292128916188,8.95947065419E-02));
#5468 = CARTESIAN_POINT('',(-1.51,-1.147918391292,8.95947065419E-02));
#5469 = CARTESIAN_POINT('',(-1.5,-1.292128916188,8.95947065419E-02));
#5470 = CARTESIAN_POINT('',(-1.5,-1.147918391292,8.95947065419E-02));
#5471 = ADVANCED_FACE('',(#5472),#5488,.F.);
#5472 = FACE_BOUND('',#5473,.T.);
#5473 = EDGE_LOOP('',(#5474,#5475,#5482,#5487));
#5474 = ORIENTED_EDGE('',*,*,#1531,.T.);
#5475 = ORIENTED_EDGE('',*,*,#5476,.F.);
#5476 = EDGE_CURVE('',#5477,#1525,#5479,.T.);
#5477 = VERTEX_POINT('',#5478);
#5478 = CARTESIAN_POINT('',(-1.51,-1.292128916188,0.174810016707));
#5479 = B_SPLINE_CURVE_WITH_KNOTS('',1,(#5480,#5481),.UNSPECIFIED.,.F.,
  .F.,(2,2),(0.,1.000000000001E-02),.PIECEWISE_BEZIER_KNOTS.);
#5480 = CARTESIAN_POINT('',(-1.51,-1.292128916188,0.174810016707));
#5481 = CARTESIAN_POINT('',(-1.5,-1.292128916188,0.174810016707));
#5482 = ORIENTED_EDGE('',*,*,#5483,.F.);
#5483 = EDGE_CURVE('',#5455,#5477,#5484,.T.);
#5484 = B_SPLINE_CURVE_WITH_KNOTS('',1,(#5485,#5486),.UNSPECIFIED.,.F.,
  .F.,(2,2),(0.,8.521531016555E-02),.PIECEWISE_BEZIER_KNOTS.);
#5485 = CARTESIAN_POINT('',(-1.51,-1.292128916188,8.95947065419E-02));
#5486 = CARTESIAN_POINT('',(-1.51,-1.292128916188,0.174810016707));
#5487 = ORIENTED_EDGE('',*,*,#5454,.T.);
#5488 = B_SPLINE_SURFACE_WITH_KNOTS('',1,1,(
    (#5489,#5490)
    ,(#5491,#5492
    )),.UNSPECIFIED.,.F.,.F.,.F.,(2,2),(2,2),(-1.000000000001E-02,0.),(
    0.,8.521531016555E-02),.PIECEWISE_BEZIER_KNOTS.);
#5489 = CARTESIAN_POINT('',(-1.5,-1.292128916188,8.95947065419E-02));
#5490 = CARTESIAN_POINT('',(-1.5,-1.292128916188,0.174810016707));
#5491 = CARTESIAN_POINT('',(-1.51,-1.292128916188,8.95947065419E-02));
#5492 = CARTESIAN_POINT('',(-1.51,-1.292128916188,0.174810016707));
#5493 = ADVANCED_FACE('',(#5494),#5504,.F.);
#5494 = FACE_BOUND('',#5495,.T.);
#5495 = EDGE_LOOP('',(#5496,#5497,#5498,#5503));
#5496 = ORIENTED_EDGE('',*,*,#1524,.T.);
#5497 = ORIENTED_EDGE('',*,*,#5440,.F.);
#5498 = ORIENTED_EDGE('',*,*,#5499,.F.);
#5499 = EDGE_CURVE('',#5477,#5434,#5500,.T.);
#5500 = B_SPLINE_CURVE_WITH_KNOTS('',1,(#5501,#5502),.UNSPECIFIED.,.F.,
  .F.,(2,2),(0.,0.144210524896),.PIECEWISE_BEZIER_KNOTS.);
#5501 = CARTESIAN_POINT('',(-1.51,-1.292128916188,0.174810016707));
#5502 = CARTESIAN_POINT('',(-1.51,-1.147918391292,0.174810016707));
#5503 = ORIENTED_EDGE('',*,*,#5476,.T.);
#5504 = B_SPLINE_SURFACE_WITH_KNOTS('',1,1,(
    (#5505,#5506)
    ,(#5507,#5508
    )),.UNSPECIFIED.,.F.,.F.,.F.,(2,2),(2,2),(-1.000000000001E-02,0.),(
    -1.047444401654E-16,0.144210524896),.PIECEWISE_BEZIER_KNOTS.);
#5505 = CARTESIAN_POINT('',(-1.5,-1.292128916188,0.174810016707));
#5506 = CARTESIAN_POINT('',(-1.5,-1.147918391292,0.174810016707));
#5507 = CARTESIAN_POINT('',(-1.51,-1.292128916188,0.174810016707));
#5508 = CARTESIAN_POINT('',(-1.51,-1.147918391292,0.174810016707));
#5509 = ADVANCED_FACE('',(#5510),#5516,.T.);
#5510 = FACE_BOUND('',#5511,.T.);
#5511 = EDGE_LOOP('',(#5512,#5513,#5514,#5515));
#5512 = ORIENTED_EDGE('',*,*,#5433,.T.);
#5513 = ORIENTED_EDGE('',*,*,#5461,.T.);
#5514 = ORIENTED_EDGE('',*,*,#5483,.T.);
#5515 = ORIENTED_EDGE('',*,*,#5499,.T.);
#5516 = B_SPLINE_SURFACE_WITH_KNOTS('',1,1,(
    (#5517,#5518)
    ,(#5519,#5520
    )),.UNSPECIFIED.,.F.,.F.,.F.,(2,2),(2,2),(6.95946065419E-02,
    0.154809916707),(-1.292128916188,-1.147918391292),
  .PIECEWISE_BEZIER_KNOTS.);
#5517 = CARTESIAN_POINT('',(-1.51,-1.292128916188,8.95947065419E-02));
#5518 = CARTESIAN_POINT('',(-1.51,-1.147918391292,8.95947065419E-02));
#5519 = CARTESIAN_POINT('',(-1.51,-1.292128916188,0.174810016707));
#5520 = CARTESIAN_POINT('',(-1.51,-1.147918391292,0.174810016707));
#5521 = ADVANCED_FACE('',(#5522),#5544,.F.);
#5522 = FACE_BOUND('',#5523,.T.);
#5523 = EDGE_LOOP('',(#5524,#5525,#5532,#5539));
#5524 = ORIENTED_EDGE('',*,*,#1679,.T.);
#5525 = ORIENTED_EDGE('',*,*,#5526,.F.);
#5526 = EDGE_CURVE('',#5527,#1682,#5529,.T.);
#5527 = VERTEX_POINT('',#5528);
#5528 = CARTESIAN_POINT('',(-1.51,1.292128916188,8.95947065419E-02));
#5529 = B_SPLINE_CURVE_WITH_KNOTS('',1,(#5530,#5531),.UNSPECIFIED.,.F.,
  .F.,(2,2),(0.,9.999999999987E-03),.PIECEWISE_BEZIER_KNOTS.);
#5530 = CARTESIAN_POINT('',(-1.51,1.292128916188,8.95947065419E-02));
#5531 = CARTESIAN_POINT('',(-1.5,1.292128916188,8.95947065419E-02));
#5532 = ORIENTED_EDGE('',*,*,#5533,.F.);
#5533 = EDGE_CURVE('',#5534,#5527,#5536,.T.);
#5534 = VERTEX_POINT('',#5535);
#5535 = CARTESIAN_POINT('',(-1.51,1.292128916188,0.174810016707));
#5536 = B_SPLINE_CURVE_WITH_KNOTS('',1,(#5537,#5538),.UNSPECIFIED.,.F.,
  .F.,(2,2),(-8.521531016555E-02,0.),.PIECEWISE_BEZIER_KNOTS.);
#5537 = CARTESIAN_POINT('',(-1.51,1.292128916188,0.174810016707));
#5538 = CARTESIAN_POINT('',(-1.51,1.292128916188,8.95947065419E-02));
#5539 = ORIENTED_EDGE('',*,*,#5540,.T.);
#5540 = EDGE_CURVE('',#5534,#1680,#5541,.T.);
#5541 = B_SPLINE_CURVE_WITH_KNOTS('',1,(#5542,#5543),.UNSPECIFIED.,.F.,
  .F.,(2,2),(0.,1.E-02),.PIECEWISE_BEZIER_KNOTS.);
#5542 = CARTESIAN_POINT('',(-1.51,1.292128916188,0.174810016707));
#5543 = CARTESIAN_POINT('',(-1.5,1.292128916188,0.174810016707));
#5544 = B_SPLINE_SURFACE_WITH_KNOTS('',1,1,(
    (#5545,#5546)
    ,(#5547,#5548
    )),.UNSPECIFIED.,.F.,.F.,.F.,(2,2),(2,2),(0.,1.E-02),(0.,
    8.521531016555E-02),.PIECEWISE_BEZIER_KNOTS.);
#5545 = CARTESIAN_POINT('',(-1.51,1.292128916188,8.95947065419E-02));
#5546 = CARTESIAN_POINT('',(-1.51,1.292128916188,0.174810016707));
#5547 = CARTESIAN_POINT('',(-1.5,1.292128916188,8.95947065419E-02));
#5548 = CARTESIAN_POINT('',(-1.5,1.292128916188,0.174810016707));
#5549 = ADVANCED_FACE('',(#5550),#5566,.F.);
#5550 = FACE_BOUND('',#5551,.T.);
#5551 = EDGE_LOOP('',(#5552,#5553,#5560,#5565));
#5552 = ORIENTED_EDGE('',*,*,#1702,.T.);
#5553 = ORIENTED_EDGE('',*,*,#5554,.F.);
#5554 = EDGE_CURVE('',#5555,#1696,#5557,.T.);
#5555 = VERTEX_POINT('',#5556);
#5556 = CARTESIAN_POINT('',(-1.51,1.147918391292,8.95947065419E-02));
#5557 = B_SPLINE_CURVE_WITH_KNOTS('',1,(#5558,#5559),.UNSPECIFIED.,.F.,
  .F.,(2,2),(0.,9.999999999988E-03),.PIECEWISE_BEZIER_KNOTS.);
#5558 = CARTESIAN_POINT('',(-1.51,1.147918391292,8.95947065419E-02));
#5559 = CARTESIAN_POINT('',(-1.5,1.147918391292,8.95947065419E-02));
#5560 = ORIENTED_EDGE('',*,*,#5561,.F.);
#5561 = EDGE_CURVE('',#5527,#5555,#5562,.T.);
#5562 = B_SPLINE_CURVE_WITH_KNOTS('',1,(#5563,#5564),.UNSPECIFIED.,.F.,
  .F.,(2,2),(0.,0.144210524896),.PIECEWISE_BEZIER_KNOTS.);
#5563 = CARTESIAN_POINT('',(-1.51,1.292128916188,8.95947065419E-02));
#5564 = CARTESIAN_POINT('',(-1.51,1.147918391292,8.95947065419E-02));
#5565 = ORIENTED_EDGE('',*,*,#5526,.T.);
#5566 = B_SPLINE_SURFACE_WITH_KNOTS('',1,1,(
    (#5567,#5568)
    ,(#5569,#5570
    )),.UNSPECIFIED.,.F.,.F.,.F.,(2,2),(2,2),(-1.510525069613E-15,1.E-02
    ),(-0.144210524896,0.),.PIECEWISE_BEZIER_KNOTS.);
#5567 = CARTESIAN_POINT('',(-1.51,1.147918391292,8.95947065419E-02));
#5568 = CARTESIAN_POINT('',(-1.51,1.292128916188,8.95947065419E-02));
#5569 = CARTESIAN_POINT('',(-1.5,1.147918391292,8.95947065419E-02));
#5570 = CARTESIAN_POINT('',(-1.5,1.292128916188,8.95947065419E-02));
#5571 = ADVANCED_FACE('',(#5572),#5588,.F.);
#5572 = FACE_BOUND('',#5573,.T.);
#5573 = EDGE_LOOP('',(#5574,#5575,#5582,#5587));
#5574 = ORIENTED_EDGE('',*,*,#1695,.T.);
#5575 = ORIENTED_EDGE('',*,*,#5576,.F.);
#5576 = EDGE_CURVE('',#5577,#1689,#5579,.T.);
#5577 = VERTEX_POINT('',#5578);
#5578 = CARTESIAN_POINT('',(-1.51,1.147918391292,0.174810016707));
#5579 = B_SPLINE_CURVE_WITH_KNOTS('',1,(#5580,#5581),.UNSPECIFIED.,.F.,
  .F.,(2,2),(0.,9.999999999988E-03),.PIECEWISE_BEZIER_KNOTS.);
#5580 = CARTESIAN_POINT('',(-1.51,1.147918391292,0.174810016707));
#5581 = CARTESIAN_POINT('',(-1.5,1.147918391292,0.174810016707));
#5582 = ORIENTED_EDGE('',*,*,#5583,.F.);
#5583 = EDGE_CURVE('',#5555,#5577,#5584,.T.);
#5584 = B_SPLINE_CURVE_WITH_KNOTS('',1,(#5585,#5586),.UNSPECIFIED.,.F.,
  .F.,(2,2),(0.,8.521531016555E-02),.PIECEWISE_BEZIER_KNOTS.);
#5585 = CARTESIAN_POINT('',(-1.51,1.147918391292,8.95947065419E-02));
#5586 = CARTESIAN_POINT('',(-1.51,1.147918391292,0.174810016707));
#5587 = ORIENTED_EDGE('',*,*,#5554,.T.);
#5588 = B_SPLINE_SURFACE_WITH_KNOTS('',1,1,(
    (#5589,#5590)
    ,(#5591,#5592
    )),.UNSPECIFIED.,.F.,.F.,.F.,(2,2),(2,2),(-1.E-02,0.),(0.,
    8.521531016555E-02),.PIECEWISE_BEZIER_KNOTS.);
#5589 = CARTESIAN_POINT('',(-1.5,1.147918391292,8.95947065419E-02));
#5590 = CARTESIAN_POINT('',(-1.5,1.147918391292,0.174810016707));
#5591 = CARTESIAN_POINT('',(-1.51,1.147918391292,8.95947065419E-02));
#5592 = CARTESIAN_POINT('',(-1.51,1.147918391292,0.174810016707));
#5593 = ADVANCED_FACE('',(#5594),#5604,.F.);
#5594 = FACE_BOUND('',#5595,.T.);
#5595 = EDGE_LOOP('',(#5596,#5597,#5598,#5603));
#5596 = ORIENTED_EDGE('',*,*,#1688,.T.);
#5597 = ORIENTED_EDGE('',*,*,#5540,.F.);
#5598 = ORIENTED_EDGE('',*,*,#5599,.F.);
#5599 = EDGE_CURVE('',#5577,#5534,#5600,.T.);
#5600 = B_SPLINE_CURVE_WITH_KNOTS('',1,(#5601,#5602),.UNSPECIFIED.,.F.,
  .F.,(2,2),(-0.144210524896,0.),.PIECEWISE_BEZIER_KNOTS.);
#5601 = CARTESIAN_POINT('',(-1.51,1.147918391292,0.174810016707));
#5602 = CARTESIAN_POINT('',(-1.51,1.292128916188,0.174810016707));
#5603 = ORIENTED_EDGE('',*,*,#5576,.T.);
#5604 = B_SPLINE_SURFACE_WITH_KNOTS('',1,1,(
    (#5605,#5606)
    ,(#5607,#5608
    )),.UNSPECIFIED.,.F.,.F.,.F.,(2,2),(2,2),(-1.E-02,1.510525069613E-15
    ),(-0.144210524896,0.),.PIECEWISE_BEZIER_KNOTS.);
#5605 = CARTESIAN_POINT('',(-1.5,1.147918391292,0.174810016707));
#5606 = CARTESIAN_POINT('',(-1.5,1.292128916188,0.174810016707));
#5607 = CARTESIAN_POINT('',(-1.51,1.147918391292,0.174810016707));
#5608 = CARTESIAN_POINT('',(-1.51,1.292128916188,0.174810016707));
#5609 = ADVANCED_FACE('',(#5610),#5616,.F.);
#5610 = FACE_BOUND('',#5611,.T.);
#5611 = EDGE_LOOP('',(#5612,#5613,#5614,#5615));
#5612 = ORIENTED_EDGE('',*,*,#5533,.T.);
#5613 = ORIENTED_EDGE('',*,*,#5561,.T.);
#5614 = ORIENTED_EDGE('',*,*,#5583,.T.);
#5615 = ORIENTED_EDGE('',*,*,#5599,.T.);
#5616 = B_SPLINE_SURFACE_WITH_KNOTS('',1,1,(
    (#5617,#5618)
    ,(#5619,#5620
    )),.UNSPECIFIED.,.F.,.F.,.F.,(2,2),(2,2),(-0.154809916707,
    -6.95946065419E-02),(1.147918391292,1.292128916188),
  .PIECEWISE_BEZIER_KNOTS.);
#5617 = CARTESIAN_POINT('',(-1.51,1.147918391292,0.174810016707));
#5618 = CARTESIAN_POINT('',(-1.51,1.292128916188,0.174810016707));
#5619 = CARTESIAN_POINT('',(-1.51,1.147918391292,8.95947065419E-02));
#5620 = CARTESIAN_POINT('',(-1.51,1.292128916188,8.95947065419E-02));
#5621 = ADVANCED_FACE('',(#5622),#5644,.F.);
#5622 = FACE_BOUND('',#5623,.T.);
#5623 = EDGE_LOOP('',(#5624,#5625,#5632,#5639));
#5624 = ORIENTED_EDGE('',*,*,#2153,.T.);
#5625 = ORIENTED_EDGE('',*,*,#5626,.F.);
#5626 = EDGE_CURVE('',#5627,#2156,#5629,.T.);
#5627 = VERTEX_POINT('',#5628);
#5628 = CARTESIAN_POINT('',(0.85,-0.85,9.999999999941E-08));
#5629 = B_SPLINE_CURVE_WITH_KNOTS('',1,(#5630,#5631),.UNSPECIFIED.,.F.,
  .F.,(2,2),(0.,2.E-02),.PIECEWISE_BEZIER_KNOTS.);
#5630 = CARTESIAN_POINT('',(0.85,-0.85,9.999999999941E-08));
#5631 = CARTESIAN_POINT('',(0.85,-0.85,2.00001E-02));
#5632 = ORIENTED_EDGE('',*,*,#5633,.F.);
#5633 = EDGE_CURVE('',#5634,#5627,#5636,.T.);
#5634 = VERTEX_POINT('',#5635);
#5635 = CARTESIAN_POINT('',(0.85,0.85,9.999999999941E-08));
#5636 = B_SPLINE_CURVE_WITH_KNOTS('',1,(#5637,#5638),.UNSPECIFIED.,.F.,
  .F.,(2,2),(0.,1.7),.PIECEWISE_BEZIER_KNOTS.);
#5637 = CARTESIAN_POINT('',(0.85,0.85,9.999999999941E-08));
#5638 = CARTESIAN_POINT('',(0.85,-0.85,9.999999999941E-08));
#5639 = ORIENTED_EDGE('',*,*,#5640,.T.);
#5640 = EDGE_CURVE('',#5634,#2154,#5641,.T.);
#5641 = B_SPLINE_CURVE_WITH_KNOTS('',1,(#5642,#5643),.UNSPECIFIED.,.F.,
  .F.,(2,2),(0.,2.E-02),.PIECEWISE_BEZIER_KNOTS.);
#5642 = CARTESIAN_POINT('',(0.85,0.85,9.999999999941E-08));
#5643 = CARTESIAN_POINT('',(0.85,0.85,2.00001E-02));
#5644 = B_SPLINE_SURFACE_WITH_KNOTS('',1,1,(
    (#5645,#5646)
    ,(#5647,#5648
    )),.UNSPECIFIED.,.F.,.F.,.F.,(2,2),(2,2),(0.,1.7),(0.,2.E-02),
  .PIECEWISE_BEZIER_KNOTS.);
#5645 = CARTESIAN_POINT('',(0.85,0.85,9.999999999941E-08));
#5646 = CARTESIAN_POINT('',(0.85,0.85,2.00001E-02));
#5647 = CARTESIAN_POINT('',(0.85,-0.85,9.999999999941E-08));
#5648 = CARTESIAN_POINT('',(0.85,-0.85,2.00001E-02));
#5649 = ADVANCED_FACE('',(#5650),#5666,.F.);
#5650 = FACE_BOUND('',#5651,.T.);
#5651 = EDGE_LOOP('',(#5652,#5653,#5660,#5665));
#5652 = ORIENTED_EDGE('',*,*,#2183,.T.);
#5653 = ORIENTED_EDGE('',*,*,#5654,.F.);
#5654 = EDGE_CURVE('',#5655,#2177,#5657,.T.);
#5655 = VERTEX_POINT('',#5656);
#5656 = CARTESIAN_POINT('',(-0.55,-0.85,9.999999999941E-08));
#5657 = B_SPLINE_CURVE_WITH_KNOTS('',1,(#5658,#5659),.UNSPECIFIED.,.F.,
  .F.,(2,2),(0.,2.E-02),.PIECEWISE_BEZIER_KNOTS.);
#5658 = CARTESIAN_POINT('',(-0.55,-0.85,9.999999999941E-08));
#5659 = CARTESIAN_POINT('',(-0.55,-0.85,2.00001E-02));
#5660 = ORIENTED_EDGE('',*,*,#5661,.F.);
#5661 = EDGE_CURVE('',#5627,#5655,#5662,.T.);
#5662 = B_SPLINE_CURVE_WITH_KNOTS('',1,(#5663,#5664),.UNSPECIFIED.,.F.,
  .F.,(2,2),(0.,1.4),.PIECEWISE_BEZIER_KNOTS.);
#5663 = CARTESIAN_POINT('',(0.85,-0.85,9.999999999941E-08));
#5664 = CARTESIAN_POINT('',(-0.55,-0.85,9.999999999941E-08));
#5665 = ORIENTED_EDGE('',*,*,#5626,.T.);
#5666 = B_SPLINE_SURFACE_WITH_KNOTS('',1,1,(
    (#5667,#5668)
    ,(#5669,#5670
    )),.UNSPECIFIED.,.F.,.F.,.F.,(2,2),(2,2),(0.,1.4),(0.,2.E-02),
  .PIECEWISE_BEZIER_KNOTS.);
#5667 = CARTESIAN_POINT('',(0.85,-0.85,9.999999999941E-08));
#5668 = CARTESIAN_POINT('',(0.85,-0.85,2.00001E-02));
#5669 = CARTESIAN_POINT('',(-0.55,-0.85,9.999999999941E-08));
#5670 = CARTESIAN_POINT('',(-0.55,-0.85,2.00001E-02));
#5671 = ADVANCED_FACE('',(#5672),#5688,.F.);
#5672 = FACE_BOUND('',#5673,.T.);
#5673 = EDGE_LOOP('',(#5674,#5675,#5682,#5687));
#5674 = ORIENTED_EDGE('',*,*,#2176,.T.);
#5675 = ORIENTED_EDGE('',*,*,#5676,.F.);
#5676 = EDGE_CURVE('',#5677,#2170,#5679,.T.);
#5677 = VERTEX_POINT('',#5678);
#5678 = CARTESIAN_POINT('',(-0.85,-0.55,9.999999999941E-08));
#5679 = B_SPLINE_CURVE_WITH_KNOTS('',1,(#5680,#5681),.UNSPECIFIED.,.F.,
  .F.,(2,2),(0.,2.E-02),.PIECEWISE_BEZIER_KNOTS.);
#5680 = CARTESIAN_POINT('',(-0.85,-0.55,9.999999999941E-08));
#5681 = CARTESIAN_POINT('',(-0.85,-0.55,2.00001E-02));
#5682 = ORIENTED_EDGE('',*,*,#5683,.F.);
#5683 = EDGE_CURVE('',#5655,#5677,#5684,.T.);
#5684 = B_SPLINE_CURVE_WITH_KNOTS('',1,(#5685,#5686),.UNSPECIFIED.,.F.,
  .F.,(2,2),(-0.424264068712,0.),.PIECEWISE_BEZIER_KNOTS.);
#5685 = CARTESIAN_POINT('',(-0.55,-0.85,9.999999999941E-08));
#5686 = CARTESIAN_POINT('',(-0.85,-0.55,9.999999999941E-08));
#5687 = ORIENTED_EDGE('',*,*,#5654,.T.);
#5688 = B_SPLINE_SURFACE_WITH_KNOTS('',1,1,(
    (#5689,#5690)
    ,(#5691,#5692
    )),.UNSPECIFIED.,.F.,.F.,.F.,(2,2),(2,2),(-0.424264068712,0.),(0.,
    2.E-02),.PIECEWISE_BEZIER_KNOTS.);
#5689 = CARTESIAN_POINT('',(-0.55,-0.85,9.999999999941E-08));
#5690 = CARTESIAN_POINT('',(-0.55,-0.85,2.00001E-02));
#5691 = CARTESIAN_POINT('',(-0.85,-0.55,9.999999999941E-08));
#5692 = CARTESIAN_POINT('',(-0.85,-0.55,2.00001E-02));
#5693 = ADVANCED_FACE('',(#5694),#5710,.F.);
#5694 = FACE_BOUND('',#5695,.T.);
#5695 = EDGE_LOOP('',(#5696,#5697,#5704,#5709));
#5696 = ORIENTED_EDGE('',*,*,#2169,.T.);
#5697 = ORIENTED_EDGE('',*,*,#5698,.F.);
#5698 = EDGE_CURVE('',#5699,#2163,#5701,.T.);
#5699 = VERTEX_POINT('',#5700);
#5700 = CARTESIAN_POINT('',(-0.85,0.85,9.999999999941E-08));
#5701 = B_SPLINE_CURVE_WITH_KNOTS('',1,(#5702,#5703),.UNSPECIFIED.,.F.,
  .F.,(2,2),(0.,2.E-02),.PIECEWISE_BEZIER_KNOTS.);
#5702 = CARTESIAN_POINT('',(-0.85,0.85,9.999999999941E-08));
#5703 = CARTESIAN_POINT('',(-0.85,0.85,2.00001E-02));
#5704 = ORIENTED_EDGE('',*,*,#5705,.F.);
#5705 = EDGE_CURVE('',#5677,#5699,#5706,.T.);
#5706 = B_SPLINE_CURVE_WITH_KNOTS('',1,(#5707,#5708),.UNSPECIFIED.,.F.,
  .F.,(2,2),(-1.4,0.),.PIECEWISE_BEZIER_KNOTS.);
#5707 = CARTESIAN_POINT('',(-0.85,-0.55,9.999999999941E-08));
#5708 = CARTESIAN_POINT('',(-0.85,0.85,9.999999999941E-08));
#5709 = ORIENTED_EDGE('',*,*,#5676,.T.);
#5710 = B_SPLINE_SURFACE_WITH_KNOTS('',1,1,(
    (#5711,#5712)
    ,(#5713,#5714
    )),.UNSPECIFIED.,.F.,.F.,.F.,(2,2),(2,2),(-1.4,0.),(0.,2.E-02),
  .PIECEWISE_BEZIER_KNOTS.);
#5711 = CARTESIAN_POINT('',(-0.85,-0.55,9.999999999941E-08));
#5712 = CARTESIAN_POINT('',(-0.85,-0.55,2.00001E-02));
#5713 = CARTESIAN_POINT('',(-0.85,0.85,9.999999999941E-08));
#5714 = CARTESIAN_POINT('',(-0.85,0.85,2.00001E-02));
#5715 = ADVANCED_FACE('',(#5716),#5726,.F.);
#5716 = FACE_BOUND('',#5717,.T.);
#5717 = EDGE_LOOP('',(#5718,#5719,#5720,#5725));
#5718 = ORIENTED_EDGE('',*,*,#2162,.T.);
#5719 = ORIENTED_EDGE('',*,*,#5640,.F.);
#5720 = ORIENTED_EDGE('',*,*,#5721,.F.);
#5721 = EDGE_CURVE('',#5699,#5634,#5722,.T.);
#5722 = B_SPLINE_CURVE_WITH_KNOTS('',1,(#5723,#5724),.UNSPECIFIED.,.F.,
  .F.,(2,2),(-1.7,0.),.PIECEWISE_BEZIER_KNOTS.);
#5723 = CARTESIAN_POINT('',(-0.85,0.85,9.999999999941E-08));
#5724 = CARTESIAN_POINT('',(0.85,0.85,9.999999999941E-08));
#5725 = ORIENTED_EDGE('',*,*,#5698,.T.);
#5726 = B_SPLINE_SURFACE_WITH_KNOTS('',1,1,(
    (#5727,#5728)
    ,(#5729,#5730
    )),.UNSPECIFIED.,.F.,.F.,.F.,(2,2),(2,2),(-2.E-02,0.),(-1.7,0.),
  .PIECEWISE_BEZIER_KNOTS.);
#5727 = CARTESIAN_POINT('',(-0.85,0.85,2.00001E-02));
#5728 = CARTESIAN_POINT('',(0.85,0.85,2.00001E-02));
#5729 = CARTESIAN_POINT('',(-0.85,0.85,9.999999999941E-08));
#5730 = CARTESIAN_POINT('',(0.85,0.85,9.999999999941E-08));
#5731 = ADVANCED_FACE('',(#5732),#5739,.T.);
#5732 = FACE_BOUND('',#5733,.T.);
#5733 = EDGE_LOOP('',(#5734,#5735,#5736,#5737,#5738));
#5734 = ORIENTED_EDGE('',*,*,#5633,.T.);
#5735 = ORIENTED_EDGE('',*,*,#5661,.T.);
#5736 = ORIENTED_EDGE('',*,*,#5683,.T.);
#5737 = ORIENTED_EDGE('',*,*,#5705,.T.);
#5738 = ORIENTED_EDGE('',*,*,#5721,.T.);
#5739 = B_SPLINE_SURFACE_WITH_KNOTS('',1,1,(
    (#5740,#5741)
    ,(#5742,#5743
    )),.UNSPECIFIED.,.F.,.F.,.F.,(2,2),(2,2),(-0.85,0.85),(-0.85,0.85),
  .PIECEWISE_BEZIER_KNOTS.);
#5740 = CARTESIAN_POINT('',(0.85,-0.85,9.999999999941E-08));
#5741 = CARTESIAN_POINT('',(0.85,0.85,9.999999999941E-08));
#5742 = CARTESIAN_POINT('',(-0.85,-0.85,9.999999999941E-08));
#5743 = CARTESIAN_POINT('',(-0.85,0.85,9.999999999941E-08));
#5744 = ADVANCED_FACE('',(#5745),#5767,.F.);
#5745 = FACE_BOUND('',#5746,.T.);
#5746 = EDGE_LOOP('',(#5747,#5748,#5755,#5762));
#5747 = ORIENTED_EDGE('',*,*,#772,.T.);
#5748 = ORIENTED_EDGE('',*,*,#5749,.F.);
#5749 = EDGE_CURVE('',#5750,#764,#5752,.T.);
#5750 = VERTEX_POINT('',#5751);
#5751 = CARTESIAN_POINT('',(-0.74957946979,1.157512003743,0.9300001));
#5752 = B_SPLINE_CURVE_WITH_KNOTS('',1,(#5753,#5754),.UNSPECIFIED.,.F.,
  .F.,(2,2),(-0.,1.E-02),.PIECEWISE_BEZIER_KNOTS.);
#5753 = CARTESIAN_POINT('',(-0.74957946979,1.157512003743,0.9300001));
#5754 = CARTESIAN_POINT('',(-0.74957946979,1.157512003743,0.9200001));
#5755 = ORIENTED_EDGE('',*,*,#5756,.F.);
#5756 = EDGE_CURVE('',#5757,#5750,#5759,.T.);
#5757 = VERTEX_POINT('',#5758);
#5758 = CARTESIAN_POINT('',(-0.74957946979,1.146777550751,0.9300001));
#5759 = B_SPLINE_CURVE_WITH_KNOTS('',1,(#5760,#5761),.UNSPECIFIED.,.F.,
  .F.,(2,2),(-1.073445299173E-02,0.),.PIECEWISE_BEZIER_KNOTS.);
#5760 = CARTESIAN_POINT('',(-0.74957946979,1.146777550751,0.9300001));
#5761 = CARTESIAN_POINT('',(-0.74957946979,1.157512003743,0.9300001));
#5762 = ORIENTED_EDGE('',*,*,#5763,.T.);
#5763 = EDGE_CURVE('',#5757,#773,#5764,.T.);
#5764 = B_SPLINE_CURVE_WITH_KNOTS('',1,(#5765,#5766),.UNSPECIFIED.,.F.,
  .F.,(2,2),(-0.,1.E-02),.PIECEWISE_BEZIER_KNOTS.);
#5765 = CARTESIAN_POINT('',(-0.74957946979,1.146777550751,0.9300001));
#5766 = CARTESIAN_POINT('',(-0.74957946979,1.146777550751,0.9200001));
#5767 = B_SPLINE_SURFACE_WITH_KNOTS('',1,1,(
    (#5768,#5769)
    ,(#5770,#5771)),.UNSPECIFIED.,.F.,.F.,.F.,(2,2),(2,2),(-1.E-02,0.),(
    -1.073445299173E-02,0.),.PIECEWISE_BEZIER_KNOTS.);
#5768 = CARTESIAN_POINT('',(-0.74957946979,1.146777550751,0.9200001));
#5769 = CARTESIAN_POINT('',(-0.74957946979,1.157512003743,0.9200001));
#5770 = CARTESIAN_POINT('',(-0.74957946979,1.146777550751,0.9300001));
#5771 = CARTESIAN_POINT('',(-0.74957946979,1.157512003743,0.9300001));
#5772 = ADVANCED_FACE('',(#5773),#5789,.F.);
#5773 = FACE_BOUND('',#5774,.T.);
#5774 = EDGE_LOOP('',(#5775,#5776,#5783,#5788));
#5775 = ORIENTED_EDGE('',*,*,#763,.T.);
#5776 = ORIENTED_EDGE('',*,*,#5777,.F.);
#5777 = EDGE_CURVE('',#5778,#766,#5780,.T.);
#5778 = VERTEX_POINT('',#5779);
#5779 = CARTESIAN_POINT('',(-0.787077850421,1.157512003743,0.9300001));
#5780 = B_SPLINE_CURVE_WITH_KNOTS('',1,(#5781,#5782),.UNSPECIFIED.,.F.,
  .F.,(2,2),(-0.,1.E-02),.PIECEWISE_BEZIER_KNOTS.);
#5781 = CARTESIAN_POINT('',(-0.787077850421,1.157512003743,0.9300001));
#5782 = CARTESIAN_POINT('',(-0.787077850421,1.157512003743,0.9200001));
#5783 = ORIENTED_EDGE('',*,*,#5784,.F.);
#5784 = EDGE_CURVE('',#5750,#5778,#5785,.T.);
#5785 = B_SPLINE_CURVE_WITH_KNOTS('',1,(#5786,#5787),.UNSPECIFIED.,.F.,
  .F.,(2,2),(-3.74983806307E-02,-0.),.PIECEWISE_BEZIER_KNOTS.);
#5786 = CARTESIAN_POINT('',(-0.74957946979,1.157512003743,0.9300001));
#5787 = CARTESIAN_POINT('',(-0.787077850421,1.157512003743,0.9300001));
#5788 = ORIENTED_EDGE('',*,*,#5749,.T.);
#5789 = B_SPLINE_SURFACE_WITH_KNOTS('',1,1,(
    (#5790,#5791)
    ,(#5792,#5793
    )),.UNSPECIFIED.,.F.,.F.,.F.,(2,2),(2,2),(0.,1.E-02),(0.,
    3.74983806307E-02),.PIECEWISE_BEZIER_KNOTS.);
#5790 = CARTESIAN_POINT('',(-0.787077850421,1.157512003743,0.9300001));
#5791 = CARTESIAN_POINT('',(-0.74957946979,1.157512003743,0.9300001));
#5792 = CARTESIAN_POINT('',(-0.787077850421,1.157512003743,0.9200001));
#5793 = CARTESIAN_POINT('',(-0.74957946979,1.157512003743,0.9200001));
#5794 = ADVANCED_FACE('',(#5795),#5811,.F.);
#5795 = FACE_BOUND('',#5796,.T.);
#5796 = EDGE_LOOP('',(#5797,#5798,#5805,#5810));
#5797 = ORIENTED_EDGE('',*,*,#800,.T.);
#5798 = ORIENTED_EDGE('',*,*,#5799,.F.);
#5799 = EDGE_CURVE('',#5800,#794,#5802,.T.);
#5800 = VERTEX_POINT('',#5801);
#5801 = CARTESIAN_POINT('',(-0.787077850421,1.240932663091,0.9300001));
#5802 = B_SPLINE_CURVE_WITH_KNOTS('',1,(#5803,#5804),.UNSPECIFIED.,.F.,
  .F.,(2,2),(-0.,1.E-02),.PIECEWISE_BEZIER_KNOTS.);
#5803 = CARTESIAN_POINT('',(-0.787077850421,1.240932663091,0.9300001));
#5804 = CARTESIAN_POINT('',(-0.787077850421,1.240932663091,0.9200001));
#5805 = ORIENTED_EDGE('',*,*,#5806,.F.);
#5806 = EDGE_CURVE('',#5778,#5800,#5807,.T.);
#5807 = B_SPLINE_CURVE_WITH_KNOTS('',1,(#5808,#5809),.UNSPECIFIED.,.F.,
  .F.,(2,2),(-8.342065934849E-02,0.),.PIECEWISE_BEZIER_KNOTS.);
#5808 = CARTESIAN_POINT('',(-0.787077850421,1.157512003743,0.9300001));
#5809 = CARTESIAN_POINT('',(-0.787077850421,1.240932663091,0.9300001));
#5810 = ORIENTED_EDGE('',*,*,#5777,.T.);
#5811 = B_SPLINE_SURFACE_WITH_KNOTS('',1,1,(
    (#5812,#5813)
    ,(#5814,#5815)),.UNSPECIFIED.,.F.,.F.,.F.,(2,2),(2,2),(-1.E-02,0.),(
    -8.342065934849E-02,0.),.PIECEWISE_BEZIER_KNOTS.);
#5812 = CARTESIAN_POINT('',(-0.787077850421,1.157512003743,0.9200001));
#5813 = CARTESIAN_POINT('',(-0.787077850421,1.240932663091,0.9200001));
#5814 = CARTESIAN_POINT('',(-0.787077850421,1.157512003743,0.9300001));
#5815 = CARTESIAN_POINT('',(-0.787077850421,1.240932663091,0.9300001));
#5816 = ADVANCED_FACE('',(#5817),#5833,.F.);
#5817 = FACE_BOUND('',#5818,.T.);
#5818 = EDGE_LOOP('',(#5819,#5820,#5827,#5832));
#5819 = ORIENTED_EDGE('',*,*,#793,.T.);
#5820 = ORIENTED_EDGE('',*,*,#5821,.F.);
#5821 = EDGE_CURVE('',#5822,#787,#5824,.T.);
#5822 = VERTEX_POINT('',#5823);
#5823 = CARTESIAN_POINT('',(-0.799232331947,1.240932663091,0.9300001));
#5824 = B_SPLINE_CURVE_WITH_KNOTS('',1,(#5825,#5826),.UNSPECIFIED.,.F.,
  .F.,(2,2),(-0.,1.E-02),.PIECEWISE_BEZIER_KNOTS.);
#5825 = CARTESIAN_POINT('',(-0.799232331947,1.240932663091,0.9300001));
#5826 = CARTESIAN_POINT('',(-0.799232331947,1.240932663091,0.9200001));
#5827 = ORIENTED_EDGE('',*,*,#5828,.F.);
#5828 = EDGE_CURVE('',#5800,#5822,#5829,.T.);
#5829 = B_SPLINE_CURVE_WITH_KNOTS('',1,(#5830,#5831),.UNSPECIFIED.,.F.,
  .F.,(2,2),(-1.21544815265E-02,-0.),.PIECEWISE_BEZIER_KNOTS.);
#5830 = CARTESIAN_POINT('',(-0.787077850421,1.240932663091,0.9300001));
#5831 = CARTESIAN_POINT('',(-0.799232331947,1.240932663091,0.9300001));
#5832 = ORIENTED_EDGE('',*,*,#5799,.T.);
#5833 = B_SPLINE_SURFACE_WITH_KNOTS('',1,1,(
    (#5834,#5835)
    ,(#5836,#5837
    )),.UNSPECIFIED.,.F.,.F.,.F.,(2,2),(2,2),(0.,1.E-02),(0.,
    1.21544815265E-02),.PIECEWISE_BEZIER_KNOTS.);
#5834 = CARTESIAN_POINT('',(-0.799232331947,1.240932663091,0.9300001));
#5835 = CARTESIAN_POINT('',(-0.787077850421,1.240932663091,0.9300001));
#5836 = CARTESIAN_POINT('',(-0.799232331947,1.240932663091,0.9200001));
#5837 = CARTESIAN_POINT('',(-0.787077850421,1.240932663091,0.9200001));
#5838 = ADVANCED_FACE('',(#5839),#5855,.F.);
#5839 = FACE_BOUND('',#5840,.T.);
#5840 = EDGE_LOOP('',(#5841,#5842,#5849,#5854));
#5841 = ORIENTED_EDGE('',*,*,#786,.T.);
#5842 = ORIENTED_EDGE('',*,*,#5843,.F.);
#5843 = EDGE_CURVE('',#5844,#780,#5846,.T.);
#5844 = VERTEX_POINT('',#5845);
#5845 = CARTESIAN_POINT('',(-0.799232331947,1.146777550751,0.9300001));
#5846 = B_SPLINE_CURVE_WITH_KNOTS('',1,(#5847,#5848),.UNSPECIFIED.,.F.,
  .F.,(2,2),(-0.,1.E-02),.PIECEWISE_BEZIER_KNOTS.);
#5847 = CARTESIAN_POINT('',(-0.799232331947,1.146777550751,0.9300001));
#5848 = CARTESIAN_POINT('',(-0.799232331947,1.146777550751,0.9200001));
#5849 = ORIENTED_EDGE('',*,*,#5850,.F.);
#5850 = EDGE_CURVE('',#5822,#5844,#5851,.T.);
#5851 = B_SPLINE_CURVE_WITH_KNOTS('',1,(#5852,#5853),.UNSPECIFIED.,.F.,
  .F.,(2,2),(-9.415511234022E-02,-0.),.PIECEWISE_BEZIER_KNOTS.);
#5852 = CARTESIAN_POINT('',(-0.799232331947,1.240932663091,0.9300001));
#5853 = CARTESIAN_POINT('',(-0.799232331947,1.146777550751,0.9300001));
#5854 = ORIENTED_EDGE('',*,*,#5821,.T.);
#5855 = B_SPLINE_SURFACE_WITH_KNOTS('',1,1,(
    (#5856,#5857)
    ,(#5858,#5859
    )),.UNSPECIFIED.,.F.,.F.,.F.,(2,2),(2,2),(0.,1.E-02),(0.,
    9.415511234022E-02),.PIECEWISE_BEZIER_KNOTS.);
#5856 = CARTESIAN_POINT('',(-0.799232331947,1.146777550751,0.9300001));
#5857 = CARTESIAN_POINT('',(-0.799232331947,1.240932663091,0.9300001));
#5858 = CARTESIAN_POINT('',(-0.799232331947,1.146777550751,0.9200001));
#5859 = CARTESIAN_POINT('',(-0.799232331947,1.240932663091,0.9200001));
#5860 = ADVANCED_FACE('',(#5861),#5871,.F.);
#5861 = FACE_BOUND('',#5862,.T.);
#5862 = EDGE_LOOP('',(#5863,#5864,#5865,#5870));
#5863 = ORIENTED_EDGE('',*,*,#779,.T.);
#5864 = ORIENTED_EDGE('',*,*,#5763,.F.);
#5865 = ORIENTED_EDGE('',*,*,#5866,.F.);
#5866 = EDGE_CURVE('',#5844,#5757,#5867,.T.);
#5867 = B_SPLINE_CURVE_WITH_KNOTS('',1,(#5868,#5869),.UNSPECIFIED.,.F.,
  .F.,(2,2),(-4.96528621572E-02,0.),.PIECEWISE_BEZIER_KNOTS.);
#5868 = CARTESIAN_POINT('',(-0.799232331947,1.146777550751,0.9300001));
#5869 = CARTESIAN_POINT('',(-0.74957946979,1.146777550751,0.9300001));
#5870 = ORIENTED_EDGE('',*,*,#5843,.T.);
#5871 = B_SPLINE_SURFACE_WITH_KNOTS('',1,1,(
    (#5872,#5873)
    ,(#5874,#5875)),.UNSPECIFIED.,.F.,.F.,.F.,(2,2),(2,2),(-1.E-02,0.),(
    -4.96528621572E-02,0.),.PIECEWISE_BEZIER_KNOTS.);
#5872 = CARTESIAN_POINT('',(-0.799232331947,1.146777550751,0.9200001));
#5873 = CARTESIAN_POINT('',(-0.74957946979,1.146777550751,0.9200001));
#5874 = CARTESIAN_POINT('',(-0.799232331947,1.146777550751,0.9300001));
#5875 = CARTESIAN_POINT('',(-0.74957946979,1.146777550751,0.9300001));
#5876 = ADVANCED_FACE('',(#5877),#5885,.F.);
#5877 = FACE_BOUND('',#5878,.T.);
#5878 = EDGE_LOOP('',(#5879,#5880,#5881,#5882,#5883,#5884));
#5879 = ORIENTED_EDGE('',*,*,#5756,.T.);
#5880 = ORIENTED_EDGE('',*,*,#5784,.T.);
#5881 = ORIENTED_EDGE('',*,*,#5806,.T.);
#5882 = ORIENTED_EDGE('',*,*,#5828,.T.);
#5883 = ORIENTED_EDGE('',*,*,#5850,.T.);
#5884 = ORIENTED_EDGE('',*,*,#5866,.T.);
#5885 = B_SPLINE_SURFACE_WITH_KNOTS('',1,1,(
    (#5886,#5887)
    ,(#5888,#5889
    )),.UNSPECIFIED.,.F.,.F.,.F.,(2,2),(2,2),(0.74957946979,
    0.799232331947),(1.146777550751,1.240932663091),
  .PIECEWISE_BEZIER_KNOTS.);
#5886 = CARTESIAN_POINT('',(-0.74957946979,1.146777550751,0.9300001));
#5887 = CARTESIAN_POINT('',(-0.74957946979,1.240932663091,0.9300001));
#5888 = CARTESIAN_POINT('',(-0.799232331947,1.146777550751,0.9300001));
#5889 = CARTESIAN_POINT('',(-0.799232331947,1.240932663091,0.9300001));
#5890 = ADVANCED_FACE('',(#5891),#5915,.F.);
#5891 = FACE_BOUND('',#5892,.F.);
#5892 = EDGE_LOOP('',(#5893,#5900,#5909,#5914));
#5893 = ORIENTED_EDGE('',*,*,#5894,.F.);
#5894 = EDGE_CURVE('',#5895,#817,#5897,.T.);
#5895 = VERTEX_POINT('',#5896);
#5896 = CARTESIAN_POINT('',(-0.701298499607,1.145189044255,0.9300001));
#5897 = B_SPLINE_CURVE_WITH_KNOTS('',1,(#5898,#5899),.UNSPECIFIED.,.F.,
  .F.,(2,2),(-0.,1.E-02),.PIECEWISE_BEZIER_KNOTS.);
#5898 = CARTESIAN_POINT('',(-0.701298499607,1.145189044255,0.9300001));
#5899 = CARTESIAN_POINT('',(-0.701298499607,1.145189044255,0.9200001));
#5900 = ORIENTED_EDGE('',*,*,#5901,.T.);
#5901 = EDGE_CURVE('',#5895,#5902,#5904,.T.);
#5902 = VERTEX_POINT('',#5903);
#5903 = CARTESIAN_POINT('',(-0.675232552096,1.150676612152,0.9300001));
#5904 = B_SPLINE_CURVE_WITH_KNOTS('',3,(#5905,#5906,#5907,#5908),
  .UNSPECIFIED.,.F.,.F.,(4,4),(0.,1.),.PIECEWISE_BEZIER_KNOTS.);
#5905 = CARTESIAN_POINT('',(-0.701298499607,1.145189044255,0.9300001));
#5906 = CARTESIAN_POINT('',(-0.690852865979,1.145189044255,0.9300001));
#5907 = CARTESIAN_POINT('',(-0.682164216808,1.147018233553,0.9300001));
#5908 = CARTESIAN_POINT('',(-0.675232552096,1.150676612152,0.9300001));
#5909 = ORIENTED_EDGE('',*,*,#5910,.T.);
#5910 = EDGE_CURVE('',#5902,#808,#5911,.T.);
#5911 = B_SPLINE_CURVE_WITH_KNOTS('',1,(#5912,#5913),.UNSPECIFIED.,.F.,
  .F.,(2,2),(-0.,1.E-02),.PIECEWISE_BEZIER_KNOTS.);
#5912 = CARTESIAN_POINT('',(-0.675232552096,1.150676612152,0.9300001));
#5913 = CARTESIAN_POINT('',(-0.675232552096,1.150676612152,0.9200001));
#5914 = ORIENTED_EDGE('',*,*,#816,.F.);
#5915 = B_SPLINE_SURFACE_WITH_KNOTS('',3,1,(
    (#5916,#5917)
    ,(#5918,#5919)
    ,(#5920,#5921)
    ,(#5922,#5923
    )),.UNSPECIFIED.,.F.,.F.,.F.,(4,4),(2,2),(0.,1.),(0.,1.),
  .PIECEWISE_BEZIER_KNOTS.);
#5916 = CARTESIAN_POINT('',(-0.701298499607,1.145189044255,0.9300001));
#5917 = CARTESIAN_POINT('',(-0.701298499607,1.145189044255,0.9200001));
#5918 = CARTESIAN_POINT('',(-0.690852865979,1.145189044255,0.9300001));
#5919 = CARTESIAN_POINT('',(-0.690852865979,1.145189044255,0.9200001));
#5920 = CARTESIAN_POINT('',(-0.682164216808,1.147018233553,0.9300001));
#5921 = CARTESIAN_POINT('',(-0.682164216808,1.147018233553,0.9200001));
#5922 = CARTESIAN_POINT('',(-0.675232552096,1.150676612152,0.9300001));
#5923 = CARTESIAN_POINT('',(-0.675232552096,1.150676612152,0.9200001));
#5924 = ADVANCED_FACE('',(#5925),#5941,.F.);
#5925 = FACE_BOUND('',#5926,.T.);
#5926 = EDGE_LOOP('',(#5927,#5928,#5935,#5940));
#5927 = ORIENTED_EDGE('',*,*,#807,.T.);
#5928 = ORIENTED_EDGE('',*,*,#5929,.F.);
#5929 = EDGE_CURVE('',#5930,#810,#5932,.T.);
#5930 = VERTEX_POINT('',#5931);
#5931 = CARTESIAN_POINT('',(-0.675232552096,1.162325659793,0.9300001));
#5932 = B_SPLINE_CURVE_WITH_KNOTS('',1,(#5933,#5934),.UNSPECIFIED.,.F.,
  .F.,(2,2),(-0.,1.E-02),.PIECEWISE_BEZIER_KNOTS.);
#5933 = CARTESIAN_POINT('',(-0.675232552096,1.162325659793,0.9300001));
#5934 = CARTESIAN_POINT('',(-0.675232552096,1.162325659793,0.9200001));
#5935 = ORIENTED_EDGE('',*,*,#5936,.F.);
#5936 = EDGE_CURVE('',#5902,#5930,#5937,.T.);
#5937 = B_SPLINE_CURVE_WITH_KNOTS('',1,(#5938,#5939),.UNSPECIFIED.,.F.,
  .F.,(2,2),(-1.164904764149E-02,0.),.PIECEWISE_BEZIER_KNOTS.);
#5938 = CARTESIAN_POINT('',(-0.675232552096,1.150676612152,0.9300001));
#5939 = CARTESIAN_POINT('',(-0.675232552096,1.162325659793,0.9300001));
#5940 = ORIENTED_EDGE('',*,*,#5910,.T.);
#5941 = B_SPLINE_SURFACE_WITH_KNOTS('',1,1,(
    (#5942,#5943)
    ,(#5944,#5945)),.UNSPECIFIED.,.F.,.F.,.F.,(2,2),(2,2),(-1.E-02,0.),(
    -1.164904764149E-02,0.),.PIECEWISE_BEZIER_KNOTS.);
#5942 = CARTESIAN_POINT('',(-0.675232552096,1.150676612152,0.9200001));
#5943 = CARTESIAN_POINT('',(-0.675232552096,1.162325659793,0.9200001));
#5944 = CARTESIAN_POINT('',(-0.675232552096,1.150676612152,0.9300001));
#5945 = CARTESIAN_POINT('',(-0.675232552096,1.162325659793,0.9300001));
#5946 = ADVANCED_FACE('',(#5947),#5965,.F.);
#5947 = FACE_BOUND('',#5948,.F.);
#5948 = EDGE_LOOP('',(#5949,#5950,#5959,#5964));
#5949 = ORIENTED_EDGE('',*,*,#5929,.F.);
#5950 = ORIENTED_EDGE('',*,*,#5951,.T.);
#5951 = EDGE_CURVE('',#5930,#5952,#5954,.T.);
#5952 = VERTEX_POINT('',#5953);
#5953 = CARTESIAN_POINT('',(-0.699541515149,1.156019770367,0.9300001));
#5954 = B_SPLINE_CURVE_WITH_KNOTS('',3,(#5955,#5956,#5957,#5958),
  .UNSPECIFIED.,.F.,.F.,(4,4),(12.,13.),.PIECEWISE_BEZIER_KNOTS.);
#5955 = CARTESIAN_POINT('',(-0.675232552096,1.162325659793,0.9300001));
#5956 = CARTESIAN_POINT('',(-0.682116080248,1.158137779029,0.9300001));
#5957 = CARTESIAN_POINT('',(-0.690227090692,1.156019770367,0.9300001));
#5958 = CARTESIAN_POINT('',(-0.699541515149,1.156019770367,0.9300001));
#5959 = ORIENTED_EDGE('',*,*,#5960,.T.);
#5960 = EDGE_CURVE('',#5952,#914,#5961,.T.);
#5961 = B_SPLINE_CURVE_WITH_KNOTS('',1,(#5962,#5963),.UNSPECIFIED.,.F.,
  .F.,(2,2),(-0.,1.E-02),.PIECEWISE_BEZIER_KNOTS.);
#5962 = CARTESIAN_POINT('',(-0.699541515149,1.156019770367,0.9300001));
#5963 = CARTESIAN_POINT('',(-0.699541515149,1.156019770367,0.9200001));
#5964 = ORIENTED_EDGE('',*,*,#922,.F.);
#5965 = B_SPLINE_SURFACE_WITH_KNOTS('',3,1,(
    (#5966,#5967)
    ,(#5968,#5969)
    ,(#5970,#5971)
    ,(#5972,#5973
    )),.UNSPECIFIED.,.F.,.F.,.F.,(4,4),(2,2),(12.,13.),(0.,1.),
  .PIECEWISE_BEZIER_KNOTS.);
#5966 = CARTESIAN_POINT('',(-0.675232552096,1.162325659793,0.9300001));
#5967 = CARTESIAN_POINT('',(-0.675232552096,1.162325659793,0.9200001));
#5968 = CARTESIAN_POINT('',(-0.682116080248,1.158137779029,0.9300001));
#5969 = CARTESIAN_POINT('',(-0.682116080248,1.158137779029,0.9200001));
#5970 = CARTESIAN_POINT('',(-0.690227090692,1.156019770367,0.9300001));
#5971 = CARTESIAN_POINT('',(-0.690227090692,1.156019770367,0.9200001));
#5972 = CARTESIAN_POINT('',(-0.699541515149,1.156019770367,0.9300001));
#5973 = CARTESIAN_POINT('',(-0.699541515149,1.156019770367,0.9200001));
#5974 = ADVANCED_FACE('',(#5975),#5993,.F.);
#5975 = FACE_BOUND('',#5976,.F.);
#5976 = EDGE_LOOP('',(#5977,#5978,#5987,#5992));
#5977 = ORIENTED_EDGE('',*,*,#5960,.F.);
#5978 = ORIENTED_EDGE('',*,*,#5979,.T.);
#5979 = EDGE_CURVE('',#5952,#5980,#5982,.T.);
#5980 = VERTEX_POINT('',#5981);
#5981 = CARTESIAN_POINT('',(-0.723730136801,1.165935901831,0.9300001));
#5982 = B_SPLINE_CURVE_WITH_KNOTS('',3,(#5983,#5984,#5985,#5986),
  .UNSPECIFIED.,.F.,.F.,(4,4),(11.,12.),.PIECEWISE_BEZIER_KNOTS.);
#5983 = CARTESIAN_POINT('',(-0.699541515149,1.156019770367,0.9300001));
#5984 = CARTESIAN_POINT('',(-0.709505783173,1.156019770367,0.9300001));
#5985 = CARTESIAN_POINT('',(-0.717568657057,1.159341193042,0.9300001));
#5986 = CARTESIAN_POINT('',(-0.723730136801,1.165935901831,0.9300001));
#5987 = ORIENTED_EDGE('',*,*,#5988,.T.);
#5988 = EDGE_CURVE('',#5980,#905,#5989,.T.);
#5989 = B_SPLINE_CURVE_WITH_KNOTS('',1,(#5990,#5991),.UNSPECIFIED.,.F.,
  .F.,(2,2),(-0.,1.E-02),.PIECEWISE_BEZIER_KNOTS.);
#5990 = CARTESIAN_POINT('',(-0.723730136801,1.165935901831,0.9300001));
#5991 = CARTESIAN_POINT('',(-0.723730136801,1.165935901831,0.9200001));
#5992 = ORIENTED_EDGE('',*,*,#913,.F.);
#5993 = B_SPLINE_SURFACE_WITH_KNOTS('',3,1,(
    (#5994,#5995)
    ,(#5996,#5997)
    ,(#5998,#5999)
    ,(#6000,#6001
    )),.UNSPECIFIED.,.F.,.F.,.F.,(4,4),(2,2),(11.,12.),(0.,1.),
  .PIECEWISE_BEZIER_KNOTS.);
#5994 = CARTESIAN_POINT('',(-0.699541515149,1.156019770367,0.9300001));
#5995 = CARTESIAN_POINT('',(-0.699541515149,1.156019770367,0.9200001));
#5996 = CARTESIAN_POINT('',(-0.709505783173,1.156019770367,0.9300001));
#5997 = CARTESIAN_POINT('',(-0.709505783173,1.156019770367,0.9200001));
#5998 = CARTESIAN_POINT('',(-0.717568657057,1.159341193042,0.9300001));
#5999 = CARTESIAN_POINT('',(-0.717568657057,1.159341193042,0.9200001));
#6000 = CARTESIAN_POINT('',(-0.723730136801,1.165935901831,0.9300001));
#6001 = CARTESIAN_POINT('',(-0.723730136801,1.165935901831,0.9200001));
#6002 = ADVANCED_FACE('',(#6003),#6021,.F.);
#6003 = FACE_BOUND('',#6004,.F.);
#6004 = EDGE_LOOP('',(#6005,#6006,#6015,#6020));
#6005 = ORIENTED_EDGE('',*,*,#5988,.F.);
#6006 = ORIENTED_EDGE('',*,*,#6007,.T.);
#6007 = EDGE_CURVE('',#5980,#6008,#6010,.T.);
#6008 = VERTEX_POINT('',#6009);
#6009 = CARTESIAN_POINT('',(-0.732972356417,1.192796102591,0.9300001));
#6010 = B_SPLINE_CURVE_WITH_KNOTS('',3,(#6011,#6012,#6013,#6014),
  .UNSPECIFIED.,.F.,.F.,(4,4),(10.,11.),.PIECEWISE_BEZIER_KNOTS.);
#6011 = CARTESIAN_POINT('',(-0.723730136801,1.165935901831,0.9300001));
#6012 = CARTESIAN_POINT('',(-0.729891616545,1.17257874718,0.9300001));
#6013 = CARTESIAN_POINT('',(-0.732972356417,1.181532147433,0.9300001));
#6014 = CARTESIAN_POINT('',(-0.732972356417,1.192796102591,0.9300001));
#6015 = ORIENTED_EDGE('',*,*,#6016,.T.);
#6016 = EDGE_CURVE('',#6008,#896,#6017,.T.);
#6017 = B_SPLINE_CURVE_WITH_KNOTS('',1,(#6018,#6019),.UNSPECIFIED.,.F.,
  .F.,(2,2),(-0.,1.E-02),.PIECEWISE_BEZIER_KNOTS.);
#6018 = CARTESIAN_POINT('',(-0.732972356417,1.192796102591,0.9300001));
#6019 = CARTESIAN_POINT('',(-0.732972356417,1.192796102591,0.9200001));
#6020 = ORIENTED_EDGE('',*,*,#904,.F.);
#6021 = B_SPLINE_SURFACE_WITH_KNOTS('',3,1,(
    (#6022,#6023)
    ,(#6024,#6025)
    ,(#6026,#6027)
    ,(#6028,#6029
    )),.UNSPECIFIED.,.F.,.F.,.F.,(4,4),(2,2),(10.,11.),(0.,1.),
  .PIECEWISE_BEZIER_KNOTS.);
#6022 = CARTESIAN_POINT('',(-0.723730136801,1.165935901831,0.9300001));
#6023 = CARTESIAN_POINT('',(-0.723730136801,1.165935901831,0.9200001));
#6024 = CARTESIAN_POINT('',(-0.729891616545,1.17257874718,0.9300001));
#6025 = CARTESIAN_POINT('',(-0.729891616545,1.17257874718,0.9200001));
#6026 = CARTESIAN_POINT('',(-0.732972356417,1.181532147433,0.9300001));
#6027 = CARTESIAN_POINT('',(-0.732972356417,1.181532147433,0.9200001));
#6028 = CARTESIAN_POINT('',(-0.732972356417,1.192796102591,0.9300001));
#6029 = CARTESIAN_POINT('',(-0.732972356417,1.192796102591,0.9200001));
#6030 = ADVANCED_FACE('',(#6031),#6049,.F.);
#6031 = FACE_BOUND('',#6032,.F.);
#6032 = EDGE_LOOP('',(#6033,#6034,#6043,#6048));
#6033 = ORIENTED_EDGE('',*,*,#6016,.F.);
#6034 = ORIENTED_EDGE('',*,*,#6035,.T.);
#6035 = EDGE_CURVE('',#6008,#6036,#6038,.T.);
#6036 = VERTEX_POINT('',#6037);
#6037 = CARTESIAN_POINT('',(-0.723080293234,1.221100400165,0.9300001));
#6038 = B_SPLINE_CURVE_WITH_KNOTS('',3,(#6039,#6040,#6041,#6042),
  .UNSPECIFIED.,.F.,.F.,(4,4),(9.,10.),.PIECEWISE_BEZIER_KNOTS.);
#6039 = CARTESIAN_POINT('',(-0.732972356417,1.192796102591,0.9300001));
#6040 = CARTESIAN_POINT('',(-0.732972356417,1.204637696474,0.9300001));
#6041 = CARTESIAN_POINT('',(-0.729675002023,1.214072462332,0.9300001));
#6042 = CARTESIAN_POINT('',(-0.723080293234,1.221100400165,0.9300001));
#6043 = ORIENTED_EDGE('',*,*,#6044,.T.);
#6044 = EDGE_CURVE('',#6036,#887,#6045,.T.);
#6045 = B_SPLINE_CURVE_WITH_KNOTS('',1,(#6046,#6047),.UNSPECIFIED.,.F.,
  .F.,(2,2),(-0.,1.E-02),.PIECEWISE_BEZIER_KNOTS.);
#6046 = CARTESIAN_POINT('',(-0.723080293234,1.221100400165,0.9300001));
#6047 = CARTESIAN_POINT('',(-0.723080293234,1.221100400165,0.9200001));
#6048 = ORIENTED_EDGE('',*,*,#895,.F.);
#6049 = B_SPLINE_SURFACE_WITH_KNOTS('',3,1,(
    (#6050,#6051)
    ,(#6052,#6053)
    ,(#6054,#6055)
    ,(#6056,#6057
    )),.UNSPECIFIED.,.F.,.F.,.F.,(4,4),(2,2),(9.,10.),(0.,1.),
  .PIECEWISE_BEZIER_KNOTS.);
#6050 = CARTESIAN_POINT('',(-0.732972356417,1.192796102591,0.9300001));
#6051 = CARTESIAN_POINT('',(-0.732972356417,1.192796102591,0.9200001));
#6052 = CARTESIAN_POINT('',(-0.732972356417,1.204637696474,0.9300001));
#6053 = CARTESIAN_POINT('',(-0.732972356417,1.204637696474,0.9200001));
#6054 = CARTESIAN_POINT('',(-0.729675002023,1.214072462332,0.9300001));
#6055 = CARTESIAN_POINT('',(-0.729675002023,1.214072462332,0.9200001));
#6056 = CARTESIAN_POINT('',(-0.723080293234,1.221100400165,0.9300001));
#6057 = CARTESIAN_POINT('',(-0.723080293234,1.221100400165,0.9200001));
#6058 = ADVANCED_FACE('',(#6059),#6077,.F.);
#6059 = FACE_BOUND('',#6060,.F.);
#6060 = EDGE_LOOP('',(#6061,#6062,#6071,#6076));
#6061 = ORIENTED_EDGE('',*,*,#6044,.F.);
#6062 = ORIENTED_EDGE('',*,*,#6063,.T.);
#6063 = EDGE_CURVE('',#6036,#6064,#6066,.T.);
#6064 = VERTEX_POINT('',#6065);
#6065 = CARTESIAN_POINT('',(-0.697423506487,1.231546033794,0.9300001));
#6066 = B_SPLINE_CURVE_WITH_KNOTS('',3,(#6067,#6068,#6069,#6070),
  .UNSPECIFIED.,.F.,.F.,(4,4),(8.,9.),.PIECEWISE_BEZIER_KNOTS.);
#6067 = CARTESIAN_POINT('',(-0.723080293234,1.221100400165,0.9300001));
#6068 = CARTESIAN_POINT('',(-0.716461516165,1.228080201438,0.9300001));
#6069 = CARTESIAN_POINT('',(-0.707917276676,1.231546033794,0.9300001));
#6070 = CARTESIAN_POINT('',(-0.697423506487,1.231546033794,0.9300001));
#6071 = ORIENTED_EDGE('',*,*,#6072,.T.);
#6072 = EDGE_CURVE('',#6064,#878,#6073,.T.);
#6073 = B_SPLINE_CURVE_WITH_KNOTS('',1,(#6074,#6075),.UNSPECIFIED.,.F.,
  .F.,(2,2),(-0.,1.E-02),.PIECEWISE_BEZIER_KNOTS.);
#6074 = CARTESIAN_POINT('',(-0.697423506487,1.231546033794,0.9300001));
#6075 = CARTESIAN_POINT('',(-0.697423506487,1.231546033794,0.9200001));
#6076 = ORIENTED_EDGE('',*,*,#886,.F.);
#6077 = B_SPLINE_SURFACE_WITH_KNOTS('',3,1,(
    (#6078,#6079)
    ,(#6080,#6081)
    ,(#6082,#6083)
    ,(#6084,#6085
    )),.UNSPECIFIED.,.F.,.F.,.F.,(4,4),(2,2),(8.,9.),(0.,1.),
  .PIECEWISE_BEZIER_KNOTS.);
#6078 = CARTESIAN_POINT('',(-0.723080293234,1.221100400165,0.9300001));
#6079 = CARTESIAN_POINT('',(-0.723080293234,1.221100400165,0.9200001));
#6080 = CARTESIAN_POINT('',(-0.716461516165,1.228080201438,0.9300001));
#6081 = CARTESIAN_POINT('',(-0.716461516165,1.228080201438,0.9200001));
#6082 = CARTESIAN_POINT('',(-0.707917276676,1.231546033794,0.9300001));
#6083 = CARTESIAN_POINT('',(-0.707917276676,1.231546033794,0.9200001));
#6084 = CARTESIAN_POINT('',(-0.697423506487,1.231546033794,0.9300001));
#6085 = CARTESIAN_POINT('',(-0.697423506487,1.231546033794,0.9200001));
#6086 = ADVANCED_FACE('',(#6087),#6105,.F.);
#6087 = FACE_BOUND('',#6088,.F.);
#6088 = EDGE_LOOP('',(#6089,#6090,#6099,#6104));
#6089 = ORIENTED_EDGE('',*,*,#6072,.F.);
#6090 = ORIENTED_EDGE('',*,*,#6091,.T.);
#6091 = EDGE_CURVE('',#6064,#6092,#6094,.T.);
#6092 = VERTEX_POINT('',#6093);
#6093 = CARTESIAN_POINT('',(-0.675232552096,1.225962192776,0.9300001));
#6094 = B_SPLINE_CURVE_WITH_KNOTS('',3,(#6095,#6096,#6097,#6098),
  .UNSPECIFIED.,.F.,.F.,(4,4),(7.,8.),.PIECEWISE_BEZIER_KNOTS.);
#6095 = CARTESIAN_POINT('',(-0.697423506487,1.231546033794,0.9300001));
#6096 = CARTESIAN_POINT('',(-0.689360632603,1.231546033794,0.9300001));
#6097 = CARTESIAN_POINT('',(-0.681971670566,1.229716844495,0.9300001));
#6098 = CARTESIAN_POINT('',(-0.675232552096,1.225962192776,0.9300001));
#6099 = ORIENTED_EDGE('',*,*,#6100,.T.);
#6100 = EDGE_CURVE('',#6092,#871,#6101,.T.);
#6101 = B_SPLINE_CURVE_WITH_KNOTS('',1,(#6102,#6103),.UNSPECIFIED.,.F.,
  .F.,(2,2),(-0.,1.E-02),.PIECEWISE_BEZIER_KNOTS.);
#6102 = CARTESIAN_POINT('',(-0.675232552096,1.225962192776,0.9300001));
#6103 = CARTESIAN_POINT('',(-0.675232552096,1.225962192776,0.9200001));
#6104 = ORIENTED_EDGE('',*,*,#877,.F.);
#6105 = B_SPLINE_SURFACE_WITH_KNOTS('',3,1,(
    (#6106,#6107)
    ,(#6108,#6109)
    ,(#6110,#6111)
    ,(#6112,#6113
    )),.UNSPECIFIED.,.F.,.F.,.F.,(4,4),(2,2),(7.,8.),(0.,1.),
  .PIECEWISE_BEZIER_KNOTS.);
#6106 = CARTESIAN_POINT('',(-0.697423506487,1.231546033794,0.9300001));
#6107 = CARTESIAN_POINT('',(-0.697423506487,1.231546033794,0.9200001));
#6108 = CARTESIAN_POINT('',(-0.689360632603,1.231546033794,0.9300001));
#6109 = CARTESIAN_POINT('',(-0.689360632603,1.231546033794,0.9200001));
#6110 = CARTESIAN_POINT('',(-0.681971670566,1.229716844495,0.9300001));
#6111 = CARTESIAN_POINT('',(-0.681971670566,1.229716844495,0.9200001));
#6112 = CARTESIAN_POINT('',(-0.675232552096,1.225962192776,0.9300001));
#6113 = CARTESIAN_POINT('',(-0.675232552096,1.225962192776,0.9200001));
#6114 = ADVANCED_FACE('',(#6115),#6131,.F.);
#6115 = FACE_BOUND('',#6116,.T.);
#6116 = EDGE_LOOP('',(#6117,#6118,#6125,#6130));
#6117 = ORIENTED_EDGE('',*,*,#870,.T.);
#6118 = ORIENTED_EDGE('',*,*,#6119,.F.);
#6119 = EDGE_CURVE('',#6120,#862,#6122,.T.);
#6120 = VERTEX_POINT('',#6121);
#6121 = CARTESIAN_POINT('',(-0.675232552096,1.238670244748,0.9300001));
#6122 = B_SPLINE_CURVE_WITH_KNOTS('',1,(#6123,#6124),.UNSPECIFIED.,.F.,
  .F.,(2,2),(-0.,1.E-02),.PIECEWISE_BEZIER_KNOTS.);
#6123 = CARTESIAN_POINT('',(-0.675232552096,1.238670244748,0.9300001));
#6124 = CARTESIAN_POINT('',(-0.675232552096,1.238670244748,0.9200001));
#6125 = ORIENTED_EDGE('',*,*,#6126,.F.);
#6126 = EDGE_CURVE('',#6092,#6120,#6127,.T.);
#6127 = B_SPLINE_CURVE_WITH_KNOTS('',1,(#6128,#6129),.UNSPECIFIED.,.F.,
  .F.,(2,2),(-1.270805197195E-02,0.),.PIECEWISE_BEZIER_KNOTS.);
#6128 = CARTESIAN_POINT('',(-0.675232552096,1.225962192776,0.9300001));
#6129 = CARTESIAN_POINT('',(-0.675232552096,1.238670244748,0.9300001));
#6130 = ORIENTED_EDGE('',*,*,#6100,.T.);
#6131 = B_SPLINE_SURFACE_WITH_KNOTS('',1,1,(
    (#6132,#6133)
    ,(#6134,#6135)),.UNSPECIFIED.,.F.,.F.,.F.,(2,2),(2,2),(-1.E-02,0.),(
    -1.270805197195E-02,0.),.PIECEWISE_BEZIER_KNOTS.);
#6132 = CARTESIAN_POINT('',(-0.675232552096,1.225962192776,0.9200001));
#6133 = CARTESIAN_POINT('',(-0.675232552096,1.238670244748,0.9200001));
#6134 = CARTESIAN_POINT('',(-0.675232552096,1.225962192776,0.9300001));
#6135 = CARTESIAN_POINT('',(-0.675232552096,1.238670244748,0.9300001));
#6136 = ADVANCED_FACE('',(#6137),#6155,.F.);
#6137 = FACE_BOUND('',#6138,.F.);
#6138 = EDGE_LOOP('',(#6139,#6140,#6149,#6154));
#6139 = ORIENTED_EDGE('',*,*,#6119,.F.);
#6140 = ORIENTED_EDGE('',*,*,#6141,.T.);
#6141 = EDGE_CURVE('',#6120,#6142,#6144,.T.);
#6142 = VERTEX_POINT('',#6143);
#6143 = CARTESIAN_POINT('',(-0.697543847889,1.242521169588,0.9300001));
#6144 = B_SPLINE_CURVE_WITH_KNOTS('',3,(#6145,#6146,#6147,#6148),
  .UNSPECIFIED.,.F.,.F.,(4,4),(5.,6.),.PIECEWISE_BEZIER_KNOTS.);
#6145 = CARTESIAN_POINT('',(-0.675232552096,1.238670244748,0.9300001));
#6146 = CARTESIAN_POINT('',(-0.681105212477,1.241221482455,0.9300001));
#6147 = CARTESIAN_POINT('',(-0.688542311075,1.242521169588,0.9300001));
#6148 = CARTESIAN_POINT('',(-0.697543847889,1.242521169588,0.9300001));
#6149 = ORIENTED_EDGE('',*,*,#6150,.T.);
#6150 = EDGE_CURVE('',#6142,#853,#6151,.T.);
#6151 = B_SPLINE_CURVE_WITH_KNOTS('',1,(#6152,#6153),.UNSPECIFIED.,.F.,
  .F.,(2,2),(-0.,1.E-02),.PIECEWISE_BEZIER_KNOTS.);
#6152 = CARTESIAN_POINT('',(-0.697543847889,1.242521169588,0.9300001));
#6153 = CARTESIAN_POINT('',(-0.697543847889,1.242521169588,0.9200001));
#6154 = ORIENTED_EDGE('',*,*,#861,.F.);
#6155 = B_SPLINE_SURFACE_WITH_KNOTS('',3,1,(
    (#6156,#6157)
    ,(#6158,#6159)
    ,(#6160,#6161)
    ,(#6162,#6163
    )),.UNSPECIFIED.,.F.,.F.,.F.,(4,4),(2,2),(5.,6.),(0.,1.),
  .PIECEWISE_BEZIER_KNOTS.);
#6156 = CARTESIAN_POINT('',(-0.675232552096,1.238670244748,0.9300001));
#6157 = CARTESIAN_POINT('',(-0.675232552096,1.238670244748,0.9200001));
#6158 = CARTESIAN_POINT('',(-0.681105212477,1.241221482455,0.9300001));
#6159 = CARTESIAN_POINT('',(-0.681105212477,1.241221482455,0.9200001));
#6160 = CARTESIAN_POINT('',(-0.688542311075,1.242521169588,0.9300001));
#6161 = CARTESIAN_POINT('',(-0.688542311075,1.242521169588,0.9200001));
#6162 = CARTESIAN_POINT('',(-0.697543847889,1.242521169588,0.9300001));
#6163 = CARTESIAN_POINT('',(-0.697543847889,1.242521169588,0.9200001));
#6164 = ADVANCED_FACE('',(#6165),#6183,.F.);
#6165 = FACE_BOUND('',#6166,.F.);
#6166 = EDGE_LOOP('',(#6167,#6168,#6177,#6182));
#6167 = ORIENTED_EDGE('',*,*,#6150,.F.);
#6168 = ORIENTED_EDGE('',*,*,#6169,.T.);
#6169 = EDGE_CURVE('',#6142,#6170,#6172,.T.);
#6170 = VERTEX_POINT('',#6171);
#6171 = CARTESIAN_POINT('',(-0.732129966609,1.228657840164,0.9300001));
#6172 = B_SPLINE_CURVE_WITH_KNOTS('',3,(#6173,#6174,#6175,#6176),
  .UNSPECIFIED.,.F.,.F.,(4,4),(4.,5.),.PIECEWISE_BEZIER_KNOTS.);
#6173 = CARTESIAN_POINT('',(-0.697543847889,1.242521169588,0.9300001));
#6174 = CARTESIAN_POINT('',(-0.711527518714,1.242521169588,0.9300001));
#6175 = CARTESIAN_POINT('',(-0.723056224954,1.23790005978,0.9300001));
#6176 = CARTESIAN_POINT('',(-0.732129966609,1.228657840164,0.9300001));
#6177 = ORIENTED_EDGE('',*,*,#6178,.T.);
#6178 = EDGE_CURVE('',#6170,#844,#6179,.T.);
#6179 = B_SPLINE_CURVE_WITH_KNOTS('',1,(#6180,#6181),.UNSPECIFIED.,.F.,
  .F.,(2,2),(-0.,1.E-02),.PIECEWISE_BEZIER_KNOTS.);
#6180 = CARTESIAN_POINT('',(-0.732129966609,1.228657840164,0.9300001));
#6181 = CARTESIAN_POINT('',(-0.732129966609,1.228657840164,0.9200001));
#6182 = ORIENTED_EDGE('',*,*,#852,.F.);
#6183 = B_SPLINE_SURFACE_WITH_KNOTS('',3,1,(
    (#6184,#6185)
    ,(#6186,#6187)
    ,(#6188,#6189)
    ,(#6190,#6191
    )),.UNSPECIFIED.,.F.,.F.,.F.,(4,4),(2,2),(4.,5.),(0.,1.),
  .PIECEWISE_BEZIER_KNOTS.);
#6184 = CARTESIAN_POINT('',(-0.697543847889,1.242521169588,0.9300001));
#6185 = CARTESIAN_POINT('',(-0.697543847889,1.242521169588,0.9200001));
#6186 = CARTESIAN_POINT('',(-0.711527518714,1.242521169588,0.9300001));
#6187 = CARTESIAN_POINT('',(-0.711527518714,1.242521169588,0.9200001));
#6188 = CARTESIAN_POINT('',(-0.723056224954,1.23790005978,0.9300001));
#6189 = CARTESIAN_POINT('',(-0.723056224954,1.23790005978,0.9200001));
#6190 = CARTESIAN_POINT('',(-0.732129966609,1.228657840164,0.9300001));
#6191 = CARTESIAN_POINT('',(-0.732129966609,1.228657840164,0.9200001));
#6192 = ADVANCED_FACE('',(#6193),#6211,.F.);
#6193 = FACE_BOUND('',#6194,.F.);
#6194 = EDGE_LOOP('',(#6195,#6196,#6205,#6210));
#6195 = ORIENTED_EDGE('',*,*,#6178,.F.);
#6196 = ORIENTED_EDGE('',*,*,#6197,.T.);
#6197 = EDGE_CURVE('',#6170,#6198,#6200,.T.);
#6198 = VERTEX_POINT('',#6199);
#6199 = CARTESIAN_POINT('',(-0.74572854495,1.192074054183,0.9300001));
#6200 = B_SPLINE_CURVE_WITH_KNOTS('',3,(#6201,#6202,#6203,#6204),
  .UNSPECIFIED.,.F.,.F.,(4,4),(3.,4.),.PIECEWISE_BEZIER_KNOTS.);
#6201 = CARTESIAN_POINT('',(-0.732129966609,1.228657840164,0.9300001));
#6202 = CARTESIAN_POINT('',(-0.741203708263,1.219415620548,0.9300001));
#6203 = CARTESIAN_POINT('',(-0.74572854495,1.207237070741,0.9300001));
#6204 = CARTESIAN_POINT('',(-0.74572854495,1.192074054183,0.9300001));
#6205 = ORIENTED_EDGE('',*,*,#6206,.T.);
#6206 = EDGE_CURVE('',#6198,#835,#6207,.T.);
#6207 = B_SPLINE_CURVE_WITH_KNOTS('',1,(#6208,#6209),.UNSPECIFIED.,.F.,
  .F.,(2,2),(-0.,1.E-02),.PIECEWISE_BEZIER_KNOTS.);
#6208 = CARTESIAN_POINT('',(-0.74572854495,1.192074054183,0.9300001));
#6209 = CARTESIAN_POINT('',(-0.74572854495,1.192074054183,0.9200001));
#6210 = ORIENTED_EDGE('',*,*,#843,.F.);
#6211 = B_SPLINE_SURFACE_WITH_KNOTS('',3,1,(
    (#6212,#6213)
    ,(#6214,#6215)
    ,(#6216,#6217)
    ,(#6218,#6219
    )),.UNSPECIFIED.,.F.,.F.,.F.,(4,4),(2,2),(3.,4.),(0.,1.),
  .PIECEWISE_BEZIER_KNOTS.);
#6212 = CARTESIAN_POINT('',(-0.732129966609,1.228657840164,0.9300001));
#6213 = CARTESIAN_POINT('',(-0.732129966609,1.228657840164,0.9200001));
#6214 = CARTESIAN_POINT('',(-0.741203708263,1.219415620548,0.9300001));
#6215 = CARTESIAN_POINT('',(-0.741203708263,1.219415620548,0.9200001));
#6216 = CARTESIAN_POINT('',(-0.74572854495,1.207237070741,0.9300001));
#6217 = CARTESIAN_POINT('',(-0.74572854495,1.207237070741,0.9200001));
#6218 = CARTESIAN_POINT('',(-0.74572854495,1.192074054183,0.9300001));
#6219 = CARTESIAN_POINT('',(-0.74572854495,1.192074054183,0.9200001));
#6220 = ADVANCED_FACE('',(#6221),#6239,.F.);
#6221 = FACE_BOUND('',#6222,.F.);
#6222 = EDGE_LOOP('',(#6223,#6224,#6233,#6238));
#6223 = ORIENTED_EDGE('',*,*,#6206,.F.);
#6224 = ORIENTED_EDGE('',*,*,#6225,.T.);
#6225 = EDGE_CURVE('',#6198,#6226,#6228,.T.);
#6226 = VERTEX_POINT('',#6227);
#6227 = CARTESIAN_POINT('',(-0.733646268264,1.158041505909,0.9300001));
#6228 = B_SPLINE_CURVE_WITH_KNOTS('',3,(#6229,#6230,#6231,#6232),
  .UNSPECIFIED.,.F.,.F.,(4,4),(2.,3.),.PIECEWISE_BEZIER_KNOTS.);
#6229 = CARTESIAN_POINT('',(-0.74572854495,1.192074054183,0.9300001));
#6230 = CARTESIAN_POINT('',(-0.74572854495,1.177970041956,0.9300001));
#6231 = CARTESIAN_POINT('',(-0.741709142148,1.166609813678,0.9300001));
#6232 = CARTESIAN_POINT('',(-0.733646268264,1.158041505909,0.9300001));
#6233 = ORIENTED_EDGE('',*,*,#6234,.T.);
#6234 = EDGE_CURVE('',#6226,#826,#6235,.T.);
#6235 = B_SPLINE_CURVE_WITH_KNOTS('',1,(#6236,#6237),.UNSPECIFIED.,.F.,
  .F.,(2,2),(-0.,1.E-02),.PIECEWISE_BEZIER_KNOTS.);
#6236 = CARTESIAN_POINT('',(-0.733646268264,1.158041505909,0.9300001));
#6237 = CARTESIAN_POINT('',(-0.733646268264,1.158041505909,0.9200001));
#6238 = ORIENTED_EDGE('',*,*,#834,.F.);
#6239 = B_SPLINE_SURFACE_WITH_KNOTS('',3,1,(
    (#6240,#6241)
    ,(#6242,#6243)
    ,(#6244,#6245)
    ,(#6246,#6247
    )),.UNSPECIFIED.,.F.,.F.,.F.,(4,4),(2,2),(2.,3.),(0.,1.),
  .PIECEWISE_BEZIER_KNOTS.);
#6240 = CARTESIAN_POINT('',(-0.74572854495,1.192074054183,0.9300001));
#6241 = CARTESIAN_POINT('',(-0.74572854495,1.192074054183,0.9200001));
#6242 = CARTESIAN_POINT('',(-0.74572854495,1.177970041956,0.9300001));
#6243 = CARTESIAN_POINT('',(-0.74572854495,1.177970041956,0.9200001));
#6244 = CARTESIAN_POINT('',(-0.741709142148,1.166609813678,0.9300001));
#6245 = CARTESIAN_POINT('',(-0.741709142148,1.166609813678,0.9200001));
#6246 = CARTESIAN_POINT('',(-0.733646268264,1.158041505909,0.9300001));
#6247 = CARTESIAN_POINT('',(-0.733646268264,1.158041505909,0.9200001));
#6248 = ADVANCED_FACE('',(#6249),#6261,.F.);
#6249 = FACE_BOUND('',#6250,.F.);
#6250 = EDGE_LOOP('',(#6251,#6252,#6259,#6260));
#6251 = ORIENTED_EDGE('',*,*,#6234,.F.);
#6252 = ORIENTED_EDGE('',*,*,#6253,.T.);
#6253 = EDGE_CURVE('',#6226,#5895,#6254,.T.);
#6254 = B_SPLINE_CURVE_WITH_KNOTS('',3,(#6255,#6256,#6257,#6258),
  .UNSPECIFIED.,.F.,.F.,(4,4),(1.,2.),.PIECEWISE_BEZIER_KNOTS.);
#6255 = CARTESIAN_POINT('',(-0.733646268264,1.158041505909,0.9300001));
#6256 = CARTESIAN_POINT('',(-0.72558339438,1.149473198139,0.9300001));
#6257 = CARTESIAN_POINT('',(-0.714800804828,1.145189044255,0.9300001));
#6258 = CARTESIAN_POINT('',(-0.701298499607,1.145189044255,0.9300001));
#6259 = ORIENTED_EDGE('',*,*,#5894,.T.);
#6260 = ORIENTED_EDGE('',*,*,#825,.F.);
#6261 = B_SPLINE_SURFACE_WITH_KNOTS('',3,1,(
    (#6262,#6263)
    ,(#6264,#6265)
    ,(#6266,#6267)
    ,(#6268,#6269
    )),.UNSPECIFIED.,.F.,.F.,.F.,(4,4),(2,2),(1.,2.),(0.,1.),
  .PIECEWISE_BEZIER_KNOTS.);
#6262 = CARTESIAN_POINT('',(-0.733646268264,1.158041505909,0.9300001));
#6263 = CARTESIAN_POINT('',(-0.733646268264,1.158041505909,0.9200001));
#6264 = CARTESIAN_POINT('',(-0.72558339438,1.149473198139,0.9300001));
#6265 = CARTESIAN_POINT('',(-0.72558339438,1.149473198139,0.9200001));
#6266 = CARTESIAN_POINT('',(-0.714800804828,1.145189044255,0.9300001));
#6267 = CARTESIAN_POINT('',(-0.714800804828,1.145189044255,0.9200001));
#6268 = CARTESIAN_POINT('',(-0.701298499607,1.145189044255,0.9300001));
#6269 = CARTESIAN_POINT('',(-0.701298499607,1.145189044255,0.9200001));
#6270 = ADVANCED_FACE('',(#6271),#6287,.T.);
#6271 = FACE_BOUND('',#6272,.T.);
#6272 = EDGE_LOOP('',(#6273,#6274,#6275,#6276,#6277,#6278,#6279,#6280,
    #6281,#6282,#6283,#6284,#6285,#6286));
#6273 = ORIENTED_EDGE('',*,*,#5901,.T.);
#6274 = ORIENTED_EDGE('',*,*,#5936,.T.);
#6275 = ORIENTED_EDGE('',*,*,#5951,.T.);
#6276 = ORIENTED_EDGE('',*,*,#5979,.T.);
#6277 = ORIENTED_EDGE('',*,*,#6007,.T.);
#6278 = ORIENTED_EDGE('',*,*,#6035,.T.);
#6279 = ORIENTED_EDGE('',*,*,#6063,.T.);
#6280 = ORIENTED_EDGE('',*,*,#6091,.T.);
#6281 = ORIENTED_EDGE('',*,*,#6126,.T.);
#6282 = ORIENTED_EDGE('',*,*,#6141,.T.);
#6283 = ORIENTED_EDGE('',*,*,#6169,.T.);
#6284 = ORIENTED_EDGE('',*,*,#6197,.T.);
#6285 = ORIENTED_EDGE('',*,*,#6225,.T.);
#6286 = ORIENTED_EDGE('',*,*,#6253,.T.);
#6287 = B_SPLINE_SURFACE_WITH_KNOTS('',1,1,(
    (#6288,#6289)
    ,(#6290,#6291
    )),.UNSPECIFIED.,.F.,.F.,.F.,(2,2),(2,2),(-5.87807574421E-02,
    1.17152354121E-02),(-1.371891974245E-03,9.596023335929E-02),
  .PIECEWISE_BEZIER_KNOTS.);
#6288 = CARTESIAN_POINT('',(-0.74572854495,1.145189044255,0.9300001));
#6289 = CARTESIAN_POINT('',(-0.74572854495,1.242521169588,0.9300001));
#6290 = CARTESIAN_POINT('',(-0.675232552096,1.145189044255,0.9300001));
#6291 = CARTESIAN_POINT('',(-0.675232552096,1.242521169588,0.9300001));
#6292 = ADVANCED_FACE('',(#6293),#6315,.F.);
#6293 = FACE_BOUND('',#6294,.T.);
#6294 = EDGE_LOOP('',(#6295,#6296,#6303,#6310));
#6295 = ORIENTED_EDGE('',*,*,#940,.T.);
#6296 = ORIENTED_EDGE('',*,*,#6297,.F.);
#6297 = EDGE_CURVE('',#6298,#932,#6300,.T.);
#6298 = VERTEX_POINT('',#6299);
#6299 = CARTESIAN_POINT('',(-0.605747427013,1.157512003743,0.9300001));
#6300 = B_SPLINE_CURVE_WITH_KNOTS('',1,(#6301,#6302),.UNSPECIFIED.,.F.,
  .F.,(2,2),(-0.,1.E-02),.PIECEWISE_BEZIER_KNOTS.);
#6301 = CARTESIAN_POINT('',(-0.605747427013,1.157512003743,0.9300001));
#6302 = CARTESIAN_POINT('',(-0.605747427013,1.157512003743,0.9200001));
#6303 = ORIENTED_EDGE('',*,*,#6304,.F.);
#6304 = EDGE_CURVE('',#6305,#6298,#6307,.T.);
#6305 = VERTEX_POINT('',#6306);
#6306 = CARTESIAN_POINT('',(-0.605747427013,1.146777550751,0.9300001));
#6307 = B_SPLINE_CURVE_WITH_KNOTS('',1,(#6308,#6309),.UNSPECIFIED.,.F.,
  .F.,(2,2),(-1.073445299173E-02,0.),.PIECEWISE_BEZIER_KNOTS.);
#6308 = CARTESIAN_POINT('',(-0.605747427013,1.146777550751,0.9300001));
#6309 = CARTESIAN_POINT('',(-0.605747427013,1.157512003743,0.9300001));
#6310 = ORIENTED_EDGE('',*,*,#6311,.T.);
#6311 = EDGE_CURVE('',#6305,#941,#6312,.T.);
#6312 = B_SPLINE_CURVE_WITH_KNOTS('',1,(#6313,#6314),.UNSPECIFIED.,.F.,
  .F.,(2,2),(-0.,1.E-02),.PIECEWISE_BEZIER_KNOTS.);
#6313 = CARTESIAN_POINT('',(-0.605747427013,1.146777550751,0.9300001));
#6314 = CARTESIAN_POINT('',(-0.605747427013,1.146777550751,0.9200001));
#6315 = B_SPLINE_SURFACE_WITH_KNOTS('',1,1,(
    (#6316,#6317)
    ,(#6318,#6319)),.UNSPECIFIED.,.F.,.F.,.F.,(2,2),(2,2),(-1.E-02,0.),(
    -1.073445299173E-02,0.),.PIECEWISE_BEZIER_KNOTS.);
#6316 = CARTESIAN_POINT('',(-0.605747427013,1.146777550751,0.9200001));
#6317 = CARTESIAN_POINT('',(-0.605747427013,1.157512003743,0.9200001));
#6318 = CARTESIAN_POINT('',(-0.605747427013,1.146777550751,0.9300001));
#6319 = CARTESIAN_POINT('',(-0.605747427013,1.157512003743,0.9300001));
#6320 = ADVANCED_FACE('',(#6321),#6337,.F.);
#6321 = FACE_BOUND('',#6322,.T.);
#6322 = EDGE_LOOP('',(#6323,#6324,#6331,#6336));
#6323 = ORIENTED_EDGE('',*,*,#931,.T.);
#6324 = ORIENTED_EDGE('',*,*,#6325,.F.);
#6325 = EDGE_CURVE('',#6326,#934,#6328,.T.);
#6326 = VERTEX_POINT('',#6327);
#6327 = CARTESIAN_POINT('',(-0.644232607133,1.157512003743,0.9300001));
#6328 = B_SPLINE_CURVE_WITH_KNOTS('',1,(#6329,#6330),.UNSPECIFIED.,.F.,
  .F.,(2,2),(-0.,1.E-02),.PIECEWISE_BEZIER_KNOTS.);
#6329 = CARTESIAN_POINT('',(-0.644232607133,1.157512003743,0.9300001));
#6330 = CARTESIAN_POINT('',(-0.644232607133,1.157512003743,0.9200001));
#6331 = ORIENTED_EDGE('',*,*,#6332,.F.);
#6332 = EDGE_CURVE('',#6298,#6326,#6333,.T.);
#6333 = B_SPLINE_CURVE_WITH_KNOTS('',1,(#6334,#6335),.UNSPECIFIED.,.F.,
  .F.,(2,2),(-3.848518012049E-02,-0.),.PIECEWISE_BEZIER_KNOTS.);
#6334 = CARTESIAN_POINT('',(-0.605747427013,1.157512003743,0.9300001));
#6335 = CARTESIAN_POINT('',(-0.644232607133,1.157512003743,0.9300001));
#6336 = ORIENTED_EDGE('',*,*,#6297,.T.);
#6337 = B_SPLINE_SURFACE_WITH_KNOTS('',1,1,(
    (#6338,#6339)
    ,(#6340,#6341
    )),.UNSPECIFIED.,.F.,.F.,.F.,(2,2),(2,2),(0.,1.E-02),(0.,
    3.848518012049E-02),.PIECEWISE_BEZIER_KNOTS.);
#6338 = CARTESIAN_POINT('',(-0.644232607133,1.157512003743,0.9300001));
#6339 = CARTESIAN_POINT('',(-0.605747427013,1.157512003743,0.9300001));
#6340 = CARTESIAN_POINT('',(-0.644232607133,1.157512003743,0.9200001));
#6341 = CARTESIAN_POINT('',(-0.605747427013,1.157512003743,0.9200001));
#6342 = ADVANCED_FACE('',(#6343),#6359,.F.);
#6343 = FACE_BOUND('',#6344,.T.);
#6344 = EDGE_LOOP('',(#6345,#6346,#6353,#6358));
#6345 = ORIENTED_EDGE('',*,*,#1010,.T.);
#6346 = ORIENTED_EDGE('',*,*,#6347,.F.);
#6347 = EDGE_CURVE('',#6348,#1004,#6350,.T.);
#6348 = VERTEX_POINT('',#6349);
#6349 = CARTESIAN_POINT('',(-0.644232607133,1.189185860553,0.9300001));
#6350 = B_SPLINE_CURVE_WITH_KNOTS('',1,(#6351,#6352),.UNSPECIFIED.,.F.,
  .F.,(2,2),(-0.,1.E-02),.PIECEWISE_BEZIER_KNOTS.);
#6351 = CARTESIAN_POINT('',(-0.644232607133,1.189185860553,0.9300001));
#6352 = CARTESIAN_POINT('',(-0.644232607133,1.189185860553,0.9200001));
#6353 = ORIENTED_EDGE('',*,*,#6354,.F.);
#6354 = EDGE_CURVE('',#6326,#6348,#6355,.T.);
#6355 = B_SPLINE_CURVE_WITH_KNOTS('',1,(#6356,#6357),.UNSPECIFIED.,.F.,
  .F.,(2,2),(-3.167385680963E-02,0.),.PIECEWISE_BEZIER_KNOTS.);
#6356 = CARTESIAN_POINT('',(-0.644232607133,1.157512003743,0.9300001));
#6357 = CARTESIAN_POINT('',(-0.644232607133,1.189185860553,0.9300001));
#6358 = ORIENTED_EDGE('',*,*,#6325,.T.);
#6359 = B_SPLINE_SURFACE_WITH_KNOTS('',1,1,(
    (#6360,#6361)
    ,(#6362,#6363)),.UNSPECIFIED.,.F.,.F.,.F.,(2,2),(2,2),(-1.E-02,0.),(
    -3.167385680963E-02,0.),.PIECEWISE_BEZIER_KNOTS.);
#6360 = CARTESIAN_POINT('',(-0.644232607133,1.157512003743,0.9200001));
#6361 = CARTESIAN_POINT('',(-0.644232607133,1.189185860553,0.9200001));
#6362 = CARTESIAN_POINT('',(-0.644232607133,1.157512003743,0.9300001));
#6363 = CARTESIAN_POINT('',(-0.644232607133,1.189185860553,0.9300001));
#6364 = ADVANCED_FACE('',(#6365),#6381,.F.);
#6365 = FACE_BOUND('',#6366,.T.);
#6366 = EDGE_LOOP('',(#6367,#6368,#6375,#6380));
#6367 = ORIENTED_EDGE('',*,*,#1003,.T.);
#6368 = ORIENTED_EDGE('',*,*,#6369,.F.);
#6369 = EDGE_CURVE('',#6370,#997,#6372,.T.);
#6370 = VERTEX_POINT('',#6371);
#6371 = CARTESIAN_POINT('',(-0.610561083063,1.189185860553,0.9300001));
#6372 = B_SPLINE_CURVE_WITH_KNOTS('',1,(#6373,#6374),.UNSPECIFIED.,.F.,
  .F.,(2,2),(-0.,1.E-02),.PIECEWISE_BEZIER_KNOTS.);
#6373 = CARTESIAN_POINT('',(-0.610561083063,1.189185860553,0.9300001));
#6374 = CARTESIAN_POINT('',(-0.610561083063,1.189185860553,0.9200001));
#6375 = ORIENTED_EDGE('',*,*,#6376,.F.);
#6376 = EDGE_CURVE('',#6348,#6370,#6377,.T.);
#6377 = B_SPLINE_CURVE_WITH_KNOTS('',1,(#6378,#6379),.UNSPECIFIED.,.F.,
  .F.,(2,2),(-3.36715240704E-02,0.),.PIECEWISE_BEZIER_KNOTS.);
#6378 = CARTESIAN_POINT('',(-0.644232607133,1.189185860553,0.9300001));
#6379 = CARTESIAN_POINT('',(-0.610561083063,1.189185860553,0.9300001));
#6380 = ORIENTED_EDGE('',*,*,#6347,.T.);
#6381 = B_SPLINE_SURFACE_WITH_KNOTS('',1,1,(
    (#6382,#6383)
    ,(#6384,#6385)),.UNSPECIFIED.,.F.,.F.,.F.,(2,2),(2,2),(-1.E-02,0.),(
    -3.36715240704E-02,0.),.PIECEWISE_BEZIER_KNOTS.);
#6382 = CARTESIAN_POINT('',(-0.644232607133,1.189185860553,0.9200001));
#6383 = CARTESIAN_POINT('',(-0.610561083063,1.189185860553,0.9200001));
#6384 = CARTESIAN_POINT('',(-0.644232607133,1.189185860553,0.9300001));
#6385 = CARTESIAN_POINT('',(-0.610561083063,1.189185860553,0.9300001));
#6386 = ADVANCED_FACE('',(#6387),#6403,.F.);
#6387 = FACE_BOUND('',#6388,.T.);
#6388 = EDGE_LOOP('',(#6389,#6390,#6397,#6402));
#6389 = ORIENTED_EDGE('',*,*,#996,.T.);
#6390 = ORIENTED_EDGE('',*,*,#6391,.F.);
#6391 = EDGE_CURVE('',#6392,#990,#6394,.T.);
#6392 = VERTEX_POINT('',#6393);
#6393 = CARTESIAN_POINT('',(-0.610561083063,1.199968450105,0.9300001));
#6394 = B_SPLINE_CURVE_WITH_KNOTS('',1,(#6395,#6396),.UNSPECIFIED.,.F.,
  .F.,(2,2),(-0.,1.E-02),.PIECEWISE_BEZIER_KNOTS.);
#6395 = CARTESIAN_POINT('',(-0.610561083063,1.199968450105,0.9300001));
#6396 = CARTESIAN_POINT('',(-0.610561083063,1.199968450105,0.9200001));
#6397 = ORIENTED_EDGE('',*,*,#6398,.F.);
#6398 = EDGE_CURVE('',#6370,#6392,#6399,.T.);
#6399 = B_SPLINE_CURVE_WITH_KNOTS('',1,(#6400,#6401),.UNSPECIFIED.,.F.,
  .F.,(2,2),(-1.078258955217E-02,0.),.PIECEWISE_BEZIER_KNOTS.);
#6400 = CARTESIAN_POINT('',(-0.610561083063,1.189185860553,0.9300001));
#6401 = CARTESIAN_POINT('',(-0.610561083063,1.199968450105,0.9300001));
#6402 = ORIENTED_EDGE('',*,*,#6369,.T.);
#6403 = B_SPLINE_SURFACE_WITH_KNOTS('',1,1,(
    (#6404,#6405)
    ,(#6406,#6407)),.UNSPECIFIED.,.F.,.F.,.F.,(2,2),(2,2),(-1.E-02,0.),(
    -1.078258955217E-02,0.),.PIECEWISE_BEZIER_KNOTS.);
#6404 = CARTESIAN_POINT('',(-0.610561083063,1.189185860553,0.9200001));
#6405 = CARTESIAN_POINT('',(-0.610561083063,1.199968450105,0.9200001));
#6406 = CARTESIAN_POINT('',(-0.610561083063,1.189185860553,0.9300001));
#6407 = CARTESIAN_POINT('',(-0.610561083063,1.199968450105,0.9300001));
#6408 = ADVANCED_FACE('',(#6409),#6425,.F.);
#6409 = FACE_BOUND('',#6410,.T.);
#6410 = EDGE_LOOP('',(#6411,#6412,#6419,#6424));
#6411 = ORIENTED_EDGE('',*,*,#989,.T.);
#6412 = ORIENTED_EDGE('',*,*,#6413,.F.);
#6413 = EDGE_CURVE('',#6414,#983,#6416,.T.);
#6414 = VERTEX_POINT('',#6415);
#6415 = CARTESIAN_POINT('',(-0.644232607133,1.199968450105,0.9300001));
#6416 = B_SPLINE_CURVE_WITH_KNOTS('',1,(#6417,#6418),.UNSPECIFIED.,.F.,
  .F.,(2,2),(-0.,1.E-02),.PIECEWISE_BEZIER_KNOTS.);
#6417 = CARTESIAN_POINT('',(-0.644232607133,1.199968450105,0.9300001));
#6418 = CARTESIAN_POINT('',(-0.644232607133,1.199968450105,0.9200001));
#6419 = ORIENTED_EDGE('',*,*,#6420,.F.);
#6420 = EDGE_CURVE('',#6392,#6414,#6421,.T.);
#6421 = B_SPLINE_CURVE_WITH_KNOTS('',1,(#6422,#6423),.UNSPECIFIED.,.F.,
  .F.,(2,2),(-3.36715240704E-02,-0.),.PIECEWISE_BEZIER_KNOTS.);
#6422 = CARTESIAN_POINT('',(-0.610561083063,1.199968450105,0.9300001));
#6423 = CARTESIAN_POINT('',(-0.644232607133,1.199968450105,0.9300001));
#6424 = ORIENTED_EDGE('',*,*,#6391,.T.);
#6425 = B_SPLINE_SURFACE_WITH_KNOTS('',1,1,(
    (#6426,#6427)
    ,(#6428,#6429
    )),.UNSPECIFIED.,.F.,.F.,.F.,(2,2),(2,2),(0.,1.E-02),(0.,
    3.36715240704E-02),.PIECEWISE_BEZIER_KNOTS.);
#6426 = CARTESIAN_POINT('',(-0.644232607133,1.199968450105,0.9300001));
#6427 = CARTESIAN_POINT('',(-0.610561083063,1.199968450105,0.9300001));
#6428 = CARTESIAN_POINT('',(-0.644232607133,1.199968450105,0.9200001));
#6429 = CARTESIAN_POINT('',(-0.610561083063,1.199968450105,0.9200001));
#6430 = ADVANCED_FACE('',(#6431),#6447,.F.);
#6431 = FACE_BOUND('',#6432,.T.);
#6432 = EDGE_LOOP('',(#6433,#6434,#6441,#6446));
#6433 = ORIENTED_EDGE('',*,*,#982,.T.);
#6434 = ORIENTED_EDGE('',*,*,#6435,.F.);
#6435 = EDGE_CURVE('',#6436,#976,#6438,.T.);
#6436 = VERTEX_POINT('',#6437);
#6437 = CARTESIAN_POINT('',(-0.644232607133,1.230101936979,0.9300001));
#6438 = B_SPLINE_CURVE_WITH_KNOTS('',1,(#6439,#6440),.UNSPECIFIED.,.F.,
  .F.,(2,2),(-0.,1.E-02),.PIECEWISE_BEZIER_KNOTS.);
#6439 = CARTESIAN_POINT('',(-0.644232607133,1.230101936979,0.9300001));
#6440 = CARTESIAN_POINT('',(-0.644232607133,1.230101936979,0.9200001));
#6441 = ORIENTED_EDGE('',*,*,#6442,.F.);
#6442 = EDGE_CURVE('',#6414,#6436,#6443,.T.);
#6443 = B_SPLINE_CURVE_WITH_KNOTS('',1,(#6444,#6445),.UNSPECIFIED.,.F.,
  .F.,(2,2),(-3.013348687407E-02,0.),.PIECEWISE_BEZIER_KNOTS.);
#6444 = CARTESIAN_POINT('',(-0.644232607133,1.199968450105,0.9300001));
#6445 = CARTESIAN_POINT('',(-0.644232607133,1.230101936979,0.9300001));
#6446 = ORIENTED_EDGE('',*,*,#6413,.T.);
#6447 = B_SPLINE_SURFACE_WITH_KNOTS('',1,1,(
    (#6448,#6449)
    ,(#6450,#6451)),.UNSPECIFIED.,.F.,.F.,.F.,(2,2),(2,2),(-1.E-02,0.),(
    -3.013348687407E-02,0.),.PIECEWISE_BEZIER_KNOTS.);
#6448 = CARTESIAN_POINT('',(-0.644232607133,1.199968450105,0.9200001));
#6449 = CARTESIAN_POINT('',(-0.644232607133,1.230101936979,0.9200001));
#6450 = CARTESIAN_POINT('',(-0.644232607133,1.199968450105,0.9300001));
#6451 = CARTESIAN_POINT('',(-0.644232607133,1.230101936979,0.9300001));
#6452 = ADVANCED_FACE('',(#6453),#6469,.F.);
#6453 = FACE_BOUND('',#6454,.T.);
#6454 = EDGE_LOOP('',(#6455,#6456,#6463,#6468));
#6455 = ORIENTED_EDGE('',*,*,#975,.T.);
#6456 = ORIENTED_EDGE('',*,*,#6457,.F.);
#6457 = EDGE_CURVE('',#6458,#969,#6460,.T.);
#6458 = VERTEX_POINT('',#6459);
#6459 = CARTESIAN_POINT('',(-0.607889503955,1.230101936979,0.9300001));
#6460 = B_SPLINE_CURVE_WITH_KNOTS('',1,(#6461,#6462),.UNSPECIFIED.,.F.,
  .F.,(2,2),(-0.,1.E-02),.PIECEWISE_BEZIER_KNOTS.);
#6461 = CARTESIAN_POINT('',(-0.607889503955,1.230101936979,0.9300001));
#6462 = CARTESIAN_POINT('',(-0.607889503955,1.230101936979,0.9200001));
#6463 = ORIENTED_EDGE('',*,*,#6464,.F.);
#6464 = EDGE_CURVE('',#6436,#6458,#6465,.T.);
#6465 = B_SPLINE_CURVE_WITH_KNOTS('',1,(#6466,#6467),.UNSPECIFIED.,.F.,
  .F.,(2,2),(-3.634310317838E-02,0.),.PIECEWISE_BEZIER_KNOTS.);
#6466 = CARTESIAN_POINT('',(-0.644232607133,1.230101936979,0.9300001));
#6467 = CARTESIAN_POINT('',(-0.607889503955,1.230101936979,0.9300001));
#6468 = ORIENTED_EDGE('',*,*,#6435,.T.);
#6469 = B_SPLINE_SURFACE_WITH_KNOTS('',1,1,(
    (#6470,#6471)
    ,(#6472,#6473)),.UNSPECIFIED.,.F.,.F.,.F.,(2,2),(2,2),(-1.E-02,0.),(
    -3.634310317838E-02,0.),.PIECEWISE_BEZIER_KNOTS.);
#6470 = CARTESIAN_POINT('',(-0.644232607133,1.230101936979,0.9200001));
#6471 = CARTESIAN_POINT('',(-0.607889503955,1.230101936979,0.9200001));
#6472 = CARTESIAN_POINT('',(-0.644232607133,1.230101936979,0.9300001));
#6473 = CARTESIAN_POINT('',(-0.607889503955,1.230101936979,0.9300001));
#6474 = ADVANCED_FACE('',(#6475),#6491,.F.);
#6475 = FACE_BOUND('',#6476,.T.);
#6476 = EDGE_LOOP('',(#6477,#6478,#6485,#6490));
#6477 = ORIENTED_EDGE('',*,*,#968,.T.);
#6478 = ORIENTED_EDGE('',*,*,#6479,.F.);
#6479 = EDGE_CURVE('',#6480,#962,#6482,.T.);
#6480 = VERTEX_POINT('',#6481);
#6481 = CARTESIAN_POINT('',(-0.607889503955,1.240932663091,0.9300001));
#6482 = B_SPLINE_CURVE_WITH_KNOTS('',1,(#6483,#6484),.UNSPECIFIED.,.F.,
  .F.,(2,2),(-0.,1.E-02),.PIECEWISE_BEZIER_KNOTS.);
#6483 = CARTESIAN_POINT('',(-0.607889503955,1.240932663091,0.9300001));
#6484 = CARTESIAN_POINT('',(-0.607889503955,1.240932663091,0.9200001));
#6485 = ORIENTED_EDGE('',*,*,#6486,.F.);
#6486 = EDGE_CURVE('',#6458,#6480,#6487,.T.);
#6487 = B_SPLINE_CURVE_WITH_KNOTS('',1,(#6488,#6489),.UNSPECIFIED.,.F.,
  .F.,(2,2),(-1.083072611262E-02,0.),.PIECEWISE_BEZIER_KNOTS.);
#6488 = CARTESIAN_POINT('',(-0.607889503955,1.230101936979,0.9300001));
#6489 = CARTESIAN_POINT('',(-0.607889503955,1.240932663091,0.9300001));
#6490 = ORIENTED_EDGE('',*,*,#6457,.T.);
#6491 = B_SPLINE_SURFACE_WITH_KNOTS('',1,1,(
    (#6492,#6493)
    ,(#6494,#6495)),.UNSPECIFIED.,.F.,.F.,.F.,(2,2),(2,2),(-1.E-02,0.),(
    -1.083072611262E-02,0.),.PIECEWISE_BEZIER_KNOTS.);
#6492 = CARTESIAN_POINT('',(-0.607889503955,1.230101936979,0.9200001));
#6493 = CARTESIAN_POINT('',(-0.607889503955,1.240932663091,0.9200001));
#6494 = CARTESIAN_POINT('',(-0.607889503955,1.230101936979,0.9300001));
#6495 = CARTESIAN_POINT('',(-0.607889503955,1.240932663091,0.9300001));
#6496 = ADVANCED_FACE('',(#6497),#6513,.F.);
#6497 = FACE_BOUND('',#6498,.T.);
#6498 = EDGE_LOOP('',(#6499,#6500,#6507,#6512));
#6499 = ORIENTED_EDGE('',*,*,#961,.T.);
#6500 = ORIENTED_EDGE('',*,*,#6501,.F.);
#6501 = EDGE_CURVE('',#6502,#955,#6504,.T.);
#6502 = VERTEX_POINT('',#6503);
#6503 = CARTESIAN_POINT('',(-0.65638708866,1.240932663091,0.9300001));
#6504 = B_SPLINE_CURVE_WITH_KNOTS('',1,(#6505,#6506),.UNSPECIFIED.,.F.,
  .F.,(2,2),(-0.,1.E-02),.PIECEWISE_BEZIER_KNOTS.);
#6505 = CARTESIAN_POINT('',(-0.65638708866,1.240932663091,0.9300001));
#6506 = CARTESIAN_POINT('',(-0.65638708866,1.240932663091,0.9200001));
#6507 = ORIENTED_EDGE('',*,*,#6508,.F.);
#6508 = EDGE_CURVE('',#6480,#6502,#6509,.T.);
#6509 = B_SPLINE_CURVE_WITH_KNOTS('',1,(#6510,#6511),.UNSPECIFIED.,.F.,
  .F.,(2,2),(-4.849758470488E-02,-0.),.PIECEWISE_BEZIER_KNOTS.);
#6510 = CARTESIAN_POINT('',(-0.607889503955,1.240932663091,0.9300001));
#6511 = CARTESIAN_POINT('',(-0.65638708866,1.240932663091,0.9300001));
#6512 = ORIENTED_EDGE('',*,*,#6479,.T.);
#6513 = B_SPLINE_SURFACE_WITH_KNOTS('',1,1,(
    (#6514,#6515)
    ,(#6516,#6517
    )),.UNSPECIFIED.,.F.,.F.,.F.,(2,2),(2,2),(0.,1.E-02),(0.,
    4.849758470488E-02),.PIECEWISE_BEZIER_KNOTS.);
#6514 = CARTESIAN_POINT('',(-0.65638708866,1.240932663091,0.9300001));
#6515 = CARTESIAN_POINT('',(-0.607889503955,1.240932663091,0.9300001));
#6516 = CARTESIAN_POINT('',(-0.65638708866,1.240932663091,0.9200001));
#6517 = CARTESIAN_POINT('',(-0.607889503955,1.240932663091,0.9200001));
#6518 = ADVANCED_FACE('',(#6519),#6535,.F.);
#6519 = FACE_BOUND('',#6520,.T.);
#6520 = EDGE_LOOP('',(#6521,#6522,#6529,#6534));
#6521 = ORIENTED_EDGE('',*,*,#954,.T.);
#6522 = ORIENTED_EDGE('',*,*,#6523,.F.);
#6523 = EDGE_CURVE('',#6524,#948,#6526,.T.);
#6524 = VERTEX_POINT('',#6525);
#6525 = CARTESIAN_POINT('',(-0.65638708866,1.146777550751,0.9300001));
#6526 = B_SPLINE_CURVE_WITH_KNOTS('',1,(#6527,#6528),.UNSPECIFIED.,.F.,
  .F.,(2,2),(-0.,1.E-02),.PIECEWISE_BEZIER_KNOTS.);
#6527 = CARTESIAN_POINT('',(-0.65638708866,1.146777550751,0.9300001));
#6528 = CARTESIAN_POINT('',(-0.65638708866,1.146777550751,0.9200001));
#6529 = ORIENTED_EDGE('',*,*,#6530,.F.);
#6530 = EDGE_CURVE('',#6502,#6524,#6531,.T.);
#6531 = B_SPLINE_CURVE_WITH_KNOTS('',1,(#6532,#6533),.UNSPECIFIED.,.F.,
  .F.,(2,2),(-9.415511234022E-02,-0.),.PIECEWISE_BEZIER_KNOTS.);
#6532 = CARTESIAN_POINT('',(-0.65638708866,1.240932663091,0.9300001));
#6533 = CARTESIAN_POINT('',(-0.65638708866,1.146777550751,0.9300001));
#6534 = ORIENTED_EDGE('',*,*,#6501,.T.);
#6535 = B_SPLINE_SURFACE_WITH_KNOTS('',1,1,(
    (#6536,#6537)
    ,(#6538,#6539
    )),.UNSPECIFIED.,.F.,.F.,.F.,(2,2),(2,2),(0.,1.E-02),(0.,
    9.415511234022E-02),.PIECEWISE_BEZIER_KNOTS.);
#6536 = CARTESIAN_POINT('',(-0.65638708866,1.146777550751,0.9300001));
#6537 = CARTESIAN_POINT('',(-0.65638708866,1.240932663091,0.9300001));
#6538 = CARTESIAN_POINT('',(-0.65638708866,1.146777550751,0.9200001));
#6539 = CARTESIAN_POINT('',(-0.65638708866,1.240932663091,0.9200001));
#6540 = ADVANCED_FACE('',(#6541),#6551,.F.);
#6541 = FACE_BOUND('',#6542,.T.);
#6542 = EDGE_LOOP('',(#6543,#6544,#6545,#6550));
#6543 = ORIENTED_EDGE('',*,*,#947,.T.);
#6544 = ORIENTED_EDGE('',*,*,#6311,.F.);
#6545 = ORIENTED_EDGE('',*,*,#6546,.F.);
#6546 = EDGE_CURVE('',#6524,#6305,#6547,.T.);
#6547 = B_SPLINE_CURVE_WITH_KNOTS('',1,(#6548,#6549),.UNSPECIFIED.,.F.,
  .F.,(2,2),(-5.063966164699E-02,0.),.PIECEWISE_BEZIER_KNOTS.);
#6548 = CARTESIAN_POINT('',(-0.65638708866,1.146777550751,0.9300001));
#6549 = CARTESIAN_POINT('',(-0.605747427013,1.146777550751,0.9300001));
#6550 = ORIENTED_EDGE('',*,*,#6523,.T.);
#6551 = B_SPLINE_SURFACE_WITH_KNOTS('',1,1,(
    (#6552,#6553)
    ,(#6554,#6555)),.UNSPECIFIED.,.F.,.F.,.F.,(2,2),(2,2),(-1.E-02,0.),(
    -5.063966164699E-02,0.),.PIECEWISE_BEZIER_KNOTS.);
#6552 = CARTESIAN_POINT('',(-0.65638708866,1.146777550751,0.9200001));
#6553 = CARTESIAN_POINT('',(-0.605747427013,1.146777550751,0.9200001));
#6554 = CARTESIAN_POINT('',(-0.65638708866,1.146777550751,0.9300001));
#6555 = CARTESIAN_POINT('',(-0.605747427013,1.146777550751,0.9300001));
#6556 = ADVANCED_FACE('',(#6557),#6571,.F.);
#6557 = FACE_BOUND('',#6558,.T.);
#6558 = EDGE_LOOP('',(#6559,#6560,#6561,#6562,#6563,#6564,#6565,#6566,
    #6567,#6568,#6569,#6570));
#6559 = ORIENTED_EDGE('',*,*,#6304,.T.);
#6560 = ORIENTED_EDGE('',*,*,#6332,.T.);
#6561 = ORIENTED_EDGE('',*,*,#6354,.T.);
#6562 = ORIENTED_EDGE('',*,*,#6376,.T.);
#6563 = ORIENTED_EDGE('',*,*,#6398,.T.);
#6564 = ORIENTED_EDGE('',*,*,#6420,.T.);
#6565 = ORIENTED_EDGE('',*,*,#6442,.T.);
#6566 = ORIENTED_EDGE('',*,*,#6464,.T.);
#6567 = ORIENTED_EDGE('',*,*,#6486,.T.);
#6568 = ORIENTED_EDGE('',*,*,#6508,.T.);
#6569 = ORIENTED_EDGE('',*,*,#6530,.T.);
#6570 = ORIENTED_EDGE('',*,*,#6546,.T.);
#6571 = B_SPLINE_SURFACE_WITH_KNOTS('',1,1,(
    (#6572,#6573)
    ,(#6574,#6575
    )),.UNSPECIFIED.,.F.,.F.,.F.,(2,2),(2,2),(0.605747427013,
    0.65638708866),(1.146777550751,1.240932663091),
  .PIECEWISE_BEZIER_KNOTS.);
#6572 = CARTESIAN_POINT('',(-0.605747427013,1.146777550751,0.9300001));
#6573 = CARTESIAN_POINT('',(-0.605747427013,1.240932663091,0.9300001));
#6574 = CARTESIAN_POINT('',(-0.65638708866,1.146777550751,0.9300001));
#6575 = CARTESIAN_POINT('',(-0.65638708866,1.240932663091,0.9300001));
#6576 = ADVANCED_FACE('',(#6577),#6599,.F.);
#6577 = FACE_BOUND('',#6578,.T.);
#6578 = EDGE_LOOP('',(#6579,#6580,#6587,#6594));
#6579 = ORIENTED_EDGE('',*,*,#668,.T.);
#6580 = ORIENTED_EDGE('',*,*,#6581,.F.);
#6581 = EDGE_CURVE('',#6582,#658,#6584,.T.);
#6582 = VERTEX_POINT('',#6583);
#6583 = CARTESIAN_POINT('',(-0.562063498358,1.146777550751,0.9300001));
#6584 = B_SPLINE_CURVE_WITH_KNOTS('',1,(#6585,#6586),.UNSPECIFIED.,.F.,
  .F.,(2,2),(-0.,1.E-02),.PIECEWISE_BEZIER_KNOTS.);
#6585 = CARTESIAN_POINT('',(-0.562063498358,1.146777550751,0.9300001));
#6586 = CARTESIAN_POINT('',(-0.562063498358,1.146777550751,0.9200001));
#6587 = ORIENTED_EDGE('',*,*,#6588,.F.);
#6588 = EDGE_CURVE('',#6589,#6582,#6591,.T.);
#6589 = VERTEX_POINT('',#6590);
#6590 = CARTESIAN_POINT('',(-0.587960967907,1.146777550751,0.9300001));
#6591 = B_SPLINE_CURVE_WITH_KNOTS('',1,(#6592,#6593),.UNSPECIFIED.,.F.,
  .F.,(2,2),(-2.589746954965E-02,1.110223024625E-16),
  .PIECEWISE_BEZIER_KNOTS.);
#6592 = CARTESIAN_POINT('',(-0.587960967907,1.146777550751,0.9300001));
#6593 = CARTESIAN_POINT('',(-0.562063498358,1.146777550751,0.9300001));
#6594 = ORIENTED_EDGE('',*,*,#6595,.T.);
#6595 = EDGE_CURVE('',#6589,#669,#6596,.T.);
#6596 = B_SPLINE_CURVE_WITH_KNOTS('',1,(#6597,#6598),.UNSPECIFIED.,.F.,
  .F.,(2,2),(-0.,1.E-02),.PIECEWISE_BEZIER_KNOTS.);
#6597 = CARTESIAN_POINT('',(-0.587960967907,1.146777550751,0.9300001));
#6598 = CARTESIAN_POINT('',(-0.587960967907,1.146777550751,0.9200001));
#6599 = B_SPLINE_SURFACE_WITH_KNOTS('',1,1,(
    (#6600,#6601)
    ,(#6602,#6603)),.UNSPECIFIED.,.F.,.F.,.F.,(2,2),(2,2),(-1.E-02,0.),(
    -2.589746954965E-02,1.110223024625E-16),.PIECEWISE_BEZIER_KNOTS.);
#6600 = CARTESIAN_POINT('',(-0.587960967907,1.146777550751,0.9200001));
#6601 = CARTESIAN_POINT('',(-0.562063498358,1.146777550751,0.9200001));
#6602 = CARTESIAN_POINT('',(-0.587960967907,1.146777550751,0.9300001));
#6603 = CARTESIAN_POINT('',(-0.562063498358,1.146777550751,0.9300001));
#6604 = ADVANCED_FACE('',(#6605,#6656),#6715,.T.);
#6605 = FACE_BOUND('',#6606,.T.);
#6606 = EDGE_LOOP('',(#6607,#6608,#6617,#6626,#6635,#6644,#6651));
#6607 = ORIENTED_EDGE('',*,*,#6588,.T.);
#6608 = ORIENTED_EDGE('',*,*,#6609,.T.);
#6609 = EDGE_CURVE('',#6582,#6610,#6612,.T.);
#6610 = VERTEX_POINT('',#6611);
#6611 = CARTESIAN_POINT('',(-0.525503780657,1.159966968328,0.9300001));
#6612 = B_SPLINE_CURVE_WITH_KNOTS('',3,(#6613,#6614,#6615,#6616),
  .UNSPECIFIED.,.F.,.F.,(4,4),(5.,6.),.PIECEWISE_BEZIER_KNOTS.);
#6613 = CARTESIAN_POINT('',(-0.562063498358,1.146777550751,0.9300001));
#6614 = CARTESIAN_POINT('',(-0.547165232883,1.146777550751,0.9300001));
#6615 = CARTESIAN_POINT('',(-0.534962614796,1.151157977757,0.9300001));
#6616 = CARTESIAN_POINT('',(-0.525503780657,1.159966968328,0.9300001));
#6617 = ORIENTED_EDGE('',*,*,#6618,.T.);
#6618 = EDGE_CURVE('',#6610,#6619,#6621,.T.);
#6619 = VERTEX_POINT('',#6620);
#6620 = CARTESIAN_POINT('',(-0.511303495309,1.195058520934,0.9300001));
#6621 = B_SPLINE_CURVE_WITH_KNOTS('',3,(#6622,#6623,#6624,#6625),
  .UNSPECIFIED.,.F.,.F.,(4,4),(4.,5.),.PIECEWISE_BEZIER_KNOTS.);
#6622 = CARTESIAN_POINT('',(-0.525503780657,1.159966968328,0.9300001));
#6623 = CARTESIAN_POINT('',(-0.516044946518,1.1687759589,0.9300001));
#6624 = CARTESIAN_POINT('',(-0.511303495309,1.180473143102,0.9300001));
#6625 = CARTESIAN_POINT('',(-0.511303495309,1.195058520934,0.9300001));
#6626 = ORIENTED_EDGE('',*,*,#6627,.T.);
#6627 = EDGE_CURVE('',#6619,#6628,#6630,.T.);
#6628 = VERTEX_POINT('',#6629);
#6629 = CARTESIAN_POINT('',(-0.525503780657,1.228465293922,0.9300001));
#6630 = B_SPLINE_CURVE_WITH_KNOTS('',3,(#6631,#6632,#6633,#6634),
  .UNSPECIFIED.,.F.,.F.,(4,4),(3.,4.),.PIECEWISE_BEZIER_KNOTS.);
#6631 = CARTESIAN_POINT('',(-0.511303495309,1.195058520934,0.9300001));
#6632 = CARTESIAN_POINT('',(-0.511303495309,1.209018123479,0.9300001));
#6633 = CARTESIAN_POINT('',(-0.516044946518,1.220137668955,0.9300001));
#6634 = CARTESIAN_POINT('',(-0.525503780657,1.228465293922,0.9300001));
#6635 = ORIENTED_EDGE('',*,*,#6636,.T.);
#6636 = EDGE_CURVE('',#6628,#6637,#6639,.T.);
#6637 = VERTEX_POINT('',#6638);
#6638 = CARTESIAN_POINT('',(-0.561100767147,1.240932663091,0.9300001));
#6639 = B_SPLINE_CURVE_WITH_KNOTS('',3,(#6640,#6641,#6642,#6643),
  .UNSPECIFIED.,.F.,.F.,(4,4),(2.,3.),.PIECEWISE_BEZIER_KNOTS.);
#6640 = CARTESIAN_POINT('',(-0.525503780657,1.228465293922,0.9300001));
#6641 = CARTESIAN_POINT('',(-0.534962614796,1.236792918889,0.9300001));
#6642 = CARTESIAN_POINT('',(-0.546828276959,1.240932663091,0.9300001));
#6643 = CARTESIAN_POINT('',(-0.561100767147,1.240932663091,0.9300001));
#6644 = ORIENTED_EDGE('',*,*,#6645,.T.);
#6645 = EDGE_CURVE('',#6637,#6646,#6648,.T.);
#6646 = VERTEX_POINT('',#6647);
#6647 = CARTESIAN_POINT('',(-0.587960967907,1.240932663091,0.9300001));
#6648 = B_SPLINE_CURVE_WITH_KNOTS('',1,(#6649,#6650),.UNSPECIFIED.,.F.,
  .F.,(2,2),(-2.686020075986E-02,-0.),.PIECEWISE_BEZIER_KNOTS.);
#6649 = CARTESIAN_POINT('',(-0.561100767147,1.240932663091,0.9300001));
#6650 = CARTESIAN_POINT('',(-0.587960967907,1.240932663091,0.9300001));
#6651 = ORIENTED_EDGE('',*,*,#6652,.T.);
#6652 = EDGE_CURVE('',#6646,#6589,#6653,.T.);
#6653 = B_SPLINE_CURVE_WITH_KNOTS('',1,(#6654,#6655),.UNSPECIFIED.,.F.,
  .F.,(2,2),(-9.415511234022E-02,-0.),.PIECEWISE_BEZIER_KNOTS.);
#6654 = CARTESIAN_POINT('',(-0.587960967907,1.240932663091,0.9300001));
#6655 = CARTESIAN_POINT('',(-0.587960967907,1.146777550751,0.9300001));
#6656 = FACE_BOUND('',#6657,.T.);
#6657 = EDGE_LOOP('',(#6658,#6667,#6674,#6683,#6692,#6701,#6710));
#6658 = ORIENTED_EDGE('',*,*,#6659,.F.);
#6659 = EDGE_CURVE('',#6660,#6662,#6664,.T.);
#6660 = VERTEX_POINT('',#6661);
#6661 = CARTESIAN_POINT('',(-0.57580648638,1.230101936979,0.9300001));
#6662 = VERTEX_POINT('',#6663);
#6663 = CARTESIAN_POINT('',(-0.57580648638,1.157512003743,0.9300001));
#6664 = B_SPLINE_CURVE_WITH_KNOTS('',1,(#6665,#6666),.UNSPECIFIED.,.F.,
  .F.,(2,2),(0.,7.258993323587E-02),.PIECEWISE_BEZIER_KNOTS.);
#6665 = CARTESIAN_POINT('',(-0.57580648638,1.230101936979,0.9300001));
#6666 = CARTESIAN_POINT('',(-0.57580648638,1.157512003743,0.9300001));
#6667 = ORIENTED_EDGE('',*,*,#6668,.F.);
#6668 = EDGE_CURVE('',#6669,#6660,#6671,.T.);
#6669 = VERTEX_POINT('',#6670);
#6670 = CARTESIAN_POINT('',(-0.561582132753,1.230101936979,0.9300001));
#6671 = B_SPLINE_CURVE_WITH_KNOTS('',1,(#6672,#6673),.UNSPECIFIED.,.F.,
  .F.,(2,2),(-1.110223024625E-16,1.42243536273E-02),
  .PIECEWISE_BEZIER_KNOTS.);
#6672 = CARTESIAN_POINT('',(-0.561582132753,1.230101936979,0.9300001));
#6673 = CARTESIAN_POINT('',(-0.57580648638,1.230101936979,0.9300001));
#6674 = ORIENTED_EDGE('',*,*,#6675,.F.);
#6675 = EDGE_CURVE('',#6676,#6669,#6678,.T.);
#6676 = VERTEX_POINT('',#6677);
#6677 = CARTESIAN_POINT('',(-0.53440904435,1.221244809846,0.9300001));
#6678 = B_SPLINE_CURVE_WITH_KNOTS('',3,(#6679,#6680,#6681,#6682),
  .UNSPECIFIED.,.F.,.F.,(4,4),(5.,6.),.PIECEWISE_BEZIER_KNOTS.);
#6679 = CARTESIAN_POINT('',(-0.53440904435,1.221244809846,0.9300001));
#6680 = CARTESIAN_POINT('',(-0.541292572502,1.227165606788,0.9300001));
#6681 = CARTESIAN_POINT('',(-0.550366314156,1.230101936979,0.9300001));
#6682 = CARTESIAN_POINT('',(-0.561582132753,1.230101936979,0.9300001));
#6683 = ORIENTED_EDGE('',*,*,#6684,.F.);
#6684 = EDGE_CURVE('',#6685,#6676,#6687,.T.);
#6685 = VERTEX_POINT('',#6686);
#6686 = CARTESIAN_POINT('',(-0.524083752122,1.19472156501,0.9300001));
#6687 = B_SPLINE_CURVE_WITH_KNOTS('',3,(#6688,#6689,#6690,#6691),
  .UNSPECIFIED.,.F.,.F.,(4,4),(4.,5.),.PIECEWISE_BEZIER_KNOTS.);
#6688 = CARTESIAN_POINT('',(-0.524083752122,1.19472156501,0.9300001));
#6689 = CARTESIAN_POINT('',(-0.524083752122,1.206466885773,0.9300001));
#6690 = CARTESIAN_POINT('',(-0.527525516198,1.215324012905,0.9300001));
#6691 = CARTESIAN_POINT('',(-0.53440904435,1.221244809846,0.9300001));
#6692 = ORIENTED_EDGE('',*,*,#6693,.F.);
#6693 = EDGE_CURVE('',#6694,#6685,#6696,.T.);
#6694 = VERTEX_POINT('',#6695);
#6695 = CARTESIAN_POINT('',(-0.534144293267,1.167331862085,0.9300001));
#6696 = B_SPLINE_CURVE_WITH_KNOTS('',3,(#6697,#6698,#6699,#6700),
  .UNSPECIFIED.,.F.,.F.,(4,4),(3.,4.),.PIECEWISE_BEZIER_KNOTS.);
#6697 = CARTESIAN_POINT('',(-0.534144293267,1.167331862085,0.9300001));
#6698 = CARTESIAN_POINT('',(-0.527429243077,1.173830297753,0.9300001));
#6699 = CARTESIAN_POINT('',(-0.524083752122,1.182976244248,0.9300001));
#6700 = CARTESIAN_POINT('',(-0.524083752122,1.19472156501,0.9300001));
#6701 = ORIENTED_EDGE('',*,*,#6702,.F.);
#6702 = EDGE_CURVE('',#6703,#6694,#6705,.T.);
#6703 = VERTEX_POINT('',#6704);
#6704 = CARTESIAN_POINT('',(-0.562135703198,1.157512003743,0.9300001));
#6705 = B_SPLINE_CURVE_WITH_KNOTS('',3,(#6706,#6707,#6708,#6709),
  .UNSPECIFIED.,.F.,.F.,(4,4),(2.,3.),.PIECEWISE_BEZIER_KNOTS.);
#6706 = CARTESIAN_POINT('',(-0.562135703198,1.157512003743,0.9300001));
#6707 = CARTESIAN_POINT('',(-0.550173767914,1.157512003743,0.9300001));
#6708 = CARTESIAN_POINT('',(-0.540835275176,1.160785289857,0.9300001));
#6709 = CARTESIAN_POINT('',(-0.534144293267,1.167331862085,0.9300001));
#6710 = ORIENTED_EDGE('',*,*,#6711,.F.);
#6711 = EDGE_CURVE('',#6662,#6703,#6712,.T.);
#6712 = B_SPLINE_CURVE_WITH_KNOTS('',1,(#6713,#6714),.UNSPECIFIED.,.F.,
  .F.,(2,2),(0.,1.367078318216E-02),.PIECEWISE_BEZIER_KNOTS.);
#6713 = CARTESIAN_POINT('',(-0.57580648638,1.157512003743,0.9300001));
#6714 = CARTESIAN_POINT('',(-0.562135703198,1.157512003743,0.9300001));
#6715 = B_SPLINE_SURFACE_WITH_KNOTS('',1,1,(
    (#6716,#6717)
    ,(#6718,#6719
    )),.UNSPECIFIED.,.F.,.F.,.F.,(2,2),(2,2),(-4.646381502378E-02,
    3.01936575743E-02),(-9.104428711793E-02,3.110825222294E-03),
  .PIECEWISE_BEZIER_KNOTS.);
#6716 = CARTESIAN_POINT('',(-0.587960967907,1.146777550751,0.9300001));
#6717 = CARTESIAN_POINT('',(-0.587960967907,1.240932663091,0.9300001));
#6718 = CARTESIAN_POINT('',(-0.511303495309,1.146777550751,0.9300001));
#6719 = CARTESIAN_POINT('',(-0.511303495309,1.240932663091,0.9300001));
#6720 = ADVANCED_FACE('',(#6721),#6731,.F.);
#6721 = FACE_BOUND('',#6722,.F.);
#6722 = EDGE_LOOP('',(#6723,#6724,#6725,#6730));
#6723 = ORIENTED_EDGE('',*,*,#6581,.F.);
#6724 = ORIENTED_EDGE('',*,*,#6609,.T.);
#6725 = ORIENTED_EDGE('',*,*,#6726,.T.);
#6726 = EDGE_CURVE('',#6610,#660,#6727,.T.);
#6727 = B_SPLINE_CURVE_WITH_KNOTS('',1,(#6728,#6729),.UNSPECIFIED.,.F.,
  .F.,(2,2),(-0.,1.E-02),.PIECEWISE_BEZIER_KNOTS.);
#6728 = CARTESIAN_POINT('',(-0.525503780657,1.159966968328,0.9300001));
#6729 = CARTESIAN_POINT('',(-0.525503780657,1.159966968328,0.9200001));
#6730 = ORIENTED_EDGE('',*,*,#657,.F.);
#6731 = B_SPLINE_SURFACE_WITH_KNOTS('',3,1,(
    (#6732,#6733)
    ,(#6734,#6735)
    ,(#6736,#6737)
    ,(#6738,#6739
    )),.UNSPECIFIED.,.F.,.F.,.F.,(4,4),(2,2),(5.,6.),(0.,1.),
  .PIECEWISE_BEZIER_KNOTS.);
#6732 = CARTESIAN_POINT('',(-0.562063498358,1.146777550751,0.9300001));
#6733 = CARTESIAN_POINT('',(-0.562063498358,1.146777550751,0.9200001));
#6734 = CARTESIAN_POINT('',(-0.547165232883,1.146777550751,0.9300001));
#6735 = CARTESIAN_POINT('',(-0.547165232883,1.146777550751,0.9200001));
#6736 = CARTESIAN_POINT('',(-0.534962614796,1.151157977757,0.9300001));
#6737 = CARTESIAN_POINT('',(-0.534962614796,1.151157977757,0.9200001));
#6738 = CARTESIAN_POINT('',(-0.525503780657,1.159966968328,0.9300001));
#6739 = CARTESIAN_POINT('',(-0.525503780657,1.159966968328,0.9200001));
#6740 = ADVANCED_FACE('',(#6741),#6751,.F.);
#6741 = FACE_BOUND('',#6742,.F.);
#6742 = EDGE_LOOP('',(#6743,#6744,#6745,#6750));
#6743 = ORIENTED_EDGE('',*,*,#6726,.F.);
#6744 = ORIENTED_EDGE('',*,*,#6618,.T.);
#6745 = ORIENTED_EDGE('',*,*,#6746,.T.);
#6746 = EDGE_CURVE('',#6619,#699,#6747,.T.);
#6747 = B_SPLINE_CURVE_WITH_KNOTS('',1,(#6748,#6749),.UNSPECIFIED.,.F.,
  .F.,(2,2),(-0.,1.E-02),.PIECEWISE_BEZIER_KNOTS.);
#6748 = CARTESIAN_POINT('',(-0.511303495309,1.195058520934,0.9300001));
#6749 = CARTESIAN_POINT('',(-0.511303495309,1.195058520934,0.9200001));
#6750 = ORIENTED_EDGE('',*,*,#707,.F.);
#6751 = B_SPLINE_SURFACE_WITH_KNOTS('',3,1,(
    (#6752,#6753)
    ,(#6754,#6755)
    ,(#6756,#6757)
    ,(#6758,#6759
    )),.UNSPECIFIED.,.F.,.F.,.F.,(4,4),(2,2),(4.,5.),(0.,1.),
  .PIECEWISE_BEZIER_KNOTS.);
#6752 = CARTESIAN_POINT('',(-0.525503780657,1.159966968328,0.9300001));
#6753 = CARTESIAN_POINT('',(-0.525503780657,1.159966968328,0.9200001));
#6754 = CARTESIAN_POINT('',(-0.516044946518,1.1687759589,0.9300001));
#6755 = CARTESIAN_POINT('',(-0.516044946518,1.1687759589,0.9200001));
#6756 = CARTESIAN_POINT('',(-0.511303495309,1.180473143102,0.9300001));
#6757 = CARTESIAN_POINT('',(-0.511303495309,1.180473143102,0.9200001));
#6758 = CARTESIAN_POINT('',(-0.511303495309,1.195058520934,0.9300001));
#6759 = CARTESIAN_POINT('',(-0.511303495309,1.195058520934,0.9200001));
#6760 = ADVANCED_FACE('',(#6761),#6771,.F.);
#6761 = FACE_BOUND('',#6762,.F.);
#6762 = EDGE_LOOP('',(#6763,#6764,#6765,#6770));
#6763 = ORIENTED_EDGE('',*,*,#6746,.F.);
#6764 = ORIENTED_EDGE('',*,*,#6627,.T.);
#6765 = ORIENTED_EDGE('',*,*,#6766,.T.);
#6766 = EDGE_CURVE('',#6628,#690,#6767,.T.);
#6767 = B_SPLINE_CURVE_WITH_KNOTS('',1,(#6768,#6769),.UNSPECIFIED.,.F.,
  .F.,(2,2),(-0.,1.E-02),.PIECEWISE_BEZIER_KNOTS.);
#6768 = CARTESIAN_POINT('',(-0.525503780657,1.228465293922,0.9300001));
#6769 = CARTESIAN_POINT('',(-0.525503780657,1.228465293922,0.9200001));
#6770 = ORIENTED_EDGE('',*,*,#698,.F.);
#6771 = B_SPLINE_SURFACE_WITH_KNOTS('',3,1,(
    (#6772,#6773)
    ,(#6774,#6775)
    ,(#6776,#6777)
    ,(#6778,#6779
    )),.UNSPECIFIED.,.F.,.F.,.F.,(4,4),(2,2),(3.,4.),(0.,1.),
  .PIECEWISE_BEZIER_KNOTS.);
#6772 = CARTESIAN_POINT('',(-0.511303495309,1.195058520934,0.9300001));
#6773 = CARTESIAN_POINT('',(-0.511303495309,1.195058520934,0.9200001));
#6774 = CARTESIAN_POINT('',(-0.511303495309,1.209018123479,0.9300001));
#6775 = CARTESIAN_POINT('',(-0.511303495309,1.209018123479,0.9200001));
#6776 = CARTESIAN_POINT('',(-0.516044946518,1.220137668955,0.9300001));
#6777 = CARTESIAN_POINT('',(-0.516044946518,1.220137668955,0.9200001));
#6778 = CARTESIAN_POINT('',(-0.525503780657,1.228465293922,0.9300001));
#6779 = CARTESIAN_POINT('',(-0.525503780657,1.228465293922,0.9200001));
#6780 = ADVANCED_FACE('',(#6781),#6791,.F.);
#6781 = FACE_BOUND('',#6782,.F.);
#6782 = EDGE_LOOP('',(#6783,#6784,#6785,#6790));
#6783 = ORIENTED_EDGE('',*,*,#6766,.F.);
#6784 = ORIENTED_EDGE('',*,*,#6636,.T.);
#6785 = ORIENTED_EDGE('',*,*,#6786,.T.);
#6786 = EDGE_CURVE('',#6637,#683,#6787,.T.);
#6787 = B_SPLINE_CURVE_WITH_KNOTS('',1,(#6788,#6789),.UNSPECIFIED.,.F.,
  .F.,(2,2),(-0.,1.E-02),.PIECEWISE_BEZIER_KNOTS.);
#6788 = CARTESIAN_POINT('',(-0.561100767147,1.240932663091,0.9300001));
#6789 = CARTESIAN_POINT('',(-0.561100767147,1.240932663091,0.9200001));
#6790 = ORIENTED_EDGE('',*,*,#689,.F.);
#6791 = B_SPLINE_SURFACE_WITH_KNOTS('',3,1,(
    (#6792,#6793)
    ,(#6794,#6795)
    ,(#6796,#6797)
    ,(#6798,#6799
    )),.UNSPECIFIED.,.F.,.F.,.F.,(4,4),(2,2),(2.,3.),(0.,1.),
  .PIECEWISE_BEZIER_KNOTS.);
#6792 = CARTESIAN_POINT('',(-0.525503780657,1.228465293922,0.9300001));
#6793 = CARTESIAN_POINT('',(-0.525503780657,1.228465293922,0.9200001));
#6794 = CARTESIAN_POINT('',(-0.534962614796,1.236792918889,0.9300001));
#6795 = CARTESIAN_POINT('',(-0.534962614796,1.236792918889,0.9200001));
#6796 = CARTESIAN_POINT('',(-0.546828276959,1.240932663091,0.9300001));
#6797 = CARTESIAN_POINT('',(-0.546828276959,1.240932663091,0.9200001));
#6798 = CARTESIAN_POINT('',(-0.561100767147,1.240932663091,0.9300001));
#6799 = CARTESIAN_POINT('',(-0.561100767147,1.240932663091,0.9200001));
#6800 = ADVANCED_FACE('',(#6801),#6811,.F.);
#6801 = FACE_BOUND('',#6802,.T.);
#6802 = EDGE_LOOP('',(#6803,#6804,#6809,#6810));
#6803 = ORIENTED_EDGE('',*,*,#682,.T.);
#6804 = ORIENTED_EDGE('',*,*,#6805,.F.);
#6805 = EDGE_CURVE('',#6646,#676,#6806,.T.);
#6806 = B_SPLINE_CURVE_WITH_KNOTS('',1,(#6807,#6808),.UNSPECIFIED.,.F.,
  .F.,(2,2),(-0.,1.E-02),.PIECEWISE_BEZIER_KNOTS.);
#6807 = CARTESIAN_POINT('',(-0.587960967907,1.240932663091,0.9300001));
#6808 = CARTESIAN_POINT('',(-0.587960967907,1.240932663091,0.9200001));
#6809 = ORIENTED_EDGE('',*,*,#6645,.F.);
#6810 = ORIENTED_EDGE('',*,*,#6786,.T.);
#6811 = B_SPLINE_SURFACE_WITH_KNOTS('',1,1,(
    (#6812,#6813)
    ,(#6814,#6815
    )),.UNSPECIFIED.,.F.,.F.,.F.,(2,2),(2,2),(0.,1.E-02),(0.,
    2.686020075986E-02),.PIECEWISE_BEZIER_KNOTS.);
#6812 = CARTESIAN_POINT('',(-0.587960967907,1.240932663091,0.9300001));
#6813 = CARTESIAN_POINT('',(-0.561100767147,1.240932663091,0.9300001));
#6814 = CARTESIAN_POINT('',(-0.587960967907,1.240932663091,0.9200001));
#6815 = CARTESIAN_POINT('',(-0.561100767147,1.240932663091,0.9200001));
#6816 = ADVANCED_FACE('',(#6817),#6823,.F.);
#6817 = FACE_BOUND('',#6818,.T.);
#6818 = EDGE_LOOP('',(#6819,#6820,#6821,#6822));
#6819 = ORIENTED_EDGE('',*,*,#675,.T.);
#6820 = ORIENTED_EDGE('',*,*,#6595,.F.);
#6821 = ORIENTED_EDGE('',*,*,#6652,.F.);
#6822 = ORIENTED_EDGE('',*,*,#6805,.T.);
#6823 = B_SPLINE_SURFACE_WITH_KNOTS('',1,1,(
    (#6824,#6825)
    ,(#6826,#6827
    )),.UNSPECIFIED.,.F.,.F.,.F.,(2,2),(2,2),(0.,1.E-02),(0.,
    9.415511234022E-02),.PIECEWISE_BEZIER_KNOTS.);
#6824 = CARTESIAN_POINT('',(-0.587960967907,1.146777550751,0.9300001));
#6825 = CARTESIAN_POINT('',(-0.587960967907,1.240932663091,0.9300001));
#6826 = CARTESIAN_POINT('',(-0.587960967907,1.146777550751,0.9200001));
#6827 = CARTESIAN_POINT('',(-0.587960967907,1.240932663091,0.9200001));
#6828 = ADVANCED_FACE('',(#6829),#6851,.T.);
#6829 = FACE_BOUND('',#6830,.T.);
#6830 = EDGE_LOOP('',(#6831,#6840,#6845,#6846));
#6831 = ORIENTED_EDGE('',*,*,#6832,.F.);
#6832 = EDGE_CURVE('',#6833,#6835,#6837,.T.);
#6833 = VERTEX_POINT('',#6834);
#6834 = CARTESIAN_POINT('',(-0.561582132753,1.230101936979,0.9200001));
#6835 = VERTEX_POINT('',#6836);
#6836 = CARTESIAN_POINT('',(-0.57580648638,1.230101936979,0.9200001));
#6837 = B_SPLINE_CURVE_WITH_KNOTS('',1,(#6838,#6839),.UNSPECIFIED.,.F.,
  .F.,(2,2),(-1.110223024625E-16,1.42243536273E-02),
  .PIECEWISE_BEZIER_KNOTS.);
#6838 = CARTESIAN_POINT('',(-0.561582132753,1.230101936979,0.9200001));
#6839 = CARTESIAN_POINT('',(-0.57580648638,1.230101936979,0.9200001));
#6840 = ORIENTED_EDGE('',*,*,#6841,.F.);
#6841 = EDGE_CURVE('',#6669,#6833,#6842,.T.);
#6842 = B_SPLINE_CURVE_WITH_KNOTS('',1,(#6843,#6844),.UNSPECIFIED.,.F.,
  .F.,(2,2),(-0.,1.E-02),.PIECEWISE_BEZIER_KNOTS.);
#6843 = CARTESIAN_POINT('',(-0.561582132753,1.230101936979,0.9300001));
#6844 = CARTESIAN_POINT('',(-0.561582132753,1.230101936979,0.9200001));
#6845 = ORIENTED_EDGE('',*,*,#6668,.T.);
#6846 = ORIENTED_EDGE('',*,*,#6847,.T.);
#6847 = EDGE_CURVE('',#6660,#6835,#6848,.T.);
#6848 = B_SPLINE_CURVE_WITH_KNOTS('',1,(#6849,#6850),.UNSPECIFIED.,.F.,
  .F.,(2,2),(-0.,1.E-02),.PIECEWISE_BEZIER_KNOTS.);
#6849 = CARTESIAN_POINT('',(-0.57580648638,1.230101936979,0.9300001));
#6850 = CARTESIAN_POINT('',(-0.57580648638,1.230101936979,0.9200001));
#6851 = B_SPLINE_SURFACE_WITH_KNOTS('',1,1,(
    (#6852,#6853)
    ,(#6854,#6855
    )),.UNSPECIFIED.,.F.,.F.,.F.,(2,2),(2,2),(0.,1.E-02),(
    -1.42243536273E-02,1.110223024625E-16),.PIECEWISE_BEZIER_KNOTS.);
#6852 = CARTESIAN_POINT('',(-0.57580648638,1.230101936979,0.9300001));
#6853 = CARTESIAN_POINT('',(-0.561582132753,1.230101936979,0.9300001));
#6854 = CARTESIAN_POINT('',(-0.57580648638,1.230101936979,0.9200001));
#6855 = CARTESIAN_POINT('',(-0.561582132753,1.230101936979,0.9200001));
#6856 = ADVANCED_FACE('',(#6857),#6873,.T.);
#6857 = FACE_BOUND('',#6858,.T.);
#6858 = EDGE_LOOP('',(#6859,#6866,#6867,#6868));
#6859 = ORIENTED_EDGE('',*,*,#6860,.F.);
#6860 = EDGE_CURVE('',#6835,#6861,#6863,.T.);
#6861 = VERTEX_POINT('',#6862);
#6862 = CARTESIAN_POINT('',(-0.57580648638,1.157512003743,0.9200001));
#6863 = B_SPLINE_CURVE_WITH_KNOTS('',1,(#6864,#6865),.UNSPECIFIED.,.F.,
  .F.,(2,2),(0.,7.258993323587E-02),.PIECEWISE_BEZIER_KNOTS.);
#6864 = CARTESIAN_POINT('',(-0.57580648638,1.230101936979,0.9200001));
#6865 = CARTESIAN_POINT('',(-0.57580648638,1.157512003743,0.9200001));
#6866 = ORIENTED_EDGE('',*,*,#6847,.F.);
#6867 = ORIENTED_EDGE('',*,*,#6659,.T.);
#6868 = ORIENTED_EDGE('',*,*,#6869,.T.);
#6869 = EDGE_CURVE('',#6662,#6861,#6870,.T.);
#6870 = B_SPLINE_CURVE_WITH_KNOTS('',1,(#6871,#6872),.UNSPECIFIED.,.F.,
  .F.,(2,2),(-0.,1.E-02),.PIECEWISE_BEZIER_KNOTS.);
#6871 = CARTESIAN_POINT('',(-0.57580648638,1.157512003743,0.9300001));
#6872 = CARTESIAN_POINT('',(-0.57580648638,1.157512003743,0.9200001));
#6873 = B_SPLINE_SURFACE_WITH_KNOTS('',1,1,(
    (#6874,#6875)
    ,(#6876,#6877)),.UNSPECIFIED.,.F.,.F.,.F.,(2,2),(2,2),(0.,1.E-02),(
    -7.258993323587E-02,0.),.PIECEWISE_BEZIER_KNOTS.);
#6874 = CARTESIAN_POINT('',(-0.57580648638,1.157512003743,0.9300001));
#6875 = CARTESIAN_POINT('',(-0.57580648638,1.230101936979,0.9300001));
#6876 = CARTESIAN_POINT('',(-0.57580648638,1.157512003743,0.9200001));
#6877 = CARTESIAN_POINT('',(-0.57580648638,1.230101936979,0.9200001));
#6878 = ADVANCED_FACE('',(#6879),#6895,.T.);
#6879 = FACE_BOUND('',#6880,.T.);
#6880 = EDGE_LOOP('',(#6881,#6888,#6889,#6890));
#6881 = ORIENTED_EDGE('',*,*,#6882,.F.);
#6882 = EDGE_CURVE('',#6861,#6883,#6885,.T.);
#6883 = VERTEX_POINT('',#6884);
#6884 = CARTESIAN_POINT('',(-0.562135703198,1.157512003743,0.9200001));
#6885 = B_SPLINE_CURVE_WITH_KNOTS('',1,(#6886,#6887),.UNSPECIFIED.,.F.,
  .F.,(2,2),(0.,1.367078318216E-02),.PIECEWISE_BEZIER_KNOTS.);
#6886 = CARTESIAN_POINT('',(-0.57580648638,1.157512003743,0.9200001));
#6887 = CARTESIAN_POINT('',(-0.562135703198,1.157512003743,0.9200001));
#6888 = ORIENTED_EDGE('',*,*,#6869,.F.);
#6889 = ORIENTED_EDGE('',*,*,#6711,.T.);
#6890 = ORIENTED_EDGE('',*,*,#6891,.T.);
#6891 = EDGE_CURVE('',#6703,#6883,#6892,.T.);
#6892 = B_SPLINE_CURVE_WITH_KNOTS('',1,(#6893,#6894),.UNSPECIFIED.,.F.,
  .F.,(2,2),(-0.,1.E-02),.PIECEWISE_BEZIER_KNOTS.);
#6893 = CARTESIAN_POINT('',(-0.562135703198,1.157512003743,0.9300001));
#6894 = CARTESIAN_POINT('',(-0.562135703198,1.157512003743,0.9200001));
#6895 = B_SPLINE_SURFACE_WITH_KNOTS('',1,1,(
    (#6896,#6897)
    ,(#6898,#6899
    )),.UNSPECIFIED.,.F.,.F.,.F.,(2,2),(2,2),(-1.E-02,0.),(0.,
    1.367078318216E-02),.PIECEWISE_BEZIER_KNOTS.);
#6896 = CARTESIAN_POINT('',(-0.57580648638,1.157512003743,0.9200001));
#6897 = CARTESIAN_POINT('',(-0.562135703198,1.157512003743,0.9200001));
#6898 = CARTESIAN_POINT('',(-0.57580648638,1.157512003743,0.9300001));
#6899 = CARTESIAN_POINT('',(-0.562135703198,1.157512003743,0.9300001));
#6900 = ADVANCED_FACE('',(#6901),#6919,.T.);
#6901 = FACE_BOUND('',#6902,.T.);
#6902 = EDGE_LOOP('',(#6903,#6912,#6913,#6914));
#6903 = ORIENTED_EDGE('',*,*,#6904,.F.);
#6904 = EDGE_CURVE('',#6883,#6905,#6907,.T.);
#6905 = VERTEX_POINT('',#6906);
#6906 = CARTESIAN_POINT('',(-0.534144293267,1.167331862085,0.9200001));
#6907 = B_SPLINE_CURVE_WITH_KNOTS('',3,(#6908,#6909,#6910,#6911),
  .UNSPECIFIED.,.F.,.F.,(4,4),(2.,3.),.PIECEWISE_BEZIER_KNOTS.);
#6908 = CARTESIAN_POINT('',(-0.562135703198,1.157512003743,0.9200001));
#6909 = CARTESIAN_POINT('',(-0.550173767914,1.157512003743,0.9200001));
#6910 = CARTESIAN_POINT('',(-0.540835275176,1.160785289857,0.9200001));
#6911 = CARTESIAN_POINT('',(-0.534144293267,1.167331862085,0.9200001));
#6912 = ORIENTED_EDGE('',*,*,#6891,.F.);
#6913 = ORIENTED_EDGE('',*,*,#6702,.T.);
#6914 = ORIENTED_EDGE('',*,*,#6915,.T.);
#6915 = EDGE_CURVE('',#6694,#6905,#6916,.T.);
#6916 = B_SPLINE_CURVE_WITH_KNOTS('',1,(#6917,#6918),.UNSPECIFIED.,.F.,
  .F.,(2,2),(-0.,1.E-02),.PIECEWISE_BEZIER_KNOTS.);
#6917 = CARTESIAN_POINT('',(-0.534144293267,1.167331862085,0.9300001));
#6918 = CARTESIAN_POINT('',(-0.534144293267,1.167331862085,0.9200001));
#6919 = B_SPLINE_SURFACE_WITH_KNOTS('',3,1,(
    (#6920,#6921)
    ,(#6922,#6923)
    ,(#6924,#6925)
    ,(#6926,#6927
    )),.UNSPECIFIED.,.F.,.F.,.F.,(4,4),(2,2),(2.,3.),(0.,1.),
  .PIECEWISE_BEZIER_KNOTS.);
#6920 = CARTESIAN_POINT('',(-0.562135703198,1.157512003743,0.9300001));
#6921 = CARTESIAN_POINT('',(-0.562135703198,1.157512003743,0.9200001));
#6922 = CARTESIAN_POINT('',(-0.550173767914,1.157512003743,0.9300001));
#6923 = CARTESIAN_POINT('',(-0.550173767914,1.157512003743,0.9200001));
#6924 = CARTESIAN_POINT('',(-0.540835275176,1.160785289857,0.9300001));
#6925 = CARTESIAN_POINT('',(-0.540835275176,1.160785289857,0.9200001));
#6926 = CARTESIAN_POINT('',(-0.534144293267,1.167331862085,0.9300001));
#6927 = CARTESIAN_POINT('',(-0.534144293267,1.167331862085,0.9200001));
#6928 = ADVANCED_FACE('',(#6929),#6947,.T.);
#6929 = FACE_BOUND('',#6930,.T.);
#6930 = EDGE_LOOP('',(#6931,#6940,#6941,#6942));
#6931 = ORIENTED_EDGE('',*,*,#6932,.F.);
#6932 = EDGE_CURVE('',#6905,#6933,#6935,.T.);
#6933 = VERTEX_POINT('',#6934);
#6934 = CARTESIAN_POINT('',(-0.524083752122,1.19472156501,0.9200001));
#6935 = B_SPLINE_CURVE_WITH_KNOTS('',3,(#6936,#6937,#6938,#6939),
  .UNSPECIFIED.,.F.,.F.,(4,4),(3.,4.),.PIECEWISE_BEZIER_KNOTS.);
#6936 = CARTESIAN_POINT('',(-0.534144293267,1.167331862085,0.9200001));
#6937 = CARTESIAN_POINT('',(-0.527429243077,1.173830297753,0.9200001));
#6938 = CARTESIAN_POINT('',(-0.524083752122,1.182976244248,0.9200001));
#6939 = CARTESIAN_POINT('',(-0.524083752122,1.19472156501,0.9200001));
#6940 = ORIENTED_EDGE('',*,*,#6915,.F.);
#6941 = ORIENTED_EDGE('',*,*,#6693,.T.);
#6942 = ORIENTED_EDGE('',*,*,#6943,.T.);
#6943 = EDGE_CURVE('',#6685,#6933,#6944,.T.);
#6944 = B_SPLINE_CURVE_WITH_KNOTS('',1,(#6945,#6946),.UNSPECIFIED.,.F.,
  .F.,(2,2),(-0.,1.E-02),.PIECEWISE_BEZIER_KNOTS.);
#6945 = CARTESIAN_POINT('',(-0.524083752122,1.19472156501,0.9300001));
#6946 = CARTESIAN_POINT('',(-0.524083752122,1.19472156501,0.9200001));
#6947 = B_SPLINE_SURFACE_WITH_KNOTS('',3,1,(
    (#6948,#6949)
    ,(#6950,#6951)
    ,(#6952,#6953)
    ,(#6954,#6955
    )),.UNSPECIFIED.,.F.,.F.,.F.,(4,4),(2,2),(3.,4.),(0.,1.),
  .PIECEWISE_BEZIER_KNOTS.);
#6948 = CARTESIAN_POINT('',(-0.534144293267,1.167331862085,0.9300001));
#6949 = CARTESIAN_POINT('',(-0.534144293267,1.167331862085,0.9200001));
#6950 = CARTESIAN_POINT('',(-0.527429243077,1.173830297753,0.9300001));
#6951 = CARTESIAN_POINT('',(-0.527429243077,1.173830297753,0.9200001));
#6952 = CARTESIAN_POINT('',(-0.524083752122,1.182976244248,0.9300001));
#6953 = CARTESIAN_POINT('',(-0.524083752122,1.182976244248,0.9200001));
#6954 = CARTESIAN_POINT('',(-0.524083752122,1.19472156501,0.9300001));
#6955 = CARTESIAN_POINT('',(-0.524083752122,1.19472156501,0.9200001));
#6956 = ADVANCED_FACE('',(#6957),#6975,.T.);
#6957 = FACE_BOUND('',#6958,.T.);
#6958 = EDGE_LOOP('',(#6959,#6968,#6969,#6970));
#6959 = ORIENTED_EDGE('',*,*,#6960,.F.);
#6960 = EDGE_CURVE('',#6933,#6961,#6963,.T.);
#6961 = VERTEX_POINT('',#6962);
#6962 = CARTESIAN_POINT('',(-0.53440904435,1.221244809846,0.9200001));
#6963 = B_SPLINE_CURVE_WITH_KNOTS('',3,(#6964,#6965,#6966,#6967),
  .UNSPECIFIED.,.F.,.F.,(4,4),(4.,5.),.PIECEWISE_BEZIER_KNOTS.);
#6964 = CARTESIAN_POINT('',(-0.524083752122,1.19472156501,0.9200001));
#6965 = CARTESIAN_POINT('',(-0.524083752122,1.206466885773,0.9200001));
#6966 = CARTESIAN_POINT('',(-0.527525516198,1.215324012905,0.9200001));
#6967 = CARTESIAN_POINT('',(-0.53440904435,1.221244809846,0.9200001));
#6968 = ORIENTED_EDGE('',*,*,#6943,.F.);
#6969 = ORIENTED_EDGE('',*,*,#6684,.T.);
#6970 = ORIENTED_EDGE('',*,*,#6971,.T.);
#6971 = EDGE_CURVE('',#6676,#6961,#6972,.T.);
#6972 = B_SPLINE_CURVE_WITH_KNOTS('',1,(#6973,#6974),.UNSPECIFIED.,.F.,
  .F.,(2,2),(-0.,1.E-02),.PIECEWISE_BEZIER_KNOTS.);
#6973 = CARTESIAN_POINT('',(-0.53440904435,1.221244809846,0.9300001));
#6974 = CARTESIAN_POINT('',(-0.53440904435,1.221244809846,0.9200001));
#6975 = B_SPLINE_SURFACE_WITH_KNOTS('',3,1,(
    (#6976,#6977)
    ,(#6978,#6979)
    ,(#6980,#6981)
    ,(#6982,#6983
    )),.UNSPECIFIED.,.F.,.F.,.F.,(4,4),(2,2),(4.,5.),(0.,1.),
  .PIECEWISE_BEZIER_KNOTS.);
#6976 = CARTESIAN_POINT('',(-0.524083752122,1.19472156501,0.9300001));
#6977 = CARTESIAN_POINT('',(-0.524083752122,1.19472156501,0.9200001));
#6978 = CARTESIAN_POINT('',(-0.524083752122,1.206466885773,0.9300001));
#6979 = CARTESIAN_POINT('',(-0.524083752122,1.206466885773,0.9200001));
#6980 = CARTESIAN_POINT('',(-0.527525516198,1.215324012905,0.9300001));
#6981 = CARTESIAN_POINT('',(-0.527525516198,1.215324012905,0.9200001));
#6982 = CARTESIAN_POINT('',(-0.53440904435,1.221244809846,0.9300001));
#6983 = CARTESIAN_POINT('',(-0.53440904435,1.221244809846,0.9200001));
#6984 = ADVANCED_FACE('',(#6985),#6997,.T.);
#6985 = FACE_BOUND('',#6986,.T.);
#6986 = EDGE_LOOP('',(#6987,#6994,#6995,#6996));
#6987 = ORIENTED_EDGE('',*,*,#6988,.F.);
#6988 = EDGE_CURVE('',#6961,#6833,#6989,.T.);
#6989 = B_SPLINE_CURVE_WITH_KNOTS('',3,(#6990,#6991,#6992,#6993),
  .UNSPECIFIED.,.F.,.F.,(4,4),(5.,6.),.PIECEWISE_BEZIER_KNOTS.);
#6990 = CARTESIAN_POINT('',(-0.53440904435,1.221244809846,0.9200001));
#6991 = CARTESIAN_POINT('',(-0.541292572502,1.227165606788,0.9200001));
#6992 = CARTESIAN_POINT('',(-0.550366314156,1.230101936979,0.9200001));
#6993 = CARTESIAN_POINT('',(-0.561582132753,1.230101936979,0.9200001));
#6994 = ORIENTED_EDGE('',*,*,#6971,.F.);
#6995 = ORIENTED_EDGE('',*,*,#6675,.T.);
#6996 = ORIENTED_EDGE('',*,*,#6841,.T.);
#6997 = B_SPLINE_SURFACE_WITH_KNOTS('',3,1,(
    (#6998,#6999)
    ,(#7000,#7001)
    ,(#7002,#7003)
    ,(#7004,#7005
    )),.UNSPECIFIED.,.F.,.F.,.F.,(4,4),(2,2),(5.,6.),(0.,1.),
  .PIECEWISE_BEZIER_KNOTS.);
#6998 = CARTESIAN_POINT('',(-0.53440904435,1.221244809846,0.9300001));
#6999 = CARTESIAN_POINT('',(-0.53440904435,1.221244809846,0.9200001));
#7000 = CARTESIAN_POINT('',(-0.541292572502,1.227165606788,0.9300001));
#7001 = CARTESIAN_POINT('',(-0.541292572502,1.227165606788,0.9200001));
#7002 = CARTESIAN_POINT('',(-0.550366314156,1.230101936979,0.9300001));
#7003 = CARTESIAN_POINT('',(-0.550366314156,1.230101936979,0.9200001));
#7004 = CARTESIAN_POINT('',(-0.561582132753,1.230101936979,0.9300001));
#7005 = CARTESIAN_POINT('',(-0.561582132753,1.230101936979,0.9200001));
#7006 = ADVANCED_FACE('',(#7007),#7016,.T.);
#7007 = FACE_BOUND('',#7008,.T.);
#7008 = EDGE_LOOP('',(#7009,#7010,#7011,#7012,#7013,#7014,#7015));
#7009 = ORIENTED_EDGE('',*,*,#6832,.T.);
#7010 = ORIENTED_EDGE('',*,*,#6860,.T.);
#7011 = ORIENTED_EDGE('',*,*,#6882,.T.);
#7012 = ORIENTED_EDGE('',*,*,#6904,.T.);
#7013 = ORIENTED_EDGE('',*,*,#6932,.T.);
#7014 = ORIENTED_EDGE('',*,*,#6960,.T.);
#7015 = ORIENTED_EDGE('',*,*,#6988,.T.);
#7016 = B_SPLINE_SURFACE_WITH_KNOTS('',1,1,(
    (#7017,#7018)
    ,(#7019,#7020
    )),.UNSPECIFIED.,.F.,.F.,.F.,(2,2),(2,2),(-0.57580648638,
    -0.524083752122),(1.157512003743,1.230101936979),
  .PIECEWISE_BEZIER_KNOTS.);
#7017 = CARTESIAN_POINT('',(-0.57580648638,1.157512003743,0.9200001));
#7018 = CARTESIAN_POINT('',(-0.57580648638,1.230101936979,0.9200001));
#7019 = CARTESIAN_POINT('',(-0.524083752122,1.157512003743,0.9200001));
#7020 = CARTESIAN_POINT('',(-0.524083752122,1.230101936979,0.9200001));
#7021 = ADVANCED_FACE('',(#7022),#7044,.F.);
#7022 = FACE_BOUND('',#7023,.T.);
#7023 = EDGE_LOOP('',(#7024,#7025,#7032,#7039));
#7024 = ORIENTED_EDGE('',*,*,#1026,.T.);
#7025 = ORIENTED_EDGE('',*,*,#7026,.F.);
#7026 = EDGE_CURVE('',#7027,#1018,#7029,.T.);
#7027 = VERTEX_POINT('',#7028);
#7028 = CARTESIAN_POINT('',(-0.457222069586,1.240932663091,0.9300001));
#7029 = B_SPLINE_CURVE_WITH_KNOTS('',1,(#7030,#7031),.UNSPECIFIED.,.F.,
  .F.,(2,2),(-0.,1.E-02),.PIECEWISE_BEZIER_KNOTS.);
#7030 = CARTESIAN_POINT('',(-0.457222069586,1.240932663091,0.9300001));
#7031 = CARTESIAN_POINT('',(-0.457222069586,1.240932663091,0.9200001));
#7032 = ORIENTED_EDGE('',*,*,#7033,.F.);
#7033 = EDGE_CURVE('',#7034,#7027,#7036,.T.);
#7034 = VERTEX_POINT('',#7035);
#7035 = CARTESIAN_POINT('',(-0.421360332013,1.146777550751,0.9300001));
#7036 = B_SPLINE_CURVE_WITH_KNOTS('',1,(#7037,#7038),.UNSPECIFIED.,.F.,
  .F.,(2,2),(-0.100753408883,0.),.PIECEWISE_BEZIER_KNOTS.);
#7037 = CARTESIAN_POINT('',(-0.421360332013,1.146777550751,0.9300001));
#7038 = CARTESIAN_POINT('',(-0.457222069586,1.240932663091,0.9300001));
#7039 = ORIENTED_EDGE('',*,*,#7040,.T.);
#7040 = EDGE_CURVE('',#7034,#1027,#7041,.T.);
#7041 = B_SPLINE_CURVE_WITH_KNOTS('',1,(#7042,#7043),.UNSPECIFIED.,.F.,
  .F.,(2,2),(-0.,1.E-02),.PIECEWISE_BEZIER_KNOTS.);
#7042 = CARTESIAN_POINT('',(-0.421360332013,1.146777550751,0.9300001));
#7043 = CARTESIAN_POINT('',(-0.421360332013,1.146777550751,0.9200001));
#7044 = B_SPLINE_SURFACE_WITH_KNOTS('',1,1,(
    (#7045,#7046)
    ,(#7047,#7048
    )),.UNSPECIFIED.,.F.,.F.,.F.,(2,2),(2,2),(0.,0.100753408883),(
    -1.E-02,0.),.PIECEWISE_BEZIER_KNOTS.);
#7045 = CARTESIAN_POINT('',(-0.457222069586,1.240932663091,0.9200001));
#7046 = CARTESIAN_POINT('',(-0.457222069586,1.240932663091,0.9300001));
#7047 = CARTESIAN_POINT('',(-0.421360332013,1.146777550751,0.9200001));
#7048 = CARTESIAN_POINT('',(-0.421360332013,1.146777550751,0.9300001));
#7049 = ADVANCED_FACE('',(#7050,#7100),#7148,.F.);
#7050 = FACE_BOUND('',#7051,.T.);
#7051 = EDGE_LOOP('',(#7052,#7053,#7060,#7067,#7074,#7081,#7088,#7095));
#7052 = ORIENTED_EDGE('',*,*,#7033,.T.);
#7053 = ORIENTED_EDGE('',*,*,#7054,.T.);
#7054 = EDGE_CURVE('',#7027,#7055,#7057,.T.);
#7055 = VERTEX_POINT('',#7056);
#7056 = CARTESIAN_POINT('',(-0.470218940921,1.240932663091,0.9300001));
#7057 = B_SPLINE_CURVE_WITH_KNOTS('',1,(#7058,#7059),.UNSPECIFIED.,.F.,
  .F.,(2,2),(-1.299687133527E-02,-0.),.PIECEWISE_BEZIER_KNOTS.);
#7058 = CARTESIAN_POINT('',(-0.457222069586,1.240932663091,0.9300001));
#7059 = CARTESIAN_POINT('',(-0.470218940921,1.240932663091,0.9300001));
#7060 = ORIENTED_EDGE('',*,*,#7061,.T.);
#7061 = EDGE_CURVE('',#7055,#7062,#7064,.T.);
#7062 = VERTEX_POINT('',#7063);
#7063 = CARTESIAN_POINT('',(-0.506080678494,1.146777550751,0.9300001));
#7064 = B_SPLINE_CURVE_WITH_KNOTS('',1,(#7065,#7066),.UNSPECIFIED.,.F.,
  .F.,(2,2),(-0.100753408883,-0.),.PIECEWISE_BEZIER_KNOTS.);
#7065 = CARTESIAN_POINT('',(-0.470218940921,1.240932663091,0.9300001));
#7066 = CARTESIAN_POINT('',(-0.506080678494,1.146777550751,0.9300001));
#7067 = ORIENTED_EDGE('',*,*,#7068,.T.);
#7068 = EDGE_CURVE('',#7062,#7069,#7071,.T.);
#7069 = VERTEX_POINT('',#7070);
#7070 = CARTESIAN_POINT('',(-0.492650578115,1.146777550751,0.9300001));
#7071 = B_SPLINE_CURVE_WITH_KNOTS('',1,(#7072,#7073),.UNSPECIFIED.,.F.,
  .F.,(2,2),(-1.343010037929E-02,0.),.PIECEWISE_BEZIER_KNOTS.);
#7072 = CARTESIAN_POINT('',(-0.506080678494,1.146777550751,0.9300001));
#7073 = CARTESIAN_POINT('',(-0.492650578115,1.146777550751,0.9300001));
#7074 = ORIENTED_EDGE('',*,*,#7075,.T.);
#7075 = EDGE_CURVE('',#7069,#7076,#7078,.T.);
#7076 = VERTEX_POINT('',#7077);
#7077 = CARTESIAN_POINT('',(-0.483600904741,1.17253061062,0.9300001));
#7078 = B_SPLINE_CURVE_WITH_KNOTS('',1,(#7079,#7080),.UNSPECIFIED.,.F.,
  .F.,(2,2),(-2.729682547038E-02,0.),.PIECEWISE_BEZIER_KNOTS.);
#7079 = CARTESIAN_POINT('',(-0.492650578115,1.146777550751,0.9300001));
#7080 = CARTESIAN_POINT('',(-0.483600904741,1.17253061062,0.9300001));
#7081 = ORIENTED_EDGE('',*,*,#7082,.T.);
#7082 = EDGE_CURVE('',#7076,#7083,#7085,.T.);
#7083 = VERTEX_POINT('',#7084);
#7084 = CARTESIAN_POINT('',(-0.444393676212,1.17253061062,0.9300001));
#7085 = B_SPLINE_CURVE_WITH_KNOTS('',1,(#7086,#7087),.UNSPECIFIED.,.F.,
  .F.,(2,2),(-3.920722852847E-02,0.),.PIECEWISE_BEZIER_KNOTS.);
#7086 = CARTESIAN_POINT('',(-0.483600904741,1.17253061062,0.9300001));
#7087 = CARTESIAN_POINT('',(-0.444393676212,1.17253061062,0.9300001));
#7088 = ORIENTED_EDGE('',*,*,#7089,.T.);
#7089 = EDGE_CURVE('',#7083,#7090,#7092,.T.);
#7090 = VERTEX_POINT('',#7091);
#7091 = CARTESIAN_POINT('',(-0.434790432392,1.146777550751,0.9300001));
#7092 = B_SPLINE_CURVE_WITH_KNOTS('',1,(#7093,#7094),.UNSPECIFIED.,.F.,
  .F.,(2,2),(-2.748531215843E-02,0.),.PIECEWISE_BEZIER_KNOTS.);
#7093 = CARTESIAN_POINT('',(-0.444393676212,1.17253061062,0.9300001));
#7094 = CARTESIAN_POINT('',(-0.434790432392,1.146777550751,0.9300001));
#7095 = ORIENTED_EDGE('',*,*,#7096,.T.);
#7096 = EDGE_CURVE('',#7090,#7034,#7097,.T.);
#7097 = B_SPLINE_CURVE_WITH_KNOTS('',1,(#7098,#7099),.UNSPECIFIED.,.F.,
  .F.,(2,2),(-1.343010037993E-02,0.),.PIECEWISE_BEZIER_KNOTS.);
#7098 = CARTESIAN_POINT('',(-0.434790432392,1.146777550751,0.9300001));
#7099 = CARTESIAN_POINT('',(-0.421360332013,1.146777550751,0.9300001));
#7100 = FACE_BOUND('',#7101,.T.);
#7101 = EDGE_LOOP('',(#7102,#7111,#7118,#7127,#7134,#7143));
#7102 = ORIENTED_EDGE('',*,*,#7103,.F.);
#7103 = EDGE_CURVE('',#7104,#7106,#7108,.T.);
#7104 = VERTEX_POINT('',#7105);
#7105 = CARTESIAN_POINT('',(-0.479749979901,1.18316879049,0.9300001));
#7106 = VERTEX_POINT('',#7107);
#7107 = CARTESIAN_POINT('',(-0.448148327932,1.18316879049,0.9300001));
#7108 = B_SPLINE_CURVE_WITH_KNOTS('',1,(#7109,#7110),.UNSPECIFIED.,.F.,
  .F.,(2,2),(0.,3.160165196896E-02),.PIECEWISE_BEZIER_KNOTS.);
#7109 = CARTESIAN_POINT('',(-0.479749979901,1.18316879049,0.9300001));
#7110 = CARTESIAN_POINT('',(-0.448148327932,1.18316879049,0.9300001));
#7111 = ORIENTED_EDGE('',*,*,#7112,.F.);
#7112 = EDGE_CURVE('',#7113,#7104,#7115,.T.);
#7113 = VERTEX_POINT('',#7114);
#7114 = CARTESIAN_POINT('',(-0.465670035954,1.222303814178,0.9300001));
#7115 = B_SPLINE_CURVE_WITH_KNOTS('',1,(#7116,#7117),.UNSPECIFIED.,.F.,
  .F.,(2,2),(2.277261815241E-16,4.159080307633E-02),
  .PIECEWISE_BEZIER_KNOTS.);
#7116 = CARTESIAN_POINT('',(-0.465670035954,1.222303814178,0.9300001));
#7117 = CARTESIAN_POINT('',(-0.479749979901,1.18316879049,0.9300001));
#7118 = ORIENTED_EDGE('',*,*,#7119,.F.);
#7119 = EDGE_CURVE('',#7120,#7113,#7122,.T.);
#7120 = VERTEX_POINT('',#7121);
#7121 = CARTESIAN_POINT('',(-0.464129666018,1.228898522966,0.9300001));
#7122 = B_SPLINE_CURVE_WITH_KNOTS('',3,(#7123,#7124,#7125,#7126),
  .UNSPECIFIED.,.F.,.F.,(4,4),(3.,4.),.PIECEWISE_BEZIER_KNOTS.);
#7123 = CARTESIAN_POINT('',(-0.464129666018,1.228898522966,0.9300001));
#7124 = CARTESIAN_POINT('',(-0.464586963343,1.226058465897,0.9300001));
#7125 = CARTESIAN_POINT('',(-0.465092397228,1.223844184114,0.9300001));
#7126 = CARTESIAN_POINT('',(-0.465670035954,1.222303814178,0.9300001));
#7127 = ORIENTED_EDGE('',*,*,#7128,.F.);
#7128 = EDGE_CURVE('',#7129,#7120,#7131,.T.);
#7129 = VERTEX_POINT('',#7130);
#7130 = CARTESIAN_POINT('',(-0.463840846655,1.228898522966,0.9300001));
#7131 = B_SPLINE_CURVE_WITH_KNOTS('',1,(#7132,#7133),.UNSPECIFIED.,.F.,
  .F.,(2,2),(-1.110223024625E-16,2.888193626779E-04),
  .PIECEWISE_BEZIER_KNOTS.);
#7132 = CARTESIAN_POINT('',(-0.463840846655,1.228898522966,0.9300001));
#7133 = CARTESIAN_POINT('',(-0.464129666018,1.228898522966,0.9300001));
#7134 = ORIENTED_EDGE('',*,*,#7135,.F.);
#7135 = EDGE_CURVE('',#7136,#7129,#7138,.T.);
#7136 = VERTEX_POINT('',#7137);
#7137 = CARTESIAN_POINT('',(-0.46237268156,1.222303814178,0.9300001));
#7138 = B_SPLINE_CURVE_WITH_KNOTS('',3,(#7139,#7140,#7141,#7142),
  .UNSPECIFIED.,.F.,.F.,(4,4),(1.,2.),.PIECEWISE_BEZIER_KNOTS.);
#7139 = CARTESIAN_POINT('',(-0.46237268156,1.222303814178,0.9300001));
#7140 = CARTESIAN_POINT('',(-0.462829978885,1.223603501311,0.9300001));
#7141 = CARTESIAN_POINT('',(-0.46331134449,1.225769646534,0.9300001));
#7142 = CARTESIAN_POINT('',(-0.463840846655,1.228898522966,0.9300001));
#7143 = ORIENTED_EDGE('',*,*,#7144,.F.);
#7144 = EDGE_CURVE('',#7106,#7136,#7145,.T.);
#7145 = B_SPLINE_CURVE_WITH_KNOTS('',1,(#7146,#7147),.UNSPECIFIED.,.F.,
  .F.,(2,2),(0.,4.163991252545E-02),.PIECEWISE_BEZIER_KNOTS.);
#7146 = CARTESIAN_POINT('',(-0.448148327932,1.18316879049,0.9300001));
#7147 = CARTESIAN_POINT('',(-0.46237268156,1.222303814178,0.9300001));
#7148 = B_SPLINE_SURFACE_WITH_KNOTS('',1,1,(
    (#7149,#7150)
    ,(#7151,#7152
    )),.UNSPECIFIED.,.F.,.F.,.F.,(2,2),(2,2),(0.421360332013,
    0.506080678494),(1.146777550751,1.240932663091),
  .PIECEWISE_BEZIER_KNOTS.);
#7149 = CARTESIAN_POINT('',(-0.421360332013,1.146777550751,0.9300001));
#7150 = CARTESIAN_POINT('',(-0.421360332013,1.240932663091,0.9300001));
#7151 = CARTESIAN_POINT('',(-0.506080678494,1.146777550751,0.9300001));
#7152 = CARTESIAN_POINT('',(-0.506080678494,1.240932663091,0.9300001));
#7153 = ADVANCED_FACE('',(#7154),#7164,.F.);
#7154 = FACE_BOUND('',#7155,.T.);
#7155 = EDGE_LOOP('',(#7156,#7157,#7162,#7163));
#7156 = ORIENTED_EDGE('',*,*,#1017,.T.);
#7157 = ORIENTED_EDGE('',*,*,#7158,.F.);
#7158 = EDGE_CURVE('',#7055,#1020,#7159,.T.);
#7159 = B_SPLINE_CURVE_WITH_KNOTS('',1,(#7160,#7161),.UNSPECIFIED.,.F.,
  .F.,(2,2),(-0.,1.E-02),.PIECEWISE_BEZIER_KNOTS.);
#7160 = CARTESIAN_POINT('',(-0.470218940921,1.240932663091,0.9300001));
#7161 = CARTESIAN_POINT('',(-0.470218940921,1.240932663091,0.9200001));
#7162 = ORIENTED_EDGE('',*,*,#7054,.F.);
#7163 = ORIENTED_EDGE('',*,*,#7026,.T.);
#7164 = B_SPLINE_SURFACE_WITH_KNOTS('',1,1,(
    (#7165,#7166)
    ,(#7167,#7168
    )),.UNSPECIFIED.,.F.,.F.,.F.,(2,2),(2,2),(0.,1.E-02),(0.,
    1.299687133527E-02),.PIECEWISE_BEZIER_KNOTS.);
#7165 = CARTESIAN_POINT('',(-0.470218940921,1.240932663091,0.9300001));
#7166 = CARTESIAN_POINT('',(-0.457222069586,1.240932663091,0.9300001));
#7167 = CARTESIAN_POINT('',(-0.470218940921,1.240932663091,0.9200001));
#7168 = CARTESIAN_POINT('',(-0.457222069586,1.240932663091,0.9200001));
#7169 = ADVANCED_FACE('',(#7170),#7180,.F.);
#7170 = FACE_BOUND('',#7171,.T.);
#7171 = EDGE_LOOP('',(#7172,#7173,#7178,#7179));
#7172 = ORIENTED_EDGE('',*,*,#1068,.T.);
#7173 = ORIENTED_EDGE('',*,*,#7174,.F.);
#7174 = EDGE_CURVE('',#7062,#1062,#7175,.T.);
#7175 = B_SPLINE_CURVE_WITH_KNOTS('',1,(#7176,#7177),.UNSPECIFIED.,.F.,
  .F.,(2,2),(-0.,1.E-02),.PIECEWISE_BEZIER_KNOTS.);
#7176 = CARTESIAN_POINT('',(-0.506080678494,1.146777550751,0.9300001));
#7177 = CARTESIAN_POINT('',(-0.506080678494,1.146777550751,0.9200001));
#7178 = ORIENTED_EDGE('',*,*,#7061,.F.);
#7179 = ORIENTED_EDGE('',*,*,#7158,.T.);
#7180 = B_SPLINE_SURFACE_WITH_KNOTS('',1,1,(
    (#7181,#7182)
    ,(#7183,#7184
    )),.UNSPECIFIED.,.F.,.F.,.F.,(2,2),(2,2),(0.,0.100753408883),(
    -1.E-02,0.),.PIECEWISE_BEZIER_KNOTS.);
#7181 = CARTESIAN_POINT('',(-0.506080678494,1.146777550751,0.9200001));
#7182 = CARTESIAN_POINT('',(-0.506080678494,1.146777550751,0.9300001));
#7183 = CARTESIAN_POINT('',(-0.470218940921,1.240932663091,0.9200001));
#7184 = CARTESIAN_POINT('',(-0.470218940921,1.240932663091,0.9300001));
#7185 = ADVANCED_FACE('',(#7186),#7196,.F.);
#7186 = FACE_BOUND('',#7187,.T.);
#7187 = EDGE_LOOP('',(#7188,#7189,#7194,#7195));
#7188 = ORIENTED_EDGE('',*,*,#1061,.T.);
#7189 = ORIENTED_EDGE('',*,*,#7190,.F.);
#7190 = EDGE_CURVE('',#7069,#1055,#7191,.T.);
#7191 = B_SPLINE_CURVE_WITH_KNOTS('',1,(#7192,#7193),.UNSPECIFIED.,.F.,
  .F.,(2,2),(-0.,1.E-02),.PIECEWISE_BEZIER_KNOTS.);
#7192 = CARTESIAN_POINT('',(-0.492650578115,1.146777550751,0.9300001));
#7193 = CARTESIAN_POINT('',(-0.492650578115,1.146777550751,0.9200001));
#7194 = ORIENTED_EDGE('',*,*,#7068,.F.);
#7195 = ORIENTED_EDGE('',*,*,#7174,.T.);
#7196 = B_SPLINE_SURFACE_WITH_KNOTS('',1,1,(
    (#7197,#7198)
    ,(#7199,#7200)),.UNSPECIFIED.,.F.,.F.,.F.,(2,2),(2,2),(-1.E-02,0.),(
    -1.343010037929E-02,0.),.PIECEWISE_BEZIER_KNOTS.);
#7197 = CARTESIAN_POINT('',(-0.506080678494,1.146777550751,0.9200001));
#7198 = CARTESIAN_POINT('',(-0.492650578115,1.146777550751,0.9200001));
#7199 = CARTESIAN_POINT('',(-0.506080678494,1.146777550751,0.9300001));
#7200 = CARTESIAN_POINT('',(-0.492650578115,1.146777550751,0.9300001));
#7201 = ADVANCED_FACE('',(#7202),#7212,.F.);
#7202 = FACE_BOUND('',#7203,.T.);
#7203 = EDGE_LOOP('',(#7204,#7205,#7210,#7211));
#7204 = ORIENTED_EDGE('',*,*,#1054,.T.);
#7205 = ORIENTED_EDGE('',*,*,#7206,.F.);
#7206 = EDGE_CURVE('',#7076,#1048,#7207,.T.);
#7207 = B_SPLINE_CURVE_WITH_KNOTS('',1,(#7208,#7209),.UNSPECIFIED.,.F.,
  .F.,(2,2),(-0.,1.E-02),.PIECEWISE_BEZIER_KNOTS.);
#7208 = CARTESIAN_POINT('',(-0.483600904741,1.17253061062,0.9300001));
#7209 = CARTESIAN_POINT('',(-0.483600904741,1.17253061062,0.9200001));
#7210 = ORIENTED_EDGE('',*,*,#7075,.F.);
#7211 = ORIENTED_EDGE('',*,*,#7190,.T.);
#7212 = B_SPLINE_SURFACE_WITH_KNOTS('',1,1,(
    (#7213,#7214)
    ,(#7215,#7216
    )),.UNSPECIFIED.,.F.,.F.,.F.,(2,2),(2,2),(-0.,2.729682547038E-02),(
    -1.E-02,0.),.PIECEWISE_BEZIER_KNOTS.);
#7213 = CARTESIAN_POINT('',(-0.483600904741,1.17253061062,0.9200001));
#7214 = CARTESIAN_POINT('',(-0.483600904741,1.17253061062,0.9300001));
#7215 = CARTESIAN_POINT('',(-0.492650578115,1.146777550751,0.9200001));
#7216 = CARTESIAN_POINT('',(-0.492650578115,1.146777550751,0.9300001));
#7217 = ADVANCED_FACE('',(#7218),#7228,.F.);
#7218 = FACE_BOUND('',#7219,.T.);
#7219 = EDGE_LOOP('',(#7220,#7221,#7226,#7227));
#7220 = ORIENTED_EDGE('',*,*,#1047,.T.);
#7221 = ORIENTED_EDGE('',*,*,#7222,.F.);
#7222 = EDGE_CURVE('',#7083,#1041,#7223,.T.);
#7223 = B_SPLINE_CURVE_WITH_KNOTS('',1,(#7224,#7225),.UNSPECIFIED.,.F.,
  .F.,(2,2),(-0.,1.E-02),.PIECEWISE_BEZIER_KNOTS.);
#7224 = CARTESIAN_POINT('',(-0.444393676212,1.17253061062,0.9300001));
#7225 = CARTESIAN_POINT('',(-0.444393676212,1.17253061062,0.9200001));
#7226 = ORIENTED_EDGE('',*,*,#7082,.F.);
#7227 = ORIENTED_EDGE('',*,*,#7206,.T.);
#7228 = B_SPLINE_SURFACE_WITH_KNOTS('',1,1,(
    (#7229,#7230)
    ,(#7231,#7232)),.UNSPECIFIED.,.F.,.F.,.F.,(2,2),(2,2),(-1.E-02,0.),(
    -3.920722852847E-02,0.),.PIECEWISE_BEZIER_KNOTS.);
#7229 = CARTESIAN_POINT('',(-0.483600904741,1.17253061062,0.9200001));
#7230 = CARTESIAN_POINT('',(-0.444393676212,1.17253061062,0.9200001));
#7231 = CARTESIAN_POINT('',(-0.483600904741,1.17253061062,0.9300001));
#7232 = CARTESIAN_POINT('',(-0.444393676212,1.17253061062,0.9300001));
#7233 = ADVANCED_FACE('',(#7234),#7244,.F.);
#7234 = FACE_BOUND('',#7235,.T.);
#7235 = EDGE_LOOP('',(#7236,#7237,#7242,#7243));
#7236 = ORIENTED_EDGE('',*,*,#1040,.T.);
#7237 = ORIENTED_EDGE('',*,*,#7238,.F.);
#7238 = EDGE_CURVE('',#7090,#1034,#7239,.T.);
#7239 = B_SPLINE_CURVE_WITH_KNOTS('',1,(#7240,#7241),.UNSPECIFIED.,.F.,
  .F.,(2,2),(-0.,1.E-02),.PIECEWISE_BEZIER_KNOTS.);
#7240 = CARTESIAN_POINT('',(-0.434790432392,1.146777550751,0.9300001));
#7241 = CARTESIAN_POINT('',(-0.434790432392,1.146777550751,0.9200001));
#7242 = ORIENTED_EDGE('',*,*,#7089,.F.);
#7243 = ORIENTED_EDGE('',*,*,#7222,.T.);
#7244 = B_SPLINE_SURFACE_WITH_KNOTS('',1,1,(
    (#7245,#7246)
    ,(#7247,#7248
    )),.UNSPECIFIED.,.F.,.F.,.F.,(2,2),(2,2),(0.,2.748531215843E-02),(
    -1.E-02,0.),.PIECEWISE_BEZIER_KNOTS.);
#7245 = CARTESIAN_POINT('',(-0.434790432392,1.146777550751,0.9200001));
#7246 = CARTESIAN_POINT('',(-0.434790432392,1.146777550751,0.9300001));
#7247 = CARTESIAN_POINT('',(-0.444393676212,1.17253061062,0.9200001));
#7248 = CARTESIAN_POINT('',(-0.444393676212,1.17253061062,0.9300001));
#7249 = ADVANCED_FACE('',(#7250),#7256,.F.);
#7250 = FACE_BOUND('',#7251,.T.);
#7251 = EDGE_LOOP('',(#7252,#7253,#7254,#7255));
#7252 = ORIENTED_EDGE('',*,*,#1033,.T.);
#7253 = ORIENTED_EDGE('',*,*,#7040,.F.);
#7254 = ORIENTED_EDGE('',*,*,#7096,.F.);
#7255 = ORIENTED_EDGE('',*,*,#7238,.T.);
#7256 = B_SPLINE_SURFACE_WITH_KNOTS('',1,1,(
    (#7257,#7258)
    ,(#7259,#7260)),.UNSPECIFIED.,.F.,.F.,.F.,(2,2),(2,2),(-1.E-02,0.),(
    -1.343010037993E-02,0.),.PIECEWISE_BEZIER_KNOTS.);
#7257 = CARTESIAN_POINT('',(-0.434790432392,1.146777550751,0.9200001));
#7258 = CARTESIAN_POINT('',(-0.421360332013,1.146777550751,0.9200001));
#7259 = CARTESIAN_POINT('',(-0.434790432392,1.146777550751,0.9300001));
#7260 = CARTESIAN_POINT('',(-0.421360332013,1.146777550751,0.9300001));
#7261 = ADVANCED_FACE('',(#7262),#7284,.T.);
#7262 = FACE_BOUND('',#7263,.T.);
#7263 = EDGE_LOOP('',(#7264,#7273,#7278,#7279));
#7264 = ORIENTED_EDGE('',*,*,#7265,.F.);
#7265 = EDGE_CURVE('',#7266,#7268,#7270,.T.);
#7266 = VERTEX_POINT('',#7267);
#7267 = CARTESIAN_POINT('',(-0.479749979901,1.18316879049,0.9200001));
#7268 = VERTEX_POINT('',#7269);
#7269 = CARTESIAN_POINT('',(-0.448148327932,1.18316879049,0.9200001));
#7270 = B_SPLINE_CURVE_WITH_KNOTS('',1,(#7271,#7272),.UNSPECIFIED.,.F.,
  .F.,(2,2),(1.110223024625E-16,3.160165196896E-02),
  .PIECEWISE_BEZIER_KNOTS.);
#7271 = CARTESIAN_POINT('',(-0.479749979901,1.18316879049,0.9200001));
#7272 = CARTESIAN_POINT('',(-0.448148327932,1.18316879049,0.9200001));
#7273 = ORIENTED_EDGE('',*,*,#7274,.F.);
#7274 = EDGE_CURVE('',#7104,#7266,#7275,.T.);
#7275 = B_SPLINE_CURVE_WITH_KNOTS('',1,(#7276,#7277),.UNSPECIFIED.,.F.,
  .F.,(2,2),(-0.,1.E-02),.PIECEWISE_BEZIER_KNOTS.);
#7276 = CARTESIAN_POINT('',(-0.479749979901,1.18316879049,0.9300001));
#7277 = CARTESIAN_POINT('',(-0.479749979901,1.18316879049,0.9200001));
#7278 = ORIENTED_EDGE('',*,*,#7103,.T.);
#7279 = ORIENTED_EDGE('',*,*,#7280,.T.);
#7280 = EDGE_CURVE('',#7106,#7268,#7281,.T.);
#7281 = B_SPLINE_CURVE_WITH_KNOTS('',1,(#7282,#7283),.UNSPECIFIED.,.F.,
  .F.,(2,2),(-0.,1.E-02),.PIECEWISE_BEZIER_KNOTS.);
#7282 = CARTESIAN_POINT('',(-0.448148327932,1.18316879049,0.9300001));
#7283 = CARTESIAN_POINT('',(-0.448148327932,1.18316879049,0.9200001));
#7284 = B_SPLINE_SURFACE_WITH_KNOTS('',1,1,(
    (#7285,#7286)
    ,(#7287,#7288
    )),.UNSPECIFIED.,.F.,.F.,.F.,(2,2),(2,2),(-1.E-02,0.),(0.,
    3.160165196896E-02),.PIECEWISE_BEZIER_KNOTS.);
#7285 = CARTESIAN_POINT('',(-0.479749979901,1.18316879049,0.9200001));
#7286 = CARTESIAN_POINT('',(-0.448148327932,1.18316879049,0.9200001));
#7287 = CARTESIAN_POINT('',(-0.479749979901,1.18316879049,0.9300001));
#7288 = CARTESIAN_POINT('',(-0.448148327932,1.18316879049,0.9300001));
#7289 = ADVANCED_FACE('',(#7290),#7306,.T.);
#7290 = FACE_BOUND('',#7291,.T.);
#7291 = EDGE_LOOP('',(#7292,#7299,#7300,#7301));
#7292 = ORIENTED_EDGE('',*,*,#7293,.F.);
#7293 = EDGE_CURVE('',#7268,#7294,#7296,.T.);
#7294 = VERTEX_POINT('',#7295);
#7295 = CARTESIAN_POINT('',(-0.46237268156,1.222303814178,0.9200001));
#7296 = B_SPLINE_CURVE_WITH_KNOTS('',1,(#7297,#7298),.UNSPECIFIED.,.F.,
  .F.,(2,2),(0.,4.163991252545E-02),.PIECEWISE_BEZIER_KNOTS.);
#7297 = CARTESIAN_POINT('',(-0.448148327932,1.18316879049,0.9200001));
#7298 = CARTESIAN_POINT('',(-0.46237268156,1.222303814178,0.9200001));
#7299 = ORIENTED_EDGE('',*,*,#7280,.F.);
#7300 = ORIENTED_EDGE('',*,*,#7144,.T.);
#7301 = ORIENTED_EDGE('',*,*,#7302,.T.);
#7302 = EDGE_CURVE('',#7136,#7294,#7303,.T.);
#7303 = B_SPLINE_CURVE_WITH_KNOTS('',1,(#7304,#7305),.UNSPECIFIED.,.F.,
  .F.,(2,2),(-0.,1.E-02),.PIECEWISE_BEZIER_KNOTS.);
#7304 = CARTESIAN_POINT('',(-0.46237268156,1.222303814178,0.9300001));
#7305 = CARTESIAN_POINT('',(-0.46237268156,1.222303814178,0.9200001));
#7306 = B_SPLINE_SURFACE_WITH_KNOTS('',1,1,(
    (#7307,#7308)
    ,(#7309,#7310
    )),.UNSPECIFIED.,.F.,.F.,.F.,(2,2),(2,2),(-4.163991252545E-02,0.),(
    -1.E-02,0.),.PIECEWISE_BEZIER_KNOTS.);
#7307 = CARTESIAN_POINT('',(-0.46237268156,1.222303814178,0.9200001));
#7308 = CARTESIAN_POINT('',(-0.46237268156,1.222303814178,0.9300001));
#7309 = CARTESIAN_POINT('',(-0.448148327932,1.18316879049,0.9200001));
#7310 = CARTESIAN_POINT('',(-0.448148327932,1.18316879049,0.9300001));
#7311 = ADVANCED_FACE('',(#7312),#7330,.T.);
#7312 = FACE_BOUND('',#7313,.T.);
#7313 = EDGE_LOOP('',(#7314,#7323,#7324,#7325));
#7314 = ORIENTED_EDGE('',*,*,#7315,.F.);
#7315 = EDGE_CURVE('',#7294,#7316,#7318,.T.);
#7316 = VERTEX_POINT('',#7317);
#7317 = CARTESIAN_POINT('',(-0.463840846655,1.228898522966,0.9200001));
#7318 = B_SPLINE_CURVE_WITH_KNOTS('',3,(#7319,#7320,#7321,#7322),
  .UNSPECIFIED.,.F.,.F.,(4,4),(1.,2.),.PIECEWISE_BEZIER_KNOTS.);
#7319 = CARTESIAN_POINT('',(-0.46237268156,1.222303814178,0.9200001));
#7320 = CARTESIAN_POINT('',(-0.462829978885,1.223603501311,0.9200001));
#7321 = CARTESIAN_POINT('',(-0.46331134449,1.225769646534,0.9200001));
#7322 = CARTESIAN_POINT('',(-0.463840846655,1.228898522966,0.9200001));
#7323 = ORIENTED_EDGE('',*,*,#7302,.F.);
#7324 = ORIENTED_EDGE('',*,*,#7135,.T.);
#7325 = ORIENTED_EDGE('',*,*,#7326,.T.);
#7326 = EDGE_CURVE('',#7129,#7316,#7327,.T.);
#7327 = B_SPLINE_CURVE_WITH_KNOTS('',1,(#7328,#7329),.UNSPECIFIED.,.F.,
  .F.,(2,2),(-0.,1.E-02),.PIECEWISE_BEZIER_KNOTS.);
#7328 = CARTESIAN_POINT('',(-0.463840846655,1.228898522966,0.9300001));
#7329 = CARTESIAN_POINT('',(-0.463840846655,1.228898522966,0.9200001));
#7330 = B_SPLINE_SURFACE_WITH_KNOTS('',3,1,(
    (#7331,#7332)
    ,(#7333,#7334)
    ,(#7335,#7336)
    ,(#7337,#7338
    )),.UNSPECIFIED.,.F.,.F.,.F.,(4,4),(2,2),(1.,2.),(0.,1.),
  .PIECEWISE_BEZIER_KNOTS.);
#7331 = CARTESIAN_POINT('',(-0.46237268156,1.222303814178,0.9300001));
#7332 = CARTESIAN_POINT('',(-0.46237268156,1.222303814178,0.9200001));
#7333 = CARTESIAN_POINT('',(-0.462829978885,1.223603501311,0.9300001));
#7334 = CARTESIAN_POINT('',(-0.462829978885,1.223603501311,0.9200001));
#7335 = CARTESIAN_POINT('',(-0.46331134449,1.225769646534,0.9300001));
#7336 = CARTESIAN_POINT('',(-0.46331134449,1.225769646534,0.9200001));
#7337 = CARTESIAN_POINT('',(-0.463840846655,1.228898522966,0.9300001));
#7338 = CARTESIAN_POINT('',(-0.463840846655,1.228898522966,0.9200001));
#7339 = ADVANCED_FACE('',(#7340),#7356,.T.);
#7340 = FACE_BOUND('',#7341,.T.);
#7341 = EDGE_LOOP('',(#7342,#7349,#7350,#7351));
#7342 = ORIENTED_EDGE('',*,*,#7343,.F.);
#7343 = EDGE_CURVE('',#7316,#7344,#7346,.T.);
#7344 = VERTEX_POINT('',#7345);
#7345 = CARTESIAN_POINT('',(-0.464129666018,1.228898522966,0.9200001));
#7346 = B_SPLINE_CURVE_WITH_KNOTS('',1,(#7347,#7348),.UNSPECIFIED.,.F.,
  .F.,(2,2),(-1.110223024625E-16,2.888193626779E-04),
  .PIECEWISE_BEZIER_KNOTS.);
#7347 = CARTESIAN_POINT('',(-0.463840846655,1.228898522966,0.9200001));
#7348 = CARTESIAN_POINT('',(-0.464129666018,1.228898522966,0.9200001));
#7349 = ORIENTED_EDGE('',*,*,#7326,.F.);
#7350 = ORIENTED_EDGE('',*,*,#7128,.T.);
#7351 = ORIENTED_EDGE('',*,*,#7352,.T.);
#7352 = EDGE_CURVE('',#7120,#7344,#7353,.T.);
#7353 = B_SPLINE_CURVE_WITH_KNOTS('',1,(#7354,#7355),.UNSPECIFIED.,.F.,
  .F.,(2,2),(-0.,1.E-02),.PIECEWISE_BEZIER_KNOTS.);
#7354 = CARTESIAN_POINT('',(-0.464129666018,1.228898522966,0.9300001));
#7355 = CARTESIAN_POINT('',(-0.464129666018,1.228898522966,0.9200001));
#7356 = B_SPLINE_SURFACE_WITH_KNOTS('',1,1,(
    (#7357,#7358)
    ,(#7359,#7360)),.UNSPECIFIED.,.F.,.F.,.F.,(2,2),(2,2),(0.,1.E-02),(
    -2.888193626779E-04,1.110223024625E-16),.PIECEWISE_BEZIER_KNOTS.);
#7357 = CARTESIAN_POINT('',(-0.464129666018,1.228898522966,0.9300001));
#7358 = CARTESIAN_POINT('',(-0.463840846655,1.228898522966,0.9300001));
#7359 = CARTESIAN_POINT('',(-0.464129666018,1.228898522966,0.9200001));
#7360 = CARTESIAN_POINT('',(-0.463840846655,1.228898522966,0.9200001));
#7361 = ADVANCED_FACE('',(#7362),#7380,.T.);
#7362 = FACE_BOUND('',#7363,.T.);
#7363 = EDGE_LOOP('',(#7364,#7373,#7374,#7375));
#7364 = ORIENTED_EDGE('',*,*,#7365,.F.);
#7365 = EDGE_CURVE('',#7344,#7366,#7368,.T.);
#7366 = VERTEX_POINT('',#7367);
#7367 = CARTESIAN_POINT('',(-0.465670035954,1.222303814178,0.9200001));
#7368 = B_SPLINE_CURVE_WITH_KNOTS('',3,(#7369,#7370,#7371,#7372),
  .UNSPECIFIED.,.F.,.F.,(4,4),(3.,4.),.PIECEWISE_BEZIER_KNOTS.);
#7369 = CARTESIAN_POINT('',(-0.464129666018,1.228898522966,0.9200001));
#7370 = CARTESIAN_POINT('',(-0.464586963343,1.226058465897,0.9200001));
#7371 = CARTESIAN_POINT('',(-0.465092397228,1.223844184114,0.9200001));
#7372 = CARTESIAN_POINT('',(-0.465670035954,1.222303814178,0.9200001));
#7373 = ORIENTED_EDGE('',*,*,#7352,.F.);
#7374 = ORIENTED_EDGE('',*,*,#7119,.T.);
#7375 = ORIENTED_EDGE('',*,*,#7376,.T.);
#7376 = EDGE_CURVE('',#7113,#7366,#7377,.T.);
#7377 = B_SPLINE_CURVE_WITH_KNOTS('',1,(#7378,#7379),.UNSPECIFIED.,.F.,
  .F.,(2,2),(1.110223024625E-16,1.E-02),.PIECEWISE_BEZIER_KNOTS.);
#7378 = CARTESIAN_POINT('',(-0.465670035954,1.222303814178,0.9300001));
#7379 = CARTESIAN_POINT('',(-0.465670035954,1.222303814178,0.9200001));
#7380 = B_SPLINE_SURFACE_WITH_KNOTS('',3,1,(
    (#7381,#7382)
    ,(#7383,#7384)
    ,(#7385,#7386)
    ,(#7387,#7388
    )),.UNSPECIFIED.,.F.,.F.,.F.,(4,4),(2,2),(3.,4.),(0.,1.),
  .PIECEWISE_BEZIER_KNOTS.);
#7381 = CARTESIAN_POINT('',(-0.464129666018,1.228898522966,0.9300001));
#7382 = CARTESIAN_POINT('',(-0.464129666018,1.228898522966,0.9200001));
#7383 = CARTESIAN_POINT('',(-0.464586963343,1.226058465897,0.9300001));
#7384 = CARTESIAN_POINT('',(-0.464586963343,1.226058465897,0.9200001));
#7385 = CARTESIAN_POINT('',(-0.465092397228,1.223844184114,0.9300001));
#7386 = CARTESIAN_POINT('',(-0.465092397228,1.223844184114,0.9200001));
#7387 = CARTESIAN_POINT('',(-0.465670035954,1.222303814178,0.9300001));
#7388 = CARTESIAN_POINT('',(-0.465670035954,1.222303814178,0.9200001));
#7389 = ADVANCED_FACE('',(#7390),#7400,.T.);
#7390 = FACE_BOUND('',#7391,.T.);
#7391 = EDGE_LOOP('',(#7392,#7397,#7398,#7399));
#7392 = ORIENTED_EDGE('',*,*,#7393,.F.);
#7393 = EDGE_CURVE('',#7366,#7266,#7394,.T.);
#7394 = B_SPLINE_CURVE_WITH_KNOTS('',1,(#7395,#7396),.UNSPECIFIED.,.F.,
  .F.,(2,2),(-3.758493897378E-17,4.159080307633E-02),
  .PIECEWISE_BEZIER_KNOTS.);
#7395 = CARTESIAN_POINT('',(-0.465670035954,1.222303814178,0.9200001));
#7396 = CARTESIAN_POINT('',(-0.479749979901,1.18316879049,0.9200001));
#7397 = ORIENTED_EDGE('',*,*,#7376,.F.);
#7398 = ORIENTED_EDGE('',*,*,#7112,.T.);
#7399 = ORIENTED_EDGE('',*,*,#7274,.T.);
#7400 = B_SPLINE_SURFACE_WITH_KNOTS('',1,1,(
    (#7401,#7402)
    ,(#7403,#7404
    )),.UNSPECIFIED.,.F.,.F.,.F.,(2,2),(2,2),(-4.159080307633E-02,
    3.758493897378E-17),(-1.E-02,0.),.PIECEWISE_BEZIER_KNOTS.);
#7401 = CARTESIAN_POINT('',(-0.479749979901,1.18316879049,0.9200001));
#7402 = CARTESIAN_POINT('',(-0.479749979901,1.18316879049,0.9300001));
#7403 = CARTESIAN_POINT('',(-0.465670035954,1.222303814178,0.9200001));
#7404 = CARTESIAN_POINT('',(-0.465670035954,1.222303814178,0.9300001));
#7405 = ADVANCED_FACE('',(#7406),#7414,.T.);
#7406 = FACE_BOUND('',#7407,.T.);
#7407 = EDGE_LOOP('',(#7408,#7409,#7410,#7411,#7412,#7413));
#7408 = ORIENTED_EDGE('',*,*,#7265,.T.);
#7409 = ORIENTED_EDGE('',*,*,#7293,.T.);
#7410 = ORIENTED_EDGE('',*,*,#7315,.T.);
#7411 = ORIENTED_EDGE('',*,*,#7343,.T.);
#7412 = ORIENTED_EDGE('',*,*,#7365,.T.);
#7413 = ORIENTED_EDGE('',*,*,#7393,.T.);
#7414 = B_SPLINE_SURFACE_WITH_KNOTS('',1,1,(
    (#7415,#7416)
    ,(#7417,#7418
    )),.UNSPECIFIED.,.F.,.F.,.F.,(2,2),(2,2),(-0.479749979901,
    -0.448148327932),(1.18316879049,1.228898522966),
  .PIECEWISE_BEZIER_KNOTS.);
#7415 = CARTESIAN_POINT('',(-0.479749979901,1.18316879049,0.9200001));
#7416 = CARTESIAN_POINT('',(-0.479749979901,1.228898522966,0.9200001));
#7417 = CARTESIAN_POINT('',(-0.448148327932,1.18316879049,0.9200001));
#7418 = CARTESIAN_POINT('',(-0.448148327932,1.228898522966,0.9200001));
#7419 = ADVANCED_FACE('',(#7420),#7442,.F.);
#7420 = FACE_BOUND('',#7421,.T.);
#7421 = EDGE_LOOP('',(#7422,#7423,#7430,#7437));
#7422 = ORIENTED_EDGE('',*,*,#1084,.T.);
#7423 = ORIENTED_EDGE('',*,*,#7424,.F.);
#7424 = EDGE_CURVE('',#7425,#1076,#7427,.T.);
#7425 = VERTEX_POINT('',#7426);
#7426 = CARTESIAN_POINT('',(-0.7485926703,1.008144256508,0.9300001));
#7427 = B_SPLINE_CURVE_WITH_KNOTS('',1,(#7428,#7429),.UNSPECIFIED.,.F.,
  .F.,(2,2),(-0.,1.E-02),.PIECEWISE_BEZIER_KNOTS.);
#7428 = CARTESIAN_POINT('',(-0.7485926703,1.008144256508,0.9300001));
#7429 = CARTESIAN_POINT('',(-0.7485926703,1.008144256508,0.9200001));
#7430 = ORIENTED_EDGE('',*,*,#7431,.F.);
#7431 = EDGE_CURVE('',#7432,#7425,#7434,.T.);
#7432 = VERTEX_POINT('',#7433);
#7433 = CARTESIAN_POINT('',(-0.7485926703,0.997409803516,0.9300001));
#7434 = B_SPLINE_CURVE_WITH_KNOTS('',1,(#7435,#7436),.UNSPECIFIED.,.F.,
  .F.,(2,2),(-1.073445299173E-02,0.),.PIECEWISE_BEZIER_KNOTS.);
#7435 = CARTESIAN_POINT('',(-0.7485926703,0.997409803516,0.9300001));
#7436 = CARTESIAN_POINT('',(-0.7485926703,1.008144256508,0.9300001));
#7437 = ORIENTED_EDGE('',*,*,#7438,.T.);
#7438 = EDGE_CURVE('',#7432,#1085,#7439,.T.);
#7439 = B_SPLINE_CURVE_WITH_KNOTS('',1,(#7440,#7441),.UNSPECIFIED.,.F.,
  .F.,(2,2),(-0.,1.E-02),.PIECEWISE_BEZIER_KNOTS.);
#7440 = CARTESIAN_POINT('',(-0.7485926703,0.997409803516,0.9300001));
#7441 = CARTESIAN_POINT('',(-0.7485926703,0.997409803516,0.9200001));
#7442 = B_SPLINE_SURFACE_WITH_KNOTS('',1,1,(
    (#7443,#7444)
    ,(#7445,#7446)),.UNSPECIFIED.,.F.,.F.,.F.,(2,2),(2,2),(-1.E-02,0.),(
    -1.073445299173E-02,0.),.PIECEWISE_BEZIER_KNOTS.);
#7443 = CARTESIAN_POINT('',(-0.7485926703,0.997409803516,0.9200001));
#7444 = CARTESIAN_POINT('',(-0.7485926703,1.008144256508,0.9200001));
#7445 = CARTESIAN_POINT('',(-0.7485926703,0.997409803516,0.9300001));
#7446 = CARTESIAN_POINT('',(-0.7485926703,1.008144256508,0.9300001));
#7447 = ADVANCED_FACE('',(#7448),#7464,.F.);
#7448 = FACE_BOUND('',#7449,.T.);
#7449 = EDGE_LOOP('',(#7450,#7451,#7458,#7463));
#7450 = ORIENTED_EDGE('',*,*,#1075,.T.);
#7451 = ORIENTED_EDGE('',*,*,#7452,.F.);
#7452 = EDGE_CURVE('',#7453,#1078,#7455,.T.);
#7453 = VERTEX_POINT('',#7454);
#7454 = CARTESIAN_POINT('',(-0.787077850421,1.008144256508,0.9300001));
#7455 = B_SPLINE_CURVE_WITH_KNOTS('',1,(#7456,#7457),.UNSPECIFIED.,.F.,
  .F.,(2,2),(-0.,1.E-02),.PIECEWISE_BEZIER_KNOTS.);
#7456 = CARTESIAN_POINT('',(-0.787077850421,1.008144256508,0.9300001));
#7457 = CARTESIAN_POINT('',(-0.787077850421,1.008144256508,0.9200001));
#7458 = ORIENTED_EDGE('',*,*,#7459,.F.);
#7459 = EDGE_CURVE('',#7425,#7453,#7460,.T.);
#7460 = B_SPLINE_CURVE_WITH_KNOTS('',1,(#7461,#7462),.UNSPECIFIED.,.F.,
  .F.,(2,2),(-3.848518012081E-02,-0.),.PIECEWISE_BEZIER_KNOTS.);
#7461 = CARTESIAN_POINT('',(-0.7485926703,1.008144256508,0.9300001));
#7462 = CARTESIAN_POINT('',(-0.787077850421,1.008144256508,0.9300001));
#7463 = ORIENTED_EDGE('',*,*,#7424,.T.);
#7464 = B_SPLINE_SURFACE_WITH_KNOTS('',1,1,(
    (#7465,#7466)
    ,(#7467,#7468
    )),.UNSPECIFIED.,.F.,.F.,.F.,(2,2),(2,2),(0.,1.E-02),(0.,
    3.848518012081E-02),.PIECEWISE_BEZIER_KNOTS.);
#7465 = CARTESIAN_POINT('',(-0.787077850421,1.008144256508,0.9300001));
#7466 = CARTESIAN_POINT('',(-0.7485926703,1.008144256508,0.9300001));
#7467 = CARTESIAN_POINT('',(-0.787077850421,1.008144256508,0.9200001));
#7468 = CARTESIAN_POINT('',(-0.7485926703,1.008144256508,0.9200001));
#7469 = ADVANCED_FACE('',(#7470),#7486,.F.);
#7470 = FACE_BOUND('',#7471,.T.);
#7471 = EDGE_LOOP('',(#7472,#7473,#7480,#7485));
#7472 = ORIENTED_EDGE('',*,*,#1154,.T.);
#7473 = ORIENTED_EDGE('',*,*,#7474,.F.);
#7474 = EDGE_CURVE('',#7475,#1148,#7477,.T.);
#7475 = VERTEX_POINT('',#7476);
#7476 = CARTESIAN_POINT('',(-0.787077850421,1.039818113318,0.9300001));
#7477 = B_SPLINE_CURVE_WITH_KNOTS('',1,(#7478,#7479),.UNSPECIFIED.,.F.,
  .F.,(2,2),(-0.,1.E-02),.PIECEWISE_BEZIER_KNOTS.);
#7478 = CARTESIAN_POINT('',(-0.787077850421,1.039818113318,0.9300001));
#7479 = CARTESIAN_POINT('',(-0.787077850421,1.039818113318,0.9200001));
#7480 = ORIENTED_EDGE('',*,*,#7481,.F.);
#7481 = EDGE_CURVE('',#7453,#7475,#7482,.T.);
#7482 = B_SPLINE_CURVE_WITH_KNOTS('',1,(#7483,#7484),.UNSPECIFIED.,.F.,
  .F.,(2,2),(-3.167385680963E-02,0.),.PIECEWISE_BEZIER_KNOTS.);
#7483 = CARTESIAN_POINT('',(-0.787077850421,1.008144256508,0.9300001));
#7484 = CARTESIAN_POINT('',(-0.787077850421,1.039818113318,0.9300001));
#7485 = ORIENTED_EDGE('',*,*,#7452,.T.);
#7486 = B_SPLINE_SURFACE_WITH_KNOTS('',1,1,(
    (#7487,#7488)
    ,(#7489,#7490)),.UNSPECIFIED.,.F.,.F.,.F.,(2,2),(2,2),(-1.E-02,0.),(
    -3.167385680963E-02,0.),.PIECEWISE_BEZIER_KNOTS.);
#7487 = CARTESIAN_POINT('',(-0.787077850421,1.008144256508,0.9200001));
#7488 = CARTESIAN_POINT('',(-0.787077850421,1.039818113318,0.9200001));
#7489 = CARTESIAN_POINT('',(-0.787077850421,1.008144256508,0.9300001));
#7490 = CARTESIAN_POINT('',(-0.787077850421,1.039818113318,0.9300001));
#7491 = ADVANCED_FACE('',(#7492),#7508,.F.);
#7492 = FACE_BOUND('',#7493,.T.);
#7493 = EDGE_LOOP('',(#7494,#7495,#7502,#7507));
#7494 = ORIENTED_EDGE('',*,*,#1147,.T.);
#7495 = ORIENTED_EDGE('',*,*,#7496,.F.);
#7496 = EDGE_CURVE('',#7497,#1141,#7499,.T.);
#7497 = VERTEX_POINT('',#7498);
#7498 = CARTESIAN_POINT('',(-0.75340632635,1.039818113318,0.9300001));
#7499 = B_SPLINE_CURVE_WITH_KNOTS('',1,(#7500,#7501),.UNSPECIFIED.,.F.,
  .F.,(2,2),(-0.,1.E-02),.PIECEWISE_BEZIER_KNOTS.);
#7500 = CARTESIAN_POINT('',(-0.75340632635,1.039818113318,0.9300001));
#7501 = CARTESIAN_POINT('',(-0.75340632635,1.039818113318,0.9200001));
#7502 = ORIENTED_EDGE('',*,*,#7503,.F.);
#7503 = EDGE_CURVE('',#7475,#7497,#7504,.T.);
#7504 = B_SPLINE_CURVE_WITH_KNOTS('',1,(#7505,#7506),.UNSPECIFIED.,.F.,
  .F.,(2,2),(-3.367152407072E-02,0.),.PIECEWISE_BEZIER_KNOTS.);
#7505 = CARTESIAN_POINT('',(-0.787077850421,1.039818113318,0.9300001));
#7506 = CARTESIAN_POINT('',(-0.75340632635,1.039818113318,0.9300001));
#7507 = ORIENTED_EDGE('',*,*,#7474,.T.);
#7508 = B_SPLINE_SURFACE_WITH_KNOTS('',1,1,(
    (#7509,#7510)
    ,(#7511,#7512)),.UNSPECIFIED.,.F.,.F.,.F.,(2,2),(2,2),(-1.E-02,0.),(
    -3.367152407072E-02,0.),.PIECEWISE_BEZIER_KNOTS.);
#7509 = CARTESIAN_POINT('',(-0.787077850421,1.039818113318,0.9200001));
#7510 = CARTESIAN_POINT('',(-0.75340632635,1.039818113318,0.9200001));
#7511 = CARTESIAN_POINT('',(-0.787077850421,1.039818113318,0.9300001));
#7512 = CARTESIAN_POINT('',(-0.75340632635,1.039818113318,0.9300001));
#7513 = ADVANCED_FACE('',(#7514),#7530,.F.);
#7514 = FACE_BOUND('',#7515,.T.);
#7515 = EDGE_LOOP('',(#7516,#7517,#7524,#7529));
#7516 = ORIENTED_EDGE('',*,*,#1140,.T.);
#7517 = ORIENTED_EDGE('',*,*,#7518,.F.);
#7518 = EDGE_CURVE('',#7519,#1134,#7521,.T.);
#7519 = VERTEX_POINT('',#7520);
#7520 = CARTESIAN_POINT('',(-0.75340632635,1.05060070287,0.9300001));
#7521 = B_SPLINE_CURVE_WITH_KNOTS('',1,(#7522,#7523),.UNSPECIFIED.,.F.,
  .F.,(2,2),(-0.,1.E-02),.PIECEWISE_BEZIER_KNOTS.);
#7522 = CARTESIAN_POINT('',(-0.75340632635,1.05060070287,0.9300001));
#7523 = CARTESIAN_POINT('',(-0.75340632635,1.05060070287,0.9200001));
#7524 = ORIENTED_EDGE('',*,*,#7525,.F.);
#7525 = EDGE_CURVE('',#7497,#7519,#7526,.T.);
#7526 = B_SPLINE_CURVE_WITH_KNOTS('',1,(#7527,#7528),.UNSPECIFIED.,.F.,
  .F.,(2,2),(-1.078258955217E-02,0.),.PIECEWISE_BEZIER_KNOTS.);
#7527 = CARTESIAN_POINT('',(-0.75340632635,1.039818113318,0.9300001));
#7528 = CARTESIAN_POINT('',(-0.75340632635,1.05060070287,0.9300001));
#7529 = ORIENTED_EDGE('',*,*,#7496,.T.);
#7530 = B_SPLINE_SURFACE_WITH_KNOTS('',1,1,(
    (#7531,#7532)
    ,(#7533,#7534)),.UNSPECIFIED.,.F.,.F.,.F.,(2,2),(2,2),(-1.E-02,0.),(
    -1.078258955217E-02,0.),.PIECEWISE_BEZIER_KNOTS.);
#7531 = CARTESIAN_POINT('',(-0.75340632635,1.039818113318,0.9200001));
#7532 = CARTESIAN_POINT('',(-0.75340632635,1.05060070287,0.9200001));
#7533 = CARTESIAN_POINT('',(-0.75340632635,1.039818113318,0.9300001));
#7534 = CARTESIAN_POINT('',(-0.75340632635,1.05060070287,0.9300001));
#7535 = ADVANCED_FACE('',(#7536),#7552,.F.);
#7536 = FACE_BOUND('',#7537,.T.);
#7537 = EDGE_LOOP('',(#7538,#7539,#7546,#7551));
#7538 = ORIENTED_EDGE('',*,*,#1133,.T.);
#7539 = ORIENTED_EDGE('',*,*,#7540,.F.);
#7540 = EDGE_CURVE('',#7541,#1127,#7543,.T.);
#7541 = VERTEX_POINT('',#7542);
#7542 = CARTESIAN_POINT('',(-0.787077850421,1.05060070287,0.9300001));
#7543 = B_SPLINE_CURVE_WITH_KNOTS('',1,(#7544,#7545),.UNSPECIFIED.,.F.,
  .F.,(2,2),(-0.,1.E-02),.PIECEWISE_BEZIER_KNOTS.);
#7544 = CARTESIAN_POINT('',(-0.787077850421,1.05060070287,0.9300001));
#7545 = CARTESIAN_POINT('',(-0.787077850421,1.05060070287,0.9200001));
#7546 = ORIENTED_EDGE('',*,*,#7547,.F.);
#7547 = EDGE_CURVE('',#7519,#7541,#7548,.T.);
#7548 = B_SPLINE_CURVE_WITH_KNOTS('',1,(#7549,#7550),.UNSPECIFIED.,.F.,
  .F.,(2,2),(-3.367152407072E-02,-0.),.PIECEWISE_BEZIER_KNOTS.);
#7549 = CARTESIAN_POINT('',(-0.75340632635,1.05060070287,0.9300001));
#7550 = CARTESIAN_POINT('',(-0.787077850421,1.05060070287,0.9300001));
#7551 = ORIENTED_EDGE('',*,*,#7518,.T.);
#7552 = B_SPLINE_SURFACE_WITH_KNOTS('',1,1,(
    (#7553,#7554)
    ,(#7555,#7556
    )),.UNSPECIFIED.,.F.,.F.,.F.,(2,2),(2,2),(0.,1.E-02),(0.,
    3.367152407072E-02),.PIECEWISE_BEZIER_KNOTS.);
#7553 = CARTESIAN_POINT('',(-0.787077850421,1.05060070287,0.9300001));
#7554 = CARTESIAN_POINT('',(-0.75340632635,1.05060070287,0.9300001));
#7555 = CARTESIAN_POINT('',(-0.787077850421,1.05060070287,0.9200001));
#7556 = CARTESIAN_POINT('',(-0.75340632635,1.05060070287,0.9200001));
#7557 = ADVANCED_FACE('',(#7558),#7574,.F.);
#7558 = FACE_BOUND('',#7559,.T.);
#7559 = EDGE_LOOP('',(#7560,#7561,#7568,#7573));
#7560 = ORIENTED_EDGE('',*,*,#1126,.T.);
#7561 = ORIENTED_EDGE('',*,*,#7562,.F.);
#7562 = EDGE_CURVE('',#7563,#1120,#7565,.T.);
#7563 = VERTEX_POINT('',#7564);
#7564 = CARTESIAN_POINT('',(-0.787077850421,1.080734189744,0.9300001));
#7565 = B_SPLINE_CURVE_WITH_KNOTS('',1,(#7566,#7567),.UNSPECIFIED.,.F.,
  .F.,(2,2),(-0.,1.E-02),.PIECEWISE_BEZIER_KNOTS.);
#7566 = CARTESIAN_POINT('',(-0.787077850421,1.080734189744,0.9300001));
#7567 = CARTESIAN_POINT('',(-0.787077850421,1.080734189744,0.9200001));
#7568 = ORIENTED_EDGE('',*,*,#7569,.F.);
#7569 = EDGE_CURVE('',#7541,#7563,#7570,.T.);
#7570 = B_SPLINE_CURVE_WITH_KNOTS('',1,(#7571,#7572),.UNSPECIFIED.,.F.,
  .F.,(2,2),(-3.013348687407E-02,0.),.PIECEWISE_BEZIER_KNOTS.);
#7571 = CARTESIAN_POINT('',(-0.787077850421,1.05060070287,0.9300001));
#7572 = CARTESIAN_POINT('',(-0.787077850421,1.080734189744,0.9300001));
#7573 = ORIENTED_EDGE('',*,*,#7540,.T.);
#7574 = B_SPLINE_SURFACE_WITH_KNOTS('',1,1,(
    (#7575,#7576)
    ,(#7577,#7578)),.UNSPECIFIED.,.F.,.F.,.F.,(2,2),(2,2),(-1.E-02,0.),(
    -3.013348687407E-02,0.),.PIECEWISE_BEZIER_KNOTS.);
#7575 = CARTESIAN_POINT('',(-0.787077850421,1.05060070287,0.9200001));
#7576 = CARTESIAN_POINT('',(-0.787077850421,1.080734189744,0.9200001));
#7577 = CARTESIAN_POINT('',(-0.787077850421,1.05060070287,0.9300001));
#7578 = CARTESIAN_POINT('',(-0.787077850421,1.080734189744,0.9300001));
#7579 = ADVANCED_FACE('',(#7580),#7596,.F.);
#7580 = FACE_BOUND('',#7581,.T.);
#7581 = EDGE_LOOP('',(#7582,#7583,#7590,#7595));
#7582 = ORIENTED_EDGE('',*,*,#1119,.T.);
#7583 = ORIENTED_EDGE('',*,*,#7584,.F.);
#7584 = EDGE_CURVE('',#7585,#1113,#7587,.T.);
#7585 = VERTEX_POINT('',#7586);
#7586 = CARTESIAN_POINT('',(-0.750734747242,1.080734189744,0.9300001));
#7587 = B_SPLINE_CURVE_WITH_KNOTS('',1,(#7588,#7589),.UNSPECIFIED.,.F.,
  .F.,(2,2),(-0.,1.E-02),.PIECEWISE_BEZIER_KNOTS.);
#7588 = CARTESIAN_POINT('',(-0.750734747242,1.080734189744,0.9300001));
#7589 = CARTESIAN_POINT('',(-0.750734747242,1.080734189744,0.9200001));
#7590 = ORIENTED_EDGE('',*,*,#7591,.F.);
#7591 = EDGE_CURVE('',#7563,#7585,#7592,.T.);
#7592 = B_SPLINE_CURVE_WITH_KNOTS('',1,(#7593,#7594),.UNSPECIFIED.,.F.,
  .F.,(2,2),(-3.634310317838E-02,0.),.PIECEWISE_BEZIER_KNOTS.);
#7593 = CARTESIAN_POINT('',(-0.787077850421,1.080734189744,0.9300001));
#7594 = CARTESIAN_POINT('',(-0.750734747242,1.080734189744,0.9300001));
#7595 = ORIENTED_EDGE('',*,*,#7562,.T.);
#7596 = B_SPLINE_SURFACE_WITH_KNOTS('',1,1,(
    (#7597,#7598)
    ,(#7599,#7600)),.UNSPECIFIED.,.F.,.F.,.F.,(2,2),(2,2),(-1.E-02,0.),(
    -3.634310317838E-02,0.),.PIECEWISE_BEZIER_KNOTS.);
#7597 = CARTESIAN_POINT('',(-0.787077850421,1.080734189744,0.9200001));
#7598 = CARTESIAN_POINT('',(-0.750734747242,1.080734189744,0.9200001));
#7599 = CARTESIAN_POINT('',(-0.787077850421,1.080734189744,0.9300001));
#7600 = CARTESIAN_POINT('',(-0.750734747242,1.080734189744,0.9300001));
#7601 = ADVANCED_FACE('',(#7602),#7618,.F.);
#7602 = FACE_BOUND('',#7603,.T.);
#7603 = EDGE_LOOP('',(#7604,#7605,#7612,#7617));
#7604 = ORIENTED_EDGE('',*,*,#1112,.T.);
#7605 = ORIENTED_EDGE('',*,*,#7606,.F.);
#7606 = EDGE_CURVE('',#7607,#1106,#7609,.T.);
#7607 = VERTEX_POINT('',#7608);
#7608 = CARTESIAN_POINT('',(-0.750734747242,1.091564915856,0.9300001));
#7609 = B_SPLINE_CURVE_WITH_KNOTS('',1,(#7610,#7611),.UNSPECIFIED.,.F.,
  .F.,(2,2),(-0.,1.E-02),.PIECEWISE_BEZIER_KNOTS.);
#7610 = CARTESIAN_POINT('',(-0.750734747242,1.091564915856,0.9300001));
#7611 = CARTESIAN_POINT('',(-0.750734747242,1.091564915856,0.9200001));
#7612 = ORIENTED_EDGE('',*,*,#7613,.F.);
#7613 = EDGE_CURVE('',#7585,#7607,#7614,.T.);
#7614 = B_SPLINE_CURVE_WITH_KNOTS('',1,(#7615,#7616),.UNSPECIFIED.,.F.,
  .F.,(2,2),(-1.083072611262E-02,0.),.PIECEWISE_BEZIER_KNOTS.);
#7615 = CARTESIAN_POINT('',(-0.750734747242,1.080734189744,0.9300001));
#7616 = CARTESIAN_POINT('',(-0.750734747242,1.091564915856,0.9300001));
#7617 = ORIENTED_EDGE('',*,*,#7584,.T.);
#7618 = B_SPLINE_SURFACE_WITH_KNOTS('',1,1,(
    (#7619,#7620)
    ,(#7621,#7622)),.UNSPECIFIED.,.F.,.F.,.F.,(2,2),(2,2),(-1.E-02,0.),(
    -1.083072611262E-02,0.),.PIECEWISE_BEZIER_KNOTS.);
#7619 = CARTESIAN_POINT('',(-0.750734747242,1.080734189744,0.9200001));
#7620 = CARTESIAN_POINT('',(-0.750734747242,1.091564915856,0.9200001));
#7621 = CARTESIAN_POINT('',(-0.750734747242,1.080734189744,0.9300001));
#7622 = CARTESIAN_POINT('',(-0.750734747242,1.091564915856,0.9300001));
#7623 = ADVANCED_FACE('',(#7624),#7640,.F.);
#7624 = FACE_BOUND('',#7625,.T.);
#7625 = EDGE_LOOP('',(#7626,#7627,#7634,#7639));
#7626 = ORIENTED_EDGE('',*,*,#1105,.T.);
#7627 = ORIENTED_EDGE('',*,*,#7628,.F.);
#7628 = EDGE_CURVE('',#7629,#1099,#7631,.T.);
#7629 = VERTEX_POINT('',#7630);
#7630 = CARTESIAN_POINT('',(-0.799232331947,1.091564915856,0.9300001));
#7631 = B_SPLINE_CURVE_WITH_KNOTS('',1,(#7632,#7633),.UNSPECIFIED.,.F.,
  .F.,(2,2),(-0.,1.E-02),.PIECEWISE_BEZIER_KNOTS.);
#7632 = CARTESIAN_POINT('',(-0.799232331947,1.091564915856,0.9300001));
#7633 = CARTESIAN_POINT('',(-0.799232331947,1.091564915856,0.9200001));
#7634 = ORIENTED_EDGE('',*,*,#7635,.F.);
#7635 = EDGE_CURVE('',#7607,#7629,#7636,.T.);
#7636 = B_SPLINE_CURVE_WITH_KNOTS('',1,(#7637,#7638),.UNSPECIFIED.,.F.,
  .F.,(2,2),(-4.849758470488E-02,-0.),.PIECEWISE_BEZIER_KNOTS.);
#7637 = CARTESIAN_POINT('',(-0.750734747242,1.091564915856,0.9300001));
#7638 = CARTESIAN_POINT('',(-0.799232331947,1.091564915856,0.9300001));
#7639 = ORIENTED_EDGE('',*,*,#7606,.T.);
#7640 = B_SPLINE_SURFACE_WITH_KNOTS('',1,1,(
    (#7641,#7642)
    ,(#7643,#7644
    )),.UNSPECIFIED.,.F.,.F.,.F.,(2,2),(2,2),(0.,1.E-02),(0.,
    4.849758470488E-02),.PIECEWISE_BEZIER_KNOTS.);
#7641 = CARTESIAN_POINT('',(-0.799232331947,1.091564915856,0.9300001));
#7642 = CARTESIAN_POINT('',(-0.750734747242,1.091564915856,0.9300001));
#7643 = CARTESIAN_POINT('',(-0.799232331947,1.091564915856,0.9200001));
#7644 = CARTESIAN_POINT('',(-0.750734747242,1.091564915856,0.9200001));
#7645 = ADVANCED_FACE('',(#7646),#7662,.F.);
#7646 = FACE_BOUND('',#7647,.T.);
#7647 = EDGE_LOOP('',(#7648,#7649,#7656,#7661));
#7648 = ORIENTED_EDGE('',*,*,#1098,.T.);
#7649 = ORIENTED_EDGE('',*,*,#7650,.F.);
#7650 = EDGE_CURVE('',#7651,#1092,#7653,.T.);
#7651 = VERTEX_POINT('',#7652);
#7652 = CARTESIAN_POINT('',(-0.799232331947,0.997409803516,0.9300001));
#7653 = B_SPLINE_CURVE_WITH_KNOTS('',1,(#7654,#7655),.UNSPECIFIED.,.F.,
  .F.,(2,2),(-0.,1.E-02),.PIECEWISE_BEZIER_KNOTS.);
#7654 = CARTESIAN_POINT('',(-0.799232331947,0.997409803516,0.9300001));
#7655 = CARTESIAN_POINT('',(-0.799232331947,0.997409803516,0.9200001));
#7656 = ORIENTED_EDGE('',*,*,#7657,.F.);
#7657 = EDGE_CURVE('',#7629,#7651,#7658,.T.);
#7658 = B_SPLINE_CURVE_WITH_KNOTS('',1,(#7659,#7660),.UNSPECIFIED.,.F.,
  .F.,(2,2),(-9.415511234022E-02,-0.),.PIECEWISE_BEZIER_KNOTS.);
#7659 = CARTESIAN_POINT('',(-0.799232331947,1.091564915856,0.9300001));
#7660 = CARTESIAN_POINT('',(-0.799232331947,0.997409803516,0.9300001));
#7661 = ORIENTED_EDGE('',*,*,#7628,.T.);
#7662 = B_SPLINE_SURFACE_WITH_KNOTS('',1,1,(
    (#7663,#7664)
    ,(#7665,#7666
    )),.UNSPECIFIED.,.F.,.F.,.F.,(2,2),(2,2),(0.,1.E-02),(0.,
    9.415511234022E-02),.PIECEWISE_BEZIER_KNOTS.);
#7663 = CARTESIAN_POINT('',(-0.799232331947,0.997409803516,0.9300001));
#7664 = CARTESIAN_POINT('',(-0.799232331947,1.091564915856,0.9300001));
#7665 = CARTESIAN_POINT('',(-0.799232331947,0.997409803516,0.9200001));
#7666 = CARTESIAN_POINT('',(-0.799232331947,1.091564915856,0.9200001));
#7667 = ADVANCED_FACE('',(#7668),#7678,.F.);
#7668 = FACE_BOUND('',#7669,.T.);
#7669 = EDGE_LOOP('',(#7670,#7671,#7672,#7677));
#7670 = ORIENTED_EDGE('',*,*,#1091,.T.);
#7671 = ORIENTED_EDGE('',*,*,#7438,.F.);
#7672 = ORIENTED_EDGE('',*,*,#7673,.F.);
#7673 = EDGE_CURVE('',#7651,#7432,#7674,.T.);
#7674 = B_SPLINE_CURVE_WITH_KNOTS('',1,(#7675,#7676),.UNSPECIFIED.,.F.,
  .F.,(2,2),(-5.063966164731E-02,0.),.PIECEWISE_BEZIER_KNOTS.);
#7675 = CARTESIAN_POINT('',(-0.799232331947,0.997409803516,0.9300001));
#7676 = CARTESIAN_POINT('',(-0.7485926703,0.997409803516,0.9300001));
#7677 = ORIENTED_EDGE('',*,*,#7650,.T.);
#7678 = B_SPLINE_SURFACE_WITH_KNOTS('',1,1,(
    (#7679,#7680)
    ,(#7681,#7682)),.UNSPECIFIED.,.F.,.F.,.F.,(2,2),(2,2),(-1.E-02,0.),(
    -5.063966164731E-02,0.),.PIECEWISE_BEZIER_KNOTS.);
#7679 = CARTESIAN_POINT('',(-0.799232331947,0.997409803516,0.9200001));
#7680 = CARTESIAN_POINT('',(-0.7485926703,0.997409803516,0.9200001));
#7681 = CARTESIAN_POINT('',(-0.799232331947,0.997409803516,0.9300001));
#7682 = CARTESIAN_POINT('',(-0.7485926703,0.997409803516,0.9300001));
#7683 = ADVANCED_FACE('',(#7684),#7698,.F.);
#7684 = FACE_BOUND('',#7685,.T.);
#7685 = EDGE_LOOP('',(#7686,#7687,#7688,#7689,#7690,#7691,#7692,#7693,
    #7694,#7695,#7696,#7697));
#7686 = ORIENTED_EDGE('',*,*,#7431,.T.);
#7687 = ORIENTED_EDGE('',*,*,#7459,.T.);
#7688 = ORIENTED_EDGE('',*,*,#7481,.T.);
#7689 = ORIENTED_EDGE('',*,*,#7503,.T.);
#7690 = ORIENTED_EDGE('',*,*,#7525,.T.);
#7691 = ORIENTED_EDGE('',*,*,#7547,.T.);
#7692 = ORIENTED_EDGE('',*,*,#7569,.T.);
#7693 = ORIENTED_EDGE('',*,*,#7591,.T.);
#7694 = ORIENTED_EDGE('',*,*,#7613,.T.);
#7695 = ORIENTED_EDGE('',*,*,#7635,.T.);
#7696 = ORIENTED_EDGE('',*,*,#7657,.T.);
#7697 = ORIENTED_EDGE('',*,*,#7673,.T.);
#7698 = B_SPLINE_SURFACE_WITH_KNOTS('',1,1,(
    (#7699,#7700)
    ,(#7701,#7702
    )),.UNSPECIFIED.,.F.,.F.,.F.,(2,2),(2,2),(0.7485926703,
    0.799232331947),(0.997409803516,1.091564915856),
  .PIECEWISE_BEZIER_KNOTS.);
#7699 = CARTESIAN_POINT('',(-0.7485926703,0.997409803516,0.9300001));
#7700 = CARTESIAN_POINT('',(-0.7485926703,1.091564915856,0.9300001));
#7701 = CARTESIAN_POINT('',(-0.799232331947,0.997409803516,0.9300001));
#7702 = CARTESIAN_POINT('',(-0.799232331947,1.091564915856,0.9300001));
#7703 = ADVANCED_FACE('',(#7704),#7728,.F.);
#7704 = FACE_BOUND('',#7705,.F.);
#7705 = EDGE_LOOP('',(#7706,#7713,#7722,#7727));
#7706 = ORIENTED_EDGE('',*,*,#7707,.F.);
#7707 = EDGE_CURVE('',#7708,#551,#7710,.T.);
#7708 = VERTEX_POINT('',#7709);
#7709 = CARTESIAN_POINT('',(-0.707580320753,1.066196948472,0.9300001));
#7710 = B_SPLINE_CURVE_WITH_KNOTS('',1,(#7711,#7712),.UNSPECIFIED.,.F.,
  .F.,(2,2),(-0.,1.E-02),.PIECEWISE_BEZIER_KNOTS.);
#7711 = CARTESIAN_POINT('',(-0.707580320753,1.066196948472,0.9300001));
#7712 = CARTESIAN_POINT('',(-0.707580320753,1.066196948472,0.9200001));
#7713 = ORIENTED_EDGE('',*,*,#7714,.T.);
#7714 = EDGE_CURVE('',#7708,#7715,#7717,.T.);
#7715 = VERTEX_POINT('',#7716);
#7716 = CARTESIAN_POINT('',(-0.730734006354,1.059939195607,0.9300001));
#7717 = B_SPLINE_CURVE_WITH_KNOTS('',3,(#7718,#7719,#7720,#7721),
  .UNSPECIFIED.,.F.,.F.,(4,4),(0.,1.),.PIECEWISE_BEZIER_KNOTS.);
#7718 = CARTESIAN_POINT('',(-0.707580320753,1.066196948472,0.9300001));
#7719 = CARTESIAN_POINT('',(-0.716341174764,1.066196948472,0.9300001));
#7720 = CARTESIAN_POINT('',(-0.724067092725,1.064127076371,0.9300001));
#7721 = CARTESIAN_POINT('',(-0.730734006354,1.059939195607,0.9300001));
#7722 = ORIENTED_EDGE('',*,*,#7723,.T.);
#7723 = EDGE_CURVE('',#7715,#542,#7724,.T.);
#7724 = B_SPLINE_CURVE_WITH_KNOTS('',1,(#7725,#7726),.UNSPECIFIED.,.F.,
  .F.,(2,2),(-0.,1.E-02),.PIECEWISE_BEZIER_KNOTS.);
#7725 = CARTESIAN_POINT('',(-0.730734006354,1.059939195607,0.9300001));
#7726 = CARTESIAN_POINT('',(-0.730734006354,1.059939195607,0.9200001));
#7727 = ORIENTED_EDGE('',*,*,#550,.F.);
#7728 = B_SPLINE_SURFACE_WITH_KNOTS('',3,1,(
    (#7729,#7730)
    ,(#7731,#7732)
    ,(#7733,#7734)
    ,(#7735,#7736
    )),.UNSPECIFIED.,.F.,.F.,.F.,(4,4),(2,2),(0.,1.),(0.,1.),
  .PIECEWISE_BEZIER_KNOTS.);
#7729 = CARTESIAN_POINT('',(-0.707580320753,1.066196948472,0.9300001));
#7730 = CARTESIAN_POINT('',(-0.707580320753,1.066196948472,0.9200001));
#7731 = CARTESIAN_POINT('',(-0.716341174764,1.066196948472,0.9300001));
#7732 = CARTESIAN_POINT('',(-0.716341174764,1.066196948472,0.9200001));
#7733 = CARTESIAN_POINT('',(-0.724067092725,1.064127076371,0.9300001));
#7734 = CARTESIAN_POINT('',(-0.724067092725,1.064127076371,0.9200001));
#7735 = CARTESIAN_POINT('',(-0.730734006354,1.059939195607,0.9300001));
#7736 = CARTESIAN_POINT('',(-0.730734006354,1.059939195607,0.9200001));
#7737 = ADVANCED_FACE('',(#7738,#7844),#7914,.T.);
#7738 = FACE_BOUND('',#7739,.T.);
#7739 = EDGE_LOOP('',(#7740,#7741,#7748,#7757,#7766,#7773,#7782,#7791,
    #7800,#7809,#7816,#7823,#7830,#7837));
#7740 = ORIENTED_EDGE('',*,*,#7714,.T.);
#7741 = ORIENTED_EDGE('',*,*,#7742,.T.);
#7742 = EDGE_CURVE('',#7715,#7743,#7745,.T.);
#7743 = VERTEX_POINT('',#7744);
#7744 = CARTESIAN_POINT('',(-0.730734006354,1.048482694208,0.9300001));
#7745 = B_SPLINE_CURVE_WITH_KNOTS('',1,(#7746,#7747),.UNSPECIFIED.,.F.,
  .F.,(2,2),(-1.145650139971E-02,-0.),.PIECEWISE_BEZIER_KNOTS.);
#7746 = CARTESIAN_POINT('',(-0.730734006354,1.059939195607,0.9300001));
#7747 = CARTESIAN_POINT('',(-0.730734006354,1.048482694208,0.9300001));
#7748 = ORIENTED_EDGE('',*,*,#7749,.T.);
#7749 = EDGE_CURVE('',#7743,#7750,#7752,.T.);
#7750 = VERTEX_POINT('',#7751);
#7751 = CARTESIAN_POINT('',(-0.708687461644,1.056617772933,0.9300001));
#7752 = B_SPLINE_CURVE_WITH_KNOTS('',3,(#7753,#7754,#7755,#7756),
  .UNSPECIFIED.,.F.,.F.,(4,4),(12.,13.),.PIECEWISE_BEZIER_KNOTS.);
#7753 = CARTESIAN_POINT('',(-0.730734006354,1.048482694208,0.9300001));
#7754 = CARTESIAN_POINT('',(-0.724091161005,1.053873988984,0.9300001));
#7755 = CARTESIAN_POINT('',(-0.716750335528,1.056617772933,0.9300001));
#7756 = CARTESIAN_POINT('',(-0.708687461644,1.056617772933,0.9300001));
#7757 = ORIENTED_EDGE('',*,*,#7758,.T.);
#7758 = EDGE_CURVE('',#7750,#7759,#7761,.T.);
#7759 = VERTEX_POINT('',#7760);
#7760 = CARTESIAN_POINT('',(-0.695064815023,1.040155069241,0.9300001));
#7761 = B_SPLINE_CURVE_WITH_KNOTS('',3,(#7762,#7763,#7764,#7765),
  .UNSPECIFIED.,.F.,.F.,(4,4),(11.,12.),.PIECEWISE_BEZIER_KNOTS.);
#7762 = CARTESIAN_POINT('',(-0.708687461644,1.056617772933,0.9300001));
#7763 = CARTESIAN_POINT('',(-0.69961371999,1.056617772933,0.9300001));
#7764 = CARTESIAN_POINT('',(-0.695064815023,1.051130205035,0.9300001));
#7765 = CARTESIAN_POINT('',(-0.695064815023,1.040155069241,0.9300001));
#7766 = ORIENTED_EDGE('',*,*,#7767,.T.);
#7767 = EDGE_CURVE('',#7759,#7768,#7770,.T.);
#7768 = VERTEX_POINT('',#7769);
#7769 = CARTESIAN_POINT('',(-0.71499335107,1.037363148732,0.9300001));
#7770 = B_SPLINE_CURVE_WITH_KNOTS('',1,(#7771,#7772),.UNSPECIFIED.,.F.,
  .F.,(2,2),(-2.012315504906E-02,-0.),.PIECEWISE_BEZIER_KNOTS.);
#7771 = CARTESIAN_POINT('',(-0.695064815023,1.040155069241,0.9300001));
#7772 = CARTESIAN_POINT('',(-0.71499335107,1.037363148732,0.9300001));
#7773 = ORIENTED_EDGE('',*,*,#7774,.T.);
#7774 = EDGE_CURVE('',#7768,#7775,#7777,.T.);
#7775 = VERTEX_POINT('',#7776);
#7776 = CARTESIAN_POINT('',(-0.737304646862,1.015412877144,0.9300001));
#7777 = B_SPLINE_CURVE_WITH_KNOTS('',3,(#7778,#7779,#7780,#7781),
  .UNSPECIFIED.,.F.,.F.,(4,4),(9.,10.),.PIECEWISE_BEZIER_KNOTS.);
#7778 = CARTESIAN_POINT('',(-0.71499335107,1.037363148732,0.9300001));
#7779 = CARTESIAN_POINT('',(-0.729867548265,1.03529327663,0.9300001));
#7780 = CARTESIAN_POINT('',(-0.737304646862,1.027976519434,0.9300001));
#7781 = CARTESIAN_POINT('',(-0.737304646862,1.015412877144,0.9300001));
#7782 = ORIENTED_EDGE('',*,*,#7783,.T.);
#7783 = EDGE_CURVE('',#7775,#7784,#7786,.T.);
#7784 = VERTEX_POINT('',#7785);
#7785 = CARTESIAN_POINT('',(-0.731528259602,1.001116318674,0.9300001));
#7786 = B_SPLINE_CURVE_WITH_KNOTS('',3,(#7787,#7788,#7789,#7790),
  .UNSPECIFIED.,.F.,.F.,(4,4),(8.,9.),.PIECEWISE_BEZIER_KNOTS.);
#7787 = CARTESIAN_POINT('',(-0.737304646862,1.015412877144,0.9300001));
#7788 = CARTESIAN_POINT('',(-0.737304646862,1.009395807081,0.9300001));
#7789 = CARTESIAN_POINT('',(-0.735379184442,1.004630287591,0.9300001));
#7790 = CARTESIAN_POINT('',(-0.731528259602,1.001116318674,0.9300001));
#7791 = ORIENTED_EDGE('',*,*,#7792,.T.);
#7792 = EDGE_CURVE('',#7784,#7793,#7795,.T.);
#7793 = VERTEX_POINT('',#7794);
#7794 = CARTESIAN_POINT('',(-0.71598015056,0.99582129702,0.9300001));
#7795 = B_SPLINE_CURVE_WITH_KNOTS('',3,(#7796,#7797,#7798,#7799),
  .UNSPECIFIED.,.F.,.F.,(4,4),(7.,8.),.PIECEWISE_BEZIER_KNOTS.);
#7796 = CARTESIAN_POINT('',(-0.731528259602,1.001116318674,0.9300001));
#7797 = CARTESIAN_POINT('',(-0.727677334762,0.997602349758,0.9300001));
#7798 = CARTESIAN_POINT('',(-0.722502654508,0.99582129702,0.9300001));
#7799 = CARTESIAN_POINT('',(-0.71598015056,0.99582129702,0.9300001));
#7800 = ORIENTED_EDGE('',*,*,#7801,.T.);
#7801 = EDGE_CURVE('',#7793,#7802,#7804,.T.);
#7802 = VERTEX_POINT('',#7803);
#7803 = CARTESIAN_POINT('',(-0.695377702666,1.007807300584,0.9300001));
#7804 = B_SPLINE_CURVE_WITH_KNOTS('',3,(#7805,#7806,#7807,#7808),
  .UNSPECIFIED.,.F.,.F.,(4,4),(6.,7.),.PIECEWISE_BEZIER_KNOTS.);
#7805 = CARTESIAN_POINT('',(-0.71598015056,0.99582129702,0.9300001));
#7806 = CARTESIAN_POINT('',(-0.706906408906,0.99582129702,0.9300001));
#7807 = CARTESIAN_POINT('',(-0.700022880754,0.999816631541,0.9300001));
#7808 = CARTESIAN_POINT('',(-0.695377702666,1.007807300584,0.9300001));
#7809 = ORIENTED_EDGE('',*,*,#7810,.T.);
#7810 = EDGE_CURVE('',#7802,#7811,#7813,.T.);
#7811 = VERTEX_POINT('',#7812);
#7812 = CARTESIAN_POINT('',(-0.695064815023,1.007807300584,0.9300001));
#7813 = B_SPLINE_CURVE_WITH_KNOTS('',1,(#7814,#7815),.UNSPECIFIED.,.F.,
  .F.,(2,2),(-3.128876432213E-04,0.),.PIECEWISE_BEZIER_KNOTS.);
#7814 = CARTESIAN_POINT('',(-0.695377702666,1.007807300584,0.9300001));
#7815 = CARTESIAN_POINT('',(-0.695064815023,1.007807300584,0.9300001));
#7816 = ORIENTED_EDGE('',*,*,#7817,.T.);
#7817 = EDGE_CURVE('',#7811,#7818,#7820,.T.);
#7818 = VERTEX_POINT('',#7819);
#7819 = CARTESIAN_POINT('',(-0.695064815023,0.997409803516,0.9300001));
#7820 = B_SPLINE_CURVE_WITH_KNOTS('',1,(#7821,#7822),.UNSPECIFIED.,.F.,
  .F.,(2,2),(-1.039749706796E-02,-0.),.PIECEWISE_BEZIER_KNOTS.);
#7821 = CARTESIAN_POINT('',(-0.695064815023,1.007807300584,0.9300001));
#7822 = CARTESIAN_POINT('',(-0.695064815023,0.997409803516,0.9300001));
#7823 = ORIENTED_EDGE('',*,*,#7824,.T.);
#7824 = EDGE_CURVE('',#7818,#7825,#7827,.T.);
#7825 = VERTEX_POINT('',#7826);
#7826 = CARTESIAN_POINT('',(-0.6832713577,0.997409803516,0.9300001));
#7827 = B_SPLINE_CURVE_WITH_KNOTS('',1,(#7828,#7829),.UNSPECIFIED.,.F.,
  .F.,(2,2),(-1.179345732283E-02,0.),.PIECEWISE_BEZIER_KNOTS.);
#7828 = CARTESIAN_POINT('',(-0.695064815023,0.997409803516,0.9300001));
#7829 = CARTESIAN_POINT('',(-0.6832713577,0.997409803516,0.9300001));
#7830 = ORIENTED_EDGE('',*,*,#7831,.T.);
#7831 = EDGE_CURVE('',#7825,#7832,#7834,.T.);
#7832 = VERTEX_POINT('',#7833);
#7833 = CARTESIAN_POINT('',(-0.6832713577,1.040684571406,0.9300001));
#7834 = B_SPLINE_CURVE_WITH_KNOTS('',1,(#7835,#7836),.UNSPECIFIED.,.F.,
  .F.,(2,2),(-4.327476789004E-02,0.),.PIECEWISE_BEZIER_KNOTS.);
#7835 = CARTESIAN_POINT('',(-0.6832713577,0.997409803516,0.9300001));
#7836 = CARTESIAN_POINT('',(-0.6832713577,1.040684571406,0.9300001));
#7837 = ORIENTED_EDGE('',*,*,#7838,.T.);
#7838 = EDGE_CURVE('',#7832,#7708,#7839,.T.);
#7839 = B_SPLINE_CURVE_WITH_KNOTS('',3,(#7840,#7841,#7842,#7843),
  .UNSPECIFIED.,.F.,.F.,(4,4),(1.,2.),.PIECEWISE_BEZIER_KNOTS.);
#7840 = CARTESIAN_POINT('',(-0.6832713577,1.040684571406,0.9300001));
#7841 = CARTESIAN_POINT('',(-0.6832713577,1.057724913824,0.9300001));
#7842 = CARTESIAN_POINT('',(-0.691382368144,1.066196948472,0.9300001));
#7843 = CARTESIAN_POINT('',(-0.707580320753,1.066196948472,0.9300001));
#7844 = FACE_BOUND('',#7845,.T.);
#7845 = EDGE_LOOP('',(#7846,#7857,#7866,#7873,#7880,#7889,#7898,#7907));
#7846 = ORIENTED_EDGE('',*,*,#7847,.F.);
#7847 = EDGE_CURVE('',#7848,#7850,#7852,.T.);
#7848 = VERTEX_POINT('',#7849);
#7849 = CARTESIAN_POINT('',(-0.722213835145,1.024895779562,0.9300001));
#7850 = VERTEX_POINT('',#7851);
#7851 = CARTESIAN_POINT('',(-0.725342711578,1.016375608353,0.9300001));
#7852 = B_SPLINE_CURVE_WITH_KNOTS('',3,(#7853,#7854,#7855,#7856),
  .UNSPECIFIED.,.F.,.F.,(4,4),(1.,2.),.PIECEWISE_BEZIER_KNOTS.);
#7853 = CARTESIAN_POINT('',(-0.722213835145,1.024895779562,0.9300001));
#7854 = CARTESIAN_POINT('',(-0.724283707247,1.022874044021,0.9300001));
#7855 = CARTESIAN_POINT('',(-0.725342711578,1.020033986952,0.9300001));
#7856 = CARTESIAN_POINT('',(-0.725342711578,1.016375608353,0.9300001));
#7857 = ORIENTED_EDGE('',*,*,#7858,.F.);
#7858 = EDGE_CURVE('',#7859,#7848,#7861,.T.);
#7859 = VERTEX_POINT('',#7860);
#7860 = CARTESIAN_POINT('',(-0.710805470307,1.029035523765,0.9300001));
#7861 = B_SPLINE_CURVE_WITH_KNOTS('',3,(#7862,#7863,#7864,#7865),
  .UNSPECIFIED.,.F.,.F.,(4,4),(0.,1.),.PIECEWISE_BEZIER_KNOTS.);
#7862 = CARTESIAN_POINT('',(-0.710805470307,1.029035523765,0.9300001));
#7863 = CARTESIAN_POINT('',(-0.716317106484,1.028265338797,0.9300001));
#7864 = CARTESIAN_POINT('',(-0.720119894764,1.026917515103,0.9300001));
#7865 = CARTESIAN_POINT('',(-0.722213835145,1.024895779562,0.9300001));
#7866 = ORIENTED_EDGE('',*,*,#7867,.F.);
#7867 = EDGE_CURVE('',#7868,#7859,#7870,.T.);
#7868 = VERTEX_POINT('',#7869);
#7869 = CARTESIAN_POINT('',(-0.695064815023,1.031153532428,0.9300001));
#7870 = B_SPLINE_CURVE_WITH_KNOTS('',1,(#7871,#7872),.UNSPECIFIED.,.F.,
  .F.,(2,2),(-0.,1.588251206392E-02),.PIECEWISE_BEZIER_KNOTS.);
#7871 = CARTESIAN_POINT('',(-0.695064815023,1.031153532428,0.9300001));
#7872 = CARTESIAN_POINT('',(-0.710805470307,1.029035523765,0.9300001));
#7873 = ORIENTED_EDGE('',*,*,#7874,.F.);
#7874 = EDGE_CURVE('',#7875,#7868,#7877,.T.);
#7875 = VERTEX_POINT('',#7876);
#7876 = CARTESIAN_POINT('',(-0.695064815023,1.02470323332,0.9300001));
#7877 = B_SPLINE_CURVE_WITH_KNOTS('',1,(#7878,#7879),.UNSPECIFIED.,.F.,
  .F.,(2,2),(0.,6.450299107508E-03),.PIECEWISE_BEZIER_KNOTS.);
#7878 = CARTESIAN_POINT('',(-0.695064815023,1.02470323332,0.9300001));
#7879 = CARTESIAN_POINT('',(-0.695064815023,1.031153532428,0.9300001));
#7880 = ORIENTED_EDGE('',*,*,#7881,.F.);
#7881 = EDGE_CURVE('',#7882,#7875,#7884,.T.);
#7882 = VERTEX_POINT('',#7883);
#7883 = CARTESIAN_POINT('',(-0.700119153875,1.010984313577,0.9300001));
#7884 = B_SPLINE_CURVE_WITH_KNOTS('',3,(#7885,#7886,#7887,#7888),
  .UNSPECIFIED.,.F.,.F.,(4,4),(5.,6.),.PIECEWISE_BEZIER_KNOTS.);
#7885 = CARTESIAN_POINT('',(-0.700119153875,1.010984313577,0.9300001));
#7886 = CARTESIAN_POINT('',(-0.69674959464,1.014594555615,0.9300001));
#7887 = CARTESIAN_POINT('',(-0.695064815023,1.019167528862,0.9300001));
#7888 = CARTESIAN_POINT('',(-0.695064815023,1.02470323332,0.9300001));
#7889 = ORIENTED_EDGE('',*,*,#7890,.F.);
#7890 = EDGE_CURVE('',#7891,#7882,#7893,.T.);
#7891 = VERTEX_POINT('',#7892);
#7892 = CARTESIAN_POINT('',(-0.712923478968,1.00549674568,0.9300001));
#7893 = B_SPLINE_CURVE_WITH_KNOTS('',3,(#7894,#7895,#7896,#7897),
  .UNSPECIFIED.,.F.,.F.,(4,4),(4.,5.),.PIECEWISE_BEZIER_KNOTS.);
#7894 = CARTESIAN_POINT('',(-0.712923478968,1.00549674568,0.9300001));
#7895 = CARTESIAN_POINT('',(-0.707748798715,1.00549674568,0.9300001));
#7896 = CARTESIAN_POINT('',(-0.70346464483,1.007325934979,0.9300001));
#7897 = CARTESIAN_POINT('',(-0.700119153875,1.010984313577,0.9300001));
#7898 = ORIENTED_EDGE('',*,*,#7899,.F.);
#7899 = EDGE_CURVE('',#7900,#7891,#7902,.T.);
#7900 = VERTEX_POINT('',#7901);
#7901 = CARTESIAN_POINT('',(-0.721925015782,1.008529348991,0.9300001));
#7902 = B_SPLINE_CURVE_WITH_KNOTS('',3,(#7903,#7904,#7905,#7906),
  .UNSPECIFIED.,.F.,.F.,(4,4),(3.,4.),.PIECEWISE_BEZIER_KNOTS.);
#7903 = CARTESIAN_POINT('',(-0.721925015782,1.008529348991,0.9300001));
#7904 = CARTESIAN_POINT('',(-0.719662597439,1.006507613451,0.9300001));
#7905 = CARTESIAN_POINT('',(-0.716654062408,1.00549674568,0.9300001));
#7906 = CARTESIAN_POINT('',(-0.712923478968,1.00549674568,0.9300001));
#7907 = ORIENTED_EDGE('',*,*,#7908,.F.);
#7908 = EDGE_CURVE('',#7850,#7900,#7909,.T.);
#7909 = B_SPLINE_CURVE_WITH_KNOTS('',3,(#7910,#7911,#7912,#7913),
  .UNSPECIFIED.,.F.,.F.,(4,4),(2.,3.),.PIECEWISE_BEZIER_KNOTS.);
#7910 = CARTESIAN_POINT('',(-0.725342711578,1.016375608353,0.9300001));
#7911 = CARTESIAN_POINT('',(-0.725342711578,1.0131504588,0.9300001));
#7912 = CARTESIAN_POINT('',(-0.724211502406,1.010551084533,0.9300001));
#7913 = CARTESIAN_POINT('',(-0.721925015782,1.008529348991,0.9300001));
#7914 = B_SPLINE_SURFACE_WITH_KNOTS('',1,1,(
    (#7915,#7916)
    ,(#7917,#7918
    )),.UNSPECIFIED.,.F.,.F.,.F.,(2,2),(2,2),(-1.736225566585E-02,
    3.667103349679E-02),(-6.881723030648E-02,1.558421146296E-03),
  .PIECEWISE_BEZIER_KNOTS.);
#7915 = CARTESIAN_POINT('',(-0.737304646862,0.99582129702,0.9300001));
#7916 = CARTESIAN_POINT('',(-0.737304646862,1.066196948472,0.9300001));
#7917 = CARTESIAN_POINT('',(-0.6832713577,0.99582129702,0.9300001));
#7918 = CARTESIAN_POINT('',(-0.6832713577,1.066196948472,0.9300001));
#7919 = ADVANCED_FACE('',(#7920),#7930,.F.);
#7920 = FACE_BOUND('',#7921,.T.);
#7921 = EDGE_LOOP('',(#7922,#7923,#7928,#7929));
#7922 = ORIENTED_EDGE('',*,*,#541,.T.);
#7923 = ORIENTED_EDGE('',*,*,#7924,.F.);
#7924 = EDGE_CURVE('',#7743,#544,#7925,.T.);
#7925 = B_SPLINE_CURVE_WITH_KNOTS('',1,(#7926,#7927),.UNSPECIFIED.,.F.,
  .F.,(2,2),(-0.,1.E-02),.PIECEWISE_BEZIER_KNOTS.);
#7926 = CARTESIAN_POINT('',(-0.730734006354,1.048482694208,0.9300001));
#7927 = CARTESIAN_POINT('',(-0.730734006354,1.048482694208,0.9200001));
#7928 = ORIENTED_EDGE('',*,*,#7742,.F.);
#7929 = ORIENTED_EDGE('',*,*,#7723,.T.);
#7930 = B_SPLINE_SURFACE_WITH_KNOTS('',1,1,(
    (#7931,#7932)
    ,(#7933,#7934
    )),.UNSPECIFIED.,.F.,.F.,.F.,(2,2),(2,2),(0.,1.E-02),(0.,
    1.145650139971E-02),.PIECEWISE_BEZIER_KNOTS.);
#7931 = CARTESIAN_POINT('',(-0.730734006354,1.048482694208,0.9300001));
#7932 = CARTESIAN_POINT('',(-0.730734006354,1.059939195607,0.9300001));
#7933 = CARTESIAN_POINT('',(-0.730734006354,1.048482694208,0.9200001));
#7934 = CARTESIAN_POINT('',(-0.730734006354,1.059939195607,0.9200001));
#7935 = ADVANCED_FACE('',(#7936),#7946,.F.);
#7936 = FACE_BOUND('',#7937,.F.);
#7937 = EDGE_LOOP('',(#7938,#7939,#7940,#7945));
#7938 = ORIENTED_EDGE('',*,*,#7924,.F.);
#7939 = ORIENTED_EDGE('',*,*,#7749,.T.);
#7940 = ORIENTED_EDGE('',*,*,#7941,.T.);
#7941 = EDGE_CURVE('',#7750,#640,#7942,.T.);
#7942 = B_SPLINE_CURVE_WITH_KNOTS('',1,(#7943,#7944),.UNSPECIFIED.,.F.,
  .F.,(2,2),(-0.,1.E-02),.PIECEWISE_BEZIER_KNOTS.);
#7943 = CARTESIAN_POINT('',(-0.708687461644,1.056617772933,0.9300001));
#7944 = CARTESIAN_POINT('',(-0.708687461644,1.056617772933,0.9200001));
#7945 = ORIENTED_EDGE('',*,*,#648,.F.);
#7946 = B_SPLINE_SURFACE_WITH_KNOTS('',3,1,(
    (#7947,#7948)
    ,(#7949,#7950)
    ,(#7951,#7952)
    ,(#7953,#7954
    )),.UNSPECIFIED.,.F.,.F.,.F.,(4,4),(2,2),(12.,13.),(0.,1.),
  .PIECEWISE_BEZIER_KNOTS.);
#7947 = CARTESIAN_POINT('',(-0.730734006354,1.048482694208,0.9300001));
#7948 = CARTESIAN_POINT('',(-0.730734006354,1.048482694208,0.9200001));
#7949 = CARTESIAN_POINT('',(-0.724091161005,1.053873988984,0.9300001));
#7950 = CARTESIAN_POINT('',(-0.724091161005,1.053873988984,0.9200001));
#7951 = CARTESIAN_POINT('',(-0.716750335528,1.056617772933,0.9300001));
#7952 = CARTESIAN_POINT('',(-0.716750335528,1.056617772933,0.9200001));
#7953 = CARTESIAN_POINT('',(-0.708687461644,1.056617772933,0.9300001));
#7954 = CARTESIAN_POINT('',(-0.708687461644,1.056617772933,0.9200001));
#7955 = ADVANCED_FACE('',(#7956),#7966,.F.);
#7956 = FACE_BOUND('',#7957,.F.);
#7957 = EDGE_LOOP('',(#7958,#7959,#7960,#7965));
#7958 = ORIENTED_EDGE('',*,*,#7941,.F.);
#7959 = ORIENTED_EDGE('',*,*,#7758,.T.);
#7960 = ORIENTED_EDGE('',*,*,#7961,.T.);
#7961 = EDGE_CURVE('',#7759,#633,#7962,.T.);
#7962 = B_SPLINE_CURVE_WITH_KNOTS('',1,(#7963,#7964),.UNSPECIFIED.,.F.,
  .F.,(2,2),(-0.,1.E-02),.PIECEWISE_BEZIER_KNOTS.);
#7963 = CARTESIAN_POINT('',(-0.695064815023,1.040155069241,0.9300001));
#7964 = CARTESIAN_POINT('',(-0.695064815023,1.040155069241,0.9200001));
#7965 = ORIENTED_EDGE('',*,*,#639,.F.);
#7966 = B_SPLINE_SURFACE_WITH_KNOTS('',3,1,(
    (#7967,#7968)
    ,(#7969,#7970)
    ,(#7971,#7972)
    ,(#7973,#7974
    )),.UNSPECIFIED.,.F.,.F.,.F.,(4,4),(2,2),(11.,12.),(0.,1.),
  .PIECEWISE_BEZIER_KNOTS.);
#7967 = CARTESIAN_POINT('',(-0.708687461644,1.056617772933,0.9300001));
#7968 = CARTESIAN_POINT('',(-0.708687461644,1.056617772933,0.9200001));
#7969 = CARTESIAN_POINT('',(-0.69961371999,1.056617772933,0.9300001));
#7970 = CARTESIAN_POINT('',(-0.69961371999,1.056617772933,0.9200001));
#7971 = CARTESIAN_POINT('',(-0.695064815023,1.051130205035,0.9300001));
#7972 = CARTESIAN_POINT('',(-0.695064815023,1.051130205035,0.9200001));
#7973 = CARTESIAN_POINT('',(-0.695064815023,1.040155069241,0.9300001));
#7974 = CARTESIAN_POINT('',(-0.695064815023,1.040155069241,0.9200001));
#7975 = ADVANCED_FACE('',(#7976),#7986,.F.);
#7976 = FACE_BOUND('',#7977,.T.);
#7977 = EDGE_LOOP('',(#7978,#7979,#7984,#7985));
#7978 = ORIENTED_EDGE('',*,*,#632,.T.);
#7979 = ORIENTED_EDGE('',*,*,#7980,.F.);
#7980 = EDGE_CURVE('',#7768,#624,#7981,.T.);
#7981 = B_SPLINE_CURVE_WITH_KNOTS('',1,(#7982,#7983),.UNSPECIFIED.,.F.,
  .F.,(2,2),(-0.,1.E-02),.PIECEWISE_BEZIER_KNOTS.);
#7982 = CARTESIAN_POINT('',(-0.71499335107,1.037363148732,0.9300001));
#7983 = CARTESIAN_POINT('',(-0.71499335107,1.037363148732,0.9200001));
#7984 = ORIENTED_EDGE('',*,*,#7767,.F.);
#7985 = ORIENTED_EDGE('',*,*,#7961,.T.);
#7986 = B_SPLINE_SURFACE_WITH_KNOTS('',1,1,(
    (#7987,#7988)
    ,(#7989,#7990
    )),.UNSPECIFIED.,.F.,.F.,.F.,(2,2),(2,2),(0.,2.012315504906E-02),(
    -1.E-02,0.),.PIECEWISE_BEZIER_KNOTS.);
#7987 = CARTESIAN_POINT('',(-0.71499335107,1.037363148732,0.9200001));
#7988 = CARTESIAN_POINT('',(-0.71499335107,1.037363148732,0.9300001));
#7989 = CARTESIAN_POINT('',(-0.695064815023,1.040155069241,0.9200001));
#7990 = CARTESIAN_POINT('',(-0.695064815023,1.040155069241,0.9300001));
#7991 = ADVANCED_FACE('',(#7992),#8002,.F.);
#7992 = FACE_BOUND('',#7993,.F.);
#7993 = EDGE_LOOP('',(#7994,#7995,#7996,#8001));
#7994 = ORIENTED_EDGE('',*,*,#7980,.F.);
#7995 = ORIENTED_EDGE('',*,*,#7774,.T.);
#7996 = ORIENTED_EDGE('',*,*,#7997,.T.);
#7997 = EDGE_CURVE('',#7775,#615,#7998,.T.);
#7998 = B_SPLINE_CURVE_WITH_KNOTS('',1,(#7999,#8000),.UNSPECIFIED.,.F.,
  .F.,(2,2),(-0.,1.E-02),.PIECEWISE_BEZIER_KNOTS.);
#7999 = CARTESIAN_POINT('',(-0.737304646862,1.015412877144,0.9300001));
#8000 = CARTESIAN_POINT('',(-0.737304646862,1.015412877144,0.9200001));
#8001 = ORIENTED_EDGE('',*,*,#623,.F.);
#8002 = B_SPLINE_SURFACE_WITH_KNOTS('',3,1,(
    (#8003,#8004)
    ,(#8005,#8006)
    ,(#8007,#8008)
    ,(#8009,#8010
    )),.UNSPECIFIED.,.F.,.F.,.F.,(4,4),(2,2),(9.,10.),(0.,1.),
  .PIECEWISE_BEZIER_KNOTS.);
#8003 = CARTESIAN_POINT('',(-0.71499335107,1.037363148732,0.9300001));
#8004 = CARTESIAN_POINT('',(-0.71499335107,1.037363148732,0.9200001));
#8005 = CARTESIAN_POINT('',(-0.729867548265,1.03529327663,0.9300001));
#8006 = CARTESIAN_POINT('',(-0.729867548265,1.03529327663,0.9200001));
#8007 = CARTESIAN_POINT('',(-0.737304646862,1.027976519434,0.9300001));
#8008 = CARTESIAN_POINT('',(-0.737304646862,1.027976519434,0.9200001));
#8009 = CARTESIAN_POINT('',(-0.737304646862,1.015412877144,0.9300001));
#8010 = CARTESIAN_POINT('',(-0.737304646862,1.015412877144,0.9200001));
#8011 = ADVANCED_FACE('',(#8012),#8022,.F.);
#8012 = FACE_BOUND('',#8013,.F.);
#8013 = EDGE_LOOP('',(#8014,#8015,#8016,#8021));
#8014 = ORIENTED_EDGE('',*,*,#7997,.F.);
#8015 = ORIENTED_EDGE('',*,*,#7783,.T.);
#8016 = ORIENTED_EDGE('',*,*,#8017,.T.);
#8017 = EDGE_CURVE('',#7784,#606,#8018,.T.);
#8018 = B_SPLINE_CURVE_WITH_KNOTS('',1,(#8019,#8020),.UNSPECIFIED.,.F.,
  .F.,(2,2),(-0.,1.E-02),.PIECEWISE_BEZIER_KNOTS.);
#8019 = CARTESIAN_POINT('',(-0.731528259602,1.001116318674,0.9300001));
#8020 = CARTESIAN_POINT('',(-0.731528259602,1.001116318674,0.9200001));
#8021 = ORIENTED_EDGE('',*,*,#614,.F.);
#8022 = B_SPLINE_SURFACE_WITH_KNOTS('',3,1,(
    (#8023,#8024)
    ,(#8025,#8026)
    ,(#8027,#8028)
    ,(#8029,#8030
    )),.UNSPECIFIED.,.F.,.F.,.F.,(4,4),(2,2),(8.,9.),(0.,1.),
  .PIECEWISE_BEZIER_KNOTS.);
#8023 = CARTESIAN_POINT('',(-0.737304646862,1.015412877144,0.9300001));
#8024 = CARTESIAN_POINT('',(-0.737304646862,1.015412877144,0.9200001));
#8025 = CARTESIAN_POINT('',(-0.737304646862,1.009395807081,0.9300001));
#8026 = CARTESIAN_POINT('',(-0.737304646862,1.009395807081,0.9200001));
#8027 = CARTESIAN_POINT('',(-0.735379184442,1.004630287591,0.9300001));
#8028 = CARTESIAN_POINT('',(-0.735379184442,1.004630287591,0.9200001));
#8029 = CARTESIAN_POINT('',(-0.731528259602,1.001116318674,0.9300001));
#8030 = CARTESIAN_POINT('',(-0.731528259602,1.001116318674,0.9200001));
#8031 = ADVANCED_FACE('',(#8032),#8042,.F.);
#8032 = FACE_BOUND('',#8033,.F.);
#8033 = EDGE_LOOP('',(#8034,#8035,#8036,#8041));
#8034 = ORIENTED_EDGE('',*,*,#8017,.F.);
#8035 = ORIENTED_EDGE('',*,*,#7792,.T.);
#8036 = ORIENTED_EDGE('',*,*,#8037,.T.);
#8037 = EDGE_CURVE('',#7793,#597,#8038,.T.);
#8038 = B_SPLINE_CURVE_WITH_KNOTS('',1,(#8039,#8040),.UNSPECIFIED.,.F.,
  .F.,(2,2),(-0.,1.E-02),.PIECEWISE_BEZIER_KNOTS.);
#8039 = CARTESIAN_POINT('',(-0.71598015056,0.99582129702,0.9300001));
#8040 = CARTESIAN_POINT('',(-0.71598015056,0.99582129702,0.9200001));
#8041 = ORIENTED_EDGE('',*,*,#605,.F.);
#8042 = B_SPLINE_SURFACE_WITH_KNOTS('',3,1,(
    (#8043,#8044)
    ,(#8045,#8046)
    ,(#8047,#8048)
    ,(#8049,#8050
    )),.UNSPECIFIED.,.F.,.F.,.F.,(4,4),(2,2),(7.,8.),(0.,1.),
  .PIECEWISE_BEZIER_KNOTS.);
#8043 = CARTESIAN_POINT('',(-0.731528259602,1.001116318674,0.9300001));
#8044 = CARTESIAN_POINT('',(-0.731528259602,1.001116318674,0.9200001));
#8045 = CARTESIAN_POINT('',(-0.727677334762,0.997602349758,0.9300001));
#8046 = CARTESIAN_POINT('',(-0.727677334762,0.997602349758,0.9200001));
#8047 = CARTESIAN_POINT('',(-0.722502654508,0.99582129702,0.9300001));
#8048 = CARTESIAN_POINT('',(-0.722502654508,0.99582129702,0.9200001));
#8049 = CARTESIAN_POINT('',(-0.71598015056,0.99582129702,0.9300001));
#8050 = CARTESIAN_POINT('',(-0.71598015056,0.99582129702,0.9200001));
#8051 = ADVANCED_FACE('',(#8052),#8062,.F.);
#8052 = FACE_BOUND('',#8053,.F.);
#8053 = EDGE_LOOP('',(#8054,#8055,#8056,#8061));
#8054 = ORIENTED_EDGE('',*,*,#8037,.F.);
#8055 = ORIENTED_EDGE('',*,*,#7801,.T.);
#8056 = ORIENTED_EDGE('',*,*,#8057,.T.);
#8057 = EDGE_CURVE('',#7802,#590,#8058,.T.);
#8058 = B_SPLINE_CURVE_WITH_KNOTS('',1,(#8059,#8060),.UNSPECIFIED.,.F.,
  .F.,(2,2),(-0.,1.E-02),.PIECEWISE_BEZIER_KNOTS.);
#8059 = CARTESIAN_POINT('',(-0.695377702666,1.007807300584,0.9300001));
#8060 = CARTESIAN_POINT('',(-0.695377702666,1.007807300584,0.9200001));
#8061 = ORIENTED_EDGE('',*,*,#596,.F.);
#8062 = B_SPLINE_SURFACE_WITH_KNOTS('',3,1,(
    (#8063,#8064)
    ,(#8065,#8066)
    ,(#8067,#8068)
    ,(#8069,#8070
    )),.UNSPECIFIED.,.F.,.F.,.F.,(4,4),(2,2),(6.,7.),(0.,1.),
  .PIECEWISE_BEZIER_KNOTS.);
#8063 = CARTESIAN_POINT('',(-0.71598015056,0.99582129702,0.9300001));
#8064 = CARTESIAN_POINT('',(-0.71598015056,0.99582129702,0.9200001));
#8065 = CARTESIAN_POINT('',(-0.706906408906,0.99582129702,0.9300001));
#8066 = CARTESIAN_POINT('',(-0.706906408906,0.99582129702,0.9200001));
#8067 = CARTESIAN_POINT('',(-0.700022880754,0.999816631541,0.9300001));
#8068 = CARTESIAN_POINT('',(-0.700022880754,0.999816631541,0.9200001));
#8069 = CARTESIAN_POINT('',(-0.695377702666,1.007807300584,0.9300001));
#8070 = CARTESIAN_POINT('',(-0.695377702666,1.007807300584,0.9200001));
#8071 = ADVANCED_FACE('',(#8072),#8082,.F.);
#8072 = FACE_BOUND('',#8073,.T.);
#8073 = EDGE_LOOP('',(#8074,#8075,#8080,#8081));
#8074 = ORIENTED_EDGE('',*,*,#589,.T.);
#8075 = ORIENTED_EDGE('',*,*,#8076,.F.);
#8076 = EDGE_CURVE('',#7811,#583,#8077,.T.);
#8077 = B_SPLINE_CURVE_WITH_KNOTS('',1,(#8078,#8079),.UNSPECIFIED.,.F.,
  .F.,(2,2),(-0.,1.E-02),.PIECEWISE_BEZIER_KNOTS.);
#8078 = CARTESIAN_POINT('',(-0.695064815023,1.007807300584,0.9300001));
#8079 = CARTESIAN_POINT('',(-0.695064815023,1.007807300584,0.9200001));
#8080 = ORIENTED_EDGE('',*,*,#7810,.F.);
#8081 = ORIENTED_EDGE('',*,*,#8057,.T.);
#8082 = B_SPLINE_SURFACE_WITH_KNOTS('',1,1,(
    (#8083,#8084)
    ,(#8085,#8086)),.UNSPECIFIED.,.F.,.F.,.F.,(2,2),(2,2),(-1.E-02,0.),(
    -3.128876432213E-04,0.),.PIECEWISE_BEZIER_KNOTS.);
#8083 = CARTESIAN_POINT('',(-0.695377702666,1.007807300584,0.9200001));
#8084 = CARTESIAN_POINT('',(-0.695064815023,1.007807300584,0.9200001));
#8085 = CARTESIAN_POINT('',(-0.695377702666,1.007807300584,0.9300001));
#8086 = CARTESIAN_POINT('',(-0.695064815023,1.007807300584,0.9300001));
#8087 = ADVANCED_FACE('',(#8088),#8098,.F.);
#8088 = FACE_BOUND('',#8089,.T.);
#8089 = EDGE_LOOP('',(#8090,#8091,#8096,#8097));
#8090 = ORIENTED_EDGE('',*,*,#582,.T.);
#8091 = ORIENTED_EDGE('',*,*,#8092,.F.);
#8092 = EDGE_CURVE('',#7818,#576,#8093,.T.);
#8093 = B_SPLINE_CURVE_WITH_KNOTS('',1,(#8094,#8095),.UNSPECIFIED.,.F.,
  .F.,(2,2),(-0.,1.E-02),.PIECEWISE_BEZIER_KNOTS.);
#8094 = CARTESIAN_POINT('',(-0.695064815023,0.997409803516,0.9300001));
#8095 = CARTESIAN_POINT('',(-0.695064815023,0.997409803516,0.9200001));
#8096 = ORIENTED_EDGE('',*,*,#7817,.F.);
#8097 = ORIENTED_EDGE('',*,*,#8076,.T.);
#8098 = B_SPLINE_SURFACE_WITH_KNOTS('',1,1,(
    (#8099,#8100)
    ,(#8101,#8102
    )),.UNSPECIFIED.,.F.,.F.,.F.,(2,2),(2,2),(0.,1.E-02),(0.,
    1.039749706796E-02),.PIECEWISE_BEZIER_KNOTS.);
#8099 = CARTESIAN_POINT('',(-0.695064815023,0.997409803516,0.9300001));
#8100 = CARTESIAN_POINT('',(-0.695064815023,1.007807300584,0.9300001));
#8101 = CARTESIAN_POINT('',(-0.695064815023,0.997409803516,0.9200001));
#8102 = CARTESIAN_POINT('',(-0.695064815023,1.007807300584,0.9200001));
#8103 = ADVANCED_FACE('',(#8104),#8114,.F.);
#8104 = FACE_BOUND('',#8105,.T.);
#8105 = EDGE_LOOP('',(#8106,#8107,#8112,#8113));
#8106 = ORIENTED_EDGE('',*,*,#575,.T.);
#8107 = ORIENTED_EDGE('',*,*,#8108,.F.);
#8108 = EDGE_CURVE('',#7825,#569,#8109,.T.);
#8109 = B_SPLINE_CURVE_WITH_KNOTS('',1,(#8110,#8111),.UNSPECIFIED.,.F.,
  .F.,(2,2),(-0.,1.E-02),.PIECEWISE_BEZIER_KNOTS.);
#8110 = CARTESIAN_POINT('',(-0.6832713577,0.997409803516,0.9300001));
#8111 = CARTESIAN_POINT('',(-0.6832713577,0.997409803516,0.9200001));
#8112 = ORIENTED_EDGE('',*,*,#7824,.F.);
#8113 = ORIENTED_EDGE('',*,*,#8092,.T.);
#8114 = B_SPLINE_SURFACE_WITH_KNOTS('',1,1,(
    (#8115,#8116)
    ,(#8117,#8118)),.UNSPECIFIED.,.F.,.F.,.F.,(2,2),(2,2),(-1.E-02,0.),(
    -1.179345732283E-02,0.),.PIECEWISE_BEZIER_KNOTS.);
#8115 = CARTESIAN_POINT('',(-0.695064815023,0.997409803516,0.9200001));
#8116 = CARTESIAN_POINT('',(-0.6832713577,0.997409803516,0.9200001));
#8117 = CARTESIAN_POINT('',(-0.695064815023,0.997409803516,0.9300001));
#8118 = CARTESIAN_POINT('',(-0.6832713577,0.997409803516,0.9300001));
#8119 = ADVANCED_FACE('',(#8120),#8130,.F.);
#8120 = FACE_BOUND('',#8121,.T.);
#8121 = EDGE_LOOP('',(#8122,#8123,#8128,#8129));
#8122 = ORIENTED_EDGE('',*,*,#568,.T.);
#8123 = ORIENTED_EDGE('',*,*,#8124,.F.);
#8124 = EDGE_CURVE('',#7832,#560,#8125,.T.);
#8125 = B_SPLINE_CURVE_WITH_KNOTS('',1,(#8126,#8127),.UNSPECIFIED.,.F.,
  .F.,(2,2),(-0.,1.E-02),.PIECEWISE_BEZIER_KNOTS.);
#8126 = CARTESIAN_POINT('',(-0.6832713577,1.040684571406,0.9300001));
#8127 = CARTESIAN_POINT('',(-0.6832713577,1.040684571406,0.9200001));
#8128 = ORIENTED_EDGE('',*,*,#7831,.F.);
#8129 = ORIENTED_EDGE('',*,*,#8108,.T.);
#8130 = B_SPLINE_SURFACE_WITH_KNOTS('',1,1,(
    (#8131,#8132)
    ,(#8133,#8134)),.UNSPECIFIED.,.F.,.F.,.F.,(2,2),(2,2),(-1.E-02,0.),(
    -4.327476789004E-02,0.),.PIECEWISE_BEZIER_KNOTS.);
#8131 = CARTESIAN_POINT('',(-0.6832713577,0.997409803516,0.9200001));
#8132 = CARTESIAN_POINT('',(-0.6832713577,1.040684571406,0.9200001));
#8133 = CARTESIAN_POINT('',(-0.6832713577,0.997409803516,0.9300001));
#8134 = CARTESIAN_POINT('',(-0.6832713577,1.040684571406,0.9300001));
#8135 = ADVANCED_FACE('',(#8136),#8142,.F.);
#8136 = FACE_BOUND('',#8137,.F.);
#8137 = EDGE_LOOP('',(#8138,#8139,#8140,#8141));
#8138 = ORIENTED_EDGE('',*,*,#8124,.F.);
#8139 = ORIENTED_EDGE('',*,*,#7838,.T.);
#8140 = ORIENTED_EDGE('',*,*,#7707,.T.);
#8141 = ORIENTED_EDGE('',*,*,#559,.F.);
#8142 = B_SPLINE_SURFACE_WITH_KNOTS('',3,1,(
    (#8143,#8144)
    ,(#8145,#8146)
    ,(#8147,#8148)
    ,(#8149,#8150
    )),.UNSPECIFIED.,.F.,.F.,.F.,(4,4),(2,2),(1.,2.),(0.,1.),
  .PIECEWISE_BEZIER_KNOTS.);
#8143 = CARTESIAN_POINT('',(-0.6832713577,1.040684571406,0.9300001));
#8144 = CARTESIAN_POINT('',(-0.6832713577,1.040684571406,0.9200001));
#8145 = CARTESIAN_POINT('',(-0.6832713577,1.057724913824,0.9300001));
#8146 = CARTESIAN_POINT('',(-0.6832713577,1.057724913824,0.9200001));
#8147 = CARTESIAN_POINT('',(-0.691382368144,1.066196948472,0.9300001));
#8148 = CARTESIAN_POINT('',(-0.691382368144,1.066196948472,0.9200001));
#8149 = CARTESIAN_POINT('',(-0.707580320753,1.066196948472,0.9300001));
#8150 = CARTESIAN_POINT('',(-0.707580320753,1.066196948472,0.9200001));
#8151 = ADVANCED_FACE('',(#8152),#8176,.T.);
#8152 = FACE_BOUND('',#8153,.T.);
#8153 = EDGE_LOOP('',(#8154,#8165,#8170,#8171));
#8154 = ORIENTED_EDGE('',*,*,#8155,.F.);
#8155 = EDGE_CURVE('',#8156,#8158,#8160,.T.);
#8156 = VERTEX_POINT('',#8157);
#8157 = CARTESIAN_POINT('',(-0.710805470307,1.029035523765,0.9200001));
#8158 = VERTEX_POINT('',#8159);
#8159 = CARTESIAN_POINT('',(-0.722213835145,1.024895779562,0.9200001));
#8160 = B_SPLINE_CURVE_WITH_KNOTS('',3,(#8161,#8162,#8163,#8164),
  .UNSPECIFIED.,.F.,.F.,(4,4),(0.,1.),.PIECEWISE_BEZIER_KNOTS.);
#8161 = CARTESIAN_POINT('',(-0.710805470307,1.029035523765,0.9200001));
#8162 = CARTESIAN_POINT('',(-0.716317106484,1.028265338797,0.9200001));
#8163 = CARTESIAN_POINT('',(-0.720119894764,1.026917515103,0.9200001));
#8164 = CARTESIAN_POINT('',(-0.722213835145,1.024895779562,0.9200001));
#8165 = ORIENTED_EDGE('',*,*,#8166,.F.);
#8166 = EDGE_CURVE('',#7859,#8156,#8167,.T.);
#8167 = B_SPLINE_CURVE_WITH_KNOTS('',1,(#8168,#8169),.UNSPECIFIED.,.F.,
  .F.,(2,2),(-0.,1.E-02),.PIECEWISE_BEZIER_KNOTS.);
#8168 = CARTESIAN_POINT('',(-0.710805470307,1.029035523765,0.9300001));
#8169 = CARTESIAN_POINT('',(-0.710805470307,1.029035523765,0.9200001));
#8170 = ORIENTED_EDGE('',*,*,#7858,.T.);
#8171 = ORIENTED_EDGE('',*,*,#8172,.T.);
#8172 = EDGE_CURVE('',#7848,#8158,#8173,.T.);
#8173 = B_SPLINE_CURVE_WITH_KNOTS('',1,(#8174,#8175),.UNSPECIFIED.,.F.,
  .F.,(2,2),(-0.,1.E-02),.PIECEWISE_BEZIER_KNOTS.);
#8174 = CARTESIAN_POINT('',(-0.722213835145,1.024895779562,0.9300001));
#8175 = CARTESIAN_POINT('',(-0.722213835145,1.024895779562,0.9200001));
#8176 = B_SPLINE_SURFACE_WITH_KNOTS('',3,1,(
    (#8177,#8178)
    ,(#8179,#8180)
    ,(#8181,#8182)
    ,(#8183,#8184
    )),.UNSPECIFIED.,.F.,.F.,.F.,(4,4),(2,2),(0.,1.),(0.,1.),
  .PIECEWISE_BEZIER_KNOTS.);
#8177 = CARTESIAN_POINT('',(-0.710805470307,1.029035523765,0.9300001));
#8178 = CARTESIAN_POINT('',(-0.710805470307,1.029035523765,0.9200001));
#8179 = CARTESIAN_POINT('',(-0.716317106484,1.028265338797,0.9300001));
#8180 = CARTESIAN_POINT('',(-0.716317106484,1.028265338797,0.9200001));
#8181 = CARTESIAN_POINT('',(-0.720119894764,1.026917515103,0.9300001));
#8182 = CARTESIAN_POINT('',(-0.720119894764,1.026917515103,0.9200001));
#8183 = CARTESIAN_POINT('',(-0.722213835145,1.024895779562,0.9300001));
#8184 = CARTESIAN_POINT('',(-0.722213835145,1.024895779562,0.9200001));
#8185 = ADVANCED_FACE('',(#8186),#8204,.T.);
#8186 = FACE_BOUND('',#8187,.T.);
#8187 = EDGE_LOOP('',(#8188,#8197,#8198,#8199));
#8188 = ORIENTED_EDGE('',*,*,#8189,.F.);
#8189 = EDGE_CURVE('',#8158,#8190,#8192,.T.);
#8190 = VERTEX_POINT('',#8191);
#8191 = CARTESIAN_POINT('',(-0.725342711578,1.016375608353,0.9200001));
#8192 = B_SPLINE_CURVE_WITH_KNOTS('',3,(#8193,#8194,#8195,#8196),
  .UNSPECIFIED.,.F.,.F.,(4,4),(1.,2.),.PIECEWISE_BEZIER_KNOTS.);
#8193 = CARTESIAN_POINT('',(-0.722213835145,1.024895779562,0.9200001));
#8194 = CARTESIAN_POINT('',(-0.724283707247,1.022874044021,0.9200001));
#8195 = CARTESIAN_POINT('',(-0.725342711578,1.020033986952,0.9200001));
#8196 = CARTESIAN_POINT('',(-0.725342711578,1.016375608353,0.9200001));
#8197 = ORIENTED_EDGE('',*,*,#8172,.F.);
#8198 = ORIENTED_EDGE('',*,*,#7847,.T.);
#8199 = ORIENTED_EDGE('',*,*,#8200,.T.);
#8200 = EDGE_CURVE('',#7850,#8190,#8201,.T.);
#8201 = B_SPLINE_CURVE_WITH_KNOTS('',1,(#8202,#8203),.UNSPECIFIED.,.F.,
  .F.,(2,2),(-0.,1.E-02),.PIECEWISE_BEZIER_KNOTS.);
#8202 = CARTESIAN_POINT('',(-0.725342711578,1.016375608353,0.9300001));
#8203 = CARTESIAN_POINT('',(-0.725342711578,1.016375608353,0.9200001));
#8204 = B_SPLINE_SURFACE_WITH_KNOTS('',3,1,(
    (#8205,#8206)
    ,(#8207,#8208)
    ,(#8209,#8210)
    ,(#8211,#8212
    )),.UNSPECIFIED.,.F.,.F.,.F.,(4,4),(2,2),(1.,2.),(0.,1.),
  .PIECEWISE_BEZIER_KNOTS.);
#8205 = CARTESIAN_POINT('',(-0.722213835145,1.024895779562,0.9300001));
#8206 = CARTESIAN_POINT('',(-0.722213835145,1.024895779562,0.9200001));
#8207 = CARTESIAN_POINT('',(-0.724283707247,1.022874044021,0.9300001));
#8208 = CARTESIAN_POINT('',(-0.724283707247,1.022874044021,0.9200001));
#8209 = CARTESIAN_POINT('',(-0.725342711578,1.020033986952,0.9300001));
#8210 = CARTESIAN_POINT('',(-0.725342711578,1.020033986952,0.9200001));
#8211 = CARTESIAN_POINT('',(-0.725342711578,1.016375608353,0.9300001));
#8212 = CARTESIAN_POINT('',(-0.725342711578,1.016375608353,0.9200001));
#8213 = ADVANCED_FACE('',(#8214),#8232,.T.);
#8214 = FACE_BOUND('',#8215,.T.);
#8215 = EDGE_LOOP('',(#8216,#8225,#8226,#8227));
#8216 = ORIENTED_EDGE('',*,*,#8217,.F.);
#8217 = EDGE_CURVE('',#8190,#8218,#8220,.T.);
#8218 = VERTEX_POINT('',#8219);
#8219 = CARTESIAN_POINT('',(-0.721925015782,1.008529348991,0.9200001));
#8220 = B_SPLINE_CURVE_WITH_KNOTS('',3,(#8221,#8222,#8223,#8224),
  .UNSPECIFIED.,.F.,.F.,(4,4),(2.,3.),.PIECEWISE_BEZIER_KNOTS.);
#8221 = CARTESIAN_POINT('',(-0.725342711578,1.016375608353,0.9200001));
#8222 = CARTESIAN_POINT('',(-0.725342711578,1.0131504588,0.9200001));
#8223 = CARTESIAN_POINT('',(-0.724211502406,1.010551084533,0.9200001));
#8224 = CARTESIAN_POINT('',(-0.721925015782,1.008529348991,0.9200001));
#8225 = ORIENTED_EDGE('',*,*,#8200,.F.);
#8226 = ORIENTED_EDGE('',*,*,#7908,.T.);
#8227 = ORIENTED_EDGE('',*,*,#8228,.T.);
#8228 = EDGE_CURVE('',#7900,#8218,#8229,.T.);
#8229 = B_SPLINE_CURVE_WITH_KNOTS('',1,(#8230,#8231),.UNSPECIFIED.,.F.,
  .F.,(2,2),(-0.,1.E-02),.PIECEWISE_BEZIER_KNOTS.);
#8230 = CARTESIAN_POINT('',(-0.721925015782,1.008529348991,0.9300001));
#8231 = CARTESIAN_POINT('',(-0.721925015782,1.008529348991,0.9200001));
#8232 = B_SPLINE_SURFACE_WITH_KNOTS('',3,1,(
    (#8233,#8234)
    ,(#8235,#8236)
    ,(#8237,#8238)
    ,(#8239,#8240
    )),.UNSPECIFIED.,.F.,.F.,.F.,(4,4),(2,2),(2.,3.),(0.,1.),
  .PIECEWISE_BEZIER_KNOTS.);
#8233 = CARTESIAN_POINT('',(-0.725342711578,1.016375608353,0.9300001));
#8234 = CARTESIAN_POINT('',(-0.725342711578,1.016375608353,0.9200001));
#8235 = CARTESIAN_POINT('',(-0.725342711578,1.0131504588,0.9300001));
#8236 = CARTESIAN_POINT('',(-0.725342711578,1.0131504588,0.9200001));
#8237 = CARTESIAN_POINT('',(-0.724211502406,1.010551084533,0.9300001));
#8238 = CARTESIAN_POINT('',(-0.724211502406,1.010551084533,0.9200001));
#8239 = CARTESIAN_POINT('',(-0.721925015782,1.008529348991,0.9300001));
#8240 = CARTESIAN_POINT('',(-0.721925015782,1.008529348991,0.9200001));
#8241 = ADVANCED_FACE('',(#8242),#8260,.T.);
#8242 = FACE_BOUND('',#8243,.T.);
#8243 = EDGE_LOOP('',(#8244,#8253,#8254,#8255));
#8244 = ORIENTED_EDGE('',*,*,#8245,.F.);
#8245 = EDGE_CURVE('',#8218,#8246,#8248,.T.);
#8246 = VERTEX_POINT('',#8247);
#8247 = CARTESIAN_POINT('',(-0.712923478968,1.00549674568,0.9200001));
#8248 = B_SPLINE_CURVE_WITH_KNOTS('',3,(#8249,#8250,#8251,#8252),
  .UNSPECIFIED.,.F.,.F.,(4,4),(3.,4.),.PIECEWISE_BEZIER_KNOTS.);
#8249 = CARTESIAN_POINT('',(-0.721925015782,1.008529348991,0.9200001));
#8250 = CARTESIAN_POINT('',(-0.719662597439,1.006507613451,0.9200001));
#8251 = CARTESIAN_POINT('',(-0.716654062408,1.00549674568,0.9200001));
#8252 = CARTESIAN_POINT('',(-0.712923478968,1.00549674568,0.9200001));
#8253 = ORIENTED_EDGE('',*,*,#8228,.F.);
#8254 = ORIENTED_EDGE('',*,*,#7899,.T.);
#8255 = ORIENTED_EDGE('',*,*,#8256,.T.);
#8256 = EDGE_CURVE('',#7891,#8246,#8257,.T.);
#8257 = B_SPLINE_CURVE_WITH_KNOTS('',1,(#8258,#8259),.UNSPECIFIED.,.F.,
  .F.,(2,2),(-0.,1.E-02),.PIECEWISE_BEZIER_KNOTS.);
#8258 = CARTESIAN_POINT('',(-0.712923478968,1.00549674568,0.9300001));
#8259 = CARTESIAN_POINT('',(-0.712923478968,1.00549674568,0.9200001));
#8260 = B_SPLINE_SURFACE_WITH_KNOTS('',3,1,(
    (#8261,#8262)
    ,(#8263,#8264)
    ,(#8265,#8266)
    ,(#8267,#8268
    )),.UNSPECIFIED.,.F.,.F.,.F.,(4,4),(2,2),(3.,4.),(0.,1.),
  .PIECEWISE_BEZIER_KNOTS.);
#8261 = CARTESIAN_POINT('',(-0.721925015782,1.008529348991,0.9300001));
#8262 = CARTESIAN_POINT('',(-0.721925015782,1.008529348991,0.9200001));
#8263 = CARTESIAN_POINT('',(-0.719662597439,1.006507613451,0.9300001));
#8264 = CARTESIAN_POINT('',(-0.719662597439,1.006507613451,0.9200001));
#8265 = CARTESIAN_POINT('',(-0.716654062408,1.00549674568,0.9300001));
#8266 = CARTESIAN_POINT('',(-0.716654062408,1.00549674568,0.9200001));
#8267 = CARTESIAN_POINT('',(-0.712923478968,1.00549674568,0.9300001));
#8268 = CARTESIAN_POINT('',(-0.712923478968,1.00549674568,0.9200001));
#8269 = ADVANCED_FACE('',(#8270),#8288,.T.);
#8270 = FACE_BOUND('',#8271,.T.);
#8271 = EDGE_LOOP('',(#8272,#8281,#8282,#8283));
#8272 = ORIENTED_EDGE('',*,*,#8273,.F.);
#8273 = EDGE_CURVE('',#8246,#8274,#8276,.T.);
#8274 = VERTEX_POINT('',#8275);
#8275 = CARTESIAN_POINT('',(-0.700119153875,1.010984313577,0.9200001));
#8276 = B_SPLINE_CURVE_WITH_KNOTS('',3,(#8277,#8278,#8279,#8280),
  .UNSPECIFIED.,.F.,.F.,(4,4),(4.,5.),.PIECEWISE_BEZIER_KNOTS.);
#8277 = CARTESIAN_POINT('',(-0.712923478968,1.00549674568,0.9200001));
#8278 = CARTESIAN_POINT('',(-0.707748798715,1.00549674568,0.9200001));
#8279 = CARTESIAN_POINT('',(-0.70346464483,1.007325934979,0.9200001));
#8280 = CARTESIAN_POINT('',(-0.700119153875,1.010984313577,0.9200001));
#8281 = ORIENTED_EDGE('',*,*,#8256,.F.);
#8282 = ORIENTED_EDGE('',*,*,#7890,.T.);
#8283 = ORIENTED_EDGE('',*,*,#8284,.T.);
#8284 = EDGE_CURVE('',#7882,#8274,#8285,.T.);
#8285 = B_SPLINE_CURVE_WITH_KNOTS('',1,(#8286,#8287),.UNSPECIFIED.,.F.,
  .F.,(2,2),(-0.,1.E-02),.PIECEWISE_BEZIER_KNOTS.);
#8286 = CARTESIAN_POINT('',(-0.700119153875,1.010984313577,0.9300001));
#8287 = CARTESIAN_POINT('',(-0.700119153875,1.010984313577,0.9200001));
#8288 = B_SPLINE_SURFACE_WITH_KNOTS('',3,1,(
    (#8289,#8290)
    ,(#8291,#8292)
    ,(#8293,#8294)
    ,(#8295,#8296
    )),.UNSPECIFIED.,.F.,.F.,.F.,(4,4),(2,2),(4.,5.),(0.,1.),
  .PIECEWISE_BEZIER_KNOTS.);
#8289 = CARTESIAN_POINT('',(-0.712923478968,1.00549674568,0.9300001));
#8290 = CARTESIAN_POINT('',(-0.712923478968,1.00549674568,0.9200001));
#8291 = CARTESIAN_POINT('',(-0.707748798715,1.00549674568,0.9300001));
#8292 = CARTESIAN_POINT('',(-0.707748798715,1.00549674568,0.9200001));
#8293 = CARTESIAN_POINT('',(-0.70346464483,1.007325934979,0.9300001));
#8294 = CARTESIAN_POINT('',(-0.70346464483,1.007325934979,0.9200001));
#8295 = CARTESIAN_POINT('',(-0.700119153875,1.010984313577,0.9300001));
#8296 = CARTESIAN_POINT('',(-0.700119153875,1.010984313577,0.9200001));
#8297 = ADVANCED_FACE('',(#8298),#8316,.T.);
#8298 = FACE_BOUND('',#8299,.T.);
#8299 = EDGE_LOOP('',(#8300,#8309,#8310,#8311));
#8300 = ORIENTED_EDGE('',*,*,#8301,.F.);
#8301 = EDGE_CURVE('',#8274,#8302,#8304,.T.);
#8302 = VERTEX_POINT('',#8303);
#8303 = CARTESIAN_POINT('',(-0.695064815023,1.02470323332,0.9200001));
#8304 = B_SPLINE_CURVE_WITH_KNOTS('',3,(#8305,#8306,#8307,#8308),
  .UNSPECIFIED.,.F.,.F.,(4,4),(5.,6.),.PIECEWISE_BEZIER_KNOTS.);
#8305 = CARTESIAN_POINT('',(-0.700119153875,1.010984313577,0.9200001));
#8306 = CARTESIAN_POINT('',(-0.69674959464,1.014594555615,0.9200001));
#8307 = CARTESIAN_POINT('',(-0.695064815023,1.019167528862,0.9200001));
#8308 = CARTESIAN_POINT('',(-0.695064815023,1.02470323332,0.9200001));
#8309 = ORIENTED_EDGE('',*,*,#8284,.F.);
#8310 = ORIENTED_EDGE('',*,*,#7881,.T.);
#8311 = ORIENTED_EDGE('',*,*,#8312,.T.);
#8312 = EDGE_CURVE('',#7875,#8302,#8313,.T.);
#8313 = B_SPLINE_CURVE_WITH_KNOTS('',1,(#8314,#8315),.UNSPECIFIED.,.F.,
  .F.,(2,2),(-0.,1.E-02),.PIECEWISE_BEZIER_KNOTS.);
#8314 = CARTESIAN_POINT('',(-0.695064815023,1.02470323332,0.9300001));
#8315 = CARTESIAN_POINT('',(-0.695064815023,1.02470323332,0.9200001));
#8316 = B_SPLINE_SURFACE_WITH_KNOTS('',3,1,(
    (#8317,#8318)
    ,(#8319,#8320)
    ,(#8321,#8322)
    ,(#8323,#8324
    )),.UNSPECIFIED.,.F.,.F.,.F.,(4,4),(2,2),(5.,6.),(0.,1.),
  .PIECEWISE_BEZIER_KNOTS.);
#8317 = CARTESIAN_POINT('',(-0.700119153875,1.010984313577,0.9300001));
#8318 = CARTESIAN_POINT('',(-0.700119153875,1.010984313577,0.9200001));
#8319 = CARTESIAN_POINT('',(-0.69674959464,1.014594555615,0.9300001));
#8320 = CARTESIAN_POINT('',(-0.69674959464,1.014594555615,0.9200001));
#8321 = CARTESIAN_POINT('',(-0.695064815023,1.019167528862,0.9300001));
#8322 = CARTESIAN_POINT('',(-0.695064815023,1.019167528862,0.9200001));
#8323 = CARTESIAN_POINT('',(-0.695064815023,1.02470323332,0.9300001));
#8324 = CARTESIAN_POINT('',(-0.695064815023,1.02470323332,0.9200001));
#8325 = ADVANCED_FACE('',(#8326),#8342,.T.);
#8326 = FACE_BOUND('',#8327,.T.);
#8327 = EDGE_LOOP('',(#8328,#8335,#8336,#8337));
#8328 = ORIENTED_EDGE('',*,*,#8329,.F.);
#8329 = EDGE_CURVE('',#8302,#8330,#8332,.T.);
#8330 = VERTEX_POINT('',#8331);
#8331 = CARTESIAN_POINT('',(-0.695064815023,1.031153532428,0.9200001));
#8332 = B_SPLINE_CURVE_WITH_KNOTS('',1,(#8333,#8334),.UNSPECIFIED.,.F.,
  .F.,(2,2),(0.,6.450299107508E-03),.PIECEWISE_BEZIER_KNOTS.);
#8333 = CARTESIAN_POINT('',(-0.695064815023,1.02470323332,0.9200001));
#8334 = CARTESIAN_POINT('',(-0.695064815023,1.031153532428,0.9200001));
#8335 = ORIENTED_EDGE('',*,*,#8312,.F.);
#8336 = ORIENTED_EDGE('',*,*,#7874,.T.);
#8337 = ORIENTED_EDGE('',*,*,#8338,.T.);
#8338 = EDGE_CURVE('',#7868,#8330,#8339,.T.);
#8339 = B_SPLINE_CURVE_WITH_KNOTS('',1,(#8340,#8341),.UNSPECIFIED.,.F.,
  .F.,(2,2),(1.110223024625E-16,1.E-02),.PIECEWISE_BEZIER_KNOTS.);
#8340 = CARTESIAN_POINT('',(-0.695064815023,1.031153532428,0.9300001));
#8341 = CARTESIAN_POINT('',(-0.695064815023,1.031153532428,0.9200001));
#8342 = B_SPLINE_SURFACE_WITH_KNOTS('',1,1,(
    (#8343,#8344)
    ,(#8345,#8346
    )),.UNSPECIFIED.,.F.,.F.,.F.,(2,2),(2,2),(-1.E-02,0.),(0.,
    6.450299107508E-03),.PIECEWISE_BEZIER_KNOTS.);
#8343 = CARTESIAN_POINT('',(-0.695064815023,1.02470323332,0.9200001));
#8344 = CARTESIAN_POINT('',(-0.695064815023,1.031153532428,0.9200001));
#8345 = CARTESIAN_POINT('',(-0.695064815023,1.02470323332,0.9300001));
#8346 = CARTESIAN_POINT('',(-0.695064815023,1.031153532428,0.9300001));
#8347 = ADVANCED_FACE('',(#8348),#8358,.T.);
#8348 = FACE_BOUND('',#8349,.T.);
#8349 = EDGE_LOOP('',(#8350,#8355,#8356,#8357));
#8350 = ORIENTED_EDGE('',*,*,#8351,.F.);
#8351 = EDGE_CURVE('',#8330,#8156,#8352,.T.);
#8352 = B_SPLINE_CURVE_WITH_KNOTS('',1,(#8353,#8354),.UNSPECIFIED.,.F.,
  .F.,(2,2),(0.,1.588251206392E-02),.PIECEWISE_BEZIER_KNOTS.);
#8353 = CARTESIAN_POINT('',(-0.695064815023,1.031153532428,0.9200001));
#8354 = CARTESIAN_POINT('',(-0.710805470307,1.029035523765,0.9200001));
#8355 = ORIENTED_EDGE('',*,*,#8338,.F.);
#8356 = ORIENTED_EDGE('',*,*,#7867,.T.);
#8357 = ORIENTED_EDGE('',*,*,#8166,.T.);
#8358 = B_SPLINE_SURFACE_WITH_KNOTS('',1,1,(
    (#8359,#8360)
    ,(#8361,#8362
    )),.UNSPECIFIED.,.F.,.F.,.F.,(2,2),(2,2),(-1.588251206392E-02,0.),(
    -1.E-02,0.),.PIECEWISE_BEZIER_KNOTS.);
#8359 = CARTESIAN_POINT('',(-0.710805470307,1.029035523765,0.9200001));
#8360 = CARTESIAN_POINT('',(-0.710805470307,1.029035523765,0.9300001));
#8361 = CARTESIAN_POINT('',(-0.695064815023,1.031153532428,0.9200001));
#8362 = CARTESIAN_POINT('',(-0.695064815023,1.031153532428,0.9300001));
#8363 = ADVANCED_FACE('',(#8364),#8374,.T.);
#8364 = FACE_BOUND('',#8365,.T.);
#8365 = EDGE_LOOP('',(#8366,#8367,#8368,#8369,#8370,#8371,#8372,#8373));
#8366 = ORIENTED_EDGE('',*,*,#8155,.T.);
#8367 = ORIENTED_EDGE('',*,*,#8189,.T.);
#8368 = ORIENTED_EDGE('',*,*,#8217,.T.);
#8369 = ORIENTED_EDGE('',*,*,#8245,.T.);
#8370 = ORIENTED_EDGE('',*,*,#8273,.T.);
#8371 = ORIENTED_EDGE('',*,*,#8301,.T.);
#8372 = ORIENTED_EDGE('',*,*,#8329,.T.);
#8373 = ORIENTED_EDGE('',*,*,#8351,.T.);
#8374 = B_SPLINE_SURFACE_WITH_KNOTS('',1,1,(
    (#8375,#8376)
    ,(#8377,#8378
    )),.UNSPECIFIED.,.F.,.F.,.F.,(2,2),(2,2),(-0.725342711578,
    -0.695064815023),(1.00549674568,1.031153532428),
  .PIECEWISE_BEZIER_KNOTS.);
#8375 = CARTESIAN_POINT('',(-0.725342711578,1.00549674568,0.9200001));
#8376 = CARTESIAN_POINT('',(-0.725342711578,1.031153532428,0.9200001));
#8377 = CARTESIAN_POINT('',(-0.695064815023,1.00549674568,0.9200001));
#8378 = CARTESIAN_POINT('',(-0.695064815023,1.031153532428,0.9200001));
#8379 = ADVANCED_FACE('',(#8380),#8404,.F.);
#8380 = FACE_BOUND('',#8381,.F.);
#8381 = EDGE_LOOP('',(#8382,#8389,#8398,#8403));
#8382 = ORIENTED_EDGE('',*,*,#8383,.F.);
#8383 = EDGE_CURVE('',#8384,#364,#8386,.T.);
#8384 = VERTEX_POINT('',#8385);
#8385 = CARTESIAN_POINT('',(-0.647890985731,1.00544860912,0.9300001));
#8386 = B_SPLINE_CURVE_WITH_KNOTS('',1,(#8387,#8388),.UNSPECIFIED.,.F.,
  .F.,(2,2),(-0.,1.E-02),.PIECEWISE_BEZIER_KNOTS.);
#8387 = CARTESIAN_POINT('',(-0.647890985731,1.00544860912,0.9300001));
#8388 = CARTESIAN_POINT('',(-0.647890985731,1.00544860912,0.9200001));
#8389 = ORIENTED_EDGE('',*,*,#8390,.T.);
#8390 = EDGE_CURVE('',#8384,#8391,#8393,.T.);
#8391 = VERTEX_POINT('',#8392);
#8392 = CARTESIAN_POINT('',(-0.667290019613,1.011947044787,0.9300001));
#8393 = B_SPLINE_CURVE_WITH_KNOTS('',3,(#8394,#8395,#8396,#8397),
  .UNSPECIFIED.,.F.,.F.,(4,4),(0.,1.),.PIECEWISE_BEZIER_KNOTS.);
#8394 = CARTESIAN_POINT('',(-0.647890985731,1.00544860912,0.9300001));
#8395 = CARTESIAN_POINT('',(-0.654822650444,1.00544860912,0.9300001));
#8396 = CARTESIAN_POINT('',(-0.661272949551,1.007614754342,0.9300001));
#8397 = CARTESIAN_POINT('',(-0.667290019613,1.011947044787,0.9300001));
#8398 = ORIENTED_EDGE('',*,*,#8399,.T.);
#8399 = EDGE_CURVE('',#8391,#355,#8400,.T.);
#8400 = B_SPLINE_CURVE_WITH_KNOTS('',1,(#8401,#8402),.UNSPECIFIED.,.F.,
  .F.,(2,2),(-0.,1.E-02),.PIECEWISE_BEZIER_KNOTS.);
#8401 = CARTESIAN_POINT('',(-0.667290019613,1.011947044787,0.9300001));
#8402 = CARTESIAN_POINT('',(-0.667290019613,1.011947044787,0.9200001));
#8403 = ORIENTED_EDGE('',*,*,#363,.F.);
#8404 = B_SPLINE_SURFACE_WITH_KNOTS('',3,1,(
    (#8405,#8406)
    ,(#8407,#8408)
    ,(#8409,#8410)
    ,(#8411,#8412
    )),.UNSPECIFIED.,.F.,.F.,.F.,(4,4),(2,2),(0.,1.),(0.,1.),
  .PIECEWISE_BEZIER_KNOTS.);
#8405 = CARTESIAN_POINT('',(-0.647890985731,1.00544860912,0.9300001));
#8406 = CARTESIAN_POINT('',(-0.647890985731,1.00544860912,0.9200001));
#8407 = CARTESIAN_POINT('',(-0.654822650444,1.00544860912,0.9300001));
#8408 = CARTESIAN_POINT('',(-0.654822650444,1.00544860912,0.9200001));
#8409 = CARTESIAN_POINT('',(-0.661272949551,1.007614754342,0.9300001));
#8410 = CARTESIAN_POINT('',(-0.661272949551,1.007614754342,0.9200001));
#8411 = CARTESIAN_POINT('',(-0.667290019613,1.011947044787,0.9300001));
#8412 = CARTESIAN_POINT('',(-0.667290019613,1.011947044787,0.9200001));
#8413 = ADVANCED_FACE('',(#8414),#8430,.F.);
#8414 = FACE_BOUND('',#8415,.T.);
#8415 = EDGE_LOOP('',(#8416,#8417,#8424,#8429));
#8416 = ORIENTED_EDGE('',*,*,#354,.T.);
#8417 = ORIENTED_EDGE('',*,*,#8418,.F.);
#8418 = EDGE_CURVE('',#8419,#357,#8421,.T.);
#8419 = VERTEX_POINT('',#8420);
#8420 = CARTESIAN_POINT('',(-0.667290019613,0.999768494981,0.9300001));
#8421 = B_SPLINE_CURVE_WITH_KNOTS('',1,(#8422,#8423),.UNSPECIFIED.,.F.,
  .F.,(2,2),(-0.,1.E-02),.PIECEWISE_BEZIER_KNOTS.);
#8422 = CARTESIAN_POINT('',(-0.667290019613,0.999768494981,0.9300001));
#8423 = CARTESIAN_POINT('',(-0.667290019613,0.999768494981,0.9200001));
#8424 = ORIENTED_EDGE('',*,*,#8425,.F.);
#8425 = EDGE_CURVE('',#8391,#8419,#8426,.T.);
#8426 = B_SPLINE_CURVE_WITH_KNOTS('',1,(#8427,#8428),.UNSPECIFIED.,.F.,
  .F.,(2,2),(-1.21785498064E-02,-0.),.PIECEWISE_BEZIER_KNOTS.);
#8427 = CARTESIAN_POINT('',(-0.667290019613,1.011947044787,0.9300001));
#8428 = CARTESIAN_POINT('',(-0.667290019613,0.999768494981,0.9300001));
#8429 = ORIENTED_EDGE('',*,*,#8399,.T.);
#8430 = B_SPLINE_SURFACE_WITH_KNOTS('',1,1,(
    (#8431,#8432)
    ,(#8433,#8434
    )),.UNSPECIFIED.,.F.,.F.,.F.,(2,2),(2,2),(0.,1.E-02),(0.,
    1.21785498064E-02),.PIECEWISE_BEZIER_KNOTS.);
#8431 = CARTESIAN_POINT('',(-0.667290019613,0.999768494981,0.9300001));
#8432 = CARTESIAN_POINT('',(-0.667290019613,1.011947044787,0.9300001));
#8433 = CARTESIAN_POINT('',(-0.667290019613,0.999768494981,0.9200001));
#8434 = CARTESIAN_POINT('',(-0.667290019613,1.011947044787,0.9200001));
#8435 = ADVANCED_FACE('',(#8436),#8454,.F.);
#8436 = FACE_BOUND('',#8437,.F.);
#8437 = EDGE_LOOP('',(#8438,#8439,#8448,#8453));
#8438 = ORIENTED_EDGE('',*,*,#8418,.F.);
#8439 = ORIENTED_EDGE('',*,*,#8440,.T.);
#8440 = EDGE_CURVE('',#8419,#8441,#8443,.T.);
#8441 = VERTEX_POINT('',#8442);
#8442 = CARTESIAN_POINT('',(-0.649046263183,0.99582129702,0.9300001));
#8443 = B_SPLINE_CURVE_WITH_KNOTS('',3,(#8444,#8445,#8446,#8447),
  .UNSPECIFIED.,.F.,.F.,(4,4),(19.,20.),.PIECEWISE_BEZIER_KNOTS.);
#8444 = CARTESIAN_POINT('',(-0.667290019613,0.999768494981,0.9300001));
#8445 = CARTESIAN_POINT('',(-0.662091271079,0.997169120713,0.9300001));
#8446 = CARTESIAN_POINT('',(-0.656026064456,0.99582129702,0.9300001));
#8447 = CARTESIAN_POINT('',(-0.649046263183,0.99582129702,0.9300001));
#8448 = ORIENTED_EDGE('',*,*,#8449,.T.);
#8449 = EDGE_CURVE('',#8441,#524,#8450,.T.);
#8450 = B_SPLINE_CURVE_WITH_KNOTS('',1,(#8451,#8452),.UNSPECIFIED.,.F.,
  .F.,(2,2),(-0.,1.E-02),.PIECEWISE_BEZIER_KNOTS.);
#8451 = CARTESIAN_POINT('',(-0.649046263183,0.99582129702,0.9300001));
#8452 = CARTESIAN_POINT('',(-0.649046263183,0.99582129702,0.9200001));
#8453 = ORIENTED_EDGE('',*,*,#532,.F.);
#8454 = B_SPLINE_SURFACE_WITH_KNOTS('',3,1,(
    (#8455,#8456)
    ,(#8457,#8458)
    ,(#8459,#8460)
    ,(#8461,#8462
    )),.UNSPECIFIED.,.F.,.F.,.F.,(4,4),(2,2),(19.,20.),(0.,1.),
  .PIECEWISE_BEZIER_KNOTS.);
#8455 = CARTESIAN_POINT('',(-0.667290019613,0.999768494981,0.9300001));
#8456 = CARTESIAN_POINT('',(-0.667290019613,0.999768494981,0.9200001));
#8457 = CARTESIAN_POINT('',(-0.662091271079,0.997169120713,0.9300001));
#8458 = CARTESIAN_POINT('',(-0.662091271079,0.997169120713,0.9200001));
#8459 = CARTESIAN_POINT('',(-0.656026064456,0.99582129702,0.9300001));
#8460 = CARTESIAN_POINT('',(-0.656026064456,0.99582129702,0.9200001));
#8461 = CARTESIAN_POINT('',(-0.649046263183,0.99582129702,0.9300001));
#8462 = CARTESIAN_POINT('',(-0.649046263183,0.99582129702,0.9200001));
#8463 = ADVANCED_FACE('',(#8464),#8482,.F.);
#8464 = FACE_BOUND('',#8465,.F.);
#8465 = EDGE_LOOP('',(#8466,#8467,#8476,#8481));
#8466 = ORIENTED_EDGE('',*,*,#8449,.F.);
#8467 = ORIENTED_EDGE('',*,*,#8468,.T.);
#8468 = EDGE_CURVE('',#8441,#8469,#8471,.T.);
#8469 = VERTEX_POINT('',#8470);
#8470 = CARTESIAN_POINT('',(-0.629454683059,1.001164455235,0.9300001));
#8471 = B_SPLINE_CURVE_WITH_KNOTS('',3,(#8472,#8473,#8474,#8475),
  .UNSPECIFIED.,.F.,.F.,(4,4),(18.,19.),.PIECEWISE_BEZIER_KNOTS.);
#8472 = CARTESIAN_POINT('',(-0.649046263183,0.99582129702,0.9300001));
#8473 = CARTESIAN_POINT('',(-0.64103152586,0.99582129702,0.9300001));
#8474 = CARTESIAN_POINT('',(-0.634484953632,0.997602349758,0.9300001));
#8475 = CARTESIAN_POINT('',(-0.629454683059,1.001164455235,0.9300001));
#8476 = ORIENTED_EDGE('',*,*,#8477,.T.);
#8477 = EDGE_CURVE('',#8469,#515,#8478,.T.);
#8478 = B_SPLINE_CURVE_WITH_KNOTS('',1,(#8479,#8480),.UNSPECIFIED.,.F.,
  .F.,(2,2),(-0.,1.E-02),.PIECEWISE_BEZIER_KNOTS.);
#8479 = CARTESIAN_POINT('',(-0.629454683059,1.001164455235,0.9300001));
#8480 = CARTESIAN_POINT('',(-0.629454683059,1.001164455235,0.9200001));
#8481 = ORIENTED_EDGE('',*,*,#523,.F.);
#8482 = B_SPLINE_SURFACE_WITH_KNOTS('',3,1,(
    (#8483,#8484)
    ,(#8485,#8486)
    ,(#8487,#8488)
    ,(#8489,#8490
    )),.UNSPECIFIED.,.F.,.F.,.F.,(4,4),(2,2),(18.,19.),(0.,1.),
  .PIECEWISE_BEZIER_KNOTS.);
#8483 = CARTESIAN_POINT('',(-0.649046263183,0.99582129702,0.9300001));
#8484 = CARTESIAN_POINT('',(-0.649046263183,0.99582129702,0.9200001));
#8485 = CARTESIAN_POINT('',(-0.64103152586,0.99582129702,0.9300001));
#8486 = CARTESIAN_POINT('',(-0.64103152586,0.99582129702,0.9200001));
#8487 = CARTESIAN_POINT('',(-0.634484953632,0.997602349758,0.9300001));
#8488 = CARTESIAN_POINT('',(-0.634484953632,0.997602349758,0.9200001));
#8489 = CARTESIAN_POINT('',(-0.629454683059,1.001164455235,0.9300001));
#8490 = CARTESIAN_POINT('',(-0.629454683059,1.001164455235,0.9200001));
#8491 = ADVANCED_FACE('',(#8492),#8510,.F.);
#8492 = FACE_BOUND('',#8493,.F.);
#8493 = EDGE_LOOP('',(#8494,#8495,#8504,#8509));
#8494 = ORIENTED_EDGE('',*,*,#8477,.F.);
#8495 = ORIENTED_EDGE('',*,*,#8496,.T.);
#8496 = EDGE_CURVE('',#8469,#8497,#8499,.T.);
#8497 = VERTEX_POINT('',#8498);
#8498 = CARTESIAN_POINT('',(-0.621873174781,1.015701696506,0.9300001));
#8499 = B_SPLINE_CURVE_WITH_KNOTS('',3,(#8500,#8501,#8502,#8503),
  .UNSPECIFIED.,.F.,.F.,(4,4),(17.,18.),.PIECEWISE_BEZIER_KNOTS.);
#8500 = CARTESIAN_POINT('',(-0.629454683059,1.001164455235,0.9300001));
#8501 = CARTESIAN_POINT('',(-0.624400344207,1.004678424152,0.9300001));
#8502 = CARTESIAN_POINT('',(-0.621873174781,1.009540216762,0.9300001));
#8503 = CARTESIAN_POINT('',(-0.621873174781,1.015701696506,0.9300001));
#8504 = ORIENTED_EDGE('',*,*,#8505,.T.);
#8505 = EDGE_CURVE('',#8497,#506,#8506,.T.);
#8506 = B_SPLINE_CURVE_WITH_KNOTS('',1,(#8507,#8508),.UNSPECIFIED.,.F.,
  .F.,(2,2),(-0.,1.E-02),.PIECEWISE_BEZIER_KNOTS.);
#8507 = CARTESIAN_POINT('',(-0.621873174781,1.015701696506,0.9300001));
#8508 = CARTESIAN_POINT('',(-0.621873174781,1.015701696506,0.9200001));
#8509 = ORIENTED_EDGE('',*,*,#514,.F.);
#8510 = B_SPLINE_SURFACE_WITH_KNOTS('',3,1,(
    (#8511,#8512)
    ,(#8513,#8514)
    ,(#8515,#8516)
    ,(#8517,#8518
    )),.UNSPECIFIED.,.F.,.F.,.F.,(4,4),(2,2),(17.,18.),(0.,1.),
  .PIECEWISE_BEZIER_KNOTS.);
#8511 = CARTESIAN_POINT('',(-0.629454683059,1.001164455235,0.9300001));
#8512 = CARTESIAN_POINT('',(-0.629454683059,1.001164455235,0.9200001));
#8513 = CARTESIAN_POINT('',(-0.624400344207,1.004678424152,0.9300001));
#8514 = CARTESIAN_POINT('',(-0.624400344207,1.004678424152,0.9200001));
#8515 = CARTESIAN_POINT('',(-0.621873174781,1.009540216762,0.9300001));
#8516 = CARTESIAN_POINT('',(-0.621873174781,1.009540216762,0.9200001));
#8517 = CARTESIAN_POINT('',(-0.621873174781,1.015701696506,0.9300001));
#8518 = CARTESIAN_POINT('',(-0.621873174781,1.015701696506,0.9200001));
#8519 = ADVANCED_FACE('',(#8520),#8538,.F.);
#8520 = FACE_BOUND('',#8521,.F.);
#8521 = EDGE_LOOP('',(#8522,#8523,#8532,#8537));
#8522 = ORIENTED_EDGE('',*,*,#8505,.F.);
#8523 = ORIENTED_EDGE('',*,*,#8524,.T.);
#8524 = EDGE_CURVE('',#8497,#8525,#8527,.T.);
#8525 = VERTEX_POINT('',#8526);
#8526 = CARTESIAN_POINT('',(-0.625820372742,1.026821241982,0.9300001));
#8527 = B_SPLINE_CURVE_WITH_KNOTS('',3,(#8528,#8529,#8530,#8531),
  .UNSPECIFIED.,.F.,.F.,(4,4),(16.,17.),.PIECEWISE_BEZIER_KNOTS.);
#8528 = CARTESIAN_POINT('',(-0.621873174781,1.015701696506,0.9300001));
#8529 = CARTESIAN_POINT('',(-0.621873174781,1.020130260073,0.9300001));
#8530 = CARTESIAN_POINT('',(-0.623196930194,1.023836775231,0.9300001));
#8531 = CARTESIAN_POINT('',(-0.625820372742,1.026821241982,0.9300001));
#8532 = ORIENTED_EDGE('',*,*,#8533,.T.);
#8533 = EDGE_CURVE('',#8525,#497,#8534,.T.);
#8534 = B_SPLINE_CURVE_WITH_KNOTS('',1,(#8535,#8536),.UNSPECIFIED.,.F.,
  .F.,(2,2),(-0.,1.E-02),.PIECEWISE_BEZIER_KNOTS.);
#8535 = CARTESIAN_POINT('',(-0.625820372742,1.026821241982,0.9300001));
#8536 = CARTESIAN_POINT('',(-0.625820372742,1.026821241982,0.9200001));
#8537 = ORIENTED_EDGE('',*,*,#505,.F.);
#8538 = B_SPLINE_SURFACE_WITH_KNOTS('',3,1,(
    (#8539,#8540)
    ,(#8541,#8542)
    ,(#8543,#8544)
    ,(#8545,#8546
    )),.UNSPECIFIED.,.F.,.F.,.F.,(4,4),(2,2),(16.,17.),(0.,1.),
  .PIECEWISE_BEZIER_KNOTS.);
#8539 = CARTESIAN_POINT('',(-0.621873174781,1.015701696506,0.9300001));
#8540 = CARTESIAN_POINT('',(-0.621873174781,1.015701696506,0.9200001));
#8541 = CARTESIAN_POINT('',(-0.621873174781,1.020130260073,0.9300001));
#8542 = CARTESIAN_POINT('',(-0.621873174781,1.020130260073,0.9200001));
#8543 = CARTESIAN_POINT('',(-0.623196930194,1.023836775231,0.9300001));
#8544 = CARTESIAN_POINT('',(-0.623196930194,1.023836775231,0.9200001));
#8545 = CARTESIAN_POINT('',(-0.625820372742,1.026821241982,0.9300001));
#8546 = CARTESIAN_POINT('',(-0.625820372742,1.026821241982,0.9200001));
#8547 = ADVANCED_FACE('',(#8548),#8566,.F.);
#8548 = FACE_BOUND('',#8549,.F.);
#8549 = EDGE_LOOP('',(#8550,#8551,#8560,#8565));
#8550 = ORIENTED_EDGE('',*,*,#8533,.F.);
#8551 = ORIENTED_EDGE('',*,*,#8552,.T.);
#8552 = EDGE_CURVE('',#8525,#8553,#8555,.T.);
#8553 = VERTEX_POINT('',#8554);
#8554 = CARTESIAN_POINT('',(-0.64103152586,1.035533959433,0.9300001));
#8555 = B_SPLINE_CURVE_WITH_KNOTS('',3,(#8556,#8557,#8558,#8559),
  .UNSPECIFIED.,.F.,.F.,(4,4),(15.,16.),.PIECEWISE_BEZIER_KNOTS.);
#8556 = CARTESIAN_POINT('',(-0.625820372742,1.026821241982,0.9300001));
#8557 = CARTESIAN_POINT('',(-0.628467883569,1.029805708733,0.9300001));
#8558 = CARTESIAN_POINT('',(-0.633522222422,1.032742038924,0.9300001));
#8559 = CARTESIAN_POINT('',(-0.64103152586,1.035533959433,0.9300001));
#8560 = ORIENTED_EDGE('',*,*,#8561,.T.);
#8561 = EDGE_CURVE('',#8553,#488,#8562,.T.);
#8562 = B_SPLINE_CURVE_WITH_KNOTS('',1,(#8563,#8564),.UNSPECIFIED.,.F.,
  .F.,(2,2),(-0.,1.E-02),.PIECEWISE_BEZIER_KNOTS.);
#8563 = CARTESIAN_POINT('',(-0.64103152586,1.035533959433,0.9300001));
#8564 = CARTESIAN_POINT('',(-0.64103152586,1.035533959433,0.9200001));
#8565 = ORIENTED_EDGE('',*,*,#496,.F.);
#8566 = B_SPLINE_SURFACE_WITH_KNOTS('',3,1,(
    (#8567,#8568)
    ,(#8569,#8570)
    ,(#8571,#8572)
    ,(#8573,#8574
    )),.UNSPECIFIED.,.F.,.F.,.F.,(4,4),(2,2),(15.,16.),(0.,1.),
  .PIECEWISE_BEZIER_KNOTS.);
#8567 = CARTESIAN_POINT('',(-0.625820372742,1.026821241982,0.9300001));
#8568 = CARTESIAN_POINT('',(-0.625820372742,1.026821241982,0.9200001));
#8569 = CARTESIAN_POINT('',(-0.628467883569,1.029805708733,0.9300001));
#8570 = CARTESIAN_POINT('',(-0.628467883569,1.029805708733,0.9200001));
#8571 = CARTESIAN_POINT('',(-0.633522222422,1.032742038924,0.9300001));
#8572 = CARTESIAN_POINT('',(-0.633522222422,1.032742038924,0.9200001));
#8573 = CARTESIAN_POINT('',(-0.64103152586,1.035533959433,0.9300001));
#8574 = CARTESIAN_POINT('',(-0.64103152586,1.035533959433,0.9200001));
#8575 = ADVANCED_FACE('',(#8576),#8594,.F.);
#8576 = FACE_BOUND('',#8577,.F.);
#8577 = EDGE_LOOP('',(#8578,#8579,#8588,#8593));
#8578 = ORIENTED_EDGE('',*,*,#8561,.F.);
#8579 = ORIENTED_EDGE('',*,*,#8580,.T.);
#8580 = EDGE_CURVE('',#8553,#8581,#8583,.T.);
#8581 = VERTEX_POINT('',#8582);
#8582 = CARTESIAN_POINT('',(-0.652488027259,1.041310346693,0.9300001));
#8583 = B_SPLINE_CURVE_WITH_KNOTS('',3,(#8584,#8585,#8586,#8587),
  .UNSPECIFIED.,.F.,.F.,(4,4),(14.,15.),.PIECEWISE_BEZIER_KNOTS.);
#8584 = CARTESIAN_POINT('',(-0.64103152586,1.035533959433,0.9300001));
#8585 = CARTESIAN_POINT('',(-0.646952322802,1.037844514337,0.9300001));
#8586 = CARTESIAN_POINT('',(-0.650755111081,1.039769976757,0.9300001));
#8587 = CARTESIAN_POINT('',(-0.652488027259,1.041310346693,0.9300001));
#8588 = ORIENTED_EDGE('',*,*,#8589,.T.);
#8589 = EDGE_CURVE('',#8581,#479,#8590,.T.);
#8590 = B_SPLINE_CURVE_WITH_KNOTS('',1,(#8591,#8592),.UNSPECIFIED.,.F.,
  .F.,(2,2),(-0.,1.E-02),.PIECEWISE_BEZIER_KNOTS.);
#8591 = CARTESIAN_POINT('',(-0.652488027259,1.041310346693,0.9300001));
#8592 = CARTESIAN_POINT('',(-0.652488027259,1.041310346693,0.9200001));
#8593 = ORIENTED_EDGE('',*,*,#487,.F.);
#8594 = B_SPLINE_SURFACE_WITH_KNOTS('',3,1,(
    (#8595,#8596)
    ,(#8597,#8598)
    ,(#8599,#8600)
    ,(#8601,#8602
    )),.UNSPECIFIED.,.F.,.F.,.F.,(4,4),(2,2),(14.,15.),(0.,1.),
  .PIECEWISE_BEZIER_KNOTS.);
#8595 = CARTESIAN_POINT('',(-0.64103152586,1.035533959433,0.9300001));
#8596 = CARTESIAN_POINT('',(-0.64103152586,1.035533959433,0.9200001));
#8597 = CARTESIAN_POINT('',(-0.646952322802,1.037844514337,0.9300001));
#8598 = CARTESIAN_POINT('',(-0.646952322802,1.037844514337,0.9200001));
#8599 = CARTESIAN_POINT('',(-0.650755111081,1.039769976757,0.9300001));
#8600 = CARTESIAN_POINT('',(-0.650755111081,1.039769976757,0.9200001));
#8601 = CARTESIAN_POINT('',(-0.652488027259,1.041310346693,0.9300001));
#8602 = CARTESIAN_POINT('',(-0.652488027259,1.041310346693,0.9200001));
#8603 = ADVANCED_FACE('',(#8604),#8622,.F.);
#8604 = FACE_BOUND('',#8605,.F.);
#8605 = EDGE_LOOP('',(#8606,#8607,#8616,#8621));
#8606 = ORIENTED_EDGE('',*,*,#8589,.F.);
#8607 = ORIENTED_EDGE('',*,*,#8608,.T.);
#8608 = EDGE_CURVE('',#8581,#8609,#8611,.T.);
#8609 = VERTEX_POINT('',#8610);
#8610 = CARTESIAN_POINT('',(-0.655063333246,1.047568099558,0.9300001));
#8611 = B_SPLINE_CURVE_WITH_KNOTS('',3,(#8612,#8613,#8614,#8615),
  .UNSPECIFIED.,.F.,.F.,(4,4),(13.,14.),.PIECEWISE_BEZIER_KNOTS.);
#8612 = CARTESIAN_POINT('',(-0.652488027259,1.041310346693,0.9300001));
#8613 = CARTESIAN_POINT('',(-0.654196875157,1.042802580068,0.9300001));
#8614 = CARTESIAN_POINT('',(-0.655063333246,1.04487245217,0.9300001));
#8615 = CARTESIAN_POINT('',(-0.655063333246,1.047568099558,0.9300001));
#8616 = ORIENTED_EDGE('',*,*,#8617,.T.);
#8617 = EDGE_CURVE('',#8609,#470,#8618,.T.);
#8618 = B_SPLINE_CURVE_WITH_KNOTS('',1,(#8619,#8620),.UNSPECIFIED.,.F.,
  .F.,(2,2),(-0.,1.E-02),.PIECEWISE_BEZIER_KNOTS.);
#8619 = CARTESIAN_POINT('',(-0.655063333246,1.047568099558,0.9300001));
#8620 = CARTESIAN_POINT('',(-0.655063333246,1.047568099558,0.9200001));
#8621 = ORIENTED_EDGE('',*,*,#478,.F.);
#8622 = B_SPLINE_SURFACE_WITH_KNOTS('',3,1,(
    (#8623,#8624)
    ,(#8625,#8626)
    ,(#8627,#8628)
    ,(#8629,#8630
    )),.UNSPECIFIED.,.F.,.F.,.F.,(4,4),(2,2),(13.,14.),(0.,1.),
  .PIECEWISE_BEZIER_KNOTS.);
#8623 = CARTESIAN_POINT('',(-0.652488027259,1.041310346693,0.9300001));
#8624 = CARTESIAN_POINT('',(-0.652488027259,1.041310346693,0.9200001));
#8625 = CARTESIAN_POINT('',(-0.654196875157,1.042802580068,0.9300001));
#8626 = CARTESIAN_POINT('',(-0.654196875157,1.042802580068,0.9200001));
#8627 = CARTESIAN_POINT('',(-0.655063333246,1.04487245217,0.9300001));
#8628 = CARTESIAN_POINT('',(-0.655063333246,1.04487245217,0.9200001));
#8629 = CARTESIAN_POINT('',(-0.655063333246,1.047568099558,0.9300001));
#8630 = CARTESIAN_POINT('',(-0.655063333246,1.047568099558,0.9200001));
#8631 = ADVANCED_FACE('',(#8632),#8650,.F.);
#8632 = FACE_BOUND('',#8633,.F.);
#8633 = EDGE_LOOP('',(#8634,#8635,#8644,#8649));
#8634 = ORIENTED_EDGE('',*,*,#8617,.F.);
#8635 = ORIENTED_EDGE('',*,*,#8636,.T.);
#8636 = EDGE_CURVE('',#8609,#8637,#8639,.T.);
#8637 = VERTEX_POINT('',#8638);
#8638 = CARTESIAN_POINT('',(-0.651477159489,1.054114671786,0.9300001));
#8639 = B_SPLINE_CURVE_WITH_KNOTS('',3,(#8640,#8641,#8642,#8643),
  .UNSPECIFIED.,.F.,.F.,(4,4),(12.,13.),.PIECEWISE_BEZIER_KNOTS.);
#8640 = CARTESIAN_POINT('',(-0.655063333246,1.047568099558,0.9300001));
#8641 = CARTESIAN_POINT('',(-0.655063333246,1.050263746946,0.9300001));
#8642 = CARTESIAN_POINT('',(-0.653859919233,1.052478028729,0.9300001));
#8643 = CARTESIAN_POINT('',(-0.651477159489,1.054114671786,0.9300001));
#8644 = ORIENTED_EDGE('',*,*,#8645,.T.);
#8645 = EDGE_CURVE('',#8637,#461,#8646,.T.);
#8646 = B_SPLINE_CURVE_WITH_KNOTS('',1,(#8647,#8648),.UNSPECIFIED.,.F.,
  .F.,(2,2),(-0.,1.E-02),.PIECEWISE_BEZIER_KNOTS.);
#8647 = CARTESIAN_POINT('',(-0.651477159489,1.054114671786,0.9300001));
#8648 = CARTESIAN_POINT('',(-0.651477159489,1.054114671786,0.9200001));
#8649 = ORIENTED_EDGE('',*,*,#469,.F.);
#8650 = B_SPLINE_SURFACE_WITH_KNOTS('',3,1,(
    (#8651,#8652)
    ,(#8653,#8654)
    ,(#8655,#8656)
    ,(#8657,#8658
    )),.UNSPECIFIED.,.F.,.F.,.F.,(4,4),(2,2),(12.,13.),(0.,1.),
  .PIECEWISE_BEZIER_KNOTS.);
#8651 = CARTESIAN_POINT('',(-0.655063333246,1.047568099558,0.9300001));
#8652 = CARTESIAN_POINT('',(-0.655063333246,1.047568099558,0.9200001));
#8653 = CARTESIAN_POINT('',(-0.655063333246,1.050263746946,0.9300001));
#8654 = CARTESIAN_POINT('',(-0.655063333246,1.050263746946,0.9200001));
#8655 = CARTESIAN_POINT('',(-0.653859919233,1.052478028729,0.9300001));
#8656 = CARTESIAN_POINT('',(-0.653859919233,1.052478028729,0.9200001));
#8657 = CARTESIAN_POINT('',(-0.651477159489,1.054114671786,0.9300001));
#8658 = CARTESIAN_POINT('',(-0.651477159489,1.054114671786,0.9200001));
#8659 = ADVANCED_FACE('',(#8660),#8678,.F.);
#8660 = FACE_BOUND('',#8661,.F.);
#8661 = EDGE_LOOP('',(#8662,#8663,#8672,#8677));
#8662 = ORIENTED_EDGE('',*,*,#8645,.F.);
#8663 = ORIENTED_EDGE('',*,*,#8664,.T.);
#8664 = EDGE_CURVE('',#8637,#8665,#8667,.T.);
#8665 = VERTEX_POINT('',#8666);
#8666 = CARTESIAN_POINT('',(-0.642186803312,1.056617772933,0.9300001));
#8667 = B_SPLINE_CURVE_WITH_KNOTS('',3,(#8668,#8669,#8670,#8671),
  .UNSPECIFIED.,.F.,.F.,(4,4),(11.,12.),.PIECEWISE_BEZIER_KNOTS.);
#8668 = CARTESIAN_POINT('',(-0.651477159489,1.054114671786,0.9300001));
#8669 = CARTESIAN_POINT('',(-0.649094399744,1.055799451404,0.9300001));
#8670 = CARTESIAN_POINT('',(-0.645989591591,1.056617772933,0.9300001));
#8671 = CARTESIAN_POINT('',(-0.642186803312,1.056617772933,0.9300001));
#8672 = ORIENTED_EDGE('',*,*,#8673,.T.);
#8673 = EDGE_CURVE('',#8665,#452,#8674,.T.);
#8674 = B_SPLINE_CURVE_WITH_KNOTS('',1,(#8675,#8676),.UNSPECIFIED.,.F.,
  .F.,(2,2),(-0.,1.E-02),.PIECEWISE_BEZIER_KNOTS.);
#8675 = CARTESIAN_POINT('',(-0.642186803312,1.056617772933,0.9300001));
#8676 = CARTESIAN_POINT('',(-0.642186803312,1.056617772933,0.9200001));
#8677 = ORIENTED_EDGE('',*,*,#460,.F.);
#8678 = B_SPLINE_SURFACE_WITH_KNOTS('',3,1,(
    (#8679,#8680)
    ,(#8681,#8682)
    ,(#8683,#8684)
    ,(#8685,#8686
    )),.UNSPECIFIED.,.F.,.F.,.F.,(4,4),(2,2),(11.,12.),(0.,1.),
  .PIECEWISE_BEZIER_KNOTS.);
#8679 = CARTESIAN_POINT('',(-0.651477159489,1.054114671786,0.9300001));
#8680 = CARTESIAN_POINT('',(-0.651477159489,1.054114671786,0.9200001));
#8681 = CARTESIAN_POINT('',(-0.649094399744,1.055799451404,0.9300001));
#8682 = CARTESIAN_POINT('',(-0.649094399744,1.055799451404,0.9200001));
#8683 = CARTESIAN_POINT('',(-0.645989591591,1.056617772933,0.9300001));
#8684 = CARTESIAN_POINT('',(-0.645989591591,1.056617772933,0.9200001));
#8685 = CARTESIAN_POINT('',(-0.642186803312,1.056617772933,0.9300001));
#8686 = CARTESIAN_POINT('',(-0.642186803312,1.056617772933,0.9200001));
#8687 = ADVANCED_FACE('',(#8688),#8706,.F.);
#8688 = FACE_BOUND('',#8689,.F.);
#8689 = EDGE_LOOP('',(#8690,#8691,#8700,#8705));
#8690 = ORIENTED_EDGE('',*,*,#8673,.F.);
#8691 = ORIENTED_EDGE('',*,*,#8692,.T.);
#8692 = EDGE_CURVE('',#8665,#8693,#8695,.T.);
#8693 = VERTEX_POINT('',#8694);
#8694 = CARTESIAN_POINT('',(-0.625098324334,1.051755980322,0.9300001));
#8695 = B_SPLINE_CURVE_WITH_KNOTS('',3,(#8696,#8697,#8698,#8699),
  .UNSPECIFIED.,.F.,.F.,(4,4),(10.,11.),.PIECEWISE_BEZIER_KNOTS.);
#8696 = CARTESIAN_POINT('',(-0.642186803312,1.056617772933,0.9300001));
#8697 = CARTESIAN_POINT('',(-0.635808709045,1.056617772933,0.9300001));
#8698 = CARTESIAN_POINT('',(-0.630128594906,1.054981129875,0.9300001));
#8699 = CARTESIAN_POINT('',(-0.625098324334,1.051755980322,0.9300001));
#8700 = ORIENTED_EDGE('',*,*,#8701,.T.);
#8701 = EDGE_CURVE('',#8693,#445,#8702,.T.);
#8702 = B_SPLINE_CURVE_WITH_KNOTS('',1,(#8703,#8704),.UNSPECIFIED.,.F.,
  .F.,(2,2),(-0.,1.E-02),.PIECEWISE_BEZIER_KNOTS.);
#8703 = CARTESIAN_POINT('',(-0.625098324334,1.051755980322,0.9300001));
#8704 = CARTESIAN_POINT('',(-0.625098324334,1.051755980322,0.9200001));
#8705 = ORIENTED_EDGE('',*,*,#451,.F.);
#8706 = B_SPLINE_SURFACE_WITH_KNOTS('',3,1,(
    (#8707,#8708)
    ,(#8709,#8710)
    ,(#8711,#8712)
    ,(#8713,#8714
    )),.UNSPECIFIED.,.F.,.F.,.F.,(4,4),(2,2),(10.,11.),(0.,1.),
  .PIECEWISE_BEZIER_KNOTS.);
#8707 = CARTESIAN_POINT('',(-0.642186803312,1.056617772933,0.9300001));
#8708 = CARTESIAN_POINT('',(-0.642186803312,1.056617772933,0.9200001));
#8709 = CARTESIAN_POINT('',(-0.635808709045,1.056617772933,0.9300001));
#8710 = CARTESIAN_POINT('',(-0.635808709045,1.056617772933,0.9200001));
#8711 = CARTESIAN_POINT('',(-0.630128594906,1.054981129875,0.9300001));
#8712 = CARTESIAN_POINT('',(-0.630128594906,1.054981129875,0.9200001));
#8713 = CARTESIAN_POINT('',(-0.625098324334,1.051755980322,0.9300001));
#8714 = CARTESIAN_POINT('',(-0.625098324334,1.051755980322,0.9200001));
#8715 = ADVANCED_FACE('',(#8716),#8732,.F.);
#8716 = FACE_BOUND('',#8717,.T.);
#8717 = EDGE_LOOP('',(#8718,#8719,#8726,#8731));
#8718 = ORIENTED_EDGE('',*,*,#444,.T.);
#8719 = ORIENTED_EDGE('',*,*,#8720,.F.);
#8720 = EDGE_CURVE('',#8721,#436,#8723,.T.);
#8721 = VERTEX_POINT('',#8722);
#8722 = CARTESIAN_POINT('',(-0.625098324334,1.063212481721,0.9300001));
#8723 = B_SPLINE_CURVE_WITH_KNOTS('',1,(#8724,#8725),.UNSPECIFIED.,.F.,
  .F.,(2,2),(-0.,1.E-02),.PIECEWISE_BEZIER_KNOTS.);
#8724 = CARTESIAN_POINT('',(-0.625098324334,1.063212481721,0.9300001));
#8725 = CARTESIAN_POINT('',(-0.625098324334,1.063212481721,0.9200001));
#8726 = ORIENTED_EDGE('',*,*,#8727,.F.);
#8727 = EDGE_CURVE('',#8693,#8721,#8728,.T.);
#8728 = B_SPLINE_CURVE_WITH_KNOTS('',1,(#8729,#8730),.UNSPECIFIED.,.F.,
  .F.,(2,2),(-1.145650139906E-02,0.),.PIECEWISE_BEZIER_KNOTS.);
#8729 = CARTESIAN_POINT('',(-0.625098324334,1.051755980322,0.9300001));
#8730 = CARTESIAN_POINT('',(-0.625098324334,1.063212481721,0.9300001));
#8731 = ORIENTED_EDGE('',*,*,#8701,.T.);
#8732 = B_SPLINE_SURFACE_WITH_KNOTS('',1,1,(
    (#8733,#8734)
    ,(#8735,#8736)),.UNSPECIFIED.,.F.,.F.,.F.,(2,2),(2,2),(-1.E-02,0.),(
    -1.145650139906E-02,0.),.PIECEWISE_BEZIER_KNOTS.);
#8733 = CARTESIAN_POINT('',(-0.625098324334,1.051755980322,0.9200001));
#8734 = CARTESIAN_POINT('',(-0.625098324334,1.063212481721,0.9200001));
#8735 = CARTESIAN_POINT('',(-0.625098324334,1.051755980322,0.9300001));
#8736 = CARTESIAN_POINT('',(-0.625098324334,1.063212481721,0.9300001));
#8737 = ADVANCED_FACE('',(#8738),#8756,.F.);
#8738 = FACE_BOUND('',#8739,.F.);
#8739 = EDGE_LOOP('',(#8740,#8741,#8750,#8755));
#8740 = ORIENTED_EDGE('',*,*,#8720,.F.);
#8741 = ORIENTED_EDGE('',*,*,#8742,.T.);
#8742 = EDGE_CURVE('',#8721,#8743,#8745,.T.);
#8743 = VERTEX_POINT('',#8744);
#8744 = CARTESIAN_POINT('',(-0.64103152586,1.066196948472,0.9300001));
#8745 = B_SPLINE_CURVE_WITH_KNOTS('',3,(#8746,#8747,#8748,#8749),
  .UNSPECIFIED.,.F.,.F.,(4,4),(8.,9.),.PIECEWISE_BEZIER_KNOTS.);
#8746 = CARTESIAN_POINT('',(-0.625098324334,1.063212481721,0.9300001));
#8747 = CARTESIAN_POINT('',(-0.630008253505,1.065234217262,0.9300001));
#8748 = CARTESIAN_POINT('',(-0.63530327516,1.066196948472,0.9300001));
#8749 = CARTESIAN_POINT('',(-0.64103152586,1.066196948472,0.9300001));
#8750 = ORIENTED_EDGE('',*,*,#8751,.T.);
#8751 = EDGE_CURVE('',#8743,#427,#8752,.T.);
#8752 = B_SPLINE_CURVE_WITH_KNOTS('',1,(#8753,#8754),.UNSPECIFIED.,.F.,
  .F.,(2,2),(-0.,1.E-02),.PIECEWISE_BEZIER_KNOTS.);
#8753 = CARTESIAN_POINT('',(-0.64103152586,1.066196948472,0.9300001));
#8754 = CARTESIAN_POINT('',(-0.64103152586,1.066196948472,0.9200001));
#8755 = ORIENTED_EDGE('',*,*,#435,.F.);
#8756 = B_SPLINE_SURFACE_WITH_KNOTS('',3,1,(
    (#8757,#8758)
    ,(#8759,#8760)
    ,(#8761,#8762)
    ,(#8763,#8764
    )),.UNSPECIFIED.,.F.,.F.,.F.,(4,4),(2,2),(8.,9.),(0.,1.),
  .PIECEWISE_BEZIER_KNOTS.);
#8757 = CARTESIAN_POINT('',(-0.625098324334,1.063212481721,0.9300001));
#8758 = CARTESIAN_POINT('',(-0.625098324334,1.063212481721,0.9200001));
#8759 = CARTESIAN_POINT('',(-0.630008253505,1.065234217262,0.9300001));
#8760 = CARTESIAN_POINT('',(-0.630008253505,1.065234217262,0.9200001));
#8761 = CARTESIAN_POINT('',(-0.63530327516,1.066196948472,0.9300001));
#8762 = CARTESIAN_POINT('',(-0.63530327516,1.066196948472,0.9200001));
#8763 = CARTESIAN_POINT('',(-0.64103152586,1.066196948472,0.9300001));
#8764 = CARTESIAN_POINT('',(-0.64103152586,1.066196948472,0.9200001));
#8765 = ADVANCED_FACE('',(#8766),#8784,.F.);
#8766 = FACE_BOUND('',#8767,.F.);
#8767 = EDGE_LOOP('',(#8768,#8769,#8778,#8783));
#8768 = ORIENTED_EDGE('',*,*,#8751,.F.);
#8769 = ORIENTED_EDGE('',*,*,#8770,.T.);
#8770 = EDGE_CURVE('',#8743,#8771,#8773,.T.);
#8771 = VERTEX_POINT('',#8772);
#8772 = CARTESIAN_POINT('',(-0.659660374774,1.060853790256,0.9300001));
#8773 = B_SPLINE_CURVE_WITH_KNOTS('',3,(#8774,#8775,#8776,#8777),
  .UNSPECIFIED.,.F.,.F.,(4,4),(7.,8.),.PIECEWISE_BEZIER_KNOTS.);
#8774 = CARTESIAN_POINT('',(-0.64103152586,1.066196948472,0.9300001));
#8775 = CARTESIAN_POINT('',(-0.648396419617,1.066196948472,0.9300001));
#8776 = CARTESIAN_POINT('',(-0.654606035921,1.064415895734,0.9300001));
#8777 = CARTESIAN_POINT('',(-0.659660374774,1.060853790256,0.9300001));
#8778 = ORIENTED_EDGE('',*,*,#8779,.T.);
#8779 = EDGE_CURVE('',#8771,#418,#8780,.T.);
#8780 = B_SPLINE_CURVE_WITH_KNOTS('',1,(#8781,#8782),.UNSPECIFIED.,.F.,
  .F.,(2,2),(-0.,1.E-02),.PIECEWISE_BEZIER_KNOTS.);
#8781 = CARTESIAN_POINT('',(-0.659660374774,1.060853790256,0.9300001));
#8782 = CARTESIAN_POINT('',(-0.659660374774,1.060853790256,0.9200001));
#8783 = ORIENTED_EDGE('',*,*,#426,.F.);
#8784 = B_SPLINE_SURFACE_WITH_KNOTS('',3,1,(
    (#8785,#8786)
    ,(#8787,#8788)
    ,(#8789,#8790)
    ,(#8791,#8792
    )),.UNSPECIFIED.,.F.,.F.,.F.,(4,4),(2,2),(7.,8.),(0.,1.),
  .PIECEWISE_BEZIER_KNOTS.);
#8785 = CARTESIAN_POINT('',(-0.64103152586,1.066196948472,0.9300001));
#8786 = CARTESIAN_POINT('',(-0.64103152586,1.066196948472,0.9200001));
#8787 = CARTESIAN_POINT('',(-0.648396419617,1.066196948472,0.9300001));
#8788 = CARTESIAN_POINT('',(-0.648396419617,1.066196948472,0.9200001));
#8789 = CARTESIAN_POINT('',(-0.654606035921,1.064415895734,0.9300001));
#8790 = CARTESIAN_POINT('',(-0.654606035921,1.064415895734,0.9200001));
#8791 = CARTESIAN_POINT('',(-0.659660374774,1.060853790256,0.9300001));
#8792 = CARTESIAN_POINT('',(-0.659660374774,1.060853790256,0.9200001));
#8793 = ADVANCED_FACE('',(#8794),#8812,.F.);
#8794 = FACE_BOUND('',#8795,.F.);
#8795 = EDGE_LOOP('',(#8796,#8797,#8806,#8811));
#8796 = ORIENTED_EDGE('',*,*,#8779,.F.);
#8797 = ORIENTED_EDGE('',*,*,#8798,.T.);
#8798 = EDGE_CURVE('',#8771,#8799,#8801,.T.);
#8799 = VERTEX_POINT('',#8800);
#8800 = CARTESIAN_POINT('',(-0.667217814773,1.046509095227,0.9300001));
#8801 = B_SPLINE_CURVE_WITH_KNOTS('',3,(#8802,#8803,#8804,#8805),
  .UNSPECIFIED.,.F.,.F.,(4,4),(6.,7.),.PIECEWISE_BEZIER_KNOTS.);
#8802 = CARTESIAN_POINT('',(-0.659660374774,1.060853790256,0.9300001));
#8803 = CARTESIAN_POINT('',(-0.664690645346,1.057243548219,0.9300001));
#8804 = CARTESIAN_POINT('',(-0.667217814773,1.052478028729,0.9300001));
#8805 = CARTESIAN_POINT('',(-0.667217814773,1.046509095227,0.9300001));
#8806 = ORIENTED_EDGE('',*,*,#8807,.T.);
#8807 = EDGE_CURVE('',#8799,#409,#8808,.T.);
#8808 = B_SPLINE_CURVE_WITH_KNOTS('',1,(#8809,#8810),.UNSPECIFIED.,.F.,
  .F.,(2,2),(-0.,1.E-02),.PIECEWISE_BEZIER_KNOTS.);
#8809 = CARTESIAN_POINT('',(-0.667217814773,1.046509095227,0.9300001));
#8810 = CARTESIAN_POINT('',(-0.667217814773,1.046509095227,0.9200001));
#8811 = ORIENTED_EDGE('',*,*,#417,.F.);
#8812 = B_SPLINE_SURFACE_WITH_KNOTS('',3,1,(
    (#8813,#8814)
    ,(#8815,#8816)
    ,(#8817,#8818)
    ,(#8819,#8820
    )),.UNSPECIFIED.,.F.,.F.,.F.,(4,4),(2,2),(6.,7.),(0.,1.),
  .PIECEWISE_BEZIER_KNOTS.);
#8813 = CARTESIAN_POINT('',(-0.659660374774,1.060853790256,0.9300001));
#8814 = CARTESIAN_POINT('',(-0.659660374774,1.060853790256,0.9200001));
#8815 = CARTESIAN_POINT('',(-0.664690645346,1.057243548219,0.9300001));
#8816 = CARTESIAN_POINT('',(-0.664690645346,1.057243548219,0.9200001));
#8817 = CARTESIAN_POINT('',(-0.667217814773,1.052478028729,0.9300001));
#8818 = CARTESIAN_POINT('',(-0.667217814773,1.052478028729,0.9200001));
#8819 = CARTESIAN_POINT('',(-0.667217814773,1.046509095227,0.9300001));
#8820 = CARTESIAN_POINT('',(-0.667217814773,1.046509095227,0.9200001));
#8821 = ADVANCED_FACE('',(#8822),#8840,.F.);
#8822 = FACE_BOUND('',#8823,.F.);
#8823 = EDGE_LOOP('',(#8824,#8825,#8834,#8839));
#8824 = ORIENTED_EDGE('',*,*,#8807,.F.);
#8825 = ORIENTED_EDGE('',*,*,#8826,.T.);
#8826 = EDGE_CURVE('',#8799,#8827,#8829,.T.);
#8827 = VERTEX_POINT('',#8828);
#8828 = CARTESIAN_POINT('',(-0.663872323818,1.035870915356,0.9300001));
#8829 = B_SPLINE_CURVE_WITH_KNOTS('',3,(#8830,#8831,#8832,#8833),
  .UNSPECIFIED.,.F.,.F.,(4,4),(5.,6.),.PIECEWISE_BEZIER_KNOTS.);
#8830 = CARTESIAN_POINT('',(-0.667217814773,1.046509095227,0.9300001));
#8831 = CARTESIAN_POINT('',(-0.667217814773,1.042369351024,0.9300001));
#8832 = CARTESIAN_POINT('',(-0.666110673881,1.038807245547,0.9300001));
#8833 = CARTESIAN_POINT('',(-0.663872323818,1.035870915356,0.9300001));
#8834 = ORIENTED_EDGE('',*,*,#8835,.T.);
#8835 = EDGE_CURVE('',#8827,#400,#8836,.T.);
#8836 = B_SPLINE_CURVE_WITH_KNOTS('',1,(#8837,#8838),.UNSPECIFIED.,.F.,
  .F.,(2,2),(-0.,1.E-02),.PIECEWISE_BEZIER_KNOTS.);
#8837 = CARTESIAN_POINT('',(-0.663872323818,1.035870915356,0.9300001));
#8838 = CARTESIAN_POINT('',(-0.663872323818,1.035870915356,0.9200001));
#8839 = ORIENTED_EDGE('',*,*,#408,.F.);
#8840 = B_SPLINE_SURFACE_WITH_KNOTS('',3,1,(
    (#8841,#8842)
    ,(#8843,#8844)
    ,(#8845,#8846)
    ,(#8847,#8848
    )),.UNSPECIFIED.,.F.,.F.,.F.,(4,4),(2,2),(5.,6.),(0.,1.),
  .PIECEWISE_BEZIER_KNOTS.);
#8841 = CARTESIAN_POINT('',(-0.667217814773,1.046509095227,0.9300001));
#8842 = CARTESIAN_POINT('',(-0.667217814773,1.046509095227,0.9200001));
#8843 = CARTESIAN_POINT('',(-0.667217814773,1.042369351024,0.9300001));
#8844 = CARTESIAN_POINT('',(-0.667217814773,1.042369351024,0.9200001));
#8845 = CARTESIAN_POINT('',(-0.666110673881,1.038807245547,0.9300001));
#8846 = CARTESIAN_POINT('',(-0.666110673881,1.038807245547,0.9200001));
#8847 = CARTESIAN_POINT('',(-0.663872323818,1.035870915356,0.9300001));
#8848 = CARTESIAN_POINT('',(-0.663872323818,1.035870915356,0.9200001));
#8849 = ADVANCED_FACE('',(#8850),#8868,.F.);
#8850 = FACE_BOUND('',#8851,.F.);
#8851 = EDGE_LOOP('',(#8852,#8853,#8862,#8867));
#8852 = ORIENTED_EDGE('',*,*,#8835,.F.);
#8853 = ORIENTED_EDGE('',*,*,#8854,.T.);
#8854 = EDGE_CURVE('',#8827,#8855,#8857,.T.);
#8855 = VERTEX_POINT('',#8856);
#8856 = CARTESIAN_POINT('',(-0.649359150827,1.026965651664,0.9300001));
#8857 = B_SPLINE_CURVE_WITH_KNOTS('',3,(#8858,#8859,#8860,#8861),
  .UNSPECIFIED.,.F.,.F.,(4,4),(4.,5.),.PIECEWISE_BEZIER_KNOTS.);
#8858 = CARTESIAN_POINT('',(-0.663872323818,1.035870915356,0.9300001));
#8859 = CARTESIAN_POINT('',(-0.661658042035,1.032934585166,0.9300001));
#8860 = CARTESIAN_POINT('',(-0.656796249424,1.029950118415,0.9300001));
#8861 = CARTESIAN_POINT('',(-0.649359150827,1.026965651664,0.9300001));
#8862 = ORIENTED_EDGE('',*,*,#8863,.T.);
#8863 = EDGE_CURVE('',#8855,#391,#8864,.T.);
#8864 = B_SPLINE_CURVE_WITH_KNOTS('',1,(#8865,#8866),.UNSPECIFIED.,.F.,
  .F.,(2,2),(-0.,1.E-02),.PIECEWISE_BEZIER_KNOTS.);
#8865 = CARTESIAN_POINT('',(-0.649359150827,1.026965651664,0.9300001));
#8866 = CARTESIAN_POINT('',(-0.649359150827,1.026965651664,0.9200001));
#8867 = ORIENTED_EDGE('',*,*,#399,.F.);
#8868 = B_SPLINE_SURFACE_WITH_KNOTS('',3,1,(
    (#8869,#8870)
    ,(#8871,#8872)
    ,(#8873,#8874)
    ,(#8875,#8876
    )),.UNSPECIFIED.,.F.,.F.,.F.,(4,4),(2,2),(4.,5.),(0.,1.),
  .PIECEWISE_BEZIER_KNOTS.);
#8869 = CARTESIAN_POINT('',(-0.663872323818,1.035870915356,0.9300001));
#8870 = CARTESIAN_POINT('',(-0.663872323818,1.035870915356,0.9200001));
#8871 = CARTESIAN_POINT('',(-0.661658042035,1.032934585166,0.9300001));
#8872 = CARTESIAN_POINT('',(-0.661658042035,1.032934585166,0.9200001));
#8873 = CARTESIAN_POINT('',(-0.656796249424,1.029950118415,0.9300001));
#8874 = CARTESIAN_POINT('',(-0.656796249424,1.029950118415,0.9200001));
#8875 = CARTESIAN_POINT('',(-0.649359150827,1.026965651664,0.9300001));
#8876 = CARTESIAN_POINT('',(-0.649359150827,1.026965651664,0.9200001));
#8877 = ADVANCED_FACE('',(#8878),#8896,.F.);
#8878 = FACE_BOUND('',#8879,.F.);
#8879 = EDGE_LOOP('',(#8880,#8881,#8890,#8895));
#8880 = ORIENTED_EDGE('',*,*,#8863,.F.);
#8881 = ORIENTED_EDGE('',*,*,#8882,.T.);
#8882 = EDGE_CURVE('',#8855,#8883,#8885,.T.);
#8883 = VERTEX_POINT('',#8884);
#8884 = CARTESIAN_POINT('',(-0.637012123058,1.020948581601,0.9300001));
#8885 = B_SPLINE_CURVE_WITH_KNOTS('',3,(#8886,#8887,#8888,#8889),
  .UNSPECIFIED.,.F.,.F.,(4,4),(3.,4.),.PIECEWISE_BEZIER_KNOTS.);
#8886 = CARTESIAN_POINT('',(-0.649359150827,1.026965651664,0.9300001));
#8887 = CARTESIAN_POINT('',(-0.643149534522,1.02465509676,0.9300001));
#8888 = CARTESIAN_POINT('',(-0.639033858599,1.022633361218,0.9300001));
#8889 = CARTESIAN_POINT('',(-0.637012123058,1.020948581601,0.9300001));
#8890 = ORIENTED_EDGE('',*,*,#8891,.T.);
#8891 = EDGE_CURVE('',#8883,#382,#8892,.T.);
#8892 = B_SPLINE_CURVE_WITH_KNOTS('',1,(#8893,#8894),.UNSPECIFIED.,.F.,
  .F.,(2,2),(-0.,1.E-02),.PIECEWISE_BEZIER_KNOTS.);
#8893 = CARTESIAN_POINT('',(-0.637012123058,1.020948581601,0.9300001));
#8894 = CARTESIAN_POINT('',(-0.637012123058,1.020948581601,0.9200001));
#8895 = ORIENTED_EDGE('',*,*,#390,.F.);
#8896 = B_SPLINE_SURFACE_WITH_KNOTS('',3,1,(
    (#8897,#8898)
    ,(#8899,#8900)
    ,(#8901,#8902)
    ,(#8903,#8904
    )),.UNSPECIFIED.,.F.,.F.,.F.,(4,4),(2,2),(3.,4.),(0.,1.),
  .PIECEWISE_BEZIER_KNOTS.);
#8897 = CARTESIAN_POINT('',(-0.649359150827,1.026965651664,0.9300001));
#8898 = CARTESIAN_POINT('',(-0.649359150827,1.026965651664,0.9200001));
#8899 = CARTESIAN_POINT('',(-0.643149534522,1.02465509676,0.9300001));
#8900 = CARTESIAN_POINT('',(-0.643149534522,1.02465509676,0.9200001));
#8901 = CARTESIAN_POINT('',(-0.639033858599,1.022633361218,0.9300001));
#8902 = CARTESIAN_POINT('',(-0.639033858599,1.022633361218,0.9200001));
#8903 = CARTESIAN_POINT('',(-0.637012123058,1.020948581601,0.9300001));
#8904 = CARTESIAN_POINT('',(-0.637012123058,1.020948581601,0.9200001));
#8905 = ADVANCED_FACE('',(#8906),#8924,.F.);
#8906 = FACE_BOUND('',#8907,.F.);
#8907 = EDGE_LOOP('',(#8908,#8909,#8918,#8923));
#8908 = ORIENTED_EDGE('',*,*,#8891,.F.);
#8909 = ORIENTED_EDGE('',*,*,#8910,.T.);
#8910 = EDGE_CURVE('',#8883,#8911,#8913,.T.);
#8911 = VERTEX_POINT('',#8912);
#8912 = CARTESIAN_POINT('',(-0.633979519747,1.014546419054,0.9300001));
#8913 = B_SPLINE_CURVE_WITH_KNOTS('',3,(#8914,#8915,#8916,#8917),
  .UNSPECIFIED.,.F.,.F.,(4,4),(2.,3.),.PIECEWISE_BEZIER_KNOTS.);
#8914 = CARTESIAN_POINT('',(-0.637012123058,1.020948581601,0.9300001));
#8915 = CARTESIAN_POINT('',(-0.634990387517,1.019263801983,0.9300001));
#8916 = CARTESIAN_POINT('',(-0.633979519747,1.017145793322,0.9300001));
#8917 = CARTESIAN_POINT('',(-0.633979519747,1.014546419054,0.9300001));
#8918 = ORIENTED_EDGE('',*,*,#8919,.T.);
#8919 = EDGE_CURVE('',#8911,#373,#8920,.T.);
#8920 = B_SPLINE_CURVE_WITH_KNOTS('',1,(#8921,#8922),.UNSPECIFIED.,.F.,
  .F.,(2,2),(-0.,1.E-02),.PIECEWISE_BEZIER_KNOTS.);
#8921 = CARTESIAN_POINT('',(-0.633979519747,1.014546419054,0.9300001));
#8922 = CARTESIAN_POINT('',(-0.633979519747,1.014546419054,0.9200001));
#8923 = ORIENTED_EDGE('',*,*,#381,.F.);
#8924 = B_SPLINE_SURFACE_WITH_KNOTS('',3,1,(
    (#8925,#8926)
    ,(#8927,#8928)
    ,(#8929,#8930)
    ,(#8931,#8932
    )),.UNSPECIFIED.,.F.,.F.,.F.,(4,4),(2,2),(2.,3.),(0.,1.),
  .PIECEWISE_BEZIER_KNOTS.);
#8925 = CARTESIAN_POINT('',(-0.637012123058,1.020948581601,0.9300001));
#8926 = CARTESIAN_POINT('',(-0.637012123058,1.020948581601,0.9200001));
#8927 = CARTESIAN_POINT('',(-0.634990387517,1.019263801983,0.9300001));
#8928 = CARTESIAN_POINT('',(-0.634990387517,1.019263801983,0.9200001));
#8929 = CARTESIAN_POINT('',(-0.633979519747,1.017145793322,0.9300001));
#8930 = CARTESIAN_POINT('',(-0.633979519747,1.017145793322,0.9200001));
#8931 = CARTESIAN_POINT('',(-0.633979519747,1.014546419054,0.9300001));
#8932 = CARTESIAN_POINT('',(-0.633979519747,1.014546419054,0.9200001));
#8933 = ADVANCED_FACE('',(#8934),#8946,.F.);
#8934 = FACE_BOUND('',#8935,.F.);
#8935 = EDGE_LOOP('',(#8936,#8937,#8944,#8945));
#8936 = ORIENTED_EDGE('',*,*,#8919,.F.);
#8937 = ORIENTED_EDGE('',*,*,#8938,.T.);
#8938 = EDGE_CURVE('',#8911,#8384,#8939,.T.);
#8939 = B_SPLINE_CURVE_WITH_KNOTS('',3,(#8940,#8941,#8942,#8943),
  .UNSPECIFIED.,.F.,.F.,(4,4),(1.,2.),.PIECEWISE_BEZIER_KNOTS.);
#8940 = CARTESIAN_POINT('',(-0.633979519747,1.014546419054,0.9300001));
#8941 = CARTESIAN_POINT('',(-0.633979519747,1.008481212431,0.9300001));
#8942 = CARTESIAN_POINT('',(-0.638624697835,1.00544860912,0.9300001));
#8943 = CARTESIAN_POINT('',(-0.647890985731,1.00544860912,0.9300001));
#8944 = ORIENTED_EDGE('',*,*,#8383,.T.);
#8945 = ORIENTED_EDGE('',*,*,#372,.F.);
#8946 = B_SPLINE_SURFACE_WITH_KNOTS('',3,1,(
    (#8947,#8948)
    ,(#8949,#8950)
    ,(#8951,#8952)
    ,(#8953,#8954
    )),.UNSPECIFIED.,.F.,.F.,.F.,(4,4),(2,2),(1.,2.),(0.,1.),
  .PIECEWISE_BEZIER_KNOTS.);
#8947 = CARTESIAN_POINT('',(-0.633979519747,1.014546419054,0.9300001));
#8948 = CARTESIAN_POINT('',(-0.633979519747,1.014546419054,0.9200001));
#8949 = CARTESIAN_POINT('',(-0.633979519747,1.008481212431,0.9300001));
#8950 = CARTESIAN_POINT('',(-0.633979519747,1.008481212431,0.9200001));
#8951 = CARTESIAN_POINT('',(-0.638624697835,1.00544860912,0.9300001));
#8952 = CARTESIAN_POINT('',(-0.638624697835,1.00544860912,0.9200001));
#8953 = CARTESIAN_POINT('',(-0.647890985731,1.00544860912,0.9300001));
#8954 = CARTESIAN_POINT('',(-0.647890985731,1.00544860912,0.9200001));
#8955 = ADVANCED_FACE('',(#8956),#8979,.F.);
#8956 = FACE_BOUND('',#8957,.T.);
#8957 = EDGE_LOOP('',(#8958,#8959,#8960,#8961,#8962,#8963,#8964,#8965,
    #8966,#8967,#8968,#8969,#8970,#8971,#8972,#8973,#8974,#8975,#8976,
    #8977,#8978));
#8958 = ORIENTED_EDGE('',*,*,#8390,.T.);
#8959 = ORIENTED_EDGE('',*,*,#8425,.T.);
#8960 = ORIENTED_EDGE('',*,*,#8440,.T.);
#8961 = ORIENTED_EDGE('',*,*,#8468,.T.);
#8962 = ORIENTED_EDGE('',*,*,#8496,.T.);
#8963 = ORIENTED_EDGE('',*,*,#8524,.T.);
#8964 = ORIENTED_EDGE('',*,*,#8552,.T.);
#8965 = ORIENTED_EDGE('',*,*,#8580,.T.);
#8966 = ORIENTED_EDGE('',*,*,#8608,.T.);
#8967 = ORIENTED_EDGE('',*,*,#8636,.T.);
#8968 = ORIENTED_EDGE('',*,*,#8664,.T.);
#8969 = ORIENTED_EDGE('',*,*,#8692,.T.);
#8970 = ORIENTED_EDGE('',*,*,#8727,.T.);
#8971 = ORIENTED_EDGE('',*,*,#8742,.T.);
#8972 = ORIENTED_EDGE('',*,*,#8770,.T.);
#8973 = ORIENTED_EDGE('',*,*,#8798,.T.);
#8974 = ORIENTED_EDGE('',*,*,#8826,.T.);
#8975 = ORIENTED_EDGE('',*,*,#8854,.T.);
#8976 = ORIENTED_EDGE('',*,*,#8882,.T.);
#8977 = ORIENTED_EDGE('',*,*,#8910,.T.);
#8978 = ORIENTED_EDGE('',*,*,#8938,.T.);
#8979 = B_SPLINE_SURFACE_WITH_KNOTS('',1,1,(
    (#8980,#8981)
    ,(#8982,#8983
    )),.UNSPECIFIED.,.F.,.F.,.F.,(2,2),(2,2),(-3.606030088544E-02,
    9.356543947347E-03),(-1.125192101709E-02,5.912373043569E-02),
  .PIECEWISE_BEZIER_KNOTS.);
#8980 = CARTESIAN_POINT('',(-0.621873174781,0.99582129702,0.9300001));
#8981 = CARTESIAN_POINT('',(-0.621873174781,1.066196948472,0.9300001));
#8982 = CARTESIAN_POINT('',(-0.667290019613,0.99582129702,0.9300001));
#8983 = CARTESIAN_POINT('',(-0.667290019613,1.066196948472,0.9300001));
#8984 = ADVANCED_FACE('',(#8985),#9007,.F.);
#8985 = FACE_BOUND('',#8986,.T.);
#8986 = EDGE_LOOP('',(#8987,#8988,#8995,#9002));
#8987 = ORIENTED_EDGE('',*,*,#246,.T.);
#8988 = ORIENTED_EDGE('',*,*,#8989,.F.);
#8989 = EDGE_CURVE('',#8990,#238,#8992,.T.);
#8990 = VERTEX_POINT('',#8991);
#8991 = CARTESIAN_POINT('',(-0.563411322051,1.064656578536,0.9300001));
#8992 = B_SPLINE_CURVE_WITH_KNOTS('',1,(#8993,#8994),.UNSPECIFIED.,.F.,
  .F.,(2,2),(-0.,1.E-02),.PIECEWISE_BEZIER_KNOTS.);
#8993 = CARTESIAN_POINT('',(-0.563411322051,1.064656578536,0.9300001));
#8994 = CARTESIAN_POINT('',(-0.563411322051,1.064656578536,0.9200001));
#8995 = ORIENTED_EDGE('',*,*,#8996,.F.);
#8996 = EDGE_CURVE('',#8997,#8990,#8999,.T.);
#8997 = VERTEX_POINT('',#8998);
#8998 = CARTESIAN_POINT('',(-0.551184635685,1.064656578536,0.9300001));
#8999 = B_SPLINE_CURVE_WITH_KNOTS('',1,(#9000,#9001),.UNSPECIFIED.,.F.,
  .F.,(2,2),(-1.222668636685E-02,-0.),.PIECEWISE_BEZIER_KNOTS.);
#9000 = CARTESIAN_POINT('',(-0.551184635685,1.064656578536,0.9300001));
#9001 = CARTESIAN_POINT('',(-0.563411322051,1.064656578536,0.9300001));
#9002 = ORIENTED_EDGE('',*,*,#9003,.T.);
#9003 = EDGE_CURVE('',#8997,#247,#9004,.T.);
#9004 = B_SPLINE_CURVE_WITH_KNOTS('',1,(#9005,#9006),.UNSPECIFIED.,.F.,
  .F.,(2,2),(-0.,1.E-02),.PIECEWISE_BEZIER_KNOTS.);
#9005 = CARTESIAN_POINT('',(-0.551184635685,1.064656578536,0.9300001));
#9006 = CARTESIAN_POINT('',(-0.551184635685,1.064656578536,0.9200001));
#9007 = B_SPLINE_SURFACE_WITH_KNOTS('',1,1,(
    (#9008,#9009)
    ,(#9010,#9011
    )),.UNSPECIFIED.,.F.,.F.,.F.,(2,2),(2,2),(0.,1.E-02),(0.,
    1.222668636685E-02),.PIECEWISE_BEZIER_KNOTS.);
#9008 = CARTESIAN_POINT('',(-0.563411322051,1.064656578536,0.9300001));
#9009 = CARTESIAN_POINT('',(-0.551184635685,1.064656578536,0.9300001));
#9010 = CARTESIAN_POINT('',(-0.563411322051,1.064656578536,0.9200001));
#9011 = CARTESIAN_POINT('',(-0.551184635685,1.064656578536,0.9200001));
#9012 = ADVANCED_FACE('',(#9013),#9029,.F.);
#9013 = FACE_BOUND('',#9014,.T.);
#9014 = EDGE_LOOP('',(#9015,#9016,#9023,#9028));
#9015 = ORIENTED_EDGE('',*,*,#237,.T.);
#9016 = ORIENTED_EDGE('',*,*,#9017,.F.);
#9017 = EDGE_CURVE('',#9018,#240,#9020,.T.);
#9018 = VERTEX_POINT('',#9019);
#9019 = CARTESIAN_POINT('',(-0.581775419883,1.014016916889,0.9300001));
#9020 = B_SPLINE_CURVE_WITH_KNOTS('',1,(#9021,#9022),.UNSPECIFIED.,.F.,
  .F.,(2,2),(-0.,1.E-02),.PIECEWISE_BEZIER_KNOTS.);
#9021 = CARTESIAN_POINT('',(-0.581775419883,1.014016916889,0.9300001));
#9022 = CARTESIAN_POINT('',(-0.581775419883,1.014016916889,0.9200001));
#9023 = ORIENTED_EDGE('',*,*,#9024,.F.);
#9024 = EDGE_CURVE('',#8990,#9018,#9025,.T.);
#9025 = B_SPLINE_CURVE_WITH_KNOTS('',1,(#9026,#9027),.UNSPECIFIED.,.F.,
  .F.,(2,2),(-5.386664478987E-02,1.708931246048E-16),
  .PIECEWISE_BEZIER_KNOTS.);
#9026 = CARTESIAN_POINT('',(-0.563411322051,1.064656578536,0.9300001));
#9027 = CARTESIAN_POINT('',(-0.581775419883,1.014016916889,0.9300001));
#9028 = ORIENTED_EDGE('',*,*,#8989,.T.);
#9029 = B_SPLINE_SURFACE_WITH_KNOTS('',1,1,(
    (#9030,#9031)
    ,(#9032,#9033
    )),.UNSPECIFIED.,.F.,.F.,.F.,(2,2),(2,2),(-2.465920819781E-16,
    5.386664478987E-02),(-1.E-02,0.),.PIECEWISE_BEZIER_KNOTS.);
#9030 = CARTESIAN_POINT('',(-0.581775419883,1.014016916889,0.9200001));
#9031 = CARTESIAN_POINT('',(-0.581775419883,1.014016916889,0.9300001));
#9032 = CARTESIAN_POINT('',(-0.563411322051,1.064656578536,0.9200001));
#9033 = CARTESIAN_POINT('',(-0.563411322051,1.064656578536,0.9300001));
#9034 = ADVANCED_FACE('',(#9035),#9053,.F.);
#9035 = FACE_BOUND('',#9036,.F.);
#9036 = EDGE_LOOP('',(#9037,#9038,#9047,#9052));
#9037 = ORIENTED_EDGE('',*,*,#9017,.F.);
#9038 = ORIENTED_EDGE('',*,*,#9039,.T.);
#9039 = EDGE_CURVE('',#9018,#9040,#9042,.T.);
#9040 = VERTEX_POINT('',#9041);
#9041 = CARTESIAN_POINT('',(-0.583219516698,1.008577485552,0.9300001));
#9042 = B_SPLINE_CURVE_WITH_KNOTS('',3,(#9043,#9044,#9045,#9046),
  .UNSPECIFIED.,.F.,.F.,(4,4),(12.,13.),.PIECEWISE_BEZIER_KNOTS.);
#9043 = CARTESIAN_POINT('',(-0.581775419883,1.014016916889,0.9300001));
#9044 = CARTESIAN_POINT('',(-0.58249746829,1.011658225424,0.9300001));
#9045 = CARTESIAN_POINT('',(-0.582978833896,1.009829036125,0.9300001));
#9046 = CARTESIAN_POINT('',(-0.583219516698,1.008577485552,0.9300001));
#9047 = ORIENTED_EDGE('',*,*,#9048,.T.);
#9048 = EDGE_CURVE('',#9040,#339,#9049,.T.);
#9049 = B_SPLINE_CURVE_WITH_KNOTS('',1,(#9050,#9051),.UNSPECIFIED.,.F.,
  .F.,(2,2),(-0.,1.E-02),.PIECEWISE_BEZIER_KNOTS.);
#9050 = CARTESIAN_POINT('',(-0.583219516698,1.008577485552,0.9300001));
#9051 = CARTESIAN_POINT('',(-0.583219516698,1.008577485552,0.9200001));
#9052 = ORIENTED_EDGE('',*,*,#345,.F.);
#9053 = B_SPLINE_SURFACE_WITH_KNOTS('',3,1,(
    (#9054,#9055)
    ,(#9056,#9057)
    ,(#9058,#9059)
    ,(#9060,#9061
    )),.UNSPECIFIED.,.F.,.F.,.F.,(4,4),(2,2),(12.,13.),(0.,1.),
  .PIECEWISE_BEZIER_KNOTS.);
#9054 = CARTESIAN_POINT('',(-0.581775419883,1.014016916889,0.9300001));
#9055 = CARTESIAN_POINT('',(-0.581775419883,1.014016916889,0.9200001));
#9056 = CARTESIAN_POINT('',(-0.58249746829,1.011658225424,0.9300001));
#9057 = CARTESIAN_POINT('',(-0.58249746829,1.011658225424,0.9200001));
#9058 = CARTESIAN_POINT('',(-0.582978833896,1.009829036125,0.9300001));
#9059 = CARTESIAN_POINT('',(-0.582978833896,1.009829036125,0.9200001));
#9060 = CARTESIAN_POINT('',(-0.583219516698,1.008577485552,0.9300001));
#9061 = CARTESIAN_POINT('',(-0.583219516698,1.008577485552,0.9200001));
#9062 = ADVANCED_FACE('',(#9063),#9079,.F.);
#9063 = FACE_BOUND('',#9064,.T.);
#9064 = EDGE_LOOP('',(#9065,#9066,#9073,#9078));
#9065 = ORIENTED_EDGE('',*,*,#338,.T.);
#9066 = ORIENTED_EDGE('',*,*,#9067,.F.);
#9067 = EDGE_CURVE('',#9068,#332,#9070,.T.);
#9068 = VERTEX_POINT('',#9069);
#9069 = CARTESIAN_POINT('',(-0.583532404341,1.008577485552,0.9300001));
#9070 = B_SPLINE_CURVE_WITH_KNOTS('',1,(#9071,#9072),.UNSPECIFIED.,.F.,
  .F.,(2,2),(-0.,1.E-02),.PIECEWISE_BEZIER_KNOTS.);
#9071 = CARTESIAN_POINT('',(-0.583532404341,1.008577485552,0.9300001));
#9072 = CARTESIAN_POINT('',(-0.583532404341,1.008577485552,0.9200001));
#9073 = ORIENTED_EDGE('',*,*,#9074,.F.);
#9074 = EDGE_CURVE('',#9040,#9068,#9075,.T.);
#9075 = B_SPLINE_CURVE_WITH_KNOTS('',1,(#9076,#9077),.UNSPECIFIED.,.F.,
  .F.,(2,2),(-3.128876429007E-04,-0.),.PIECEWISE_BEZIER_KNOTS.);
#9076 = CARTESIAN_POINT('',(-0.583219516698,1.008577485552,0.9300001));
#9077 = CARTESIAN_POINT('',(-0.583532404341,1.008577485552,0.9300001));
#9078 = ORIENTED_EDGE('',*,*,#9048,.T.);
#9079 = B_SPLINE_SURFACE_WITH_KNOTS('',1,1,(
    (#9080,#9081)
    ,(#9082,#9083
    )),.UNSPECIFIED.,.F.,.F.,.F.,(2,2),(2,2),(0.,1.E-02),(0.,
    3.128876429007E-04),.PIECEWISE_BEZIER_KNOTS.);
#9080 = CARTESIAN_POINT('',(-0.583532404341,1.008577485552,0.9300001));
#9081 = CARTESIAN_POINT('',(-0.583219516698,1.008577485552,0.9300001));
#9082 = CARTESIAN_POINT('',(-0.583532404341,1.008577485552,0.9200001));
#9083 = CARTESIAN_POINT('',(-0.583219516698,1.008577485552,0.9200001));
#9084 = ADVANCED_FACE('',(#9085),#9101,.F.);
#9085 = FACE_BOUND('',#9086,.T.);
#9086 = EDGE_LOOP('',(#9087,#9088,#9095,#9100));
#9087 = ORIENTED_EDGE('',*,*,#331,.T.);
#9088 = ORIENTED_EDGE('',*,*,#9089,.F.);
#9089 = EDGE_CURVE('',#9090,#325,#9092,.T.);
#9090 = VERTEX_POINT('',#9091);
#9091 = CARTESIAN_POINT('',(-0.584976501156,1.01411319001,0.9300001));
#9092 = B_SPLINE_CURVE_WITH_KNOTS('',1,(#9093,#9094),.UNSPECIFIED.,.F.,
  .F.,(2,2),(-0.,1.E-02),.PIECEWISE_BEZIER_KNOTS.);
#9093 = CARTESIAN_POINT('',(-0.584976501156,1.01411319001,0.9300001));
#9094 = CARTESIAN_POINT('',(-0.584976501156,1.01411319001,0.9200001));
#9095 = ORIENTED_EDGE('',*,*,#9096,.F.);
#9096 = EDGE_CURVE('',#9068,#9090,#9097,.T.);
#9097 = B_SPLINE_CURVE_WITH_KNOTS('',1,(#9098,#9099),.UNSPECIFIED.,.F.,
  .F.,(2,2),(-5.720964905986E-03,0.),.PIECEWISE_BEZIER_KNOTS.);
#9098 = CARTESIAN_POINT('',(-0.583532404341,1.008577485552,0.9300001));
#9099 = CARTESIAN_POINT('',(-0.584976501156,1.01411319001,0.9300001));
#9100 = ORIENTED_EDGE('',*,*,#9067,.T.);
#9101 = B_SPLINE_SURFACE_WITH_KNOTS('',1,1,(
    (#9102,#9103)
    ,(#9104,#9105
    )),.UNSPECIFIED.,.F.,.F.,.F.,(2,2),(2,2),(0.,5.720964905986E-03),(
    -1.E-02,0.),.PIECEWISE_BEZIER_KNOTS.);
#9102 = CARTESIAN_POINT('',(-0.584976501156,1.01411319001,0.9200001));
#9103 = CARTESIAN_POINT('',(-0.584976501156,1.01411319001,0.9300001));
#9104 = CARTESIAN_POINT('',(-0.583532404341,1.008577485552,0.9200001));
#9105 = CARTESIAN_POINT('',(-0.583532404341,1.008577485552,0.9300001));
#9106 = ADVANCED_FACE('',(#9107),#9123,.F.);
#9107 = FACE_BOUND('',#9108,.T.);
#9108 = EDGE_LOOP('',(#9109,#9110,#9117,#9122));
#9109 = ORIENTED_EDGE('',*,*,#324,.T.);
#9110 = ORIENTED_EDGE('',*,*,#9111,.F.);
#9111 = EDGE_CURVE('',#9112,#318,#9114,.T.);
#9112 = VERTEX_POINT('',#9113);
#9113 = CARTESIAN_POINT('',(-0.602546345739,1.064656578536,0.9300001));
#9114 = B_SPLINE_CURVE_WITH_KNOTS('',1,(#9115,#9116),.UNSPECIFIED.,.F.,
  .F.,(2,2),(-0.,1.E-02),.PIECEWISE_BEZIER_KNOTS.);
#9115 = CARTESIAN_POINT('',(-0.602546345739,1.064656578536,0.9300001));
#9116 = CARTESIAN_POINT('',(-0.602546345739,1.064656578536,0.9200001));
#9117 = ORIENTED_EDGE('',*,*,#9118,.F.);
#9118 = EDGE_CURVE('',#9090,#9112,#9119,.T.);
#9119 = B_SPLINE_CURVE_WITH_KNOTS('',1,(#9120,#9121),.UNSPECIFIED.,.F.,
  .F.,(2,2),(-5.351012579313E-02,0.),.PIECEWISE_BEZIER_KNOTS.);
#9120 = CARTESIAN_POINT('',(-0.584976501156,1.01411319001,0.9300001));
#9121 = CARTESIAN_POINT('',(-0.602546345739,1.064656578536,0.9300001));
#9122 = ORIENTED_EDGE('',*,*,#9089,.T.);
#9123 = B_SPLINE_SURFACE_WITH_KNOTS('',1,1,(
    (#9124,#9125)
    ,(#9126,#9127
    )),.UNSPECIFIED.,.F.,.F.,.F.,(2,2),(2,2),(0.,5.351012579313E-02),(
    -1.E-02,0.),.PIECEWISE_BEZIER_KNOTS.);
#9124 = CARTESIAN_POINT('',(-0.602546345739,1.064656578536,0.9200001));
#9125 = CARTESIAN_POINT('',(-0.602546345739,1.064656578536,0.9300001));
#9126 = CARTESIAN_POINT('',(-0.584976501156,1.01411319001,0.9200001));
#9127 = CARTESIAN_POINT('',(-0.584976501156,1.01411319001,0.9300001));
#9128 = ADVANCED_FACE('',(#9129),#9145,.F.);
#9129 = FACE_BOUND('',#9130,.T.);
#9130 = EDGE_LOOP('',(#9131,#9132,#9139,#9144));
#9131 = ORIENTED_EDGE('',*,*,#317,.T.);
#9132 = ORIENTED_EDGE('',*,*,#9133,.F.);
#9133 = EDGE_CURVE('',#9134,#311,#9136,.T.);
#9134 = VERTEX_POINT('',#9135);
#9135 = CARTESIAN_POINT('',(-0.615735763317,1.064656578536,0.9300001));
#9136 = B_SPLINE_CURVE_WITH_KNOTS('',1,(#9137,#9138),.UNSPECIFIED.,.F.,
  .F.,(2,2),(-0.,1.E-02),.PIECEWISE_BEZIER_KNOTS.);
#9137 = CARTESIAN_POINT('',(-0.615735763317,1.064656578536,0.9300001));
#9138 = CARTESIAN_POINT('',(-0.615735763317,1.064656578536,0.9200001));
#9139 = ORIENTED_EDGE('',*,*,#9140,.F.);
#9140 = EDGE_CURVE('',#9112,#9134,#9141,.T.);
#9141 = B_SPLINE_CURVE_WITH_KNOTS('',1,(#9142,#9143),.UNSPECIFIED.,.F.,
  .F.,(2,2),(-1.318941757738E-02,-0.),.PIECEWISE_BEZIER_KNOTS.);
#9142 = CARTESIAN_POINT('',(-0.602546345739,1.064656578536,0.9300001));
#9143 = CARTESIAN_POINT('',(-0.615735763317,1.064656578536,0.9300001));
#9144 = ORIENTED_EDGE('',*,*,#9111,.T.);
#9145 = B_SPLINE_SURFACE_WITH_KNOTS('',1,1,(
    (#9146,#9147)
    ,(#9148,#9149
    )),.UNSPECIFIED.,.F.,.F.,.F.,(2,2),(2,2),(0.,1.E-02),(0.,
    1.318941757738E-02),.PIECEWISE_BEZIER_KNOTS.);
#9146 = CARTESIAN_POINT('',(-0.615735763317,1.064656578536,0.9300001));
#9147 = CARTESIAN_POINT('',(-0.602546345739,1.064656578536,0.9300001));
#9148 = CARTESIAN_POINT('',(-0.615735763317,1.064656578536,0.9200001));
#9149 = CARTESIAN_POINT('',(-0.602546345739,1.064656578536,0.9200001));
#9150 = ADVANCED_FACE('',(#9151),#9167,.F.);
#9151 = FACE_BOUND('',#9152,.T.);
#9152 = EDGE_LOOP('',(#9153,#9154,#9161,#9166));
#9153 = ORIENTED_EDGE('',*,*,#310,.T.);
#9154 = ORIENTED_EDGE('',*,*,#9155,.F.);
#9155 = EDGE_CURVE('',#9156,#304,#9158,.T.);
#9156 = VERTEX_POINT('',#9157);
#9157 = CARTESIAN_POINT('',(-0.589356928162,0.997554213198,0.9300001));
#9158 = B_SPLINE_CURVE_WITH_KNOTS('',1,(#9159,#9160),.UNSPECIFIED.,.F.,
  .F.,(2,2),(-0.,1.E-02),.PIECEWISE_BEZIER_KNOTS.);
#9159 = CARTESIAN_POINT('',(-0.589356928162,0.997554213198,0.9300001));
#9160 = CARTESIAN_POINT('',(-0.589356928162,0.997554213198,0.9200001));
#9161 = ORIENTED_EDGE('',*,*,#9162,.F.);
#9162 = EDGE_CURVE('',#9134,#9156,#9163,.T.);
#9163 = B_SPLINE_CURVE_WITH_KNOTS('',1,(#9164,#9165),.UNSPECIFIED.,.F.,
  .F.,(2,2),(-7.210111218388E-02,0.),.PIECEWISE_BEZIER_KNOTS.);
#9164 = CARTESIAN_POINT('',(-0.615735763317,1.064656578536,0.9300001));
#9165 = CARTESIAN_POINT('',(-0.589356928162,0.997554213198,0.9300001));
#9166 = ORIENTED_EDGE('',*,*,#9133,.T.);
#9167 = B_SPLINE_SURFACE_WITH_KNOTS('',1,1,(
    (#9168,#9169)
    ,(#9170,#9171
    )),.UNSPECIFIED.,.F.,.F.,.F.,(2,2),(2,2),(0.,7.210111218388E-02),(
    -1.E-02,0.),.PIECEWISE_BEZIER_KNOTS.);
#9168 = CARTESIAN_POINT('',(-0.589356928162,0.997554213198,0.9200001));
#9169 = CARTESIAN_POINT('',(-0.589356928162,0.997554213198,0.9300001));
#9170 = CARTESIAN_POINT('',(-0.615735763317,1.064656578536,0.9200001));
#9171 = CARTESIAN_POINT('',(-0.615735763317,1.064656578536,0.9300001));
#9172 = ADVANCED_FACE('',(#9173),#9189,.F.);
#9173 = FACE_BOUND('',#9174,.T.);
#9174 = EDGE_LOOP('',(#9175,#9176,#9183,#9188));
#9175 = ORIENTED_EDGE('',*,*,#303,.T.);
#9176 = ORIENTED_EDGE('',*,*,#9177,.F.);
#9177 = EDGE_CURVE('',#9178,#295,#9180,.T.);
#9178 = VERTEX_POINT('',#9179);
#9179 = CARTESIAN_POINT('',(-0.594531608416,0.98532752683,0.9300001));
#9180 = B_SPLINE_CURVE_WITH_KNOTS('',1,(#9181,#9182),.UNSPECIFIED.,.F.,
  .F.,(2,2),(-0.,1.E-02),.PIECEWISE_BEZIER_KNOTS.);
#9181 = CARTESIAN_POINT('',(-0.594531608416,0.98532752683,0.9300001));
#9182 = CARTESIAN_POINT('',(-0.594531608416,0.98532752683,0.9200001));
#9183 = ORIENTED_EDGE('',*,*,#9184,.F.);
#9184 = EDGE_CURVE('',#9156,#9178,#9185,.T.);
#9185 = B_SPLINE_CURVE_WITH_KNOTS('',1,(#9186,#9187),.UNSPECIFIED.,.F.,
  .F.,(2,2),(-1.327664020982E-02,0.),.PIECEWISE_BEZIER_KNOTS.);
#9186 = CARTESIAN_POINT('',(-0.589356928162,0.997554213198,0.9300001));
#9187 = CARTESIAN_POINT('',(-0.594531608416,0.98532752683,0.9300001));
#9188 = ORIENTED_EDGE('',*,*,#9155,.T.);
#9189 = B_SPLINE_SURFACE_WITH_KNOTS('',1,1,(
    (#9190,#9191)
    ,(#9192,#9193
    )),.UNSPECIFIED.,.F.,.F.,.F.,(2,2),(2,2),(0.,1.327664020982E-02),(
    -1.E-02,0.),.PIECEWISE_BEZIER_KNOTS.);
#9190 = CARTESIAN_POINT('',(-0.594531608416,0.98532752683,0.9200001));
#9191 = CARTESIAN_POINT('',(-0.594531608416,0.98532752683,0.9300001));
#9192 = CARTESIAN_POINT('',(-0.589356928162,0.997554213198,0.9200001));
#9193 = CARTESIAN_POINT('',(-0.589356928162,0.997554213198,0.9300001));
#9194 = ADVANCED_FACE('',(#9195),#9213,.F.);
#9195 = FACE_BOUND('',#9196,.F.);
#9196 = EDGE_LOOP('',(#9197,#9198,#9207,#9212));
#9197 = ORIENTED_EDGE('',*,*,#9177,.F.);
#9198 = ORIENTED_EDGE('',*,*,#9199,.T.);
#9199 = EDGE_CURVE('',#9178,#9200,#9202,.T.);
#9200 = VERTEX_POINT('',#9201);
#9201 = CARTESIAN_POINT('',(-0.606613885102,0.975844624411,0.9300001));
#9202 = B_SPLINE_CURVE_WITH_KNOTS('',3,(#9203,#9204,#9205,#9206),
  .UNSPECIFIED.,.F.,.F.,(4,4),(5.,6.),.PIECEWISE_BEZIER_KNOTS.);
#9203 = CARTESIAN_POINT('',(-0.594531608416,0.98532752683,0.9300001));
#9204 = CARTESIAN_POINT('',(-0.597203187524,0.978973500844,0.9300001));
#9205 = CARTESIAN_POINT('',(-0.601222590325,0.975844624411,0.9300001));
#9206 = CARTESIAN_POINT('',(-0.606613885102,0.975844624411,0.9300001));
#9207 = ORIENTED_EDGE('',*,*,#9208,.T.);
#9208 = EDGE_CURVE('',#9200,#286,#9209,.T.);
#9209 = B_SPLINE_CURVE_WITH_KNOTS('',1,(#9210,#9211),.UNSPECIFIED.,.F.,
  .F.,(2,2),(-0.,1.E-02),.PIECEWISE_BEZIER_KNOTS.);
#9210 = CARTESIAN_POINT('',(-0.606613885102,0.975844624411,0.9300001));
#9211 = CARTESIAN_POINT('',(-0.606613885102,0.975844624411,0.9200001));
#9212 = ORIENTED_EDGE('',*,*,#294,.F.);
#9213 = B_SPLINE_SURFACE_WITH_KNOTS('',3,1,(
    (#9214,#9215)
    ,(#9216,#9217)
    ,(#9218,#9219)
    ,(#9220,#9221
    )),.UNSPECIFIED.,.F.,.F.,.F.,(4,4),(2,2),(5.,6.),(0.,1.),
  .PIECEWISE_BEZIER_KNOTS.);
#9214 = CARTESIAN_POINT('',(-0.594531608416,0.98532752683,0.9300001));
#9215 = CARTESIAN_POINT('',(-0.594531608416,0.98532752683,0.9200001));
#9216 = CARTESIAN_POINT('',(-0.597203187524,0.978973500844,0.9300001));
#9217 = CARTESIAN_POINT('',(-0.597203187524,0.978973500844,0.9200001));
#9218 = CARTESIAN_POINT('',(-0.601222590325,0.975844624411,0.9300001));
#9219 = CARTESIAN_POINT('',(-0.601222590325,0.975844624411,0.9200001));
#9220 = CARTESIAN_POINT('',(-0.606613885102,0.975844624411,0.9300001));
#9221 = CARTESIAN_POINT('',(-0.606613885102,0.975844624411,0.9200001));
#9222 = ADVANCED_FACE('',(#9223),#9241,.F.);
#9223 = FACE_BOUND('',#9224,.F.);
#9224 = EDGE_LOOP('',(#9225,#9226,#9235,#9240));
#9225 = ORIENTED_EDGE('',*,*,#9208,.F.);
#9226 = ORIENTED_EDGE('',*,*,#9227,.T.);
#9227 = EDGE_CURVE('',#9200,#9228,#9230,.T.);
#9228 = VERTEX_POINT('',#9229);
#9229 = CARTESIAN_POINT('',(-0.613304867011,0.977192448106,0.9300001));
#9230 = B_SPLINE_CURVE_WITH_KNOTS('',3,(#9231,#9232,#9233,#9234),
  .UNSPECIFIED.,.F.,.F.,(4,4),(4.,5.),.PIECEWISE_BEZIER_KNOTS.);
#9231 = CARTESIAN_POINT('',(-0.606613885102,0.975844624411,0.9300001));
#9232 = CARTESIAN_POINT('',(-0.608780030324,0.975844624411,0.9300001));
#9233 = CARTESIAN_POINT('',(-0.610994312107,0.976277853456,0.9300001));
#9234 = CARTESIAN_POINT('',(-0.613304867011,0.977192448106,0.9300001));
#9235 = ORIENTED_EDGE('',*,*,#9236,.T.);
#9236 = EDGE_CURVE('',#9228,#279,#9237,.T.);
#9237 = B_SPLINE_CURVE_WITH_KNOTS('',1,(#9238,#9239),.UNSPECIFIED.,.F.,
  .F.,(2,2),(-0.,1.E-02),.PIECEWISE_BEZIER_KNOTS.);
#9238 = CARTESIAN_POINT('',(-0.613304867011,0.977192448106,0.9300001));
#9239 = CARTESIAN_POINT('',(-0.613304867011,0.977192448106,0.9200001));
#9240 = ORIENTED_EDGE('',*,*,#285,.F.);
#9241 = B_SPLINE_SURFACE_WITH_KNOTS('',3,1,(
    (#9242,#9243)
    ,(#9244,#9245)
    ,(#9246,#9247)
    ,(#9248,#9249
    )),.UNSPECIFIED.,.F.,.F.,.F.,(4,4),(2,2),(4.,5.),(0.,1.),
  .PIECEWISE_BEZIER_KNOTS.);
#9242 = CARTESIAN_POINT('',(-0.606613885102,0.975844624411,0.9300001));
#9243 = CARTESIAN_POINT('',(-0.606613885102,0.975844624411,0.9200001));
#9244 = CARTESIAN_POINT('',(-0.608780030324,0.975844624411,0.9300001));
#9245 = CARTESIAN_POINT('',(-0.608780030324,0.975844624411,0.9200001));
#9246 = CARTESIAN_POINT('',(-0.610994312107,0.976277853456,0.9300001));
#9247 = CARTESIAN_POINT('',(-0.610994312107,0.976277853456,0.9200001));
#9248 = CARTESIAN_POINT('',(-0.613304867011,0.977192448106,0.9300001));
#9249 = CARTESIAN_POINT('',(-0.613304867011,0.977192448106,0.9200001));
#9250 = ADVANCED_FACE('',(#9251),#9267,.F.);
#9251 = FACE_BOUND('',#9252,.T.);
#9252 = EDGE_LOOP('',(#9253,#9254,#9261,#9266));
#9253 = ORIENTED_EDGE('',*,*,#278,.T.);
#9254 = ORIENTED_EDGE('',*,*,#9255,.F.);
#9255 = EDGE_CURVE('',#9256,#270,#9258,.T.);
#9256 = VERTEX_POINT('',#9257);
#9257 = CARTESIAN_POINT('',(-0.613304867011,0.966698677916,0.9300001));
#9258 = B_SPLINE_CURVE_WITH_KNOTS('',1,(#9259,#9260),.UNSPECIFIED.,.F.,
  .F.,(2,2),(-0.,1.E-02),.PIECEWISE_BEZIER_KNOTS.);
#9259 = CARTESIAN_POINT('',(-0.613304867011,0.966698677916,0.9300001));
#9260 = CARTESIAN_POINT('',(-0.613304867011,0.966698677916,0.9200001));
#9261 = ORIENTED_EDGE('',*,*,#9262,.F.);
#9262 = EDGE_CURVE('',#9228,#9256,#9263,.T.);
#9263 = B_SPLINE_CURVE_WITH_KNOTS('',1,(#9264,#9265),.UNSPECIFIED.,.F.,
  .F.,(2,2),(-1.04937701895E-02,1.110223024625E-16),
  .PIECEWISE_BEZIER_KNOTS.);
#9264 = CARTESIAN_POINT('',(-0.613304867011,0.977192448106,0.9300001));
#9265 = CARTESIAN_POINT('',(-0.613304867011,0.966698677916,0.9300001));
#9266 = ORIENTED_EDGE('',*,*,#9236,.T.);
#9267 = B_SPLINE_SURFACE_WITH_KNOTS('',1,1,(
    (#9268,#9269)
    ,(#9270,#9271)),.UNSPECIFIED.,.F.,.F.,.F.,(2,2),(2,2),(0.,1.E-02),(
    -1.110223024625E-16,1.04937701895E-02),.PIECEWISE_BEZIER_KNOTS.);
#9268 = CARTESIAN_POINT('',(-0.613304867011,0.966698677916,0.9300001));
#9269 = CARTESIAN_POINT('',(-0.613304867011,0.977192448106,0.9300001));
#9270 = CARTESIAN_POINT('',(-0.613304867011,0.966698677916,0.9200001));
#9271 = CARTESIAN_POINT('',(-0.613304867011,0.977192448106,0.9200001));
#9272 = ADVANCED_FACE('',(#9273),#9291,.F.);
#9273 = FACE_BOUND('',#9274,.F.);
#9274 = EDGE_LOOP('',(#9275,#9276,#9285,#9290));
#9275 = ORIENTED_EDGE('',*,*,#9255,.F.);
#9276 = ORIENTED_EDGE('',*,*,#9277,.T.);
#9277 = EDGE_CURVE('',#9256,#9278,#9280,.T.);
#9278 = VERTEX_POINT('',#9279);
#9279 = CARTESIAN_POINT('',(-0.605699290452,0.965735946706,0.9300001));
#9280 = B_SPLINE_CURVE_WITH_KNOTS('',3,(#9281,#9282,#9283,#9284),
  .UNSPECIFIED.,.F.,.F.,(4,4),(2.,3.),.PIECEWISE_BEZIER_KNOTS.);
#9281 = CARTESIAN_POINT('',(-0.613304867011,0.966698677916,0.9300001));
#9282 = CARTESIAN_POINT('',(-0.611210926629,0.96607290263,0.9300001));
#9283 = CARTESIAN_POINT('',(-0.608659688923,0.965735946706,0.9300001));
#9284 = CARTESIAN_POINT('',(-0.605699290452,0.965735946706,0.9300001));
#9285 = ORIENTED_EDGE('',*,*,#9286,.T.);
#9286 = EDGE_CURVE('',#9278,#261,#9287,.T.);
#9287 = B_SPLINE_CURVE_WITH_KNOTS('',1,(#9288,#9289),.UNSPECIFIED.,.F.,
  .F.,(2,2),(-0.,1.E-02),.PIECEWISE_BEZIER_KNOTS.);
#9288 = CARTESIAN_POINT('',(-0.605699290452,0.965735946706,0.9300001));
#9289 = CARTESIAN_POINT('',(-0.605699290452,0.965735946706,0.9200001));
#9290 = ORIENTED_EDGE('',*,*,#269,.F.);
#9291 = B_SPLINE_SURFACE_WITH_KNOTS('',3,1,(
    (#9292,#9293)
    ,(#9294,#9295)
    ,(#9296,#9297)
    ,(#9298,#9299
    )),.UNSPECIFIED.,.F.,.F.,.F.,(4,4),(2,2),(2.,3.),(0.,1.),
  .PIECEWISE_BEZIER_KNOTS.);
#9292 = CARTESIAN_POINT('',(-0.613304867011,0.966698677916,0.9300001));
#9293 = CARTESIAN_POINT('',(-0.613304867011,0.966698677916,0.9200001));
#9294 = CARTESIAN_POINT('',(-0.611210926629,0.96607290263,0.9300001));
#9295 = CARTESIAN_POINT('',(-0.611210926629,0.96607290263,0.9200001));
#9296 = CARTESIAN_POINT('',(-0.608659688923,0.965735946706,0.9300001));
#9297 = CARTESIAN_POINT('',(-0.608659688923,0.965735946706,0.9200001));
#9298 = CARTESIAN_POINT('',(-0.605699290452,0.965735946706,0.9300001));
#9299 = CARTESIAN_POINT('',(-0.605699290452,0.965735946706,0.9200001));
#9300 = ADVANCED_FACE('',(#9301),#9319,.F.);
#9301 = FACE_BOUND('',#9302,.F.);
#9302 = EDGE_LOOP('',(#9303,#9304,#9313,#9318));
#9303 = ORIENTED_EDGE('',*,*,#9286,.F.);
#9304 = ORIENTED_EDGE('',*,*,#9305,.T.);
#9305 = EDGE_CURVE('',#9278,#9306,#9308,.T.);
#9306 = VERTEX_POINT('',#9307);
#9307 = CARTESIAN_POINT('',(-0.581703215042,0.98725298925,0.9300001));
#9308 = B_SPLINE_CURVE_WITH_KNOTS('',3,(#9309,#9310,#9311,#9312),
  .UNSPECIFIED.,.F.,.F.,(4,4),(1.,2.),.PIECEWISE_BEZIER_KNOTS.);
#9309 = CARTESIAN_POINT('',(-0.605699290452,0.965735946706,0.9300001));
#9310 = CARTESIAN_POINT('',(-0.595373998225,0.965735946706,0.9300001));
#9311 = CARTESIAN_POINT('',(-0.587383329181,0.972908294221,0.9300001));
#9312 = CARTESIAN_POINT('',(-0.581703215042,0.98725298925,0.9300001));
#9313 = ORIENTED_EDGE('',*,*,#9314,.T.);
#9314 = EDGE_CURVE('',#9306,#254,#9315,.T.);
#9315 = B_SPLINE_CURVE_WITH_KNOTS('',1,(#9316,#9317),.UNSPECIFIED.,.F.,
  .F.,(2,2),(-0.,1.E-02),.PIECEWISE_BEZIER_KNOTS.);
#9316 = CARTESIAN_POINT('',(-0.581703215042,0.98725298925,0.9300001));
#9317 = CARTESIAN_POINT('',(-0.581703215042,0.98725298925,0.9200001));
#9318 = ORIENTED_EDGE('',*,*,#260,.F.);
#9319 = B_SPLINE_SURFACE_WITH_KNOTS('',3,1,(
    (#9320,#9321)
    ,(#9322,#9323)
    ,(#9324,#9325)
    ,(#9326,#9327
    )),.UNSPECIFIED.,.F.,.F.,.F.,(4,4),(2,2),(1.,2.),(0.,1.),
  .PIECEWISE_BEZIER_KNOTS.);
#9320 = CARTESIAN_POINT('',(-0.605699290452,0.965735946706,0.9300001));
#9321 = CARTESIAN_POINT('',(-0.605699290452,0.965735946706,0.9200001));
#9322 = CARTESIAN_POINT('',(-0.595373998225,0.965735946706,0.9300001));
#9323 = CARTESIAN_POINT('',(-0.595373998225,0.965735946706,0.9200001));
#9324 = CARTESIAN_POINT('',(-0.587383329181,0.972908294221,0.9300001));
#9325 = CARTESIAN_POINT('',(-0.587383329181,0.972908294221,0.9200001));
#9326 = CARTESIAN_POINT('',(-0.581703215042,0.98725298925,0.9300001));
#9327 = CARTESIAN_POINT('',(-0.581703215042,0.98725298925,0.9200001));
#9328 = ADVANCED_FACE('',(#9329),#9339,.F.);
#9329 = FACE_BOUND('',#9330,.T.);
#9330 = EDGE_LOOP('',(#9331,#9332,#9333,#9338));
#9331 = ORIENTED_EDGE('',*,*,#253,.T.);
#9332 = ORIENTED_EDGE('',*,*,#9003,.F.);
#9333 = ORIENTED_EDGE('',*,*,#9334,.F.);
#9334 = EDGE_CURVE('',#9306,#8997,#9335,.T.);
#9335 = B_SPLINE_CURVE_WITH_KNOTS('',1,(#9336,#9337),.UNSPECIFIED.,.F.,
  .F.,(2,2),(-8.320276029261E-02,0.),.PIECEWISE_BEZIER_KNOTS.);
#9336 = CARTESIAN_POINT('',(-0.581703215042,0.98725298925,0.9300001));
#9337 = CARTESIAN_POINT('',(-0.551184635685,1.064656578536,0.9300001));
#9338 = ORIENTED_EDGE('',*,*,#9314,.T.);
#9339 = B_SPLINE_SURFACE_WITH_KNOTS('',1,1,(
    (#9340,#9341)
    ,(#9342,#9343
    )),.UNSPECIFIED.,.F.,.F.,.F.,(2,2),(2,2),(-0.,8.320276029261E-02),(
    -1.E-02,0.),.PIECEWISE_BEZIER_KNOTS.);
#9340 = CARTESIAN_POINT('',(-0.551184635685,1.064656578536,0.9200001));
#9341 = CARTESIAN_POINT('',(-0.551184635685,1.064656578536,0.9300001));
#9342 = CARTESIAN_POINT('',(-0.581703215042,0.98725298925,0.9200001));
#9343 = CARTESIAN_POINT('',(-0.581703215042,0.98725298925,0.9300001));
#9344 = ADVANCED_FACE('',(#9345),#9362,.T.);
#9345 = FACE_BOUND('',#9346,.T.);
#9346 = EDGE_LOOP('',(#9347,#9348,#9349,#9350,#9351,#9352,#9353,#9354,
    #9355,#9356,#9357,#9358,#9359,#9360,#9361));
#9347 = ORIENTED_EDGE('',*,*,#8996,.T.);
#9348 = ORIENTED_EDGE('',*,*,#9024,.T.);
#9349 = ORIENTED_EDGE('',*,*,#9039,.T.);
#9350 = ORIENTED_EDGE('',*,*,#9074,.T.);
#9351 = ORIENTED_EDGE('',*,*,#9096,.T.);
#9352 = ORIENTED_EDGE('',*,*,#9118,.T.);
#9353 = ORIENTED_EDGE('',*,*,#9140,.T.);
#9354 = ORIENTED_EDGE('',*,*,#9162,.T.);
#9355 = ORIENTED_EDGE('',*,*,#9184,.T.);
#9356 = ORIENTED_EDGE('',*,*,#9199,.T.);
#9357 = ORIENTED_EDGE('',*,*,#9227,.T.);
#9358 = ORIENTED_EDGE('',*,*,#9262,.T.);
#9359 = ORIENTED_EDGE('',*,*,#9277,.T.);
#9360 = ORIENTED_EDGE('',*,*,#9305,.T.);
#9361 = ORIENTED_EDGE('',*,*,#9334,.T.);
#9362 = B_SPLINE_SURFACE_WITH_KNOTS('',1,1,(
    (#9363,#9364)
    ,(#9365,#9366
    )),.UNSPECIFIED.,.F.,.F.,.F.,(2,2),(2,2),(-2.377645235258E-02,
    4.077467527945E-02),(-5.379260636136E-03,9.354137119405E-02),
  .PIECEWISE_BEZIER_KNOTS.);
#9363 = CARTESIAN_POINT('',(-0.615735763317,0.965735946706,0.9300001));
#9364 = CARTESIAN_POINT('',(-0.615735763317,1.064656578536,0.9300001));
#9365 = CARTESIAN_POINT('',(-0.551184635685,0.965735946706,0.9300001));
#9366 = CARTESIAN_POINT('',(-0.551184635685,1.064656578536,0.9300001));
#9367 = ADVANCED_FACE('',(#9368),#9390,.F.);
#9368 = FACE_BOUND('',#9369,.T.);
#9369 = EDGE_LOOP('',(#9370,#9371,#9378,#9385));
#9370 = ORIENTED_EDGE('',*,*,#160,.T.);
#9371 = ORIENTED_EDGE('',*,*,#9372,.F.);
#9372 = EDGE_CURVE('',#9373,#152,#9375,.T.);
#9373 = VERTEX_POINT('',#9374);
#9374 = CARTESIAN_POINT('',(-0.487836922065,1.008144256508,0.9300001));
#9375 = B_SPLINE_CURVE_WITH_KNOTS('',1,(#9376,#9377),.UNSPECIFIED.,.F.,
  .F.,(2,2),(-0.,1.E-02),.PIECEWISE_BEZIER_KNOTS.);
#9376 = CARTESIAN_POINT('',(-0.487836922065,1.008144256508,0.9300001));
#9377 = CARTESIAN_POINT('',(-0.487836922065,1.008144256508,0.9200001));
#9378 = ORIENTED_EDGE('',*,*,#9379,.F.);
#9379 = EDGE_CURVE('',#9380,#9373,#9382,.T.);
#9380 = VERTEX_POINT('',#9381);
#9381 = CARTESIAN_POINT('',(-0.487836922065,0.997409803516,0.9300001));
#9382 = B_SPLINE_CURVE_WITH_KNOTS('',1,(#9383,#9384),.UNSPECIFIED.,.F.,
  .F.,(2,2),(-1.073445299173E-02,0.),.PIECEWISE_BEZIER_KNOTS.);
#9383 = CARTESIAN_POINT('',(-0.487836922065,0.997409803516,0.9300001));
#9384 = CARTESIAN_POINT('',(-0.487836922065,1.008144256508,0.9300001));
#9385 = ORIENTED_EDGE('',*,*,#9386,.T.);
#9386 = EDGE_CURVE('',#9380,#161,#9387,.T.);
#9387 = B_SPLINE_CURVE_WITH_KNOTS('',1,(#9388,#9389),.UNSPECIFIED.,.F.,
  .F.,(2,2),(-0.,1.E-02),.PIECEWISE_BEZIER_KNOTS.);
#9388 = CARTESIAN_POINT('',(-0.487836922065,0.997409803516,0.9300001));
#9389 = CARTESIAN_POINT('',(-0.487836922065,0.997409803516,0.9200001));
#9390 = B_SPLINE_SURFACE_WITH_KNOTS('',1,1,(
    (#9391,#9392)
    ,(#9393,#9394)),.UNSPECIFIED.,.F.,.F.,.F.,(2,2),(2,2),(-1.E-02,0.),(
    -1.073445299173E-02,0.),.PIECEWISE_BEZIER_KNOTS.);
#9391 = CARTESIAN_POINT('',(-0.487836922065,0.997409803516,0.9200001));
#9392 = CARTESIAN_POINT('',(-0.487836922065,1.008144256508,0.9200001));
#9393 = CARTESIAN_POINT('',(-0.487836922065,0.997409803516,0.9300001));
#9394 = CARTESIAN_POINT('',(-0.487836922065,1.008144256508,0.9300001));
#9395 = ADVANCED_FACE('',(#9396),#9412,.F.);
#9396 = FACE_BOUND('',#9397,.T.);
#9397 = EDGE_LOOP('',(#9398,#9399,#9406,#9411));
#9398 = ORIENTED_EDGE('',*,*,#151,.T.);
#9399 = ORIENTED_EDGE('',*,*,#9400,.F.);
#9400 = EDGE_CURVE('',#9401,#154,#9403,.T.);
#9401 = VERTEX_POINT('',#9402);
#9402 = CARTESIAN_POINT('',(-0.526322102185,1.008144256508,0.9300001));
#9403 = B_SPLINE_CURVE_WITH_KNOTS('',1,(#9404,#9405),.UNSPECIFIED.,.F.,
  .F.,(2,2),(-0.,1.E-02),.PIECEWISE_BEZIER_KNOTS.);
#9404 = CARTESIAN_POINT('',(-0.526322102185,1.008144256508,0.9300001));
#9405 = CARTESIAN_POINT('',(-0.526322102185,1.008144256508,0.9200001));
#9406 = ORIENTED_EDGE('',*,*,#9407,.F.);
#9407 = EDGE_CURVE('',#9373,#9401,#9408,.T.);
#9408 = B_SPLINE_CURVE_WITH_KNOTS('',1,(#9409,#9410),.UNSPECIFIED.,.F.,
  .F.,(2,2),(-3.848518012049E-02,-0.),.PIECEWISE_BEZIER_KNOTS.);
#9409 = CARTESIAN_POINT('',(-0.487836922065,1.008144256508,0.9300001));
#9410 = CARTESIAN_POINT('',(-0.526322102185,1.008144256508,0.9300001));
#9411 = ORIENTED_EDGE('',*,*,#9372,.T.);
#9412 = B_SPLINE_SURFACE_WITH_KNOTS('',1,1,(
    (#9413,#9414)
    ,(#9415,#9416
    )),.UNSPECIFIED.,.F.,.F.,.F.,(2,2),(2,2),(0.,1.E-02),(0.,
    3.848518012049E-02),.PIECEWISE_BEZIER_KNOTS.);
#9413 = CARTESIAN_POINT('',(-0.526322102185,1.008144256508,0.9300001));
#9414 = CARTESIAN_POINT('',(-0.487836922065,1.008144256508,0.9300001));
#9415 = CARTESIAN_POINT('',(-0.526322102185,1.008144256508,0.9200001));
#9416 = CARTESIAN_POINT('',(-0.487836922065,1.008144256508,0.9200001));
#9417 = ADVANCED_FACE('',(#9418),#9434,.F.);
#9418 = FACE_BOUND('',#9419,.T.);
#9419 = EDGE_LOOP('',(#9420,#9421,#9428,#9433));
#9420 = ORIENTED_EDGE('',*,*,#230,.T.);
#9421 = ORIENTED_EDGE('',*,*,#9422,.F.);
#9422 = EDGE_CURVE('',#9423,#224,#9425,.T.);
#9423 = VERTEX_POINT('',#9424);
#9424 = CARTESIAN_POINT('',(-0.526322102185,1.039818113318,0.9300001));
#9425 = B_SPLINE_CURVE_WITH_KNOTS('',1,(#9426,#9427),.UNSPECIFIED.,.F.,
  .F.,(2,2),(-0.,1.E-02),.PIECEWISE_BEZIER_KNOTS.);
#9426 = CARTESIAN_POINT('',(-0.526322102185,1.039818113318,0.9300001));
#9427 = CARTESIAN_POINT('',(-0.526322102185,1.039818113318,0.9200001));
#9428 = ORIENTED_EDGE('',*,*,#9429,.F.);
#9429 = EDGE_CURVE('',#9401,#9423,#9430,.T.);
#9430 = B_SPLINE_CURVE_WITH_KNOTS('',1,(#9431,#9432),.UNSPECIFIED.,.F.,
  .F.,(2,2),(-3.167385680963E-02,0.),.PIECEWISE_BEZIER_KNOTS.);
#9431 = CARTESIAN_POINT('',(-0.526322102185,1.008144256508,0.9300001));
#9432 = CARTESIAN_POINT('',(-0.526322102185,1.039818113318,0.9300001));
#9433 = ORIENTED_EDGE('',*,*,#9400,.T.);
#9434 = B_SPLINE_SURFACE_WITH_KNOTS('',1,1,(
    (#9435,#9436)
    ,(#9437,#9438)),.UNSPECIFIED.,.F.,.F.,.F.,(2,2),(2,2),(-1.E-02,0.),(
    -3.167385680963E-02,0.),.PIECEWISE_BEZIER_KNOTS.);
#9435 = CARTESIAN_POINT('',(-0.526322102185,1.008144256508,0.9200001));
#9436 = CARTESIAN_POINT('',(-0.526322102185,1.039818113318,0.9200001));
#9437 = CARTESIAN_POINT('',(-0.526322102185,1.008144256508,0.9300001));
#9438 = CARTESIAN_POINT('',(-0.526322102185,1.039818113318,0.9300001));
#9439 = ADVANCED_FACE('',(#9440),#9456,.F.);
#9440 = FACE_BOUND('',#9441,.T.);
#9441 = EDGE_LOOP('',(#9442,#9443,#9450,#9455));
#9442 = ORIENTED_EDGE('',*,*,#223,.T.);
#9443 = ORIENTED_EDGE('',*,*,#9444,.F.);
#9444 = EDGE_CURVE('',#9445,#217,#9447,.T.);
#9445 = VERTEX_POINT('',#9446);
#9446 = CARTESIAN_POINT('',(-0.492650578115,1.039818113318,0.9300001));
#9447 = B_SPLINE_CURVE_WITH_KNOTS('',1,(#9448,#9449),.UNSPECIFIED.,.F.,
  .F.,(2,2),(-0.,1.E-02),.PIECEWISE_BEZIER_KNOTS.);
#9448 = CARTESIAN_POINT('',(-0.492650578115,1.039818113318,0.9300001));
#9449 = CARTESIAN_POINT('',(-0.492650578115,1.039818113318,0.9200001));
#9450 = ORIENTED_EDGE('',*,*,#9451,.F.);
#9451 = EDGE_CURVE('',#9423,#9445,#9452,.T.);
#9452 = B_SPLINE_CURVE_WITH_KNOTS('',1,(#9453,#9454),.UNSPECIFIED.,.F.,
  .F.,(2,2),(-3.367152407008E-02,0.),.PIECEWISE_BEZIER_KNOTS.);
#9453 = CARTESIAN_POINT('',(-0.526322102185,1.039818113318,0.9300001));
#9454 = CARTESIAN_POINT('',(-0.492650578115,1.039818113318,0.9300001));
#9455 = ORIENTED_EDGE('',*,*,#9422,.T.);
#9456 = B_SPLINE_SURFACE_WITH_KNOTS('',1,1,(
    (#9457,#9458)
    ,(#9459,#9460)),.UNSPECIFIED.,.F.,.F.,.F.,(2,2),(2,2),(-1.E-02,0.),(
    -3.367152407008E-02,0.),.PIECEWISE_BEZIER_KNOTS.);
#9457 = CARTESIAN_POINT('',(-0.526322102185,1.039818113318,0.9200001));
#9458 = CARTESIAN_POINT('',(-0.492650578115,1.039818113318,0.9200001));
#9459 = CARTESIAN_POINT('',(-0.526322102185,1.039818113318,0.9300001));
#9460 = CARTESIAN_POINT('',(-0.492650578115,1.039818113318,0.9300001));
#9461 = ADVANCED_FACE('',(#9462),#9478,.F.);
#9462 = FACE_BOUND('',#9463,.T.);
#9463 = EDGE_LOOP('',(#9464,#9465,#9472,#9477));
#9464 = ORIENTED_EDGE('',*,*,#216,.T.);
#9465 = ORIENTED_EDGE('',*,*,#9466,.F.);
#9466 = EDGE_CURVE('',#9467,#210,#9469,.T.);
#9467 = VERTEX_POINT('',#9468);
#9468 = CARTESIAN_POINT('',(-0.492650578115,1.05060070287,0.9300001));
#9469 = B_SPLINE_CURVE_WITH_KNOTS('',1,(#9470,#9471),.UNSPECIFIED.,.F.,
  .F.,(2,2),(-0.,1.E-02),.PIECEWISE_BEZIER_KNOTS.);
#9470 = CARTESIAN_POINT('',(-0.492650578115,1.05060070287,0.9300001));
#9471 = CARTESIAN_POINT('',(-0.492650578115,1.05060070287,0.9200001));
#9472 = ORIENTED_EDGE('',*,*,#9473,.F.);
#9473 = EDGE_CURVE('',#9445,#9467,#9474,.T.);
#9474 = B_SPLINE_CURVE_WITH_KNOTS('',1,(#9475,#9476),.UNSPECIFIED.,.F.,
  .F.,(2,2),(-1.078258955217E-02,0.),.PIECEWISE_BEZIER_KNOTS.);
#9475 = CARTESIAN_POINT('',(-0.492650578115,1.039818113318,0.9300001));
#9476 = CARTESIAN_POINT('',(-0.492650578115,1.05060070287,0.9300001));
#9477 = ORIENTED_EDGE('',*,*,#9444,.T.);
#9478 = B_SPLINE_SURFACE_WITH_KNOTS('',1,1,(
    (#9479,#9480)
    ,(#9481,#9482)),.UNSPECIFIED.,.F.,.F.,.F.,(2,2),(2,2),(-1.E-02,0.),(
    -1.078258955217E-02,0.),.PIECEWISE_BEZIER_KNOTS.);
#9479 = CARTESIAN_POINT('',(-0.492650578115,1.039818113318,0.9200001));
#9480 = CARTESIAN_POINT('',(-0.492650578115,1.05060070287,0.9200001));
#9481 = CARTESIAN_POINT('',(-0.492650578115,1.039818113318,0.9300001));
#9482 = CARTESIAN_POINT('',(-0.492650578115,1.05060070287,0.9300001));
#9483 = ADVANCED_FACE('',(#9484),#9500,.F.);
#9484 = FACE_BOUND('',#9485,.T.);
#9485 = EDGE_LOOP('',(#9486,#9487,#9494,#9499));
#9486 = ORIENTED_EDGE('',*,*,#209,.T.);
#9487 = ORIENTED_EDGE('',*,*,#9488,.F.);
#9488 = EDGE_CURVE('',#9489,#203,#9491,.T.);
#9489 = VERTEX_POINT('',#9490);
#9490 = CARTESIAN_POINT('',(-0.526322102185,1.05060070287,0.9300001));
#9491 = B_SPLINE_CURVE_WITH_KNOTS('',1,(#9492,#9493),.UNSPECIFIED.,.F.,
  .F.,(2,2),(-0.,1.E-02),.PIECEWISE_BEZIER_KNOTS.);
#9492 = CARTESIAN_POINT('',(-0.526322102185,1.05060070287,0.9300001));
#9493 = CARTESIAN_POINT('',(-0.526322102185,1.05060070287,0.9200001));
#9494 = ORIENTED_EDGE('',*,*,#9495,.F.);
#9495 = EDGE_CURVE('',#9467,#9489,#9496,.T.);
#9496 = B_SPLINE_CURVE_WITH_KNOTS('',1,(#9497,#9498),.UNSPECIFIED.,.F.,
  .F.,(2,2),(-3.367152407008E-02,-0.),.PIECEWISE_BEZIER_KNOTS.);
#9497 = CARTESIAN_POINT('',(-0.492650578115,1.05060070287,0.9300001));
#9498 = CARTESIAN_POINT('',(-0.526322102185,1.05060070287,0.9300001));
#9499 = ORIENTED_EDGE('',*,*,#9466,.T.);
#9500 = B_SPLINE_SURFACE_WITH_KNOTS('',1,1,(
    (#9501,#9502)
    ,(#9503,#9504
    )),.UNSPECIFIED.,.F.,.F.,.F.,(2,2),(2,2),(0.,1.E-02),(0.,
    3.367152407008E-02),.PIECEWISE_BEZIER_KNOTS.);
#9501 = CARTESIAN_POINT('',(-0.526322102185,1.05060070287,0.9300001));
#9502 = CARTESIAN_POINT('',(-0.492650578115,1.05060070287,0.9300001));
#9503 = CARTESIAN_POINT('',(-0.526322102185,1.05060070287,0.9200001));
#9504 = CARTESIAN_POINT('',(-0.492650578115,1.05060070287,0.9200001));
#9505 = ADVANCED_FACE('',(#9506),#9522,.F.);
#9506 = FACE_BOUND('',#9507,.T.);
#9507 = EDGE_LOOP('',(#9508,#9509,#9516,#9521));
#9508 = ORIENTED_EDGE('',*,*,#202,.T.);
#9509 = ORIENTED_EDGE('',*,*,#9510,.F.);
#9510 = EDGE_CURVE('',#9511,#196,#9513,.T.);
#9511 = VERTEX_POINT('',#9512);
#9512 = CARTESIAN_POINT('',(-0.526322102185,1.080734189744,0.9300001));
#9513 = B_SPLINE_CURVE_WITH_KNOTS('',1,(#9514,#9515),.UNSPECIFIED.,.F.,
  .F.,(2,2),(-0.,1.E-02),.PIECEWISE_BEZIER_KNOTS.);
#9514 = CARTESIAN_POINT('',(-0.526322102185,1.080734189744,0.9300001));
#9515 = CARTESIAN_POINT('',(-0.526322102185,1.080734189744,0.9200001));
#9516 = ORIENTED_EDGE('',*,*,#9517,.F.);
#9517 = EDGE_CURVE('',#9489,#9511,#9518,.T.);
#9518 = B_SPLINE_CURVE_WITH_KNOTS('',1,(#9519,#9520),.UNSPECIFIED.,.F.,
  .F.,(2,2),(-3.013348687407E-02,0.),.PIECEWISE_BEZIER_KNOTS.);
#9519 = CARTESIAN_POINT('',(-0.526322102185,1.05060070287,0.9300001));
#9520 = CARTESIAN_POINT('',(-0.526322102185,1.080734189744,0.9300001));
#9521 = ORIENTED_EDGE('',*,*,#9488,.T.);
#9522 = B_SPLINE_SURFACE_WITH_KNOTS('',1,1,(
    (#9523,#9524)
    ,(#9525,#9526)),.UNSPECIFIED.,.F.,.F.,.F.,(2,2),(2,2),(-1.E-02,0.),(
    -3.013348687407E-02,0.),.PIECEWISE_BEZIER_KNOTS.);
#9523 = CARTESIAN_POINT('',(-0.526322102185,1.05060070287,0.9200001));
#9524 = CARTESIAN_POINT('',(-0.526322102185,1.080734189744,0.9200001));
#9525 = CARTESIAN_POINT('',(-0.526322102185,1.05060070287,0.9300001));
#9526 = CARTESIAN_POINT('',(-0.526322102185,1.080734189744,0.9300001));
#9527 = ADVANCED_FACE('',(#9528),#9544,.F.);
#9528 = FACE_BOUND('',#9529,.T.);
#9529 = EDGE_LOOP('',(#9530,#9531,#9538,#9543));
#9530 = ORIENTED_EDGE('',*,*,#195,.T.);
#9531 = ORIENTED_EDGE('',*,*,#9532,.F.);
#9532 = EDGE_CURVE('',#9533,#189,#9535,.T.);
#9533 = VERTEX_POINT('',#9534);
#9534 = CARTESIAN_POINT('',(-0.489978999007,1.080734189744,0.9300001));
#9535 = B_SPLINE_CURVE_WITH_KNOTS('',1,(#9536,#9537),.UNSPECIFIED.,.F.,
  .F.,(2,2),(-0.,1.E-02),.PIECEWISE_BEZIER_KNOTS.);
#9536 = CARTESIAN_POINT('',(-0.489978999007,1.080734189744,0.9300001));
#9537 = CARTESIAN_POINT('',(-0.489978999007,1.080734189744,0.9200001));
#9538 = ORIENTED_EDGE('',*,*,#9539,.F.);
#9539 = EDGE_CURVE('',#9511,#9533,#9540,.T.);
#9540 = B_SPLINE_CURVE_WITH_KNOTS('',1,(#9541,#9542),.UNSPECIFIED.,.F.,
  .F.,(2,2),(-3.634310317806E-02,0.),.PIECEWISE_BEZIER_KNOTS.);
#9541 = CARTESIAN_POINT('',(-0.526322102185,1.080734189744,0.9300001));
#9542 = CARTESIAN_POINT('',(-0.489978999007,1.080734189744,0.9300001));
#9543 = ORIENTED_EDGE('',*,*,#9510,.T.);
#9544 = B_SPLINE_SURFACE_WITH_KNOTS('',1,1,(
    (#9545,#9546)
    ,(#9547,#9548)),.UNSPECIFIED.,.F.,.F.,.F.,(2,2),(2,2),(-1.E-02,0.),(
    -3.634310317806E-02,0.),.PIECEWISE_BEZIER_KNOTS.);
#9545 = CARTESIAN_POINT('',(-0.526322102185,1.080734189744,0.9200001));
#9546 = CARTESIAN_POINT('',(-0.489978999007,1.080734189744,0.9200001));
#9547 = CARTESIAN_POINT('',(-0.526322102185,1.080734189744,0.9300001));
#9548 = CARTESIAN_POINT('',(-0.489978999007,1.080734189744,0.9300001));
#9549 = ADVANCED_FACE('',(#9550),#9566,.F.);
#9550 = FACE_BOUND('',#9551,.T.);
#9551 = EDGE_LOOP('',(#9552,#9553,#9560,#9565));
#9552 = ORIENTED_EDGE('',*,*,#188,.T.);
#9553 = ORIENTED_EDGE('',*,*,#9554,.F.);
#9554 = EDGE_CURVE('',#9555,#182,#9557,.T.);
#9555 = VERTEX_POINT('',#9556);
#9556 = CARTESIAN_POINT('',(-0.489978999007,1.091564915856,0.9300001));
#9557 = B_SPLINE_CURVE_WITH_KNOTS('',1,(#9558,#9559),.UNSPECIFIED.,.F.,
  .F.,(2,2),(-0.,1.E-02),.PIECEWISE_BEZIER_KNOTS.);
#9558 = CARTESIAN_POINT('',(-0.489978999007,1.091564915856,0.9300001));
#9559 = CARTESIAN_POINT('',(-0.489978999007,1.091564915856,0.9200001));
#9560 = ORIENTED_EDGE('',*,*,#9561,.F.);
#9561 = EDGE_CURVE('',#9533,#9555,#9562,.T.);
#9562 = B_SPLINE_CURVE_WITH_KNOTS('',1,(#9563,#9564),.UNSPECIFIED.,.F.,
  .F.,(2,2),(-1.083072611262E-02,0.),.PIECEWISE_BEZIER_KNOTS.);
#9563 = CARTESIAN_POINT('',(-0.489978999007,1.080734189744,0.9300001));
#9564 = CARTESIAN_POINT('',(-0.489978999007,1.091564915856,0.9300001));
#9565 = ORIENTED_EDGE('',*,*,#9532,.T.);
#9566 = B_SPLINE_SURFACE_WITH_KNOTS('',1,1,(
    (#9567,#9568)
    ,(#9569,#9570)),.UNSPECIFIED.,.F.,.F.,.F.,(2,2),(2,2),(-1.E-02,0.),(
    -1.083072611262E-02,0.),.PIECEWISE_BEZIER_KNOTS.);
#9567 = CARTESIAN_POINT('',(-0.489978999007,1.080734189744,0.9200001));
#9568 = CARTESIAN_POINT('',(-0.489978999007,1.091564915856,0.9200001));
#9569 = CARTESIAN_POINT('',(-0.489978999007,1.080734189744,0.9300001));
#9570 = CARTESIAN_POINT('',(-0.489978999007,1.091564915856,0.9300001));
#9571 = ADVANCED_FACE('',(#9572),#9588,.F.);
#9572 = FACE_BOUND('',#9573,.T.);
#9573 = EDGE_LOOP('',(#9574,#9575,#9582,#9587));
#9574 = ORIENTED_EDGE('',*,*,#181,.T.);
#9575 = ORIENTED_EDGE('',*,*,#9576,.F.);
#9576 = EDGE_CURVE('',#9577,#175,#9579,.T.);
#9577 = VERTEX_POINT('',#9578);
#9578 = CARTESIAN_POINT('',(-0.538476583712,1.091564915856,0.9300001));
#9579 = B_SPLINE_CURVE_WITH_KNOTS('',1,(#9580,#9581),.UNSPECIFIED.,.F.,
  .F.,(2,2),(-0.,1.E-02),.PIECEWISE_BEZIER_KNOTS.);
#9580 = CARTESIAN_POINT('',(-0.538476583712,1.091564915856,0.9300001));
#9581 = CARTESIAN_POINT('',(-0.538476583712,1.091564915856,0.9200001));
#9582 = ORIENTED_EDGE('',*,*,#9583,.F.);
#9583 = EDGE_CURVE('',#9555,#9577,#9584,.T.);
#9584 = B_SPLINE_CURVE_WITH_KNOTS('',1,(#9585,#9586),.UNSPECIFIED.,.F.,
  .F.,(2,2),(-4.849758470488E-02,-0.),.PIECEWISE_BEZIER_KNOTS.);
#9585 = CARTESIAN_POINT('',(-0.489978999007,1.091564915856,0.9300001));
#9586 = CARTESIAN_POINT('',(-0.538476583712,1.091564915856,0.9300001));
#9587 = ORIENTED_EDGE('',*,*,#9554,.T.);
#9588 = B_SPLINE_SURFACE_WITH_KNOTS('',1,1,(
    (#9589,#9590)
    ,(#9591,#9592
    )),.UNSPECIFIED.,.F.,.F.,.F.,(2,2),(2,2),(0.,1.E-02),(0.,
    4.849758470488E-02),.PIECEWISE_BEZIER_KNOTS.);
#9589 = CARTESIAN_POINT('',(-0.538476583712,1.091564915856,0.9300001));
#9590 = CARTESIAN_POINT('',(-0.489978999007,1.091564915856,0.9300001));
#9591 = CARTESIAN_POINT('',(-0.538476583712,1.091564915856,0.9200001));
#9592 = CARTESIAN_POINT('',(-0.489978999007,1.091564915856,0.9200001));
#9593 = ADVANCED_FACE('',(#9594),#9610,.F.);
#9594 = FACE_BOUND('',#9595,.T.);
#9595 = EDGE_LOOP('',(#9596,#9597,#9604,#9609));
#9596 = ORIENTED_EDGE('',*,*,#174,.T.);
#9597 = ORIENTED_EDGE('',*,*,#9598,.F.);
#9598 = EDGE_CURVE('',#9599,#168,#9601,.T.);
#9599 = VERTEX_POINT('',#9600);
#9600 = CARTESIAN_POINT('',(-0.538476583712,0.997409803516,0.9300001));
#9601 = B_SPLINE_CURVE_WITH_KNOTS('',1,(#9602,#9603),.UNSPECIFIED.,.F.,
  .F.,(2,2),(-0.,1.E-02),.PIECEWISE_BEZIER_KNOTS.);
#9602 = CARTESIAN_POINT('',(-0.538476583712,0.997409803516,0.9300001));
#9603 = CARTESIAN_POINT('',(-0.538476583712,0.997409803516,0.9200001));
#9604 = ORIENTED_EDGE('',*,*,#9605,.F.);
#9605 = EDGE_CURVE('',#9577,#9599,#9606,.T.);
#9606 = B_SPLINE_CURVE_WITH_KNOTS('',1,(#9607,#9608),.UNSPECIFIED.,.F.,
  .F.,(2,2),(-9.415511234022E-02,-0.),.PIECEWISE_BEZIER_KNOTS.);
#9607 = CARTESIAN_POINT('',(-0.538476583712,1.091564915856,0.9300001));
#9608 = CARTESIAN_POINT('',(-0.538476583712,0.997409803516,0.9300001));
#9609 = ORIENTED_EDGE('',*,*,#9576,.T.);
#9610 = B_SPLINE_SURFACE_WITH_KNOTS('',1,1,(
    (#9611,#9612)
    ,(#9613,#9614
    )),.UNSPECIFIED.,.F.,.F.,.F.,(2,2),(2,2),(0.,1.E-02),(0.,
    9.415511234022E-02),.PIECEWISE_BEZIER_KNOTS.);
#9611 = CARTESIAN_POINT('',(-0.538476583712,0.997409803516,0.9300001));
#9612 = CARTESIAN_POINT('',(-0.538476583712,1.091564915856,0.9300001));
#9613 = CARTESIAN_POINT('',(-0.538476583712,0.997409803516,0.9200001));
#9614 = CARTESIAN_POINT('',(-0.538476583712,1.091564915856,0.9200001));
#9615 = ADVANCED_FACE('',(#9616),#9626,.F.);
#9616 = FACE_BOUND('',#9617,.T.);
#9617 = EDGE_LOOP('',(#9618,#9619,#9620,#9625));
#9618 = ORIENTED_EDGE('',*,*,#167,.T.);
#9619 = ORIENTED_EDGE('',*,*,#9386,.F.);
#9620 = ORIENTED_EDGE('',*,*,#9621,.F.);
#9621 = EDGE_CURVE('',#9599,#9380,#9622,.T.);
#9622 = B_SPLINE_CURVE_WITH_KNOTS('',1,(#9623,#9624),.UNSPECIFIED.,.F.,
  .F.,(2,2),(-5.063966164731E-02,0.),.PIECEWISE_BEZIER_KNOTS.);
#9623 = CARTESIAN_POINT('',(-0.538476583712,0.997409803516,0.9300001));
#9624 = CARTESIAN_POINT('',(-0.487836922065,0.997409803516,0.9300001));
#9625 = ORIENTED_EDGE('',*,*,#9598,.T.);
#9626 = B_SPLINE_SURFACE_WITH_KNOTS('',1,1,(
    (#9627,#9628)
    ,(#9629,#9630)),.UNSPECIFIED.,.F.,.F.,.F.,(2,2),(2,2),(-1.E-02,0.),(
    -5.063966164731E-02,0.),.PIECEWISE_BEZIER_KNOTS.);
#9627 = CARTESIAN_POINT('',(-0.538476583712,0.997409803516,0.9200001));
#9628 = CARTESIAN_POINT('',(-0.487836922065,0.997409803516,0.9200001));
#9629 = CARTESIAN_POINT('',(-0.538476583712,0.997409803516,0.9300001));
#9630 = CARTESIAN_POINT('',(-0.487836922065,0.997409803516,0.9300001));
#9631 = ADVANCED_FACE('',(#9632),#9646,.F.);
#9632 = FACE_BOUND('',#9633,.T.);
#9633 = EDGE_LOOP('',(#9634,#9635,#9636,#9637,#9638,#9639,#9640,#9641,
    #9642,#9643,#9644,#9645));
#9634 = ORIENTED_EDGE('',*,*,#9379,.T.);
#9635 = ORIENTED_EDGE('',*,*,#9407,.T.);
#9636 = ORIENTED_EDGE('',*,*,#9429,.T.);
#9637 = ORIENTED_EDGE('',*,*,#9451,.T.);
#9638 = ORIENTED_EDGE('',*,*,#9473,.T.);
#9639 = ORIENTED_EDGE('',*,*,#9495,.T.);
#9640 = ORIENTED_EDGE('',*,*,#9517,.T.);
#9641 = ORIENTED_EDGE('',*,*,#9539,.T.);
#9642 = ORIENTED_EDGE('',*,*,#9561,.T.);
#9643 = ORIENTED_EDGE('',*,*,#9583,.T.);
#9644 = ORIENTED_EDGE('',*,*,#9605,.T.);
#9645 = ORIENTED_EDGE('',*,*,#9621,.T.);
#9646 = B_SPLINE_SURFACE_WITH_KNOTS('',1,1,(
    (#9647,#9648)
    ,(#9649,#9650
    )),.UNSPECIFIED.,.F.,.F.,.F.,(2,2),(2,2),(0.487836922065,
    0.538476583712),(0.997409803516,1.091564915856),
  .PIECEWISE_BEZIER_KNOTS.);
#9647 = CARTESIAN_POINT('',(-0.487836922065,0.997409803516,0.9300001));
#9648 = CARTESIAN_POINT('',(-0.487836922065,1.091564915856,0.9300001));
#9649 = CARTESIAN_POINT('',(-0.538476583712,0.997409803516,0.9300001));
#9650 = CARTESIAN_POINT('',(-0.538476583712,1.091564915856,0.9300001));
#9651 = ADVANCED_FACE('',(#9652),#9674,.F.);
#9652 = FACE_BOUND('',#9653,.T.);
#9653 = EDGE_LOOP('',(#9654,#9655,#9662,#9669));
#9654 = ORIENTED_EDGE('',*,*,#1172,.T.);
#9655 = ORIENTED_EDGE('',*,*,#9656,.F.);
#9656 = EDGE_CURVE('',#9657,#1162,#9659,.T.);
#9657 = VERTEX_POINT('',#9658);
#9658 = CARTESIAN_POINT('',(-0.44415299341,0.997409803516,0.9300001));
#9659 = B_SPLINE_CURVE_WITH_KNOTS('',1,(#9660,#9661),.UNSPECIFIED.,.F.,
  .F.,(2,2),(-0.,1.E-02),.PIECEWISE_BEZIER_KNOTS.);
#9660 = CARTESIAN_POINT('',(-0.44415299341,0.997409803516,0.9300001));
#9661 = CARTESIAN_POINT('',(-0.44415299341,0.997409803516,0.9200001));
#9662 = ORIENTED_EDGE('',*,*,#9663,.F.);
#9663 = EDGE_CURVE('',#9664,#9657,#9666,.T.);
#9664 = VERTEX_POINT('',#9665);
#9665 = CARTESIAN_POINT('',(-0.470050462959,0.997409803516,0.9300001));
#9666 = B_SPLINE_CURVE_WITH_KNOTS('',1,(#9667,#9668),.UNSPECIFIED.,.F.,
  .F.,(2,2),(-2.589746954965E-02,1.110223024625E-16),
  .PIECEWISE_BEZIER_KNOTS.);
#9667 = CARTESIAN_POINT('',(-0.470050462959,0.997409803516,0.9300001));
#9668 = CARTESIAN_POINT('',(-0.44415299341,0.997409803516,0.9300001));
#9669 = ORIENTED_EDGE('',*,*,#9670,.T.);
#9670 = EDGE_CURVE('',#9664,#1173,#9671,.T.);
#9671 = B_SPLINE_CURVE_WITH_KNOTS('',1,(#9672,#9673),.UNSPECIFIED.,.F.,
  .F.,(2,2),(-0.,1.E-02),.PIECEWISE_BEZIER_KNOTS.);
#9672 = CARTESIAN_POINT('',(-0.470050462959,0.997409803516,0.9300001));
#9673 = CARTESIAN_POINT('',(-0.470050462959,0.997409803516,0.9200001));
#9674 = B_SPLINE_SURFACE_WITH_KNOTS('',1,1,(
    (#9675,#9676)
    ,(#9677,#9678)),.UNSPECIFIED.,.F.,.F.,.F.,(2,2),(2,2),(-1.E-02,0.),(
    -2.589746954965E-02,1.110223024625E-16),.PIECEWISE_BEZIER_KNOTS.);
#9675 = CARTESIAN_POINT('',(-0.470050462959,0.997409803516,0.9200001));
#9676 = CARTESIAN_POINT('',(-0.44415299341,0.997409803516,0.9200001));
#9677 = CARTESIAN_POINT('',(-0.470050462959,0.997409803516,0.9300001));
#9678 = CARTESIAN_POINT('',(-0.44415299341,0.997409803516,0.9300001));
#9679 = ADVANCED_FACE('',(#9680,#9731),#9790,.T.);
#9680 = FACE_BOUND('',#9681,.T.);
#9681 = EDGE_LOOP('',(#9682,#9683,#9692,#9701,#9710,#9719,#9726));
#9682 = ORIENTED_EDGE('',*,*,#9663,.T.);
#9683 = ORIENTED_EDGE('',*,*,#9684,.T.);
#9684 = EDGE_CURVE('',#9657,#9685,#9687,.T.);
#9685 = VERTEX_POINT('',#9686);
#9686 = CARTESIAN_POINT('',(-0.407593275709,1.010599221093,0.9300001));
#9687 = B_SPLINE_CURVE_WITH_KNOTS('',3,(#9688,#9689,#9690,#9691),
  .UNSPECIFIED.,.F.,.F.,(4,4),(5.,6.),.PIECEWISE_BEZIER_KNOTS.);
#9688 = CARTESIAN_POINT('',(-0.44415299341,0.997409803516,0.9300001));
#9689 = CARTESIAN_POINT('',(-0.429254727935,0.997409803516,0.9300001));
#9690 = CARTESIAN_POINT('',(-0.417052109847,1.001790230521,0.9300001));
#9691 = CARTESIAN_POINT('',(-0.407593275709,1.010599221093,0.9300001));
#9692 = ORIENTED_EDGE('',*,*,#9693,.T.);
#9693 = EDGE_CURVE('',#9685,#9694,#9696,.T.);
#9694 = VERTEX_POINT('',#9695);
#9695 = CARTESIAN_POINT('',(-0.393392990361,1.045690773698,0.9300001));
#9696 = B_SPLINE_CURVE_WITH_KNOTS('',3,(#9697,#9698,#9699,#9700),
  .UNSPECIFIED.,.F.,.F.,(4,4),(4.,5.),.PIECEWISE_BEZIER_KNOTS.);
#9697 = CARTESIAN_POINT('',(-0.407593275709,1.010599221093,0.9300001));
#9698 = CARTESIAN_POINT('',(-0.398134441571,1.019408211665,0.9300001));
#9699 = CARTESIAN_POINT('',(-0.393392990361,1.031105395867,0.9300001));
#9700 = CARTESIAN_POINT('',(-0.393392990361,1.045690773698,0.9300001));
#9701 = ORIENTED_EDGE('',*,*,#9702,.T.);
#9702 = EDGE_CURVE('',#9694,#9703,#9705,.T.);
#9703 = VERTEX_POINT('',#9704);
#9704 = CARTESIAN_POINT('',(-0.407593275709,1.079097546687,0.9300001));
#9705 = B_SPLINE_CURVE_WITH_KNOTS('',3,(#9706,#9707,#9708,#9709),
  .UNSPECIFIED.,.F.,.F.,(4,4),(3.,4.),.PIECEWISE_BEZIER_KNOTS.);
#9706 = CARTESIAN_POINT('',(-0.393392990361,1.045690773698,0.9300001));
#9707 = CARTESIAN_POINT('',(-0.393392990361,1.059650376244,0.9300001));
#9708 = CARTESIAN_POINT('',(-0.398134441571,1.07076992172,0.9300001));
#9709 = CARTESIAN_POINT('',(-0.407593275709,1.079097546687,0.9300001));
#9710 = ORIENTED_EDGE('',*,*,#9711,.T.);
#9711 = EDGE_CURVE('',#9703,#9712,#9714,.T.);
#9712 = VERTEX_POINT('',#9713);
#9713 = CARTESIAN_POINT('',(-0.4431902622,1.091564915856,0.9300001));
#9714 = B_SPLINE_CURVE_WITH_KNOTS('',3,(#9715,#9716,#9717,#9718),
  .UNSPECIFIED.,.F.,.F.,(4,4),(2.,3.),.PIECEWISE_BEZIER_KNOTS.);
#9715 = CARTESIAN_POINT('',(-0.407593275709,1.079097546687,0.9300001));
#9716 = CARTESIAN_POINT('',(-0.417052109847,1.087425171653,0.9300001));
#9717 = CARTESIAN_POINT('',(-0.428917772012,1.091564915856,0.9300001));
#9718 = CARTESIAN_POINT('',(-0.4431902622,1.091564915856,0.9300001));
#9719 = ORIENTED_EDGE('',*,*,#9720,.T.);
#9720 = EDGE_CURVE('',#9712,#9721,#9723,.T.);
#9721 = VERTEX_POINT('',#9722);
#9722 = CARTESIAN_POINT('',(-0.470050462959,1.091564915856,0.9300001));
#9723 = B_SPLINE_CURVE_WITH_KNOTS('',1,(#9724,#9725),.UNSPECIFIED.,.F.,
  .F.,(2,2),(-2.686020075922E-02,-0.),.PIECEWISE_BEZIER_KNOTS.);
#9724 = CARTESIAN_POINT('',(-0.4431902622,1.091564915856,0.9300001));
#9725 = CARTESIAN_POINT('',(-0.470050462959,1.091564915856,0.9300001));
#9726 = ORIENTED_EDGE('',*,*,#9727,.T.);
#9727 = EDGE_CURVE('',#9721,#9664,#9728,.T.);
#9728 = B_SPLINE_CURVE_WITH_KNOTS('',1,(#9729,#9730),.UNSPECIFIED.,.F.,
  .F.,(2,2),(-9.415511234022E-02,-0.),.PIECEWISE_BEZIER_KNOTS.);
#9729 = CARTESIAN_POINT('',(-0.470050462959,1.091564915856,0.9300001));
#9730 = CARTESIAN_POINT('',(-0.470050462959,0.997409803516,0.9300001));
#9731 = FACE_BOUND('',#9732,.T.);
#9732 = EDGE_LOOP('',(#9733,#9742,#9749,#9758,#9767,#9776,#9785));
#9733 = ORIENTED_EDGE('',*,*,#9734,.F.);
#9734 = EDGE_CURVE('',#9735,#9737,#9739,.T.);
#9735 = VERTEX_POINT('',#9736);
#9736 = CARTESIAN_POINT('',(-0.457895981433,1.080734189744,0.9300001));
#9737 = VERTEX_POINT('',#9738);
#9738 = CARTESIAN_POINT('',(-0.457895981433,1.008144256508,0.9300001));
#9739 = B_SPLINE_CURVE_WITH_KNOTS('',1,(#9740,#9741),.UNSPECIFIED.,.F.,
  .F.,(2,2),(0.,7.258993323587E-02),.PIECEWISE_BEZIER_KNOTS.);
#9740 = CARTESIAN_POINT('',(-0.457895981433,1.080734189744,0.9300001));
#9741 = CARTESIAN_POINT('',(-0.457895981433,1.008144256508,0.9300001));
#9742 = ORIENTED_EDGE('',*,*,#9743,.F.);
#9743 = EDGE_CURVE('',#9744,#9735,#9746,.T.);
#9744 = VERTEX_POINT('',#9745);
#9745 = CARTESIAN_POINT('',(-0.443671627805,1.080734189744,0.9300001));
#9746 = B_SPLINE_CURVE_WITH_KNOTS('',1,(#9747,#9748),.UNSPECIFIED.,.F.,
  .F.,(2,2),(-5.551115123126E-17,1.422435362794E-02),
  .PIECEWISE_BEZIER_KNOTS.);
#9747 = CARTESIAN_POINT('',(-0.443671627805,1.080734189744,0.9300001));
#9748 = CARTESIAN_POINT('',(-0.457895981433,1.080734189744,0.9300001));
#9749 = ORIENTED_EDGE('',*,*,#9750,.F.);
#9750 = EDGE_CURVE('',#9751,#9744,#9753,.T.);
#9751 = VERTEX_POINT('',#9752);
#9752 = CARTESIAN_POINT('',(-0.416498539402,1.071877062611,0.9300001));
#9753 = B_SPLINE_CURVE_WITH_KNOTS('',3,(#9754,#9755,#9756,#9757),
  .UNSPECIFIED.,.F.,.F.,(4,4),(5.,6.),.PIECEWISE_BEZIER_KNOTS.);
#9754 = CARTESIAN_POINT('',(-0.416498539402,1.071877062611,0.9300001));
#9755 = CARTESIAN_POINT('',(-0.423382067554,1.077797859553,0.9300001));
#9756 = CARTESIAN_POINT('',(-0.432455809208,1.080734189744,0.9300001));
#9757 = CARTESIAN_POINT('',(-0.443671627805,1.080734189744,0.9300001));
#9758 = ORIENTED_EDGE('',*,*,#9759,.F.);
#9759 = EDGE_CURVE('',#9760,#9751,#9762,.T.);
#9760 = VERTEX_POINT('',#9761);
#9761 = CARTESIAN_POINT('',(-0.406173247175,1.045353817775,0.9300001));
#9762 = B_SPLINE_CURVE_WITH_KNOTS('',3,(#9763,#9764,#9765,#9766),
  .UNSPECIFIED.,.F.,.F.,(4,4),(4.,5.),.PIECEWISE_BEZIER_KNOTS.);
#9763 = CARTESIAN_POINT('',(-0.406173247175,1.045353817775,0.9300001));
#9764 = CARTESIAN_POINT('',(-0.406173247175,1.057099138538,0.9300001));
#9765 = CARTESIAN_POINT('',(-0.409615011251,1.065956265669,0.9300001));
#9766 = CARTESIAN_POINT('',(-0.416498539402,1.071877062611,0.9300001));
#9767 = ORIENTED_EDGE('',*,*,#9768,.F.);
#9768 = EDGE_CURVE('',#9769,#9760,#9771,.T.);
#9769 = VERTEX_POINT('',#9770);
#9770 = CARTESIAN_POINT('',(-0.416233788319,1.01796411485,0.9300001));
#9771 = B_SPLINE_CURVE_WITH_KNOTS('',3,(#9772,#9773,#9774,#9775),
  .UNSPECIFIED.,.F.,.F.,(4,4),(3.,4.),.PIECEWISE_BEZIER_KNOTS.);
#9772 = CARTESIAN_POINT('',(-0.416233788319,1.01796411485,0.9300001));
#9773 = CARTESIAN_POINT('',(-0.409518738129,1.024462550518,0.9300001));
#9774 = CARTESIAN_POINT('',(-0.406173247175,1.033608497013,0.9300001));
#9775 = CARTESIAN_POINT('',(-0.406173247175,1.045353817775,0.9300001));
#9776 = ORIENTED_EDGE('',*,*,#9777,.F.);
#9777 = EDGE_CURVE('',#9778,#9769,#9780,.T.);
#9778 = VERTEX_POINT('',#9779);
#9779 = CARTESIAN_POINT('',(-0.444225198251,1.008144256508,0.9300001));
#9780 = B_SPLINE_CURVE_WITH_KNOTS('',3,(#9781,#9782,#9783,#9784),
  .UNSPECIFIED.,.F.,.F.,(4,4),(2.,3.),.PIECEWISE_BEZIER_KNOTS.);
#9781 = CARTESIAN_POINT('',(-0.444225198251,1.008144256508,0.9300001));
#9782 = CARTESIAN_POINT('',(-0.432263262966,1.008144256508,0.9300001));
#9783 = CARTESIAN_POINT('',(-0.422924770229,1.011417542621,0.9300001));
#9784 = CARTESIAN_POINT('',(-0.416233788319,1.01796411485,0.9300001));
#9785 = ORIENTED_EDGE('',*,*,#9786,.F.);
#9786 = EDGE_CURVE('',#9737,#9778,#9787,.T.);
#9787 = B_SPLINE_CURVE_WITH_KNOTS('',1,(#9788,#9789),.UNSPECIFIED.,.F.,
  .F.,(2,2),(0.,1.367078318217E-02),.PIECEWISE_BEZIER_KNOTS.);
#9788 = CARTESIAN_POINT('',(-0.457895981433,1.008144256508,0.9300001));
#9789 = CARTESIAN_POINT('',(-0.444225198251,1.008144256508,0.9300001));
#9790 = B_SPLINE_SURFACE_WITH_KNOTS('',1,1,(
    (#9791,#9792)
    ,(#9793,#9794
    )),.UNSPECIFIED.,.F.,.F.,.F.,(2,2),(2,2),(-4.646381502338E-02,
    3.01936575747E-02),(-9.104428711768E-02,3.110825222535E-03),
  .PIECEWISE_BEZIER_KNOTS.);
#9791 = CARTESIAN_POINT('',(-0.470050462959,0.997409803516,0.9300001));
#9792 = CARTESIAN_POINT('',(-0.470050462959,1.091564915856,0.9300001));
#9793 = CARTESIAN_POINT('',(-0.393392990361,0.997409803516,0.9300001));
#9794 = CARTESIAN_POINT('',(-0.393392990361,1.091564915856,0.9300001));
#9795 = ADVANCED_FACE('',(#9796),#9806,.F.);
#9796 = FACE_BOUND('',#9797,.F.);
#9797 = EDGE_LOOP('',(#9798,#9799,#9800,#9805));
#9798 = ORIENTED_EDGE('',*,*,#9656,.F.);
#9799 = ORIENTED_EDGE('',*,*,#9684,.T.);
#9800 = ORIENTED_EDGE('',*,*,#9801,.T.);
#9801 = EDGE_CURVE('',#9685,#1164,#9802,.T.);
#9802 = B_SPLINE_CURVE_WITH_KNOTS('',1,(#9803,#9804),.UNSPECIFIED.,.F.,
  .F.,(2,2),(-0.,1.E-02),.PIECEWISE_BEZIER_KNOTS.);
#9803 = CARTESIAN_POINT('',(-0.407593275709,1.010599221093,0.9300001));
#9804 = CARTESIAN_POINT('',(-0.407593275709,1.010599221093,0.9200001));
#9805 = ORIENTED_EDGE('',*,*,#1161,.F.);
#9806 = B_SPLINE_SURFACE_WITH_KNOTS('',3,1,(
    (#9807,#9808)
    ,(#9809,#9810)
    ,(#9811,#9812)
    ,(#9813,#9814
    )),.UNSPECIFIED.,.F.,.F.,.F.,(4,4),(2,2),(5.,6.),(0.,1.),
  .PIECEWISE_BEZIER_KNOTS.);
#9807 = CARTESIAN_POINT('',(-0.44415299341,0.997409803516,0.9300001));
#9808 = CARTESIAN_POINT('',(-0.44415299341,0.997409803516,0.9200001));
#9809 = CARTESIAN_POINT('',(-0.429254727935,0.997409803516,0.9300001));
#9810 = CARTESIAN_POINT('',(-0.429254727935,0.997409803516,0.9200001));
#9811 = CARTESIAN_POINT('',(-0.417052109847,1.001790230521,0.9300001));
#9812 = CARTESIAN_POINT('',(-0.417052109847,1.001790230521,0.9200001));
#9813 = CARTESIAN_POINT('',(-0.407593275709,1.010599221093,0.9300001));
#9814 = CARTESIAN_POINT('',(-0.407593275709,1.010599221093,0.9200001));
#9815 = ADVANCED_FACE('',(#9816),#9826,.F.);
#9816 = FACE_BOUND('',#9817,.F.);
#9817 = EDGE_LOOP('',(#9818,#9819,#9820,#9825));
#9818 = ORIENTED_EDGE('',*,*,#9801,.F.);
#9819 = ORIENTED_EDGE('',*,*,#9693,.T.);
#9820 = ORIENTED_EDGE('',*,*,#9821,.T.);
#9821 = EDGE_CURVE('',#9694,#1203,#9822,.T.);
#9822 = B_SPLINE_CURVE_WITH_KNOTS('',1,(#9823,#9824),.UNSPECIFIED.,.F.,
  .F.,(2,2),(-0.,1.E-02),.PIECEWISE_BEZIER_KNOTS.);
#9823 = CARTESIAN_POINT('',(-0.393392990361,1.045690773698,0.9300001));
#9824 = CARTESIAN_POINT('',(-0.393392990361,1.045690773698,0.9200001));
#9825 = ORIENTED_EDGE('',*,*,#1211,.F.);
#9826 = B_SPLINE_SURFACE_WITH_KNOTS('',3,1,(
    (#9827,#9828)
    ,(#9829,#9830)
    ,(#9831,#9832)
    ,(#9833,#9834
    )),.UNSPECIFIED.,.F.,.F.,.F.,(4,4),(2,2),(4.,5.),(0.,1.),
  .PIECEWISE_BEZIER_KNOTS.);
#9827 = CARTESIAN_POINT('',(-0.407593275709,1.010599221093,0.9300001));
#9828 = CARTESIAN_POINT('',(-0.407593275709,1.010599221093,0.9200001));
#9829 = CARTESIAN_POINT('',(-0.398134441571,1.019408211665,0.9300001));
#9830 = CARTESIAN_POINT('',(-0.398134441571,1.019408211665,0.9200001));
#9831 = CARTESIAN_POINT('',(-0.393392990361,1.031105395867,0.9300001));
#9832 = CARTESIAN_POINT('',(-0.393392990361,1.031105395867,0.9200001));
#9833 = CARTESIAN_POINT('',(-0.393392990361,1.045690773698,0.9300001));
#9834 = CARTESIAN_POINT('',(-0.393392990361,1.045690773698,0.9200001));
#9835 = ADVANCED_FACE('',(#9836),#9846,.F.);
#9836 = FACE_BOUND('',#9837,.F.);
#9837 = EDGE_LOOP('',(#9838,#9839,#9840,#9845));
#9838 = ORIENTED_EDGE('',*,*,#9821,.F.);
#9839 = ORIENTED_EDGE('',*,*,#9702,.T.);
#9840 = ORIENTED_EDGE('',*,*,#9841,.T.);
#9841 = EDGE_CURVE('',#9703,#1194,#9842,.T.);
#9842 = B_SPLINE_CURVE_WITH_KNOTS('',1,(#9843,#9844),.UNSPECIFIED.,.F.,
  .F.,(2,2),(-0.,1.E-02),.PIECEWISE_BEZIER_KNOTS.);
#9843 = CARTESIAN_POINT('',(-0.407593275709,1.079097546687,0.9300001));
#9844 = CARTESIAN_POINT('',(-0.407593275709,1.079097546687,0.9200001));
#9845 = ORIENTED_EDGE('',*,*,#1202,.F.);
#9846 = B_SPLINE_SURFACE_WITH_KNOTS('',3,1,(
    (#9847,#9848)
    ,(#9849,#9850)
    ,(#9851,#9852)
    ,(#9853,#9854
    )),.UNSPECIFIED.,.F.,.F.,.F.,(4,4),(2,2),(3.,4.),(0.,1.),
  .PIECEWISE_BEZIER_KNOTS.);
#9847 = CARTESIAN_POINT('',(-0.393392990361,1.045690773698,0.9300001));
#9848 = CARTESIAN_POINT('',(-0.393392990361,1.045690773698,0.9200001));
#9849 = CARTESIAN_POINT('',(-0.393392990361,1.059650376244,0.9300001));
#9850 = CARTESIAN_POINT('',(-0.393392990361,1.059650376244,0.9200001));
#9851 = CARTESIAN_POINT('',(-0.398134441571,1.07076992172,0.9300001));
#9852 = CARTESIAN_POINT('',(-0.398134441571,1.07076992172,0.9200001));
#9853 = CARTESIAN_POINT('',(-0.407593275709,1.079097546687,0.9300001));
#9854 = CARTESIAN_POINT('',(-0.407593275709,1.079097546687,0.9200001));
#9855 = ADVANCED_FACE('',(#9856),#9866,.F.);
#9856 = FACE_BOUND('',#9857,.F.);
#9857 = EDGE_LOOP('',(#9858,#9859,#9860,#9865));
#9858 = ORIENTED_EDGE('',*,*,#9841,.F.);
#9859 = ORIENTED_EDGE('',*,*,#9711,.T.);
#9860 = ORIENTED_EDGE('',*,*,#9861,.T.);
#9861 = EDGE_CURVE('',#9712,#1187,#9862,.T.);
#9862 = B_SPLINE_CURVE_WITH_KNOTS('',1,(#9863,#9864),.UNSPECIFIED.,.F.,
  .F.,(2,2),(-0.,1.E-02),.PIECEWISE_BEZIER_KNOTS.);
#9863 = CARTESIAN_POINT('',(-0.4431902622,1.091564915856,0.9300001));
#9864 = CARTESIAN_POINT('',(-0.4431902622,1.091564915856,0.9200001));
#9865 = ORIENTED_EDGE('',*,*,#1193,.F.);
#9866 = B_SPLINE_SURFACE_WITH_KNOTS('',3,1,(
    (#9867,#9868)
    ,(#9869,#9870)
    ,(#9871,#9872)
    ,(#9873,#9874
    )),.UNSPECIFIED.,.F.,.F.,.F.,(4,4),(2,2),(2.,3.),(0.,1.),
  .PIECEWISE_BEZIER_KNOTS.);
#9867 = CARTESIAN_POINT('',(-0.407593275709,1.079097546687,0.9300001));
#9868 = CARTESIAN_POINT('',(-0.407593275709,1.079097546687,0.9200001));
#9869 = CARTESIAN_POINT('',(-0.417052109847,1.087425171653,0.9300001));
#9870 = CARTESIAN_POINT('',(-0.417052109847,1.087425171653,0.9200001));
#9871 = CARTESIAN_POINT('',(-0.428917772012,1.091564915856,0.9300001));
#9872 = CARTESIAN_POINT('',(-0.428917772012,1.091564915856,0.9200001));
#9873 = CARTESIAN_POINT('',(-0.4431902622,1.091564915856,0.9300001));
#9874 = CARTESIAN_POINT('',(-0.4431902622,1.091564915856,0.9200001));
#9875 = ADVANCED_FACE('',(#9876),#9886,.F.);
#9876 = FACE_BOUND('',#9877,.T.);
#9877 = EDGE_LOOP('',(#9878,#9879,#9884,#9885));
#9878 = ORIENTED_EDGE('',*,*,#1186,.T.);
#9879 = ORIENTED_EDGE('',*,*,#9880,.F.);
#9880 = EDGE_CURVE('',#9721,#1180,#9881,.T.);
#9881 = B_SPLINE_CURVE_WITH_KNOTS('',1,(#9882,#9883),.UNSPECIFIED.,.F.,
  .F.,(2,2),(-0.,1.E-02),.PIECEWISE_BEZIER_KNOTS.);
#9882 = CARTESIAN_POINT('',(-0.470050462959,1.091564915856,0.9300001));
#9883 = CARTESIAN_POINT('',(-0.470050462959,1.091564915856,0.9200001));
#9884 = ORIENTED_EDGE('',*,*,#9720,.F.);
#9885 = ORIENTED_EDGE('',*,*,#9861,.T.);
#9886 = B_SPLINE_SURFACE_WITH_KNOTS('',1,1,(
    (#9887,#9888)
    ,(#9889,#9890
    )),.UNSPECIFIED.,.F.,.F.,.F.,(2,2),(2,2),(0.,1.E-02),(0.,
    2.686020075922E-02),.PIECEWISE_BEZIER_KNOTS.);
#9887 = CARTESIAN_POINT('',(-0.470050462959,1.091564915856,0.9300001));
#9888 = CARTESIAN_POINT('',(-0.4431902622,1.091564915856,0.9300001));
#9889 = CARTESIAN_POINT('',(-0.470050462959,1.091564915856,0.9200001));
#9890 = CARTESIAN_POINT('',(-0.4431902622,1.091564915856,0.9200001));
#9891 = ADVANCED_FACE('',(#9892),#9898,.F.);
#9892 = FACE_BOUND('',#9893,.T.);
#9893 = EDGE_LOOP('',(#9894,#9895,#9896,#9897));
#9894 = ORIENTED_EDGE('',*,*,#1179,.T.);
#9895 = ORIENTED_EDGE('',*,*,#9670,.F.);
#9896 = ORIENTED_EDGE('',*,*,#9727,.F.);
#9897 = ORIENTED_EDGE('',*,*,#9880,.T.);
#9898 = B_SPLINE_SURFACE_WITH_KNOTS('',1,1,(
    (#9899,#9900)
    ,(#9901,#9902
    )),.UNSPECIFIED.,.F.,.F.,.F.,(2,2),(2,2),(0.,1.E-02),(0.,
    9.415511234022E-02),.PIECEWISE_BEZIER_KNOTS.);
#9899 = CARTESIAN_POINT('',(-0.470050462959,0.997409803516,0.9300001));
#9900 = CARTESIAN_POINT('',(-0.470050462959,1.091564915856,0.9300001));
#9901 = CARTESIAN_POINT('',(-0.470050462959,0.997409803516,0.9200001));
#9902 = CARTESIAN_POINT('',(-0.470050462959,1.091564915856,0.9200001));
#9903 = ADVANCED_FACE('',(#9904),#9926,.T.);
#9904 = FACE_BOUND('',#9905,.T.);
#9905 = EDGE_LOOP('',(#9906,#9915,#9920,#9921));
#9906 = ORIENTED_EDGE('',*,*,#9907,.F.);
#9907 = EDGE_CURVE('',#9908,#9910,#9912,.T.);
#9908 = VERTEX_POINT('',#9909);
#9909 = CARTESIAN_POINT('',(-0.443671627805,1.080734189744,0.9200001));
#9910 = VERTEX_POINT('',#9911);
#9911 = CARTESIAN_POINT('',(-0.457895981433,1.080734189744,0.9200001));
#9912 = B_SPLINE_CURVE_WITH_KNOTS('',1,(#9913,#9914),.UNSPECIFIED.,.F.,
  .F.,(2,2),(-5.551115123126E-17,1.422435362794E-02),
  .PIECEWISE_BEZIER_KNOTS.);
#9913 = CARTESIAN_POINT('',(-0.443671627805,1.080734189744,0.9200001));
#9914 = CARTESIAN_POINT('',(-0.457895981433,1.080734189744,0.9200001));
#9915 = ORIENTED_EDGE('',*,*,#9916,.F.);
#9916 = EDGE_CURVE('',#9744,#9908,#9917,.T.);
#9917 = B_SPLINE_CURVE_WITH_KNOTS('',1,(#9918,#9919),.UNSPECIFIED.,.F.,
  .F.,(2,2),(-0.,1.E-02),.PIECEWISE_BEZIER_KNOTS.);
#9918 = CARTESIAN_POINT('',(-0.443671627805,1.080734189744,0.9300001));
#9919 = CARTESIAN_POINT('',(-0.443671627805,1.080734189744,0.9200001));
#9920 = ORIENTED_EDGE('',*,*,#9743,.T.);
#9921 = ORIENTED_EDGE('',*,*,#9922,.T.);
#9922 = EDGE_CURVE('',#9735,#9910,#9923,.T.);
#9923 = B_SPLINE_CURVE_WITH_KNOTS('',1,(#9924,#9925),.UNSPECIFIED.,.F.,
  .F.,(2,2),(-0.,1.E-02),.PIECEWISE_BEZIER_KNOTS.);
#9924 = CARTESIAN_POINT('',(-0.457895981433,1.080734189744,0.9300001));
#9925 = CARTESIAN_POINT('',(-0.457895981433,1.080734189744,0.9200001));
#9926 = B_SPLINE_SURFACE_WITH_KNOTS('',1,1,(
    (#9927,#9928)
    ,(#9929,#9930)),.UNSPECIFIED.,.F.,.F.,.F.,(2,2),(2,2),(0.,1.E-02),(
    -1.422435362794E-02,5.551115123126E-17),.PIECEWISE_BEZIER_KNOTS.);
#9927 = CARTESIAN_POINT('',(-0.457895981433,1.080734189744,0.9300001));
#9928 = CARTESIAN_POINT('',(-0.443671627805,1.080734189744,0.9300001));
#9929 = CARTESIAN_POINT('',(-0.457895981433,1.080734189744,0.9200001));
#9930 = CARTESIAN_POINT('',(-0.443671627805,1.080734189744,0.9200001));
#9931 = ADVANCED_FACE('',(#9932),#9948,.T.);
#9932 = FACE_BOUND('',#9933,.T.);
#9933 = EDGE_LOOP('',(#9934,#9941,#9942,#9943));
#9934 = ORIENTED_EDGE('',*,*,#9935,.F.);
#9935 = EDGE_CURVE('',#9910,#9936,#9938,.T.);
#9936 = VERTEX_POINT('',#9937);
#9937 = CARTESIAN_POINT('',(-0.457895981433,1.008144256508,0.9200001));
#9938 = B_SPLINE_CURVE_WITH_KNOTS('',1,(#9939,#9940),.UNSPECIFIED.,.F.,
  .F.,(2,2),(0.,7.258993323587E-02),.PIECEWISE_BEZIER_KNOTS.);
#9939 = CARTESIAN_POINT('',(-0.457895981433,1.080734189744,0.9200001));
#9940 = CARTESIAN_POINT('',(-0.457895981433,1.008144256508,0.9200001));
#9941 = ORIENTED_EDGE('',*,*,#9922,.F.);
#9942 = ORIENTED_EDGE('',*,*,#9734,.T.);
#9943 = ORIENTED_EDGE('',*,*,#9944,.T.);
#9944 = EDGE_CURVE('',#9737,#9936,#9945,.T.);
#9945 = B_SPLINE_CURVE_WITH_KNOTS('',1,(#9946,#9947),.UNSPECIFIED.,.F.,
  .F.,(2,2),(-0.,1.E-02),.PIECEWISE_BEZIER_KNOTS.);
#9946 = CARTESIAN_POINT('',(-0.457895981433,1.008144256508,0.9300001));
#9947 = CARTESIAN_POINT('',(-0.457895981433,1.008144256508,0.9200001));
#9948 = B_SPLINE_SURFACE_WITH_KNOTS('',1,1,(
    (#9949,#9950)
    ,(#9951,#9952)),.UNSPECIFIED.,.F.,.F.,.F.,(2,2),(2,2),(0.,1.E-02),(
    -7.258993323587E-02,0.),.PIECEWISE_BEZIER_KNOTS.);
#9949 = CARTESIAN_POINT('',(-0.457895981433,1.008144256508,0.9300001));
#9950 = CARTESIAN_POINT('',(-0.457895981433,1.080734189744,0.9300001));
#9951 = CARTESIAN_POINT('',(-0.457895981433,1.008144256508,0.9200001));
#9952 = CARTESIAN_POINT('',(-0.457895981433,1.080734189744,0.9200001));
#9953 = ADVANCED_FACE('',(#9954),#9970,.T.);
#9954 = FACE_BOUND('',#9955,.T.);
#9955 = EDGE_LOOP('',(#9956,#9963,#9964,#9965));
#9956 = ORIENTED_EDGE('',*,*,#9957,.F.);
#9957 = EDGE_CURVE('',#9936,#9958,#9960,.T.);
#9958 = VERTEX_POINT('',#9959);
#9959 = CARTESIAN_POINT('',(-0.444225198251,1.008144256508,0.9200001));
#9960 = B_SPLINE_CURVE_WITH_KNOTS('',1,(#9961,#9962),.UNSPECIFIED.,.F.,
  .F.,(2,2),(0.,1.367078318217E-02),.PIECEWISE_BEZIER_KNOTS.);
#9961 = CARTESIAN_POINT('',(-0.457895981433,1.008144256508,0.9200001));
#9962 = CARTESIAN_POINT('',(-0.444225198251,1.008144256508,0.9200001));
#9963 = ORIENTED_EDGE('',*,*,#9944,.F.);
#9964 = ORIENTED_EDGE('',*,*,#9786,.T.);
#9965 = ORIENTED_EDGE('',*,*,#9966,.T.);
#9966 = EDGE_CURVE('',#9778,#9958,#9967,.T.);
#9967 = B_SPLINE_CURVE_WITH_KNOTS('',1,(#9968,#9969),.UNSPECIFIED.,.F.,
  .F.,(2,2),(-0.,1.E-02),.PIECEWISE_BEZIER_KNOTS.);
#9968 = CARTESIAN_POINT('',(-0.444225198251,1.008144256508,0.9300001));
#9969 = CARTESIAN_POINT('',(-0.444225198251,1.008144256508,0.9200001));
#9970 = B_SPLINE_SURFACE_WITH_KNOTS('',1,1,(
    (#9971,#9972)
    ,(#9973,#9974
    )),.UNSPECIFIED.,.F.,.F.,.F.,(2,2),(2,2),(-1.E-02,0.),(0.,
    1.367078318217E-02),.PIECEWISE_BEZIER_KNOTS.);
#9971 = CARTESIAN_POINT('',(-0.457895981433,1.008144256508,0.9200001));
#9972 = CARTESIAN_POINT('',(-0.444225198251,1.008144256508,0.9200001));
#9973 = CARTESIAN_POINT('',(-0.457895981433,1.008144256508,0.9300001));
#9974 = CARTESIAN_POINT('',(-0.444225198251,1.008144256508,0.9300001));
#9975 = ADVANCED_FACE('',(#9976),#9994,.T.);
#9976 = FACE_BOUND('',#9977,.T.);
#9977 = EDGE_LOOP('',(#9978,#9987,#9988,#9989));
#9978 = ORIENTED_EDGE('',*,*,#9979,.F.);
#9979 = EDGE_CURVE('',#9958,#9980,#9982,.T.);
#9980 = VERTEX_POINT('',#9981);
#9981 = CARTESIAN_POINT('',(-0.416233788319,1.01796411485,0.9200001));
#9982 = B_SPLINE_CURVE_WITH_KNOTS('',3,(#9983,#9984,#9985,#9986),
  .UNSPECIFIED.,.F.,.F.,(4,4),(2.,3.),.PIECEWISE_BEZIER_KNOTS.);
#9983 = CARTESIAN_POINT('',(-0.444225198251,1.008144256508,0.9200001));
#9984 = CARTESIAN_POINT('',(-0.432263262966,1.008144256508,0.9200001));
#9985 = CARTESIAN_POINT('',(-0.422924770229,1.011417542621,0.9200001));
#9986 = CARTESIAN_POINT('',(-0.416233788319,1.01796411485,0.9200001));
#9987 = ORIENTED_EDGE('',*,*,#9966,.F.);
#9988 = ORIENTED_EDGE('',*,*,#9777,.T.);
#9989 = ORIENTED_EDGE('',*,*,#9990,.T.);
#9990 = EDGE_CURVE('',#9769,#9980,#9991,.T.);
#9991 = B_SPLINE_CURVE_WITH_KNOTS('',1,(#9992,#9993),.UNSPECIFIED.,.F.,
  .F.,(2,2),(-0.,1.E-02),.PIECEWISE_BEZIER_KNOTS.);
#9992 = CARTESIAN_POINT('',(-0.416233788319,1.01796411485,0.9300001));
#9993 = CARTESIAN_POINT('',(-0.416233788319,1.01796411485,0.9200001));
#9994 = B_SPLINE_SURFACE_WITH_KNOTS('',3,1,(
    (#9995,#9996)
    ,(#9997,#9998)
    ,(#9999,#10000)
    ,(#10001,#10002
    )),.UNSPECIFIED.,.F.,.F.,.F.,(4,4),(2,2),(2.,3.),(0.,1.),
  .PIECEWISE_BEZIER_KNOTS.);
#9995 = CARTESIAN_POINT('',(-0.444225198251,1.008144256508,0.9300001));
#9996 = CARTESIAN_POINT('',(-0.444225198251,1.008144256508,0.9200001));
#9997 = CARTESIAN_POINT('',(-0.432263262966,1.008144256508,0.9300001));
#9998 = CARTESIAN_POINT('',(-0.432263262966,1.008144256508,0.9200001));
#9999 = CARTESIAN_POINT('',(-0.422924770229,1.011417542621,0.9300001));
#10000 = CARTESIAN_POINT('',(-0.422924770229,1.011417542621,0.9200001));
#10001 = CARTESIAN_POINT('',(-0.416233788319,1.01796411485,0.9300001));
#10002 = CARTESIAN_POINT('',(-0.416233788319,1.01796411485,0.9200001));
#10003 = ADVANCED_FACE('',(#10004),#10022,.T.);
#10004 = FACE_BOUND('',#10005,.T.);
#10005 = EDGE_LOOP('',(#10006,#10015,#10016,#10017));
#10006 = ORIENTED_EDGE('',*,*,#10007,.F.);
#10007 = EDGE_CURVE('',#9980,#10008,#10010,.T.);
#10008 = VERTEX_POINT('',#10009);
#10009 = CARTESIAN_POINT('',(-0.406173247175,1.045353817775,0.9200001));
#10010 = B_SPLINE_CURVE_WITH_KNOTS('',3,(#10011,#10012,#10013,#10014),
  .UNSPECIFIED.,.F.,.F.,(4,4),(3.,4.),.PIECEWISE_BEZIER_KNOTS.);
#10011 = CARTESIAN_POINT('',(-0.416233788319,1.01796411485,0.9200001));
#10012 = CARTESIAN_POINT('',(-0.409518738129,1.024462550518,0.9200001));
#10013 = CARTESIAN_POINT('',(-0.406173247175,1.033608497013,0.9200001));
#10014 = CARTESIAN_POINT('',(-0.406173247175,1.045353817775,0.9200001));
#10015 = ORIENTED_EDGE('',*,*,#9990,.F.);
#10016 = ORIENTED_EDGE('',*,*,#9768,.T.);
#10017 = ORIENTED_EDGE('',*,*,#10018,.T.);
#10018 = EDGE_CURVE('',#9760,#10008,#10019,.T.);
#10019 = B_SPLINE_CURVE_WITH_KNOTS('',1,(#10020,#10021),.UNSPECIFIED.,
  .F.,.F.,(2,2),(-0.,1.E-02),.PIECEWISE_BEZIER_KNOTS.);
#10020 = CARTESIAN_POINT('',(-0.406173247175,1.045353817775,0.9300001));
#10021 = CARTESIAN_POINT('',(-0.406173247175,1.045353817775,0.9200001));
#10022 = B_SPLINE_SURFACE_WITH_KNOTS('',3,1,(
    (#10023,#10024)
    ,(#10025,#10026)
    ,(#10027,#10028)
    ,(#10029,#10030
    )),.UNSPECIFIED.,.F.,.F.,.F.,(4,4),(2,2),(3.,4.),(0.,1.),
  .PIECEWISE_BEZIER_KNOTS.);
#10023 = CARTESIAN_POINT('',(-0.416233788319,1.01796411485,0.9300001));
#10024 = CARTESIAN_POINT('',(-0.416233788319,1.01796411485,0.9200001));
#10025 = CARTESIAN_POINT('',(-0.409518738129,1.024462550518,0.9300001));
#10026 = CARTESIAN_POINT('',(-0.409518738129,1.024462550518,0.9200001));
#10027 = CARTESIAN_POINT('',(-0.406173247175,1.033608497013,0.9300001));
#10028 = CARTESIAN_POINT('',(-0.406173247175,1.033608497013,0.9200001));
#10029 = CARTESIAN_POINT('',(-0.406173247175,1.045353817775,0.9300001));
#10030 = CARTESIAN_POINT('',(-0.406173247175,1.045353817775,0.9200001));
#10031 = ADVANCED_FACE('',(#10032),#10050,.T.);
#10032 = FACE_BOUND('',#10033,.T.);
#10033 = EDGE_LOOP('',(#10034,#10043,#10044,#10045));
#10034 = ORIENTED_EDGE('',*,*,#10035,.F.);
#10035 = EDGE_CURVE('',#10008,#10036,#10038,.T.);
#10036 = VERTEX_POINT('',#10037);
#10037 = CARTESIAN_POINT('',(-0.416498539402,1.071877062611,0.9200001));
#10038 = B_SPLINE_CURVE_WITH_KNOTS('',3,(#10039,#10040,#10041,#10042),
  .UNSPECIFIED.,.F.,.F.,(4,4),(4.,5.),.PIECEWISE_BEZIER_KNOTS.);
#10039 = CARTESIAN_POINT('',(-0.406173247175,1.045353817775,0.9200001));
#10040 = CARTESIAN_POINT('',(-0.406173247175,1.057099138538,0.9200001));
#10041 = CARTESIAN_POINT('',(-0.409615011251,1.065956265669,0.9200001));
#10042 = CARTESIAN_POINT('',(-0.416498539402,1.071877062611,0.9200001));
#10043 = ORIENTED_EDGE('',*,*,#10018,.F.);
#10044 = ORIENTED_EDGE('',*,*,#9759,.T.);
#10045 = ORIENTED_EDGE('',*,*,#10046,.T.);
#10046 = EDGE_CURVE('',#9751,#10036,#10047,.T.);
#10047 = B_SPLINE_CURVE_WITH_KNOTS('',1,(#10048,#10049),.UNSPECIFIED.,
  .F.,.F.,(2,2),(-0.,1.E-02),.PIECEWISE_BEZIER_KNOTS.);
#10048 = CARTESIAN_POINT('',(-0.416498539402,1.071877062611,0.9300001));
#10049 = CARTESIAN_POINT('',(-0.416498539402,1.071877062611,0.9200001));
#10050 = B_SPLINE_SURFACE_WITH_KNOTS('',3,1,(
    (#10051,#10052)
    ,(#10053,#10054)
    ,(#10055,#10056)
    ,(#10057,#10058
    )),.UNSPECIFIED.,.F.,.F.,.F.,(4,4),(2,2),(4.,5.),(0.,1.),
  .PIECEWISE_BEZIER_KNOTS.);
#10051 = CARTESIAN_POINT('',(-0.406173247175,1.045353817775,0.9300001));
#10052 = CARTESIAN_POINT('',(-0.406173247175,1.045353817775,0.9200001));
#10053 = CARTESIAN_POINT('',(-0.406173247175,1.057099138538,0.9300001));
#10054 = CARTESIAN_POINT('',(-0.406173247175,1.057099138538,0.9200001));
#10055 = CARTESIAN_POINT('',(-0.409615011251,1.065956265669,0.9300001));
#10056 = CARTESIAN_POINT('',(-0.409615011251,1.065956265669,0.9200001));
#10057 = CARTESIAN_POINT('',(-0.416498539402,1.071877062611,0.9300001));
#10058 = CARTESIAN_POINT('',(-0.416498539402,1.071877062611,0.9200001));
#10059 = ADVANCED_FACE('',(#10060),#10072,.T.);
#10060 = FACE_BOUND('',#10061,.T.);
#10061 = EDGE_LOOP('',(#10062,#10069,#10070,#10071));
#10062 = ORIENTED_EDGE('',*,*,#10063,.F.);
#10063 = EDGE_CURVE('',#10036,#9908,#10064,.T.);
#10064 = B_SPLINE_CURVE_WITH_KNOTS('',3,(#10065,#10066,#10067,#10068),
  .UNSPECIFIED.,.F.,.F.,(4,4),(5.,6.),.PIECEWISE_BEZIER_KNOTS.);
#10065 = CARTESIAN_POINT('',(-0.416498539402,1.071877062611,0.9200001));
#10066 = CARTESIAN_POINT('',(-0.423382067554,1.077797859553,0.9200001));
#10067 = CARTESIAN_POINT('',(-0.432455809208,1.080734189744,0.9200001));
#10068 = CARTESIAN_POINT('',(-0.443671627805,1.080734189744,0.9200001));
#10069 = ORIENTED_EDGE('',*,*,#10046,.F.);
#10070 = ORIENTED_EDGE('',*,*,#9750,.T.);
#10071 = ORIENTED_EDGE('',*,*,#9916,.T.);
#10072 = B_SPLINE_SURFACE_WITH_KNOTS('',3,1,(
    (#10073,#10074)
    ,(#10075,#10076)
    ,(#10077,#10078)
    ,(#10079,#10080
    )),.UNSPECIFIED.,.F.,.F.,.F.,(4,4),(2,2),(5.,6.),(0.,1.),
  .PIECEWISE_BEZIER_KNOTS.);
#10073 = CARTESIAN_POINT('',(-0.416498539402,1.071877062611,0.9300001));
#10074 = CARTESIAN_POINT('',(-0.416498539402,1.071877062611,0.9200001));
#10075 = CARTESIAN_POINT('',(-0.423382067554,1.077797859553,0.9300001));
#10076 = CARTESIAN_POINT('',(-0.423382067554,1.077797859553,0.9200001));
#10077 = CARTESIAN_POINT('',(-0.432455809208,1.080734189744,0.9300001));
#10078 = CARTESIAN_POINT('',(-0.432455809208,1.080734189744,0.9200001));
#10079 = CARTESIAN_POINT('',(-0.443671627805,1.080734189744,0.9300001));
#10080 = CARTESIAN_POINT('',(-0.443671627805,1.080734189744,0.9200001));
#10081 = ADVANCED_FACE('',(#10082),#10091,.T.);
#10082 = FACE_BOUND('',#10083,.T.);
#10083 = EDGE_LOOP('',(#10084,#10085,#10086,#10087,#10088,#10089,#10090)
  );
#10084 = ORIENTED_EDGE('',*,*,#9907,.T.);
#10085 = ORIENTED_EDGE('',*,*,#9935,.T.);
#10086 = ORIENTED_EDGE('',*,*,#9957,.T.);
#10087 = ORIENTED_EDGE('',*,*,#9979,.T.);
#10088 = ORIENTED_EDGE('',*,*,#10007,.T.);
#10089 = ORIENTED_EDGE('',*,*,#10035,.T.);
#10090 = ORIENTED_EDGE('',*,*,#10063,.T.);
#10091 = B_SPLINE_SURFACE_WITH_KNOTS('',1,1,(
    (#10092,#10093)
    ,(#10094,#10095
    )),.UNSPECIFIED.,.F.,.F.,.F.,(2,2),(2,2),(-0.457895981433,
    -0.406173247175),(1.008144256508,1.080734189744),
  .PIECEWISE_BEZIER_KNOTS.);
#10092 = CARTESIAN_POINT('',(-0.457895981433,1.008144256508,0.9200001));
#10093 = CARTESIAN_POINT('',(-0.457895981433,1.080734189744,0.9200001));
#10094 = CARTESIAN_POINT('',(-0.406173247175,1.008144256508,0.9200001));
#10095 = CARTESIAN_POINT('',(-0.406173247175,1.080734189744,0.9200001));
#10096 = ADVANCED_FACE('',(#10097),#10119,.F.);
#10097 = FACE_BOUND('',#10098,.T.);
#10098 = EDGE_LOOP('',(#10099,#10100,#10107,#10114));
#10099 = ORIENTED_EDGE('',*,*,#102,.T.);
#10100 = ORIENTED_EDGE('',*,*,#10101,.F.);
#10101 = EDGE_CURVE('',#10102,#94,#10104,.T.);
#10102 = VERTEX_POINT('',#10103);
#10103 = CARTESIAN_POINT('',(-0.339311564638,1.091564915856,0.9300001));
#10104 = B_SPLINE_CURVE_WITH_KNOTS('',1,(#10105,#10106),.UNSPECIFIED.,
  .F.,.F.,(2,2),(-0.,1.E-02),.PIECEWISE_BEZIER_KNOTS.);
#10105 = CARTESIAN_POINT('',(-0.339311564638,1.091564915856,0.9300001));
#10106 = CARTESIAN_POINT('',(-0.339311564638,1.091564915856,0.9200001));
#10107 = ORIENTED_EDGE('',*,*,#10108,.F.);
#10108 = EDGE_CURVE('',#10109,#10102,#10111,.T.);
#10109 = VERTEX_POINT('',#10110);
#10110 = CARTESIAN_POINT('',(-0.303449827065,0.997409803516,0.9300001));
#10111 = B_SPLINE_CURVE_WITH_KNOTS('',1,(#10112,#10113),.UNSPECIFIED.,
  .F.,.F.,(2,2),(-0.100753408883,0.),.PIECEWISE_BEZIER_KNOTS.);
#10112 = CARTESIAN_POINT('',(-0.303449827065,0.997409803516,0.9300001));
#10113 = CARTESIAN_POINT('',(-0.339311564638,1.091564915856,0.9300001));
#10114 = ORIENTED_EDGE('',*,*,#10115,.T.);
#10115 = EDGE_CURVE('',#10109,#103,#10116,.T.);
#10116 = B_SPLINE_CURVE_WITH_KNOTS('',1,(#10117,#10118),.UNSPECIFIED.,
  .F.,.F.,(2,2),(-0.,1.E-02),.PIECEWISE_BEZIER_KNOTS.);
#10117 = CARTESIAN_POINT('',(-0.303449827065,0.997409803516,0.9300001));
#10118 = CARTESIAN_POINT('',(-0.303449827065,0.997409803516,0.9200001));
#10119 = B_SPLINE_SURFACE_WITH_KNOTS('',1,1,(
    (#10120,#10121)
    ,(#10122,#10123
    )),.UNSPECIFIED.,.F.,.F.,.F.,(2,2),(2,2),(0.,0.100753408883),(
    -1.E-02,0.),.PIECEWISE_BEZIER_KNOTS.);
#10120 = CARTESIAN_POINT('',(-0.339311564638,1.091564915856,0.9200001));
#10121 = CARTESIAN_POINT('',(-0.339311564638,1.091564915856,0.9300001));
#10122 = CARTESIAN_POINT('',(-0.303449827065,0.997409803516,0.9200001));
#10123 = CARTESIAN_POINT('',(-0.303449827065,0.997409803516,0.9300001));
#10124 = ADVANCED_FACE('',(#10125,#10175),#10223,.F.);
#10125 = FACE_BOUND('',#10126,.T.);
#10126 = EDGE_LOOP('',(#10127,#10128,#10135,#10142,#10149,#10156,#10163,
    #10170));
#10127 = ORIENTED_EDGE('',*,*,#10108,.T.);
#10128 = ORIENTED_EDGE('',*,*,#10129,.T.);
#10129 = EDGE_CURVE('',#10102,#10130,#10132,.T.);
#10130 = VERTEX_POINT('',#10131);
#10131 = CARTESIAN_POINT('',(-0.352308435974,1.091564915856,0.9300001));
#10132 = B_SPLINE_CURVE_WITH_KNOTS('',1,(#10133,#10134),.UNSPECIFIED.,
  .F.,.F.,(2,2),(-1.299687133592E-02,-0.),.PIECEWISE_BEZIER_KNOTS.);
#10133 = CARTESIAN_POINT('',(-0.339311564638,1.091564915856,0.9300001));
#10134 = CARTESIAN_POINT('',(-0.352308435974,1.091564915856,0.9300001));
#10135 = ORIENTED_EDGE('',*,*,#10136,.T.);
#10136 = EDGE_CURVE('',#10130,#10137,#10139,.T.);
#10137 = VERTEX_POINT('',#10138);
#10138 = CARTESIAN_POINT('',(-0.388170173548,0.997409803516,0.9300001));
#10139 = B_SPLINE_CURVE_WITH_KNOTS('',1,(#10140,#10141),.UNSPECIFIED.,
  .F.,.F.,(2,2),(-0.100753408883,-0.),.PIECEWISE_BEZIER_KNOTS.);
#10140 = CARTESIAN_POINT('',(-0.352308435974,1.091564915856,0.9300001));
#10141 = CARTESIAN_POINT('',(-0.388170173548,0.997409803516,0.9300001));
#10142 = ORIENTED_EDGE('',*,*,#10143,.T.);
#10143 = EDGE_CURVE('',#10137,#10144,#10146,.T.);
#10144 = VERTEX_POINT('',#10145);
#10145 = CARTESIAN_POINT('',(-0.374740073168,0.997409803516,0.9300001));
#10146 = B_SPLINE_CURVE_WITH_KNOTS('',1,(#10147,#10148),.UNSPECIFIED.,
  .F.,.F.,(2,2),(-1.343010037993E-02,0.),.PIECEWISE_BEZIER_KNOTS.);
#10147 = CARTESIAN_POINT('',(-0.388170173548,0.997409803516,0.9300001));
#10148 = CARTESIAN_POINT('',(-0.374740073168,0.997409803516,0.9300001));
#10149 = ORIENTED_EDGE('',*,*,#10150,.T.);
#10150 = EDGE_CURVE('',#10144,#10151,#10153,.T.);
#10151 = VERTEX_POINT('',#10152);
#10152 = CARTESIAN_POINT('',(-0.365690399793,1.023162863384,0.9300001));
#10153 = B_SPLINE_CURVE_WITH_KNOTS('',1,(#10154,#10155),.UNSPECIFIED.,
  .F.,.F.,(2,2),(-2.729682546977E-02,0.),.PIECEWISE_BEZIER_KNOTS.);
#10154 = CARTESIAN_POINT('',(-0.374740073168,0.997409803516,0.9300001));
#10155 = CARTESIAN_POINT('',(-0.365690399793,1.023162863384,0.9300001));
#10156 = ORIENTED_EDGE('',*,*,#10157,.T.);
#10157 = EDGE_CURVE('',#10151,#10158,#10160,.T.);
#10158 = VERTEX_POINT('',#10159);
#10159 = CARTESIAN_POINT('',(-0.326483171265,1.023162863384,0.9300001));
#10160 = B_SPLINE_CURVE_WITH_KNOTS('',1,(#10161,#10162),.UNSPECIFIED.,
  .F.,.F.,(2,2),(-3.920722852847E-02,0.),.PIECEWISE_BEZIER_KNOTS.);
#10161 = CARTESIAN_POINT('',(-0.365690399793,1.023162863384,0.9300001));
#10162 = CARTESIAN_POINT('',(-0.326483171265,1.023162863384,0.9300001));
#10163 = ORIENTED_EDGE('',*,*,#10164,.T.);
#10164 = EDGE_CURVE('',#10158,#10165,#10167,.T.);
#10165 = VERTEX_POINT('',#10166);
#10166 = CARTESIAN_POINT('',(-0.316879927444,0.997409803516,0.9300001));
#10167 = B_SPLINE_CURVE_WITH_KNOTS('',1,(#10168,#10169),.UNSPECIFIED.,
  .F.,.F.,(2,2),(-2.748531215805E-02,0.),.PIECEWISE_BEZIER_KNOTS.);
#10168 = CARTESIAN_POINT('',(-0.326483171265,1.023162863384,0.9300001));
#10169 = CARTESIAN_POINT('',(-0.316879927444,0.997409803516,0.9300001));
#10170 = ORIENTED_EDGE('',*,*,#10171,.T.);
#10171 = EDGE_CURVE('',#10165,#10109,#10172,.T.);
#10172 = B_SPLINE_CURVE_WITH_KNOTS('',1,(#10173,#10174),.UNSPECIFIED.,
  .F.,.F.,(2,2),(-1.343010037929E-02,0.),.PIECEWISE_BEZIER_KNOTS.);
#10173 = CARTESIAN_POINT('',(-0.316879927444,0.997409803516,0.9300001));
#10174 = CARTESIAN_POINT('',(-0.303449827065,0.997409803516,0.9300001));
#10175 = FACE_BOUND('',#10176,.T.);
#10176 = EDGE_LOOP('',(#10177,#10186,#10193,#10202,#10209,#10218));
#10177 = ORIENTED_EDGE('',*,*,#10178,.F.);
#10178 = EDGE_CURVE('',#10179,#10181,#10183,.T.);
#10179 = VERTEX_POINT('',#10180);
#10180 = CARTESIAN_POINT('',(-0.361839474953,1.033801043255,0.9300001));
#10181 = VERTEX_POINT('',#10182);
#10182 = CARTESIAN_POINT('',(-0.330237822984,1.033801043255,0.9300001));
#10183 = B_SPLINE_CURVE_WITH_KNOTS('',1,(#10184,#10185),.UNSPECIFIED.,
  .F.,.F.,(2,2),(0.,3.160165196897E-02),.PIECEWISE_BEZIER_KNOTS.);
#10184 = CARTESIAN_POINT('',(-0.361839474953,1.033801043255,0.9300001));
#10185 = CARTESIAN_POINT('',(-0.330237822984,1.033801043255,0.9300001));
#10186 = ORIENTED_EDGE('',*,*,#10187,.F.);
#10187 = EDGE_CURVE('',#10188,#10179,#10190,.T.);
#10188 = VERTEX_POINT('',#10189);
#10189 = CARTESIAN_POINT('',(-0.347759531007,1.072936066943,0.9300001));
#10190 = B_SPLINE_CURVE_WITH_KNOTS('',1,(#10191,#10192),.UNSPECIFIED.,
  .F.,.F.,(2,2),(2.277261815246E-16,4.159080307671E-02),
  .PIECEWISE_BEZIER_KNOTS.);
#10191 = CARTESIAN_POINT('',(-0.347759531007,1.072936066943,0.9300001));
#10192 = CARTESIAN_POINT('',(-0.361839474953,1.033801043255,0.9300001));
#10193 = ORIENTED_EDGE('',*,*,#10194,.F.);
#10194 = EDGE_CURVE('',#10195,#10188,#10197,.T.);
#10195 = VERTEX_POINT('',#10196);
#10196 = CARTESIAN_POINT('',(-0.34621916107,1.079530775731,0.9300001));
#10197 = B_SPLINE_CURVE_WITH_KNOTS('',3,(#10198,#10199,#10200,#10201),
  .UNSPECIFIED.,.F.,.F.,(4,4),(3.,4.),.PIECEWISE_BEZIER_KNOTS.);
#10198 = CARTESIAN_POINT('',(-0.34621916107,1.079530775731,0.9300001));
#10199 = CARTESIAN_POINT('',(-0.346676458395,1.076690718661,0.9300001));
#10200 = CARTESIAN_POINT('',(-0.34718189228,1.074476436878,0.9300001));
#10201 = CARTESIAN_POINT('',(-0.347759531007,1.072936066943,0.9300001));
#10202 = ORIENTED_EDGE('',*,*,#10203,.F.);
#10203 = EDGE_CURVE('',#10204,#10195,#10206,.T.);
#10204 = VERTEX_POINT('',#10205);
#10205 = CARTESIAN_POINT('',(-0.345930341707,1.079530775731,0.9300001));
#10206 = B_SPLINE_CURVE_WITH_KNOTS('',1,(#10207,#10208),.UNSPECIFIED.,
  .F.,.F.,(2,2),(-1.110223024625E-16,2.888193633205E-04),
  .PIECEWISE_BEZIER_KNOTS.);
#10207 = CARTESIAN_POINT('',(-0.345930341707,1.079530775731,0.9300001));
#10208 = CARTESIAN_POINT('',(-0.34621916107,1.079530775731,0.9300001));
#10209 = ORIENTED_EDGE('',*,*,#10210,.F.);
#10210 = EDGE_CURVE('',#10211,#10204,#10213,.T.);
#10211 = VERTEX_POINT('',#10212);
#10212 = CARTESIAN_POINT('',(-0.344462176612,1.072936066943,0.9300001));
#10213 = B_SPLINE_CURVE_WITH_KNOTS('',3,(#10214,#10215,#10216,#10217),
  .UNSPECIFIED.,.F.,.F.,(4,4),(1.,2.),.PIECEWISE_BEZIER_KNOTS.);
#10214 = CARTESIAN_POINT('',(-0.344462176612,1.072936066943,0.9300001));
#10215 = CARTESIAN_POINT('',(-0.344919473936,1.074235754076,0.9300001));
#10216 = CARTESIAN_POINT('',(-0.345400839542,1.076401899298,0.9300001));
#10217 = CARTESIAN_POINT('',(-0.345930341707,1.079530775731,0.9300001));
#10218 = ORIENTED_EDGE('',*,*,#10219,.F.);
#10219 = EDGE_CURVE('',#10181,#10211,#10220,.T.);
#10220 = B_SPLINE_CURVE_WITH_KNOTS('',1,(#10221,#10222),.UNSPECIFIED.,
  .F.,.F.,(2,2),(0.,4.163991252627E-02),.PIECEWISE_BEZIER_KNOTS.);
#10221 = CARTESIAN_POINT('',(-0.330237822984,1.033801043255,0.9300001));
#10222 = CARTESIAN_POINT('',(-0.344462176612,1.072936066943,0.9300001));
#10223 = B_SPLINE_SURFACE_WITH_KNOTS('',1,1,(
    (#10224,#10225)
    ,(#10226,#10227
    )),.UNSPECIFIED.,.F.,.F.,.F.,(2,2),(2,2),(0.303449827065,
    0.388170173548),(0.997409803516,1.091564915856),
  .PIECEWISE_BEZIER_KNOTS.);
#10224 = CARTESIAN_POINT('',(-0.303449827065,0.997409803516,0.9300001));
#10225 = CARTESIAN_POINT('',(-0.303449827065,1.091564915856,0.9300001));
#10226 = CARTESIAN_POINT('',(-0.388170173548,0.997409803516,0.9300001));
#10227 = CARTESIAN_POINT('',(-0.388170173548,1.091564915856,0.9300001));
#10228 = ADVANCED_FACE('',(#10229),#10239,.F.);
#10229 = FACE_BOUND('',#10230,.T.);
#10230 = EDGE_LOOP('',(#10231,#10232,#10237,#10238));
#10231 = ORIENTED_EDGE('',*,*,#93,.T.);
#10232 = ORIENTED_EDGE('',*,*,#10233,.F.);
#10233 = EDGE_CURVE('',#10130,#96,#10234,.T.);
#10234 = B_SPLINE_CURVE_WITH_KNOTS('',1,(#10235,#10236),.UNSPECIFIED.,
  .F.,.F.,(2,2),(-0.,1.E-02),.PIECEWISE_BEZIER_KNOTS.);
#10235 = CARTESIAN_POINT('',(-0.352308435974,1.091564915856,0.9300001));
#10236 = CARTESIAN_POINT('',(-0.352308435974,1.091564915856,0.9200001));
#10237 = ORIENTED_EDGE('',*,*,#10129,.F.);
#10238 = ORIENTED_EDGE('',*,*,#10101,.T.);
#10239 = B_SPLINE_SURFACE_WITH_KNOTS('',1,1,(
    (#10240,#10241)
    ,(#10242,#10243
  )),.UNSPECIFIED.,.F.,.F.,.F.,(2,2),(2,2),(0.,1.E-02),(0.,
    1.299687133592E-02),.PIECEWISE_BEZIER_KNOTS.);
#10240 = CARTESIAN_POINT('',(-0.352308435974,1.091564915856,0.9300001));
#10241 = CARTESIAN_POINT('',(-0.339311564638,1.091564915856,0.9300001));
#10242 = CARTESIAN_POINT('',(-0.352308435974,1.091564915856,0.9200001));
#10243 = CARTESIAN_POINT('',(-0.339311564638,1.091564915856,0.9200001));
#10244 = ADVANCED_FACE('',(#10245),#10255,.F.);
#10245 = FACE_BOUND('',#10246,.T.);
#10246 = EDGE_LOOP('',(#10247,#10248,#10253,#10254));
#10247 = ORIENTED_EDGE('',*,*,#144,.T.);
#10248 = ORIENTED_EDGE('',*,*,#10249,.F.);
#10249 = EDGE_CURVE('',#10137,#138,#10250,.T.);
#10250 = B_SPLINE_CURVE_WITH_KNOTS('',1,(#10251,#10252),.UNSPECIFIED.,
  .F.,.F.,(2,2),(-0.,1.E-02),.PIECEWISE_BEZIER_KNOTS.);
#10251 = CARTESIAN_POINT('',(-0.388170173548,0.997409803516,0.9300001));
#10252 = CARTESIAN_POINT('',(-0.388170173548,0.997409803516,0.9200001));
#10253 = ORIENTED_EDGE('',*,*,#10136,.F.);
#10254 = ORIENTED_EDGE('',*,*,#10233,.T.);
#10255 = B_SPLINE_SURFACE_WITH_KNOTS('',1,1,(
    (#10256,#10257)
    ,(#10258,#10259
    )),.UNSPECIFIED.,.F.,.F.,.F.,(2,2),(2,2),(0.,0.100753408883),(
    -1.E-02,0.),.PIECEWISE_BEZIER_KNOTS.);
#10256 = CARTESIAN_POINT('',(-0.388170173548,0.997409803516,0.9200001));
#10257 = CARTESIAN_POINT('',(-0.388170173548,0.997409803516,0.9300001));
#10258 = CARTESIAN_POINT('',(-0.352308435974,1.091564915856,0.9200001));
#10259 = CARTESIAN_POINT('',(-0.352308435974,1.091564915856,0.9300001));
#10260 = ADVANCED_FACE('',(#10261),#10271,.F.);
#10261 = FACE_BOUND('',#10262,.T.);
#10262 = EDGE_LOOP('',(#10263,#10264,#10269,#10270));
#10263 = ORIENTED_EDGE('',*,*,#137,.T.);
#10264 = ORIENTED_EDGE('',*,*,#10265,.F.);
#10265 = EDGE_CURVE('',#10144,#131,#10266,.T.);
#10266 = B_SPLINE_CURVE_WITH_KNOTS('',1,(#10267,#10268),.UNSPECIFIED.,
  .F.,.F.,(2,2),(-0.,1.E-02),.PIECEWISE_BEZIER_KNOTS.);
#10267 = CARTESIAN_POINT('',(-0.374740073168,0.997409803516,0.9300001));
#10268 = CARTESIAN_POINT('',(-0.374740073168,0.997409803516,0.9200001));
#10269 = ORIENTED_EDGE('',*,*,#10143,.F.);
#10270 = ORIENTED_EDGE('',*,*,#10249,.T.);
#10271 = B_SPLINE_SURFACE_WITH_KNOTS('',1,1,(
    (#10272,#10273)
    ,(#10274,#10275
  )),.UNSPECIFIED.,.F.,.F.,.F.,(2,2),(2,2),(-1.E-02,0.),(
    -1.343010037993E-02,0.),.PIECEWISE_BEZIER_KNOTS.);
#10272 = CARTESIAN_POINT('',(-0.388170173548,0.997409803516,0.9200001));
#10273 = CARTESIAN_POINT('',(-0.374740073168,0.997409803516,0.9200001));
#10274 = CARTESIAN_POINT('',(-0.388170173548,0.997409803516,0.9300001));
#10275 = CARTESIAN_POINT('',(-0.374740073168,0.997409803516,0.9300001));
#10276 = ADVANCED_FACE('',(#10277),#10287,.F.);
#10277 = FACE_BOUND('',#10278,.T.);
#10278 = EDGE_LOOP('',(#10279,#10280,#10285,#10286));
#10279 = ORIENTED_EDGE('',*,*,#130,.T.);
#10280 = ORIENTED_EDGE('',*,*,#10281,.F.);
#10281 = EDGE_CURVE('',#10151,#124,#10282,.T.);
#10282 = B_SPLINE_CURVE_WITH_KNOTS('',1,(#10283,#10284),.UNSPECIFIED.,
  .F.,.F.,(2,2),(-0.,1.E-02),.PIECEWISE_BEZIER_KNOTS.);
#10283 = CARTESIAN_POINT('',(-0.365690399793,1.023162863384,0.9300001));
#10284 = CARTESIAN_POINT('',(-0.365690399793,1.023162863384,0.9200001));
#10285 = ORIENTED_EDGE('',*,*,#10150,.F.);
#10286 = ORIENTED_EDGE('',*,*,#10265,.T.);
#10287 = B_SPLINE_SURFACE_WITH_KNOTS('',1,1,(
    (#10288,#10289)
    ,(#10290,#10291
    )),.UNSPECIFIED.,.F.,.F.,.F.,(2,2),(2,2),(-0.,2.729682546977E-02),(
    -1.E-02,0.),.PIECEWISE_BEZIER_KNOTS.);
#10288 = CARTESIAN_POINT('',(-0.365690399793,1.023162863384,0.9200001));
#10289 = CARTESIAN_POINT('',(-0.365690399793,1.023162863384,0.9300001));
#10290 = CARTESIAN_POINT('',(-0.374740073168,0.997409803516,0.9200001));
#10291 = CARTESIAN_POINT('',(-0.374740073168,0.997409803516,0.9300001));
#10292 = ADVANCED_FACE('',(#10293),#10303,.F.);
#10293 = FACE_BOUND('',#10294,.T.);
#10294 = EDGE_LOOP('',(#10295,#10296,#10301,#10302));
#10295 = ORIENTED_EDGE('',*,*,#123,.T.);
#10296 = ORIENTED_EDGE('',*,*,#10297,.F.);
#10297 = EDGE_CURVE('',#10158,#117,#10298,.T.);
#10298 = B_SPLINE_CURVE_WITH_KNOTS('',1,(#10299,#10300),.UNSPECIFIED.,
  .F.,.F.,(2,2),(-0.,1.E-02),.PIECEWISE_BEZIER_KNOTS.);
#10299 = CARTESIAN_POINT('',(-0.326483171265,1.023162863384,0.9300001));
#10300 = CARTESIAN_POINT('',(-0.326483171265,1.023162863384,0.9200001));
#10301 = ORIENTED_EDGE('',*,*,#10157,.F.);
#10302 = ORIENTED_EDGE('',*,*,#10281,.T.);
#10303 = B_SPLINE_SURFACE_WITH_KNOTS('',1,1,(
    (#10304,#10305)
    ,(#10306,#10307
  )),.UNSPECIFIED.,.F.,.F.,.F.,(2,2),(2,2),(-1.E-02,0.),(
    -3.920722852847E-02,0.),.PIECEWISE_BEZIER_KNOTS.);
#10304 = CARTESIAN_POINT('',(-0.365690399793,1.023162863384,0.9200001));
#10305 = CARTESIAN_POINT('',(-0.326483171265,1.023162863384,0.9200001));
#10306 = CARTESIAN_POINT('',(-0.365690399793,1.023162863384,0.9300001));
#10307 = CARTESIAN_POINT('',(-0.326483171265,1.023162863384,0.9300001));
#10308 = ADVANCED_FACE('',(#10309),#10319,.F.);
#10309 = FACE_BOUND('',#10310,.T.);
#10310 = EDGE_LOOP('',(#10311,#10312,#10317,#10318));
#10311 = ORIENTED_EDGE('',*,*,#116,.T.);
#10312 = ORIENTED_EDGE('',*,*,#10313,.F.);
#10313 = EDGE_CURVE('',#10165,#110,#10314,.T.);
#10314 = B_SPLINE_CURVE_WITH_KNOTS('',1,(#10315,#10316),.UNSPECIFIED.,
  .F.,.F.,(2,2),(-0.,1.E-02),.PIECEWISE_BEZIER_KNOTS.);
#10315 = CARTESIAN_POINT('',(-0.316879927444,0.997409803516,0.9300001));
#10316 = CARTESIAN_POINT('',(-0.316879927444,0.997409803516,0.9200001));
#10317 = ORIENTED_EDGE('',*,*,#10164,.F.);
#10318 = ORIENTED_EDGE('',*,*,#10297,.T.);
#10319 = B_SPLINE_SURFACE_WITH_KNOTS('',1,1,(
    (#10320,#10321)
    ,(#10322,#10323
    )),.UNSPECIFIED.,.F.,.F.,.F.,(2,2),(2,2),(0.,2.748531215805E-02),(
    -1.E-02,0.),.PIECEWISE_BEZIER_KNOTS.);
#10320 = CARTESIAN_POINT('',(-0.316879927444,0.997409803516,0.9200001));
#10321 = CARTESIAN_POINT('',(-0.316879927444,0.997409803516,0.9300001));
#10322 = CARTESIAN_POINT('',(-0.326483171265,1.023162863384,0.9200001));
#10323 = CARTESIAN_POINT('',(-0.326483171265,1.023162863384,0.9300001));
#10324 = ADVANCED_FACE('',(#10325),#10331,.F.);
#10325 = FACE_BOUND('',#10326,.T.);
#10326 = EDGE_LOOP('',(#10327,#10328,#10329,#10330));
#10327 = ORIENTED_EDGE('',*,*,#109,.T.);
#10328 = ORIENTED_EDGE('',*,*,#10115,.F.);
#10329 = ORIENTED_EDGE('',*,*,#10171,.F.);
#10330 = ORIENTED_EDGE('',*,*,#10313,.T.);
#10331 = B_SPLINE_SURFACE_WITH_KNOTS('',1,1,(
    (#10332,#10333)
    ,(#10334,#10335
  )),.UNSPECIFIED.,.F.,.F.,.F.,(2,2),(2,2),(-1.E-02,0.),(
    -1.343010037929E-02,0.),.PIECEWISE_BEZIER_KNOTS.);
#10332 = CARTESIAN_POINT('',(-0.316879927444,0.997409803516,0.9200001));
#10333 = CARTESIAN_POINT('',(-0.303449827065,0.997409803516,0.9200001));
#10334 = CARTESIAN_POINT('',(-0.316879927444,0.997409803516,0.9300001));
#10335 = CARTESIAN_POINT('',(-0.303449827065,0.997409803516,0.9300001));
#10336 = ADVANCED_FACE('',(#10337),#10359,.T.);
#10337 = FACE_BOUND('',#10338,.T.);
#10338 = EDGE_LOOP('',(#10339,#10348,#10353,#10354));
#10339 = ORIENTED_EDGE('',*,*,#10340,.F.);
#10340 = EDGE_CURVE('',#10341,#10343,#10345,.T.);
#10341 = VERTEX_POINT('',#10342);
#10342 = CARTESIAN_POINT('',(-0.361839474953,1.033801043255,0.9200001));
#10343 = VERTEX_POINT('',#10344);
#10344 = CARTESIAN_POINT('',(-0.330237822984,1.033801043255,0.9200001));
#10345 = B_SPLINE_CURVE_WITH_KNOTS('',1,(#10346,#10347),.UNSPECIFIED.,
  .F.,.F.,(2,2),(0.,3.160165196897E-02),.PIECEWISE_BEZIER_KNOTS.);
#10346 = CARTESIAN_POINT('',(-0.361839474953,1.033801043255,0.9200001));
#10347 = CARTESIAN_POINT('',(-0.330237822984,1.033801043255,0.9200001));
#10348 = ORIENTED_EDGE('',*,*,#10349,.F.);
#10349 = EDGE_CURVE('',#10179,#10341,#10350,.T.);
#10350 = B_SPLINE_CURVE_WITH_KNOTS('',1,(#10351,#10352),.UNSPECIFIED.,
  .F.,.F.,(2,2),(-0.,1.E-02),.PIECEWISE_BEZIER_KNOTS.);
#10351 = CARTESIAN_POINT('',(-0.361839474953,1.033801043255,0.9300001));
#10352 = CARTESIAN_POINT('',(-0.361839474953,1.033801043255,0.9200001));
#10353 = ORIENTED_EDGE('',*,*,#10178,.T.);
#10354 = ORIENTED_EDGE('',*,*,#10355,.T.);
#10355 = EDGE_CURVE('',#10181,#10343,#10356,.T.);
#10356 = B_SPLINE_CURVE_WITH_KNOTS('',1,(#10357,#10358),.UNSPECIFIED.,
  .F.,.F.,(2,2),(-0.,1.E-02),.PIECEWISE_BEZIER_KNOTS.);
#10357 = CARTESIAN_POINT('',(-0.330237822984,1.033801043255,0.9300001));
#10358 = CARTESIAN_POINT('',(-0.330237822984,1.033801043255,0.9200001));
#10359 = B_SPLINE_SURFACE_WITH_KNOTS('',1,1,(
    (#10360,#10361)
    ,(#10362,#10363
  )),.UNSPECIFIED.,.F.,.F.,.F.,(2,2),(2,2),(-1.E-02,0.),(0.,
    3.160165196897E-02),.PIECEWISE_BEZIER_KNOTS.);
#10360 = CARTESIAN_POINT('',(-0.361839474953,1.033801043255,0.9200001));
#10361 = CARTESIAN_POINT('',(-0.330237822984,1.033801043255,0.9200001));
#10362 = CARTESIAN_POINT('',(-0.361839474953,1.033801043255,0.9300001));
#10363 = CARTESIAN_POINT('',(-0.330237822984,1.033801043255,0.9300001));
#10364 = ADVANCED_FACE('',(#10365),#10381,.T.);
#10365 = FACE_BOUND('',#10366,.T.);
#10366 = EDGE_LOOP('',(#10367,#10374,#10375,#10376));
#10367 = ORIENTED_EDGE('',*,*,#10368,.F.);
#10368 = EDGE_CURVE('',#10343,#10369,#10371,.T.);
#10369 = VERTEX_POINT('',#10370);
#10370 = CARTESIAN_POINT('',(-0.344462176612,1.072936066943,0.9200001));
#10371 = B_SPLINE_CURVE_WITH_KNOTS('',1,(#10372,#10373),.UNSPECIFIED.,
  .F.,.F.,(2,2),(2.086872989468E-16,4.163991252627E-02),
  .PIECEWISE_BEZIER_KNOTS.);
#10372 = CARTESIAN_POINT('',(-0.330237822984,1.033801043255,0.9200001));
#10373 = CARTESIAN_POINT('',(-0.344462176612,1.072936066943,0.9200001));
#10374 = ORIENTED_EDGE('',*,*,#10355,.F.);
#10375 = ORIENTED_EDGE('',*,*,#10219,.T.);
#10376 = ORIENTED_EDGE('',*,*,#10377,.T.);
#10377 = EDGE_CURVE('',#10211,#10369,#10378,.T.);
#10378 = B_SPLINE_CURVE_WITH_KNOTS('',1,(#10379,#10380),.UNSPECIFIED.,
  .F.,.F.,(2,2),(-0.,1.E-02),.PIECEWISE_BEZIER_KNOTS.);
#10379 = CARTESIAN_POINT('',(-0.344462176612,1.072936066943,0.9300001));
#10380 = CARTESIAN_POINT('',(-0.344462176612,1.072936066943,0.9200001));
#10381 = B_SPLINE_SURFACE_WITH_KNOTS('',1,1,(
    (#10382,#10383)
    ,(#10384,#10385
    )),.UNSPECIFIED.,.F.,.F.,.F.,(2,2),(2,2),(-4.163991252627E-02,0.),(
    -1.E-02,0.),.PIECEWISE_BEZIER_KNOTS.);
#10382 = CARTESIAN_POINT('',(-0.344462176612,1.072936066943,0.9200001));
#10383 = CARTESIAN_POINT('',(-0.344462176612,1.072936066943,0.9300001));
#10384 = CARTESIAN_POINT('',(-0.330237822984,1.033801043255,0.9200001));
#10385 = CARTESIAN_POINT('',(-0.330237822984,1.033801043255,0.9300001));
#10386 = ADVANCED_FACE('',(#10387),#10405,.T.);
#10387 = FACE_BOUND('',#10388,.T.);
#10388 = EDGE_LOOP('',(#10389,#10398,#10399,#10400));
#10389 = ORIENTED_EDGE('',*,*,#10390,.F.);
#10390 = EDGE_CURVE('',#10369,#10391,#10393,.T.);
#10391 = VERTEX_POINT('',#10392);
#10392 = CARTESIAN_POINT('',(-0.345930341707,1.079530775731,0.9200001));
#10393 = B_SPLINE_CURVE_WITH_KNOTS('',3,(#10394,#10395,#10396,#10397),
  .UNSPECIFIED.,.F.,.F.,(4,4),(1.,2.),.PIECEWISE_BEZIER_KNOTS.);
#10394 = CARTESIAN_POINT('',(-0.344462176612,1.072936066943,0.9200001));
#10395 = CARTESIAN_POINT('',(-0.344919473936,1.074235754076,0.9200001));
#10396 = CARTESIAN_POINT('',(-0.345400839542,1.076401899298,0.9200001));
#10397 = CARTESIAN_POINT('',(-0.345930341707,1.079530775731,0.9200001));
#10398 = ORIENTED_EDGE('',*,*,#10377,.F.);
#10399 = ORIENTED_EDGE('',*,*,#10210,.T.);
#10400 = ORIENTED_EDGE('',*,*,#10401,.T.);
#10401 = EDGE_CURVE('',#10204,#10391,#10402,.T.);
#10402 = B_SPLINE_CURVE_WITH_KNOTS('',1,(#10403,#10404),.UNSPECIFIED.,
  .F.,.F.,(2,2),(-0.,1.E-02),.PIECEWISE_BEZIER_KNOTS.);
#10403 = CARTESIAN_POINT('',(-0.345930341707,1.079530775731,0.9300001));
#10404 = CARTESIAN_POINT('',(-0.345930341707,1.079530775731,0.9200001));
#10405 = B_SPLINE_SURFACE_WITH_KNOTS('',3,1,(
    (#10406,#10407)
    ,(#10408,#10409)
    ,(#10410,#10411)
    ,(#10412,#10413
    )),.UNSPECIFIED.,.F.,.F.,.F.,(4,4),(2,2),(1.,2.),(0.,1.),
  .PIECEWISE_BEZIER_KNOTS.);
#10406 = CARTESIAN_POINT('',(-0.344462176612,1.072936066943,0.9300001));
#10407 = CARTESIAN_POINT('',(-0.344462176612,1.072936066943,0.9200001));
#10408 = CARTESIAN_POINT('',(-0.344919473936,1.074235754076,0.9300001));
#10409 = CARTESIAN_POINT('',(-0.344919473936,1.074235754076,0.9200001));
#10410 = CARTESIAN_POINT('',(-0.345400839542,1.076401899298,0.9300001));
#10411 = CARTESIAN_POINT('',(-0.345400839542,1.076401899298,0.9200001));
#10412 = CARTESIAN_POINT('',(-0.345930341707,1.079530775731,0.9300001));
#10413 = CARTESIAN_POINT('',(-0.345930341707,1.079530775731,0.9200001));
#10414 = ADVANCED_FACE('',(#10415),#10431,.T.);
#10415 = FACE_BOUND('',#10416,.T.);
#10416 = EDGE_LOOP('',(#10417,#10424,#10425,#10426));
#10417 = ORIENTED_EDGE('',*,*,#10418,.F.);
#10418 = EDGE_CURVE('',#10391,#10419,#10421,.T.);
#10419 = VERTEX_POINT('',#10420);
#10420 = CARTESIAN_POINT('',(-0.34621916107,1.079530775731,0.9200001));
#10421 = B_SPLINE_CURVE_WITH_KNOTS('',1,(#10422,#10423),.UNSPECIFIED.,
  .F.,.F.,(2,2),(-1.110223024625E-16,2.888193633204E-04),
  .PIECEWISE_BEZIER_KNOTS.);
#10422 = CARTESIAN_POINT('',(-0.345930341707,1.079530775731,0.9200001));
#10423 = CARTESIAN_POINT('',(-0.34621916107,1.079530775731,0.9200001));
#10424 = ORIENTED_EDGE('',*,*,#10401,.F.);
#10425 = ORIENTED_EDGE('',*,*,#10203,.T.);
#10426 = ORIENTED_EDGE('',*,*,#10427,.T.);
#10427 = EDGE_CURVE('',#10195,#10419,#10428,.T.);
#10428 = B_SPLINE_CURVE_WITH_KNOTS('',1,(#10429,#10430),.UNSPECIFIED.,
  .F.,.F.,(2,2),(-0.,1.E-02),.PIECEWISE_BEZIER_KNOTS.);
#10429 = CARTESIAN_POINT('',(-0.34621916107,1.079530775731,0.9300001));
#10430 = CARTESIAN_POINT('',(-0.34621916107,1.079530775731,0.9200001));
#10431 = B_SPLINE_SURFACE_WITH_KNOTS('',1,1,(
    (#10432,#10433)
    ,(#10434,#10435
  )),.UNSPECIFIED.,.F.,.F.,.F.,(2,2),(2,2),(0.,1.E-02),(
    -2.888193633205E-04,1.110223024625E-16),.PIECEWISE_BEZIER_KNOTS.);
#10432 = CARTESIAN_POINT('',(-0.34621916107,1.079530775731,0.9300001));
#10433 = CARTESIAN_POINT('',(-0.345930341707,1.079530775731,0.9300001));
#10434 = CARTESIAN_POINT('',(-0.34621916107,1.079530775731,0.9200001));
#10435 = CARTESIAN_POINT('',(-0.345930341707,1.079530775731,0.9200001));
#10436 = ADVANCED_FACE('',(#10437),#10455,.T.);
#10437 = FACE_BOUND('',#10438,.T.);
#10438 = EDGE_LOOP('',(#10439,#10448,#10449,#10450));
#10439 = ORIENTED_EDGE('',*,*,#10440,.F.);
#10440 = EDGE_CURVE('',#10419,#10441,#10443,.T.);
#10441 = VERTEX_POINT('',#10442);
#10442 = CARTESIAN_POINT('',(-0.347759531007,1.072936066943,0.9200001));
#10443 = B_SPLINE_CURVE_WITH_KNOTS('',3,(#10444,#10445,#10446,#10447),
  .UNSPECIFIED.,.F.,.F.,(4,4),(3.,4.),.PIECEWISE_BEZIER_KNOTS.);
#10444 = CARTESIAN_POINT('',(-0.34621916107,1.079530775731,0.9200001));
#10445 = CARTESIAN_POINT('',(-0.346676458395,1.076690718661,0.9200001));
#10446 = CARTESIAN_POINT('',(-0.34718189228,1.074476436878,0.9200001));
#10447 = CARTESIAN_POINT('',(-0.347759531007,1.072936066943,0.9200001));
#10448 = ORIENTED_EDGE('',*,*,#10427,.F.);
#10449 = ORIENTED_EDGE('',*,*,#10194,.T.);
#10450 = ORIENTED_EDGE('',*,*,#10451,.T.);
#10451 = EDGE_CURVE('',#10188,#10441,#10452,.T.);
#10452 = B_SPLINE_CURVE_WITH_KNOTS('',1,(#10453,#10454),.UNSPECIFIED.,
  .F.,.F.,(2,2),(1.110223024625E-16,1.E-02),.PIECEWISE_BEZIER_KNOTS.);
#10453 = CARTESIAN_POINT('',(-0.347759531007,1.072936066943,0.9300001));
#10454 = CARTESIAN_POINT('',(-0.347759531007,1.072936066943,0.9200001));
#10455 = B_SPLINE_SURFACE_WITH_KNOTS('',3,1,(
    (#10456,#10457)
    ,(#10458,#10459)
    ,(#10460,#10461)
    ,(#10462,#10463
    )),.UNSPECIFIED.,.F.,.F.,.F.,(4,4),(2,2),(3.,4.),(0.,1.),
  .PIECEWISE_BEZIER_KNOTS.);
#10456 = CARTESIAN_POINT('',(-0.34621916107,1.079530775731,0.9300001));
#10457 = CARTESIAN_POINT('',(-0.34621916107,1.079530775731,0.9200001));
#10458 = CARTESIAN_POINT('',(-0.346676458395,1.076690718661,0.9300001));
#10459 = CARTESIAN_POINT('',(-0.346676458395,1.076690718661,0.9200001));
#10460 = CARTESIAN_POINT('',(-0.34718189228,1.074476436878,0.9300001));
#10461 = CARTESIAN_POINT('',(-0.34718189228,1.074476436878,0.9200001));
#10462 = CARTESIAN_POINT('',(-0.347759531007,1.072936066943,0.9300001));
#10463 = CARTESIAN_POINT('',(-0.347759531007,1.072936066943,0.9200001));
#10464 = ADVANCED_FACE('',(#10465),#10475,.T.);
#10465 = FACE_BOUND('',#10466,.T.);
#10466 = EDGE_LOOP('',(#10467,#10472,#10473,#10474));
#10467 = ORIENTED_EDGE('',*,*,#10468,.F.);
#10468 = EDGE_CURVE('',#10441,#10341,#10469,.T.);
#10469 = B_SPLINE_CURVE_WITH_KNOTS('',1,(#10470,#10471),.UNSPECIFIED.,
  .F.,.F.,(2,2),(-3.758493897173E-17,4.159080307671E-02),
  .PIECEWISE_BEZIER_KNOTS.);
#10470 = CARTESIAN_POINT('',(-0.347759531007,1.072936066943,0.9200001));
#10471 = CARTESIAN_POINT('',(-0.361839474953,1.033801043255,0.9200001));
#10472 = ORIENTED_EDGE('',*,*,#10451,.F.);
#10473 = ORIENTED_EDGE('',*,*,#10187,.T.);
#10474 = ORIENTED_EDGE('',*,*,#10349,.T.);
#10475 = B_SPLINE_SURFACE_WITH_KNOTS('',1,1,(
    (#10476,#10477)
    ,(#10478,#10479
    )),.UNSPECIFIED.,.F.,.F.,.F.,(2,2),(2,2),(-4.159080307671E-02,
    3.758493897173E-17),(-1.E-02,0.),.PIECEWISE_BEZIER_KNOTS.);
#10476 = CARTESIAN_POINT('',(-0.361839474953,1.033801043255,0.9200001));
#10477 = CARTESIAN_POINT('',(-0.361839474953,1.033801043255,0.9300001));
#10478 = CARTESIAN_POINT('',(-0.347759531007,1.072936066943,0.9200001));
#10479 = CARTESIAN_POINT('',(-0.347759531007,1.072936066943,0.9300001));
#10480 = ADVANCED_FACE('',(#10481),#10489,.T.);
#10481 = FACE_BOUND('',#10482,.T.);
#10482 = EDGE_LOOP('',(#10483,#10484,#10485,#10486,#10487,#10488));
#10483 = ORIENTED_EDGE('',*,*,#10340,.T.);
#10484 = ORIENTED_EDGE('',*,*,#10368,.T.);
#10485 = ORIENTED_EDGE('',*,*,#10390,.T.);
#10486 = ORIENTED_EDGE('',*,*,#10418,.T.);
#10487 = ORIENTED_EDGE('',*,*,#10440,.T.);
#10488 = ORIENTED_EDGE('',*,*,#10468,.T.);
#10489 = B_SPLINE_SURFACE_WITH_KNOTS('',1,1,(
    (#10490,#10491)
    ,(#10492,#10493
    )),.UNSPECIFIED.,.F.,.F.,.F.,(2,2),(2,2),(-0.361839474953,
    -0.330237822984),(1.033801043255,1.079530775731),
  .PIECEWISE_BEZIER_KNOTS.);
#10490 = CARTESIAN_POINT('',(-0.361839474953,1.033801043255,0.9200001));
#10491 = CARTESIAN_POINT('',(-0.361839474953,1.079530775731,0.9200001));
#10492 = CARTESIAN_POINT('',(-0.330237822984,1.033801043255,0.9200001));
#10493 = CARTESIAN_POINT('',(-0.330237822984,1.079530775731,0.9200001));
#10494 = ADVANCED_FACE('',(#10495),#10519,.F.);
#10495 = FACE_BOUND('',#10496,.F.);
#10496 = EDGE_LOOP('',(#10497,#10504,#10513,#10518));
#10497 = ORIENTED_EDGE('',*,*,#10498,.F.);
#10498 = EDGE_CURVE('',#10499,#1232,#10501,.T.);
#10499 = VERTEX_POINT('',#10500);
#10500 = CARTESIAN_POINT('',(-0.876343542686,1.090803908905,0.9300001));
#10501 = B_SPLINE_CURVE_WITH_KNOTS('',1,(#10502,#10503),.UNSPECIFIED.,
  .F.,.F.,(2,2),(-0.,1.E-02),.PIECEWISE_BEZIER_KNOTS.);
#10502 = CARTESIAN_POINT('',(-0.876343542686,1.090803908905,0.9300001));
#10503 = CARTESIAN_POINT('',(-0.876343542686,1.090803908905,0.9200001));
#10504 = ORIENTED_EDGE('',*,*,#10505,.T.);
#10505 = EDGE_CURVE('',#10499,#10506,#10508,.T.);
#10506 = VERTEX_POINT('',#10507);
#10507 = CARTESIAN_POINT('',(-0.942617416073,1.17849963765,0.9300001));
#10508 = B_SPLINE_CURVE_WITH_KNOTS('',3,(#10509,#10510,#10511,#10512),
  .UNSPECIFIED.,.F.,.F.,(4,4),(35.,36.),.PIECEWISE_BEZIER_KNOTS.);
#10509 = CARTESIAN_POINT('',(-0.876343542686,1.090803908905,0.9300001));
#10510 = CARTESIAN_POINT('',(-0.87701296569,1.130969876526,0.9300001));
#10511 = CARTESIAN_POINT('',(-0.904459743003,1.166449844809,0.9300001));
#10512 = CARTESIAN_POINT('',(-0.942617416073,1.17849963765,0.9300001));
#10513 = ORIENTED_EDGE('',*,*,#10514,.T.);
#10514 = EDGE_CURVE('',#10506,#1221,#10515,.T.);
#10515 = B_SPLINE_CURVE_WITH_KNOTS('',1,(#10516,#10517),.UNSPECIFIED.,
  .F.,.F.,(2,2),(-0.,1.E-02),.PIECEWISE_BEZIER_KNOTS.);
#10516 = CARTESIAN_POINT('',(-0.942617416073,1.17849963765,0.9300001));
#10517 = CARTESIAN_POINT('',(-0.942617416073,1.17849963765,0.9200001));
#10518 = ORIENTED_EDGE('',*,*,#1231,.F.);
#10519 = B_SPLINE_SURFACE_WITH_KNOTS('',3,1,(
    (#10520,#10521)
    ,(#10522,#10523)
    ,(#10524,#10525)
    ,(#10526,#10527
    )),.UNSPECIFIED.,.F.,.F.,.F.,(4,4),(2,2),(35.,36.),(0.,1.),
  .PIECEWISE_BEZIER_KNOTS.);
#10520 = CARTESIAN_POINT('',(-0.876343542686,1.090803908905,0.9300001));
#10521 = CARTESIAN_POINT('',(-0.876343542686,1.090803908905,0.9200001));
#10522 = CARTESIAN_POINT('',(-0.87701296569,1.130969876526,0.9300001));
#10523 = CARTESIAN_POINT('',(-0.87701296569,1.130969876526,0.9200001));
#10524 = CARTESIAN_POINT('',(-0.904459743003,1.166449844809,0.9300001));
#10525 = CARTESIAN_POINT('',(-0.904459743003,1.166449844809,0.9200001));
#10526 = CARTESIAN_POINT('',(-0.942617416073,1.17849963765,0.9300001));
#10527 = CARTESIAN_POINT('',(-0.942617416073,1.17849963765,0.9200001));
#10528 = ADVANCED_FACE('',(#10529,#10808),#10833,.F.);
#10529 = FACE_BOUND('',#10530,.T.);
#10530 = EDGE_LOOP('',(#10531,#10532,#10541,#10550,#10559,#10568,#10577,
    #10586,#10595,#10604,#10613,#10622,#10631,#10640,#10647,#10654,
    #10661,#10670,#10679,#10688,#10697,#10706,#10715,#10724,#10733,
    #10742,#10751,#10758,#10767,#10776,#10785,#10792,#10801));
#10531 = ORIENTED_EDGE('',*,*,#10505,.T.);
#10532 = ORIENTED_EDGE('',*,*,#10533,.T.);
#10533 = EDGE_CURVE('',#10506,#10534,#10536,.T.);
#10534 = VERTEX_POINT('',#10535);
#10535 = CARTESIAN_POINT('',(-0.97876682013,1.231384862611,0.9300001));
#10536 = B_SPLINE_CURVE_WITH_KNOTS('',3,(#10537,#10538,#10539,#10540),
  .UNSPECIFIED.,.F.,.F.,(4,4),(0.,1.),.PIECEWISE_BEZIER_KNOTS.);
#10537 = CARTESIAN_POINT('',(-0.942617416073,1.17849963765,0.9300001));
#10538 = CARTESIAN_POINT('',(-0.949981171271,1.198582634228,0.9300001));
#10539 = CARTESIAN_POINT('',(-0.962700412652,1.216657329872,0.9300001));
#10540 = CARTESIAN_POINT('',(-0.97876682013,1.231384862611,0.9300001));
#10541 = ORIENTED_EDGE('',*,*,#10542,.T.);
#10542 = EDGE_CURVE('',#10534,#10543,#10545,.T.);
#10543 = VERTEX_POINT('',#10544);
#10544 = CARTESIAN_POINT('',(-1.069809727739,1.26619539193,0.9300001));
#10545 = B_SPLINE_CURVE_WITH_KNOTS('',3,(#10546,#10547,#10548,#10549),
  .UNSPECIFIED.,.F.,.F.,(4,4),(1.,2.),.PIECEWISE_BEZIER_KNOTS.);
#10546 = CARTESIAN_POINT('',(-0.97876682013,1.231384862611,0.9300001));
#10547 = CARTESIAN_POINT('',(-1.004205277355,1.253476160923,0.9300001));
#10548 = CARTESIAN_POINT('',(-1.036338066774,1.26619539193,0.9300001));
#10549 = CARTESIAN_POINT('',(-1.069809727739,1.26619539193,0.9300001));
#10550 = ORIENTED_EDGE('',*,*,#10551,.T.);
#10551 = EDGE_CURVE('',#10543,#10552,#10554,.T.);
#10552 = VERTEX_POINT('',#10553);
#10553 = CARTESIAN_POINT('',(-1.150141714054,1.240087495739,0.9300001));
#10554 = B_SPLINE_CURVE_WITH_KNOTS('',3,(#10555,#10556,#10557,#10558),
  .UNSPECIFIED.,.F.,.F.,(4,4),(2.,3.),.PIECEWISE_BEZIER_KNOTS.);
#10555 = CARTESIAN_POINT('',(-1.069809727739,1.26619539193,0.9300001));
#10556 = CARTESIAN_POINT('',(-1.099264786834,1.26619539193,0.9300001));
#10557 = CARTESIAN_POINT('',(-1.126711551378,1.25682332702,0.9300001));
#10558 = CARTESIAN_POINT('',(-1.150141714054,1.240087495739,0.9300001));
#10559 = ORIENTED_EDGE('',*,*,#10560,.T.);
#10560 = EDGE_CURVE('',#10552,#10561,#10563,.T.);
#10561 = VERTEX_POINT('',#10562);
#10562 = CARTESIAN_POINT('',(-1.179596773148,1.210632433452,0.9300001));
#10563 = B_SPLINE_CURVE_WITH_KNOTS('',3,(#10564,#10565,#10566,#10567),
  .UNSPECIFIED.,.F.,.F.,(4,4),(3.,4.),.PIECEWISE_BEZIER_KNOTS.);
#10564 = CARTESIAN_POINT('',(-1.150141714054,1.240087495739,0.9300001));
#10565 = CARTESIAN_POINT('',(-1.161522083889,1.232054295192,0.9300001));
#10566 = CARTESIAN_POINT('',(-1.170894146405,1.222012796903,0.9300001));
#10567 = CARTESIAN_POINT('',(-1.179596773148,1.210632433452,0.9300001));
#10568 = ORIENTED_EDGE('',*,*,#10569,.T.);
#10569 = EDGE_CURVE('',#10561,#10570,#10572,.T.);
#10570 = VERTEX_POINT('',#10571);
#10571 = CARTESIAN_POINT('',(-1.194993732085,1.211971298614,0.9300001));
#10572 = B_SPLINE_CURVE_WITH_KNOTS('',3,(#10573,#10574,#10575,#10576),
  .UNSPECIFIED.,.F.,.F.,(4,4),(4.,5.),.PIECEWISE_BEZIER_KNOTS.);
#10573 = CARTESIAN_POINT('',(-1.179596773148,1.210632433452,0.9300001));
#10574 = CARTESIAN_POINT('',(-1.184952233795,1.211301869225,0.9300001));
#10575 = CARTESIAN_POINT('',(-1.189638271438,1.211971298614,0.9300001));
#10576 = CARTESIAN_POINT('',(-1.194993732085,1.211971298614,0.9300001));
#10577 = ORIENTED_EDGE('',*,*,#10578,.T.);
#10578 = EDGE_CURVE('',#10570,#10579,#10581,.T.);
#10579 = VERTEX_POINT('',#10580);
#10580 = CARTESIAN_POINT('',(-1.271978552303,1.179838502811,0.9300001));
#10581 = B_SPLINE_CURVE_WITH_KNOTS('',3,(#10582,#10583,#10584,#10585),
  .UNSPECIFIED.,.F.,.F.,(4,4),(5.,6.),.PIECEWISE_BEZIER_KNOTS.);
#10582 = CARTESIAN_POINT('',(-1.194993732085,1.211971298614,0.9300001));
#10583 = CARTESIAN_POINT('',(-1.223779361791,1.211971298614,0.9300001));
#10584 = CARTESIAN_POINT('',(-1.251226119951,1.200590935163,0.9300001));
#10585 = CARTESIAN_POINT('',(-1.271978552303,1.179838502811,0.9300001));
#10586 = ORIENTED_EDGE('',*,*,#10587,.T.);
#10587 = EDGE_CURVE('',#10579,#10588,#10590,.T.);
#10588 = VERTEX_POINT('',#10589);
#10589 = CARTESIAN_POINT('',(-1.303441931486,1.10352312475,0.9300001));
#10590 = B_SPLINE_CURVE_WITH_KNOTS('',3,(#10591,#10592,#10593,#10594),
  .UNSPECIFIED.,.F.,.F.,(4,4),(6.,7.),.PIECEWISE_BEZIER_KNOTS.);
#10591 = CARTESIAN_POINT('',(-1.271978552303,1.179838502811,0.9300001));
#10592 = CARTESIAN_POINT('',(-1.292061566439,1.159755512616,0.9300001));
#10593 = CARTESIAN_POINT('',(-1.303441931486,1.132308748072,0.9300001));
#10594 = CARTESIAN_POINT('',(-1.303441931486,1.10352312475,0.9300001));
#10595 = ORIENTED_EDGE('',*,*,#10596,.T.);
#10596 = EDGE_CURVE('',#10588,#10597,#10599,.T.);
#10597 = VERTEX_POINT('',#10598);
#10598 = CARTESIAN_POINT('',(-1.275325737552,1.030554919169,0.9300001));
#10599 = B_SPLINE_CURVE_WITH_KNOTS('',3,(#10600,#10601,#10602,#10603),
  .UNSPECIFIED.,.F.,.F.,(4,4),(7.,8.),.PIECEWISE_BEZIER_KNOTS.);
#10600 = CARTESIAN_POINT('',(-1.303441931486,1.10352312475,0.9300001));
#10601 = CARTESIAN_POINT('',(-1.303441931486,1.076745795978,0.9300001));
#10602 = CARTESIAN_POINT('',(-1.293400433196,1.050637890211,0.9300001));
#10603 = CARTESIAN_POINT('',(-1.275325737552,1.030554919169,0.9300001));
#10604 = ORIENTED_EDGE('',*,*,#10605,.T.);
#10605 = EDGE_CURVE('',#10597,#10606,#10608,.T.);
#10606 = VERTEX_POINT('',#10607);
#10607 = CARTESIAN_POINT('',(-1.221771080009,0.998422129751,0.9300001));
#10608 = B_SPLINE_CURVE_WITH_KNOTS('',3,(#10609,#10610,#10611,#10612),
  .UNSPECIFIED.,.F.,.F.,(4,4),(8.,9.),.PIECEWISE_BEZIER_KNOTS.);
#10609 = CARTESIAN_POINT('',(-1.275325737552,1.030554919169,0.9300001));
#10610 = CARTESIAN_POINT('',(-1.260598208005,1.014488511691,0.9300001));
#10611 = CARTESIAN_POINT('',(-1.242523505977,1.003777590398,0.9300001));
#10612 = CARTESIAN_POINT('',(-1.221771080009,0.998422129751,0.9300001));
#10613 = ORIENTED_EDGE('',*,*,#10614,.T.);
#10614 = EDGE_CURVE('',#10606,#10615,#10617,.T.);
#10615 = VERTEX_POINT('',#10616);
#10616 = CARTESIAN_POINT('',(-1.158174917792,0.952900675946,0.9300001));
#10617 = B_SPLINE_CURVE_WITH_KNOTS('',3,(#10618,#10619,#10620,#10621),
  .UNSPECIFIED.,.F.,.F.,(4,4),(9.,10.),.PIECEWISE_BEZIER_KNOTS.);
#10618 = CARTESIAN_POINT('',(-1.221771080009,0.998422129751,0.9300001));
#10619 = CARTESIAN_POINT('',(-1.213068446882,0.971644800979,0.9300001));
#10620 = CARTESIAN_POINT('',(-1.187629989656,0.952900675946,0.9300001));
#10621 = CARTESIAN_POINT('',(-1.158174917792,0.952900675946,0.9300001));
#10622 = ORIENTED_EDGE('',*,*,#10623,.T.);
#10623 = EDGE_CURVE('',#10615,#10624,#10626,.T.);
#10624 = VERTEX_POINT('',#10625);
#10625 = CARTESIAN_POINT('',(-1.091231595863,1.019843997875,0.9300001));
#10626 = B_SPLINE_CURVE_WITH_KNOTS('',3,(#10627,#10628,#10629,#10630),
  .UNSPECIFIED.,.F.,.F.,(4,4),(10.,11.),.PIECEWISE_BEZIER_KNOTS.);
#10627 = CARTESIAN_POINT('',(-1.158174917792,0.952900675946,0.9300001));
#10628 = CARTESIAN_POINT('',(-1.121356090731,0.952900675946,0.9300001));
#10629 = CARTESIAN_POINT('',(-1.091231595863,0.983025170814,0.9300001));
#10630 = CARTESIAN_POINT('',(-1.091231595863,1.019843997875,0.9300001));
#10631 = ORIENTED_EDGE('',*,*,#10632,.T.);
#10632 = EDGE_CURVE('',#10624,#10633,#10635,.T.);
#10633 = VERTEX_POINT('',#10634);
#10634 = CARTESIAN_POINT('',(-1.091231595863,1.026538330068,0.9300001));
#10635 = B_SPLINE_CURVE_WITH_KNOTS('',3,(#10636,#10637,#10638,#10639),
  .UNSPECIFIED.,.F.,.F.,(4,4),(11.,12.),.PIECEWISE_BEZIER_KNOTS.);
#10636 = CARTESIAN_POINT('',(-1.091231595863,1.019843997875,0.9300001));
#10637 = CARTESIAN_POINT('',(-1.091231595863,1.021852292426,0.9300001));
#10638 = CARTESIAN_POINT('',(-1.091231595863,1.023860586976,0.9300001));
#10639 = CARTESIAN_POINT('',(-1.091231595863,1.026538330068,0.9300001));
#10640 = ORIENTED_EDGE('',*,*,#10641,.T.);
#10641 = EDGE_CURVE('',#10633,#10642,#10644,.T.);
#10642 = VERTEX_POINT('',#10643);
#10643 = CARTESIAN_POINT('',(-0.997510945162,1.076076385742,0.9300001));
#10644 = B_SPLINE_CURVE_WITH_KNOTS('',1,(#10645,#10646),.UNSPECIFIED.,
  .F.,.F.,(2,2),(0.,0.106007449397),.PIECEWISE_BEZIER_KNOTS.);
#10645 = CARTESIAN_POINT('',(-1.091231595863,1.026538330068,0.9300001));
#10646 = CARTESIAN_POINT('',(-0.997510945162,1.076076385742,0.9300001));
#10647 = ORIENTED_EDGE('',*,*,#10648,.T.);
#10648 = EDGE_CURVE('',#10642,#10649,#10651,.T.);
#10649 = VERTEX_POINT('',#10650);
#10650 = CARTESIAN_POINT('',(-1.018263364746,1.111556354025,0.9300001));
#10651 = B_SPLINE_CURVE_WITH_KNOTS('',1,(#10652,#10653),.UNSPECIFIED.,
  .F.,.F.,(2,2),(0.,4.110341917585E-02),.PIECEWISE_BEZIER_KNOTS.);
#10652 = CARTESIAN_POINT('',(-0.997510945162,1.076076385742,0.9300001));
#10653 = CARTESIAN_POINT('',(-1.018263364746,1.111556354025,0.9300001));
#10654 = ORIENTED_EDGE('',*,*,#10655,.T.);
#10655 = EDGE_CURVE('',#10649,#10656,#10658,.T.);
#10656 = VERTEX_POINT('',#10657);
#10657 = CARTESIAN_POINT('',(-1.107967413577,1.064696028675,0.9300001));
#10658 = B_SPLINE_CURVE_WITH_KNOTS('',1,(#10659,#10660),.UNSPECIFIED.,
  .F.,.F.,(2,2),(0.,0.101206257063),.PIECEWISE_BEZIER_KNOTS.);
#10659 = CARTESIAN_POINT('',(-1.018263364746,1.111556354025,0.9300001));
#10660 = CARTESIAN_POINT('',(-1.107967413577,1.064696028675,0.9300001));
#10661 = ORIENTED_EDGE('',*,*,#10662,.T.);
#10662 = EDGE_CURVE('',#10656,#10663,#10665,.T.);
#10663 = VERTEX_POINT('',#10664);
#10664 = CARTESIAN_POINT('',(-1.158174905024,1.087456755577,0.9300001));
#10665 = B_SPLINE_CURVE_WITH_KNOTS('',3,(#10666,#10667,#10668,#10669),
  .UNSPECIFIED.,.F.,.F.,(4,4),(15.,16.),.PIECEWISE_BEZIER_KNOTS.);
#10666 = CARTESIAN_POINT('',(-1.107967413577,1.064696028675,0.9300001));
#10667 = CARTESIAN_POINT('',(-1.120017206417,1.078754128834,0.9300001));
#10668 = CARTESIAN_POINT('',(-1.138091908445,1.087456755577,0.9300001));
#10669 = CARTESIAN_POINT('',(-1.158174905024,1.087456755577,0.9300001));
#10670 = ORIENTED_EDGE('',*,*,#10671,.T.);
#10671 = EDGE_CURVE('',#10663,#10672,#10674,.T.);
#10672 = VERTEX_POINT('',#10673);
#10673 = CARTESIAN_POINT('',(-1.221101625083,1.043274160551,0.9300001));
#10674 = B_SPLINE_CURVE_WITH_KNOTS('',3,(#10675,#10676,#10677,#10678),
  .UNSPECIFIED.,.F.,.F.,(4,4),(16.,17.),.PIECEWISE_BEZIER_KNOTS.);
#10675 = CARTESIAN_POINT('',(-1.158174905024,1.087456755577,0.9300001));
#10676 = CARTESIAN_POINT('',(-1.186960541114,1.087456755577,0.9300001));
#10677 = CARTESIAN_POINT('',(-1.211729562567,1.068712630545,0.9300001));
#10678 = CARTESIAN_POINT('',(-1.221101625083,1.043274160551,0.9300001));
#10679 = ORIENTED_EDGE('',*,*,#10680,.T.);
#10680 = EDGE_CURVE('',#10672,#10681,#10683,.T.);
#10681 = VERTEX_POINT('',#10682);
#10682 = CARTESIAN_POINT('',(-1.261267618241,1.104862021833,0.9300001));
#10683 = B_SPLINE_CURVE_WITH_KNOTS('',3,(#10684,#10685,#10686,#10687),
  .UNSPECIFIED.,.F.,.F.,(4,4),(17.,18.),.PIECEWISE_BEZIER_KNOTS.);
#10684 = CARTESIAN_POINT('',(-1.221101625083,1.043274160551,0.9300001));
#10685 = CARTESIAN_POINT('',(-1.244531787758,1.053985094613,0.9300001));
#10686 = CARTESIAN_POINT('',(-1.261267618241,1.077415257288,0.9300001));
#10687 = CARTESIAN_POINT('',(-1.261267618241,1.104862021833,0.9300001));
#10688 = ORIENTED_EDGE('',*,*,#10689,.T.);
#10689 = EDGE_CURVE('',#10681,#10690,#10692,.T.);
#10690 = VERTEX_POINT('',#10691);
#10691 = CARTESIAN_POINT('',(-1.194324296312,1.171805343761,0.9300001));
#10692 = B_SPLINE_CURVE_WITH_KNOTS('',3,(#10693,#10694,#10695,#10696),
  .UNSPECIFIED.,.F.,.F.,(4,4),(18.,19.),.PIECEWISE_BEZIER_KNOTS.);
#10693 = CARTESIAN_POINT('',(-1.261267618241,1.104862021833,0.9300001));
#10694 = CARTESIAN_POINT('',(-1.261267618241,1.141680848894,0.9300001));
#10695 = CARTESIAN_POINT('',(-1.231143123373,1.171805343761,0.9300001));
#10696 = CARTESIAN_POINT('',(-1.194324296312,1.171805343761,0.9300001));
#10697 = ORIENTED_EDGE('',*,*,#10698,.T.);
#10698 = EDGE_CURVE('',#10690,#10699,#10701,.T.);
#10699 = VERTEX_POINT('',#10700);
#10700 = CARTESIAN_POINT('',(-1.158844340797,1.161763845472,0.9300001));
#10701 = B_SPLINE_CURVE_WITH_KNOTS('',3,(#10702,#10703,#10704,#10705),
  .UNSPECIFIED.,.F.,.F.,(4,4),(19.,20.),.PIECEWISE_BEZIER_KNOTS.);
#10702 = CARTESIAN_POINT('',(-1.194324296312,1.171805343761,0.9300001));
#10703 = CARTESIAN_POINT('',(-1.181605067699,1.171805343761,0.9300001));
#10704 = CARTESIAN_POINT('',(-1.168885839086,1.167788741892,0.9300001));
#10705 = CARTESIAN_POINT('',(-1.158844340797,1.161763845472,0.9300001));
#10706 = ORIENTED_EDGE('',*,*,#10707,.T.);
#10707 = EDGE_CURVE('',#10699,#10708,#10710,.T.);
#10708 = VERTEX_POINT('',#10709);
#10709 = CARTESIAN_POINT('',(-1.069140304734,1.226029398772,0.9300001));
#10710 = B_SPLINE_CURVE_WITH_KNOTS('',3,(#10711,#10712,#10713,#10714),
  .UNSPECIFIED.,.F.,.F.,(4,4),(20.,21.),.PIECEWISE_BEZIER_KNOTS.);
#10711 = CARTESIAN_POINT('',(-1.158844340797,1.161763845472,0.9300001));
#10712 = CARTESIAN_POINT('',(-1.146125124952,1.199252070001,0.9300001));
#10713 = CARTESIAN_POINT('',(-1.111314592442,1.226029398772,0.9300001));
#10714 = CARTESIAN_POINT('',(-1.069140304734,1.226029398772,0.9300001));
#10715 = ORIENTED_EDGE('',*,*,#10716,.T.);
#10716 = EDGE_CURVE('',#10708,#10717,#10719,.T.);
#10717 = VERTEX_POINT('',#10718);
#10718 = CARTESIAN_POINT('',(-0.975419654033,1.142350246361,0.9300001));
#10719 = B_SPLINE_CURVE_WITH_KNOTS('',3,(#10720,#10721,#10722,#10723),
  .UNSPECIFIED.,.F.,.F.,(4,4),(21.,22.),.PIECEWISE_BEZIER_KNOTS.);
#10720 = CARTESIAN_POINT('',(-1.069140304734,1.226029398772,0.9300001));
#10721 = CARTESIAN_POINT('',(-1.020941107837,1.226029398772,0.9300001));
#10722 = CARTESIAN_POINT('',(-0.98077511468,1.189210571711,0.9300001));
#10723 = CARTESIAN_POINT('',(-0.975419654033,1.142350246361,0.9300001));
#10724 = ORIENTED_EDGE('',*,*,#10725,.T.);
#10725 = EDGE_CURVE('',#10717,#10726,#10728,.T.);
#10726 = VERTEX_POINT('',#10727);
#10727 = CARTESIAN_POINT('',(-0.970064193386,1.142350246361,0.9300001));
#10728 = B_SPLINE_CURVE_WITH_KNOTS('',3,(#10729,#10730,#10731,#10732),
  .UNSPECIFIED.,.F.,.F.,(4,4),(22.,23.),.PIECEWISE_BEZIER_KNOTS.);
#10729 = CARTESIAN_POINT('',(-0.975419654033,1.142350246361,0.9300001));
#10730 = CARTESIAN_POINT('',(-0.973411359483,1.142350246361,0.9300001));
#10731 = CARTESIAN_POINT('',(-0.972072487937,1.142350246361,0.9300001));
#10732 = CARTESIAN_POINT('',(-0.970064193386,1.142350246361,0.9300001));
#10733 = ORIENTED_EDGE('',*,*,#10734,.T.);
#10734 = EDGE_CURVE('',#10726,#10735,#10737,.T.);
#10735 = VERTEX_POINT('',#10736);
#10736 = CARTESIAN_POINT('',(-0.917848407389,1.090134460364,0.9300001));
#10737 = B_SPLINE_CURVE_WITH_KNOTS('',3,(#10738,#10739,#10740,#10741),
  .UNSPECIFIED.,.F.,.F.,(4,4),(23.,24.),.PIECEWISE_BEZIER_KNOTS.);
#10738 = CARTESIAN_POINT('',(-0.970064193386,1.142350246361,0.9300001));
#10739 = CARTESIAN_POINT('',(-0.941278570064,1.142350246361,0.9300001));
#10740 = CARTESIAN_POINT('',(-0.917848407389,1.118920083686,0.9300001));
#10741 = CARTESIAN_POINT('',(-0.917848407389,1.090134460364,0.9300001));
#10742 = ORIENTED_EDGE('',*,*,#10743,.T.);
#10743 = EDGE_CURVE('',#10735,#10744,#10746,.T.);
#10744 = VERTEX_POINT('',#10745);
#10745 = CARTESIAN_POINT('',(-0.966047604285,1.037918674367,0.9300001));
#10746 = B_SPLINE_CURVE_WITH_KNOTS('',3,(#10747,#10748,#10749,#10750),
  .UNSPECIFIED.,.F.,.F.,(4,4),(24.,25.),.PIECEWISE_BEZIER_KNOTS.);
#10747 = CARTESIAN_POINT('',(-0.917848407389,1.090134460364,0.9300001));
#10748 = CARTESIAN_POINT('',(-0.917848407389,1.062687695819,0.9300001));
#10749 = CARTESIAN_POINT('',(-0.938600826973,1.039926968918,0.9300001));
#10750 = CARTESIAN_POINT('',(-0.966047604285,1.037918674367,0.9300001));
#10751 = ORIENTED_EDGE('',*,*,#10752,.T.);
#10752 = EDGE_CURVE('',#10744,#10753,#10755,.T.);
#10753 = VERTEX_POINT('',#10754);
#10754 = CARTESIAN_POINT('',(-0.996172099153,1.037918674367,0.9300001));
#10755 = B_SPLINE_CURVE_WITH_KNOTS('',1,(#10756,#10757),.UNSPECIFIED.,
  .F.,.F.,(2,2),(1.110223024625E-16,3.012449486808E-02),
  .PIECEWISE_BEZIER_KNOTS.);
#10756 = CARTESIAN_POINT('',(-0.966047604285,1.037918674367,0.9300001));
#10757 = CARTESIAN_POINT('',(-0.996172099153,1.037918674367,0.9300001));
#10758 = ORIENTED_EDGE('',*,*,#10759,.T.);
#10759 = EDGE_CURVE('',#10753,#10760,#10762,.T.);
#10760 = VERTEX_POINT('',#10761);
#10761 = CARTESIAN_POINT('',(-1.000188688254,1.038588097371,0.9300001));
#10762 = B_SPLINE_CURVE_WITH_KNOTS('',3,(#10763,#10764,#10765,#10766),
  .UNSPECIFIED.,.F.,.F.,(4,4),(26.,27.),.PIECEWISE_BEZIER_KNOTS.);
#10763 = CARTESIAN_POINT('',(-0.996172099153,1.037918674367,0.9300001));
#10764 = CARTESIAN_POINT('',(-0.997510970699,1.037918674367,0.9300001));
#10765 = CARTESIAN_POINT('',(-0.998849842245,1.038588097371,0.9300001));
#10766 = CARTESIAN_POINT('',(-1.000188688254,1.038588097371,0.9300001));
#10767 = ORIENTED_EDGE('',*,*,#10768,.T.);
#10768 = EDGE_CURVE('',#10760,#10769,#10771,.T.);
#10769 = VERTEX_POINT('',#10770);
#10770 = CARTESIAN_POINT('',(-1.020941107837,1.017835677788,0.9300001));
#10771 = B_SPLINE_CURVE_WITH_KNOTS('',3,(#10772,#10773,#10774,#10775),
  .UNSPECIFIED.,.F.,.F.,(4,4),(27.,28.),.PIECEWISE_BEZIER_KNOTS.);
#10772 = CARTESIAN_POINT('',(-1.000188688254,1.038588097371,0.9300001));
#10773 = CARTESIAN_POINT('',(-1.01156905809,1.038588097371,0.9300001));
#10774 = CARTESIAN_POINT('',(-1.020941107837,1.029216022087,0.9300001));
#10775 = CARTESIAN_POINT('',(-1.020941107837,1.017835677788,0.9300001));
#10776 = ORIENTED_EDGE('',*,*,#10777,.T.);
#10777 = EDGE_CURVE('',#10769,#10778,#10780,.T.);
#10778 = VERTEX_POINT('',#10779);
#10779 = CARTESIAN_POINT('',(-1.001527534263,0.997083258204,0.9300001));
#10780 = B_SPLINE_CURVE_WITH_KNOTS('',3,(#10781,#10782,#10783,#10784),
  .UNSPECIFIED.,.F.,.F.,(4,4),(28.,29.),.PIECEWISE_BEZIER_KNOTS.);
#10781 = CARTESIAN_POINT('',(-1.020941107837,1.017835677788,0.9300001));
#10782 = CARTESIAN_POINT('',(-1.020941107837,1.007124756494,0.9300001));
#10783 = CARTESIAN_POINT('',(-1.012238481094,0.997752681209,0.9300001));
#10784 = CARTESIAN_POINT('',(-1.001527534263,0.997083258204,0.9300001));
#10785 = ORIENTED_EDGE('',*,*,#10786,.T.);
#10786 = EDGE_CURVE('',#10778,#10787,#10789,.T.);
#10787 = VERTEX_POINT('',#10788);
#10788 = CARTESIAN_POINT('',(-0.962030989647,0.997083258204,0.9300001));
#10789 = B_SPLINE_CURVE_WITH_KNOTS('',1,(#10790,#10791),.UNSPECIFIED.,
  .F.,.F.,(2,2),(2.22044604925E-16,3.949654461618E-02),
  .PIECEWISE_BEZIER_KNOTS.);
#10790 = CARTESIAN_POINT('',(-1.001527534263,0.997083258204,0.9300001));
#10791 = CARTESIAN_POINT('',(-0.962030989647,0.997083258204,0.9300001));
#10792 = ORIENTED_EDGE('',*,*,#10793,.T.);
#10793 = EDGE_CURVE('',#10787,#10794,#10796,.T.);
#10794 = VERTEX_POINT('',#10795);
#10795 = CARTESIAN_POINT('',(-0.901112576907,1.027207753073,0.9300001));
#10796 = B_SPLINE_CURVE_WITH_KNOTS('',3,(#10797,#10798,#10799,#10800),
  .UNSPECIFIED.,.F.,.F.,(4,4),(33.,34.),.PIECEWISE_BEZIER_KNOTS.);
#10797 = CARTESIAN_POINT('',(-0.962030989647,0.997083258204,0.9300001));
#10798 = CARTESIAN_POINT('',(-0.938600826973,0.999091552755,0.9300001));
#10799 = CARTESIAN_POINT('',(-0.917178958848,1.009802499586,0.9300001));
#10800 = CARTESIAN_POINT('',(-0.901112576907,1.027207753073,0.9300001));
#10801 = ORIENTED_EDGE('',*,*,#10802,.T.);
#10802 = EDGE_CURVE('',#10794,#10499,#10803,.T.);
#10803 = B_SPLINE_CURVE_WITH_KNOTS('',3,(#10804,#10805,#10806,#10807),
  .UNSPECIFIED.,.F.,.F.,(4,4),(34.,35.),.PIECEWISE_BEZIER_KNOTS.);
#10804 = CARTESIAN_POINT('',(-0.901112576907,1.027207753073,0.9300001));
#10805 = CARTESIAN_POINT('',(-0.885046169429,1.04461300656,0.9300001));
#10806 = CARTESIAN_POINT('',(-0.876343542686,1.06737374623,0.9300001));
#10807 = CARTESIAN_POINT('',(-0.876343542686,1.090803908905,0.9300001));
#10808 = FACE_BOUND('',#10809,.T.);
#10809 = EDGE_LOOP('',(#10810,#10824));
#10810 = ORIENTED_EDGE('',*,*,#10811,.F.);
#10811 = EDGE_CURVE('',#10812,#10814,#10816,.T.);
#10812 = VERTEX_POINT('',#10813);
#10813 = CARTESIAN_POINT('',(-1.158844353565,0.99306661803,0.9300001));
#10814 = VERTEX_POINT('',#10815);
#10815 = CARTESIAN_POINT('',(-1.158844353565,1.045282429564,0.9300001));
#10816 = B_SPLINE_CURVE_WITH_KNOTS('',3,(#10817,#10818,#10819,#10820,
    #10821,#10822,#10823),.UNSPECIFIED.,.F.,.F.,(4,3,4),(0.,1.,2.),
  .PIECEWISE_BEZIER_KNOTS.);
#10817 = CARTESIAN_POINT('',(-1.158844353565,0.99306661803,0.9300001));
#10818 = CARTESIAN_POINT('',(-1.144116830402,0.99306661803,0.9300001));
#10819 = CARTESIAN_POINT('',(-1.132736460567,1.005116436407,0.9300001));
#10820 = CARTESIAN_POINT('',(-1.132736460567,1.019174523797,0.9300001));
#10821 = CARTESIAN_POINT('',(-1.132736460567,1.033902059729,0.9300001));
#10822 = CARTESIAN_POINT('',(-1.144786253406,1.045282429564,0.9300001));
#10823 = CARTESIAN_POINT('',(-1.158844353565,1.045282429564,0.9300001));
#10824 = ORIENTED_EDGE('',*,*,#10825,.F.);
#10825 = EDGE_CURVE('',#10814,#10812,#10826,.T.);
#10826 = B_SPLINE_CURVE_WITH_KNOTS('',3,(#10827,#10828,#10829,#10830,
    #10831,#10832),.UNSPECIFIED.,.F.,.F.,(4,2,4),(2.,3.,4.),
  .UNSPECIFIED.);
#10827 = CARTESIAN_POINT('',(-1.158844353565,1.045282429564,0.9300001));
#10828 = CARTESIAN_POINT('',(-1.172902453724,1.045282429564,0.9300001));
#10829 = CARTESIAN_POINT('',(-1.184952246564,1.033902059729,0.9300001));
#10830 = CARTESIAN_POINT('',(-1.184952246564,1.004446987865,0.9300001));
#10831 = CARTESIAN_POINT('',(-1.172902453724,0.99306661803,0.9300001));
#10832 = CARTESIAN_POINT('',(-1.158844353565,0.99306661803,0.9300001));
#10833 = B_SPLINE_SURFACE_WITH_KNOTS('',1,1,(
    (#10834,#10835)
    ,(#10836,#10837
    )),.UNSPECIFIED.,.F.,.F.,.F.,(2,2),(2,2),(-1.907884291936E-02,
    0.40801954588),(-0.192294662874,0.12100005311),
  .PIECEWISE_BEZIER_KNOTS.);
#10834 = CARTESIAN_POINT('',(-0.876343542686,0.952900675946,0.9300001));
#10835 = CARTESIAN_POINT('',(-0.876343542686,1.26619539193,0.9300001));
#10836 = CARTESIAN_POINT('',(-1.303441931486,0.952900675946,0.9300001));
#10837 = CARTESIAN_POINT('',(-1.303441931486,1.26619539193,0.9300001));
#10838 = ADVANCED_FACE('',(#10839),#10849,.F.);
#10839 = FACE_BOUND('',#10840,.F.);
#10840 = EDGE_LOOP('',(#10841,#10842,#10843,#10848));
#10841 = ORIENTED_EDGE('',*,*,#10514,.F.);
#10842 = ORIENTED_EDGE('',*,*,#10533,.T.);
#10843 = ORIENTED_EDGE('',*,*,#10844,.T.);
#10844 = EDGE_CURVE('',#10534,#1223,#10845,.T.);
#10845 = B_SPLINE_CURVE_WITH_KNOTS('',1,(#10846,#10847),.UNSPECIFIED.,
  .F.,.F.,(2,2),(-0.,1.E-02),.PIECEWISE_BEZIER_KNOTS.);
#10846 = CARTESIAN_POINT('',(-0.97876682013,1.231384862611,0.9300001));
#10847 = CARTESIAN_POINT('',(-0.97876682013,1.231384862611,0.9200001));
#10848 = ORIENTED_EDGE('',*,*,#1220,.F.);
#10849 = B_SPLINE_SURFACE_WITH_KNOTS('',3,1,(
    (#10850,#10851)
    ,(#10852,#10853)
    ,(#10854,#10855)
    ,(#10856,#10857
    )),.UNSPECIFIED.,.F.,.F.,.F.,(4,4),(2,2),(0.,1.),(0.,1.),
  .PIECEWISE_BEZIER_KNOTS.);
#10850 = CARTESIAN_POINT('',(-0.942617416073,1.17849963765,0.9300001));
#10851 = CARTESIAN_POINT('',(-0.942617416073,1.17849963765,0.9200001));
#10852 = CARTESIAN_POINT('',(-0.949981171271,1.198582634228,0.9300001));
#10853 = CARTESIAN_POINT('',(-0.949981171271,1.198582634228,0.9200001));
#10854 = CARTESIAN_POINT('',(-0.962700412652,1.216657329872,0.9300001));
#10855 = CARTESIAN_POINT('',(-0.962700412652,1.216657329872,0.9200001));
#10856 = CARTESIAN_POINT('',(-0.97876682013,1.231384862611,0.9300001));
#10857 = CARTESIAN_POINT('',(-0.97876682013,1.231384862611,0.9200001));
#10858 = ADVANCED_FACE('',(#10859),#10869,.F.);
#10859 = FACE_BOUND('',#10860,.F.);
#10860 = EDGE_LOOP('',(#10861,#10862,#10863,#10868));
#10861 = ORIENTED_EDGE('',*,*,#10844,.F.);
#10862 = ORIENTED_EDGE('',*,*,#10542,.T.);
#10863 = ORIENTED_EDGE('',*,*,#10864,.T.);
#10864 = EDGE_CURVE('',#10543,#1492,#10865,.T.);
#10865 = B_SPLINE_CURVE_WITH_KNOTS('',1,(#10866,#10867),.UNSPECIFIED.,
  .F.,.F.,(2,2),(-0.,1.E-02),.PIECEWISE_BEZIER_KNOTS.);
#10866 = CARTESIAN_POINT('',(-1.069809727739,1.26619539193,0.9300001));
#10867 = CARTESIAN_POINT('',(-1.069809727739,1.26619539193,0.9200001));
#10868 = ORIENTED_EDGE('',*,*,#1500,.F.);
#10869 = B_SPLINE_SURFACE_WITH_KNOTS('',3,1,(
    (#10870,#10871)
    ,(#10872,#10873)
    ,(#10874,#10875)
    ,(#10876,#10877
    )),.UNSPECIFIED.,.F.,.F.,.F.,(4,4),(2,2),(1.,2.),(0.,1.),
  .PIECEWISE_BEZIER_KNOTS.);
#10870 = CARTESIAN_POINT('',(-0.97876682013,1.231384862611,0.9300001));
#10871 = CARTESIAN_POINT('',(-0.97876682013,1.231384862611,0.9200001));
#10872 = CARTESIAN_POINT('',(-1.004205277355,1.253476160923,0.9300001));
#10873 = CARTESIAN_POINT('',(-1.004205277355,1.253476160923,0.9200001));
#10874 = CARTESIAN_POINT('',(-1.036338066774,1.26619539193,0.9300001));
#10875 = CARTESIAN_POINT('',(-1.036338066774,1.26619539193,0.9200001));
#10876 = CARTESIAN_POINT('',(-1.069809727739,1.26619539193,0.9300001));
#10877 = CARTESIAN_POINT('',(-1.069809727739,1.26619539193,0.9200001));
#10878 = ADVANCED_FACE('',(#10879),#10889,.F.);
#10879 = FACE_BOUND('',#10880,.F.);
#10880 = EDGE_LOOP('',(#10881,#10882,#10883,#10888));
#10881 = ORIENTED_EDGE('',*,*,#10864,.F.);
#10882 = ORIENTED_EDGE('',*,*,#10551,.T.);
#10883 = ORIENTED_EDGE('',*,*,#10884,.T.);
#10884 = EDGE_CURVE('',#10552,#1483,#10885,.T.);
#10885 = B_SPLINE_CURVE_WITH_KNOTS('',1,(#10886,#10887),.UNSPECIFIED.,
  .F.,.F.,(2,2),(-0.,1.E-02),.PIECEWISE_BEZIER_KNOTS.);
#10886 = CARTESIAN_POINT('',(-1.150141714054,1.240087495739,0.9300001));
#10887 = CARTESIAN_POINT('',(-1.150141714054,1.240087495739,0.9200001));
#10888 = ORIENTED_EDGE('',*,*,#1491,.F.);
#10889 = B_SPLINE_SURFACE_WITH_KNOTS('',3,1,(
    (#10890,#10891)
    ,(#10892,#10893)
    ,(#10894,#10895)
    ,(#10896,#10897
    )),.UNSPECIFIED.,.F.,.F.,.F.,(4,4),(2,2),(2.,3.),(0.,1.),
  .PIECEWISE_BEZIER_KNOTS.);
#10890 = CARTESIAN_POINT('',(-1.069809727739,1.26619539193,0.9300001));
#10891 = CARTESIAN_POINT('',(-1.069809727739,1.26619539193,0.9200001));
#10892 = CARTESIAN_POINT('',(-1.099264786834,1.26619539193,0.9300001));
#10893 = CARTESIAN_POINT('',(-1.099264786834,1.26619539193,0.9200001));
#10894 = CARTESIAN_POINT('',(-1.126711551378,1.25682332702,0.9300001));
#10895 = CARTESIAN_POINT('',(-1.126711551378,1.25682332702,0.9200001));
#10896 = CARTESIAN_POINT('',(-1.150141714054,1.240087495739,0.9300001));
#10897 = CARTESIAN_POINT('',(-1.150141714054,1.240087495739,0.9200001));
#10898 = ADVANCED_FACE('',(#10899),#10909,.F.);
#10899 = FACE_BOUND('',#10900,.F.);
#10900 = EDGE_LOOP('',(#10901,#10902,#10903,#10908));
#10901 = ORIENTED_EDGE('',*,*,#10884,.F.);
#10902 = ORIENTED_EDGE('',*,*,#10560,.T.);
#10903 = ORIENTED_EDGE('',*,*,#10904,.T.);
#10904 = EDGE_CURVE('',#10561,#1474,#10905,.T.);
#10905 = B_SPLINE_CURVE_WITH_KNOTS('',1,(#10906,#10907),.UNSPECIFIED.,
  .F.,.F.,(2,2),(-0.,1.E-02),.PIECEWISE_BEZIER_KNOTS.);
#10906 = CARTESIAN_POINT('',(-1.179596773148,1.210632433452,0.9300001));
#10907 = CARTESIAN_POINT('',(-1.179596773148,1.210632433452,0.9200001));
#10908 = ORIENTED_EDGE('',*,*,#1482,.F.);
#10909 = B_SPLINE_SURFACE_WITH_KNOTS('',3,1,(
    (#10910,#10911)
    ,(#10912,#10913)
    ,(#10914,#10915)
    ,(#10916,#10917
    )),.UNSPECIFIED.,.F.,.F.,.F.,(4,4),(2,2),(3.,4.),(0.,1.),
  .PIECEWISE_BEZIER_KNOTS.);
#10910 = CARTESIAN_POINT('',(-1.150141714054,1.240087495739,0.9300001));
#10911 = CARTESIAN_POINT('',(-1.150141714054,1.240087495739,0.9200001));
#10912 = CARTESIAN_POINT('',(-1.161522083889,1.232054295192,0.9300001));
#10913 = CARTESIAN_POINT('',(-1.161522083889,1.232054295192,0.9200001));
#10914 = CARTESIAN_POINT('',(-1.170894146405,1.222012796903,0.9300001));
#10915 = CARTESIAN_POINT('',(-1.170894146405,1.222012796903,0.9200001));
#10916 = CARTESIAN_POINT('',(-1.179596773148,1.210632433452,0.9300001));
#10917 = CARTESIAN_POINT('',(-1.179596773148,1.210632433452,0.9200001));
#10918 = ADVANCED_FACE('',(#10919),#10929,.F.);
#10919 = FACE_BOUND('',#10920,.F.);
#10920 = EDGE_LOOP('',(#10921,#10922,#10923,#10928));
#10921 = ORIENTED_EDGE('',*,*,#10904,.F.);
#10922 = ORIENTED_EDGE('',*,*,#10569,.T.);
#10923 = ORIENTED_EDGE('',*,*,#10924,.T.);
#10924 = EDGE_CURVE('',#10570,#1465,#10925,.T.);
#10925 = B_SPLINE_CURVE_WITH_KNOTS('',1,(#10926,#10927),.UNSPECIFIED.,
  .F.,.F.,(2,2),(-0.,1.E-02),.PIECEWISE_BEZIER_KNOTS.);
#10926 = CARTESIAN_POINT('',(-1.194993732085,1.211971298614,0.9300001));
#10927 = CARTESIAN_POINT('',(-1.194993732085,1.211971298614,0.9200001));
#10928 = ORIENTED_EDGE('',*,*,#1473,.F.);
#10929 = B_SPLINE_SURFACE_WITH_KNOTS('',3,1,(
    (#10930,#10931)
    ,(#10932,#10933)
    ,(#10934,#10935)
    ,(#10936,#10937
    )),.UNSPECIFIED.,.F.,.F.,.F.,(4,4),(2,2),(4.,5.),(0.,1.),
  .PIECEWISE_BEZIER_KNOTS.);
#10930 = CARTESIAN_POINT('',(-1.179596773148,1.210632433452,0.9300001));
#10931 = CARTESIAN_POINT('',(-1.179596773148,1.210632433452,0.9200001));
#10932 = CARTESIAN_POINT('',(-1.184952233795,1.211301869225,0.9300001));
#10933 = CARTESIAN_POINT('',(-1.184952233795,1.211301869225,0.9200001));
#10934 = CARTESIAN_POINT('',(-1.189638271438,1.211971298614,0.9300001));
#10935 = CARTESIAN_POINT('',(-1.189638271438,1.211971298614,0.9200001));
#10936 = CARTESIAN_POINT('',(-1.194993732085,1.211971298614,0.9300001));
#10937 = CARTESIAN_POINT('',(-1.194993732085,1.211971298614,0.9200001));
#10938 = ADVANCED_FACE('',(#10939),#10949,.F.);
#10939 = FACE_BOUND('',#10940,.F.);
#10940 = EDGE_LOOP('',(#10941,#10942,#10943,#10948));
#10941 = ORIENTED_EDGE('',*,*,#10924,.F.);
#10942 = ORIENTED_EDGE('',*,*,#10578,.T.);
#10943 = ORIENTED_EDGE('',*,*,#10944,.T.);
#10944 = EDGE_CURVE('',#10579,#1456,#10945,.T.);
#10945 = B_SPLINE_CURVE_WITH_KNOTS('',1,(#10946,#10947),.UNSPECIFIED.,
  .F.,.F.,(2,2),(-0.,1.E-02),.PIECEWISE_BEZIER_KNOTS.);
#10946 = CARTESIAN_POINT('',(-1.271978552303,1.179838502811,0.9300001));
#10947 = CARTESIAN_POINT('',(-1.271978552303,1.179838502811,0.9200001));
#10948 = ORIENTED_EDGE('',*,*,#1464,.F.);
#10949 = B_SPLINE_SURFACE_WITH_KNOTS('',3,1,(
    (#10950,#10951)
    ,(#10952,#10953)
    ,(#10954,#10955)
    ,(#10956,#10957
    )),.UNSPECIFIED.,.F.,.F.,.F.,(4,4),(2,2),(5.,6.),(0.,1.),
  .PIECEWISE_BEZIER_KNOTS.);
#10950 = CARTESIAN_POINT('',(-1.194993732085,1.211971298614,0.9300001));
#10951 = CARTESIAN_POINT('',(-1.194993732085,1.211971298614,0.9200001));
#10952 = CARTESIAN_POINT('',(-1.223779361791,1.211971298614,0.9300001));
#10953 = CARTESIAN_POINT('',(-1.223779361791,1.211971298614,0.9200001));
#10954 = CARTESIAN_POINT('',(-1.251226119951,1.200590935163,0.9300001));
#10955 = CARTESIAN_POINT('',(-1.251226119951,1.200590935163,0.9200001));
#10956 = CARTESIAN_POINT('',(-1.271978552303,1.179838502811,0.9300001));
#10957 = CARTESIAN_POINT('',(-1.271978552303,1.179838502811,0.9200001));
#10958 = ADVANCED_FACE('',(#10959),#10969,.F.);
#10959 = FACE_BOUND('',#10960,.F.);
#10960 = EDGE_LOOP('',(#10961,#10962,#10963,#10968));
#10961 = ORIENTED_EDGE('',*,*,#10944,.F.);
#10962 = ORIENTED_EDGE('',*,*,#10587,.T.);
#10963 = ORIENTED_EDGE('',*,*,#10964,.T.);
#10964 = EDGE_CURVE('',#10588,#1447,#10965,.T.);
#10965 = B_SPLINE_CURVE_WITH_KNOTS('',1,(#10966,#10967),.UNSPECIFIED.,
  .F.,.F.,(2,2),(-0.,1.E-02),.PIECEWISE_BEZIER_KNOTS.);
#10966 = CARTESIAN_POINT('',(-1.303441931486,1.10352312475,0.9300001));
#10967 = CARTESIAN_POINT('',(-1.303441931486,1.10352312475,0.9200001));
#10968 = ORIENTED_EDGE('',*,*,#1455,.F.);
#10969 = B_SPLINE_SURFACE_WITH_KNOTS('',3,1,(
    (#10970,#10971)
    ,(#10972,#10973)
    ,(#10974,#10975)
    ,(#10976,#10977
    )),.UNSPECIFIED.,.F.,.F.,.F.,(4,4),(2,2),(6.,7.),(0.,1.),
  .PIECEWISE_BEZIER_KNOTS.);
#10970 = CARTESIAN_POINT('',(-1.271978552303,1.179838502811,0.9300001));
#10971 = CARTESIAN_POINT('',(-1.271978552303,1.179838502811,0.9200001));
#10972 = CARTESIAN_POINT('',(-1.292061566439,1.159755512616,0.9300001));
#10973 = CARTESIAN_POINT('',(-1.292061566439,1.159755512616,0.9200001));
#10974 = CARTESIAN_POINT('',(-1.303441931486,1.132308748072,0.9300001));
#10975 = CARTESIAN_POINT('',(-1.303441931486,1.132308748072,0.9200001));
#10976 = CARTESIAN_POINT('',(-1.303441931486,1.10352312475,0.9300001));
#10977 = CARTESIAN_POINT('',(-1.303441931486,1.10352312475,0.9200001));
#10978 = ADVANCED_FACE('',(#10979),#10989,.F.);
#10979 = FACE_BOUND('',#10980,.F.);
#10980 = EDGE_LOOP('',(#10981,#10982,#10983,#10988));
#10981 = ORIENTED_EDGE('',*,*,#10964,.F.);
#10982 = ORIENTED_EDGE('',*,*,#10596,.T.);
#10983 = ORIENTED_EDGE('',*,*,#10984,.T.);
#10984 = EDGE_CURVE('',#10597,#1438,#10985,.T.);
#10985 = B_SPLINE_CURVE_WITH_KNOTS('',1,(#10986,#10987),.UNSPECIFIED.,
  .F.,.F.,(2,2),(-0.,1.E-02),.PIECEWISE_BEZIER_KNOTS.);
#10986 = CARTESIAN_POINT('',(-1.275325737552,1.030554919169,0.9300001));
#10987 = CARTESIAN_POINT('',(-1.275325737552,1.030554919169,0.9200001));
#10988 = ORIENTED_EDGE('',*,*,#1446,.F.);
#10989 = B_SPLINE_SURFACE_WITH_KNOTS('',3,1,(
    (#10990,#10991)
    ,(#10992,#10993)
    ,(#10994,#10995)
    ,(#10996,#10997
    )),.UNSPECIFIED.,.F.,.F.,.F.,(4,4),(2,2),(7.,8.),(0.,1.),
  .PIECEWISE_BEZIER_KNOTS.);
#10990 = CARTESIAN_POINT('',(-1.303441931486,1.10352312475,0.9300001));
#10991 = CARTESIAN_POINT('',(-1.303441931486,1.10352312475,0.9200001));
#10992 = CARTESIAN_POINT('',(-1.303441931486,1.076745795978,0.9300001));
#10993 = CARTESIAN_POINT('',(-1.303441931486,1.076745795978,0.9200001));
#10994 = CARTESIAN_POINT('',(-1.293400433196,1.050637890211,0.9300001));
#10995 = CARTESIAN_POINT('',(-1.293400433196,1.050637890211,0.9200001));
#10996 = CARTESIAN_POINT('',(-1.275325737552,1.030554919169,0.9300001));
#10997 = CARTESIAN_POINT('',(-1.275325737552,1.030554919169,0.9200001));
#10998 = ADVANCED_FACE('',(#10999),#11009,.F.);
#10999 = FACE_BOUND('',#11000,.F.);
#11000 = EDGE_LOOP('',(#11001,#11002,#11003,#11008));
#11001 = ORIENTED_EDGE('',*,*,#10984,.F.);
#11002 = ORIENTED_EDGE('',*,*,#10605,.T.);
#11003 = ORIENTED_EDGE('',*,*,#11004,.T.);
#11004 = EDGE_CURVE('',#10606,#1429,#11005,.T.);
#11005 = B_SPLINE_CURVE_WITH_KNOTS('',1,(#11006,#11007),.UNSPECIFIED.,
  .F.,.F.,(2,2),(-0.,1.E-02),.PIECEWISE_BEZIER_KNOTS.);
#11006 = CARTESIAN_POINT('',(-1.221771080009,0.998422129751,0.9300001));
#11007 = CARTESIAN_POINT('',(-1.221771080009,0.998422129751,0.9200001));
#11008 = ORIENTED_EDGE('',*,*,#1437,.F.);
#11009 = B_SPLINE_SURFACE_WITH_KNOTS('',3,1,(
    (#11010,#11011)
    ,(#11012,#11013)
    ,(#11014,#11015)
    ,(#11016,#11017
    )),.UNSPECIFIED.,.F.,.F.,.F.,(4,4),(2,2),(8.,9.),(0.,1.),
  .PIECEWISE_BEZIER_KNOTS.);
#11010 = CARTESIAN_POINT('',(-1.275325737552,1.030554919169,0.9300001));
#11011 = CARTESIAN_POINT('',(-1.275325737552,1.030554919169,0.9200001));
#11012 = CARTESIAN_POINT('',(-1.260598208005,1.014488511691,0.9300001));
#11013 = CARTESIAN_POINT('',(-1.260598208005,1.014488511691,0.9200001));
#11014 = CARTESIAN_POINT('',(-1.242523505977,1.003777590398,0.9300001));
#11015 = CARTESIAN_POINT('',(-1.242523505977,1.003777590398,0.9200001));
#11016 = CARTESIAN_POINT('',(-1.221771080009,0.998422129751,0.9300001));
#11017 = CARTESIAN_POINT('',(-1.221771080009,0.998422129751,0.9200001));
#11018 = ADVANCED_FACE('',(#11019),#11029,.F.);
#11019 = FACE_BOUND('',#11020,.F.);
#11020 = EDGE_LOOP('',(#11021,#11022,#11023,#11028));
#11021 = ORIENTED_EDGE('',*,*,#11004,.F.);
#11022 = ORIENTED_EDGE('',*,*,#10614,.T.);
#11023 = ORIENTED_EDGE('',*,*,#11024,.T.);
#11024 = EDGE_CURVE('',#10615,#1420,#11025,.T.);
#11025 = B_SPLINE_CURVE_WITH_KNOTS('',1,(#11026,#11027),.UNSPECIFIED.,
  .F.,.F.,(2,2),(-0.,1.E-02),.PIECEWISE_BEZIER_KNOTS.);
#11026 = CARTESIAN_POINT('',(-1.158174917792,0.952900675946,0.9300001));
#11027 = CARTESIAN_POINT('',(-1.158174917792,0.952900675946,0.9200001));
#11028 = ORIENTED_EDGE('',*,*,#1428,.F.);
#11029 = B_SPLINE_SURFACE_WITH_KNOTS('',3,1,(
    (#11030,#11031)
    ,(#11032,#11033)
    ,(#11034,#11035)
    ,(#11036,#11037
    )),.UNSPECIFIED.,.F.,.F.,.F.,(4,4),(2,2),(9.,10.),(0.,1.),
  .PIECEWISE_BEZIER_KNOTS.);
#11030 = CARTESIAN_POINT('',(-1.221771080009,0.998422129751,0.9300001));
#11031 = CARTESIAN_POINT('',(-1.221771080009,0.998422129751,0.9200001));
#11032 = CARTESIAN_POINT('',(-1.213068446882,0.971644800979,0.9300001));
#11033 = CARTESIAN_POINT('',(-1.213068446882,0.971644800979,0.9200001));
#11034 = CARTESIAN_POINT('',(-1.187629989656,0.952900675946,0.9300001));
#11035 = CARTESIAN_POINT('',(-1.187629989656,0.952900675946,0.9200001));
#11036 = CARTESIAN_POINT('',(-1.158174917792,0.952900675946,0.9300001));
#11037 = CARTESIAN_POINT('',(-1.158174917792,0.952900675946,0.9200001));
#11038 = ADVANCED_FACE('',(#11039),#11049,.F.);
#11039 = FACE_BOUND('',#11040,.F.);
#11040 = EDGE_LOOP('',(#11041,#11042,#11043,#11048));
#11041 = ORIENTED_EDGE('',*,*,#11024,.F.);
#11042 = ORIENTED_EDGE('',*,*,#10623,.T.);
#11043 = ORIENTED_EDGE('',*,*,#11044,.T.);
#11044 = EDGE_CURVE('',#10624,#1411,#11045,.T.);
#11045 = B_SPLINE_CURVE_WITH_KNOTS('',1,(#11046,#11047),.UNSPECIFIED.,
  .F.,.F.,(2,2),(-0.,1.E-02),.PIECEWISE_BEZIER_KNOTS.);
#11046 = CARTESIAN_POINT('',(-1.091231595863,1.019843997875,0.9300001));
#11047 = CARTESIAN_POINT('',(-1.091231595863,1.019843997875,0.9200001));
#11048 = ORIENTED_EDGE('',*,*,#1419,.F.);
#11049 = B_SPLINE_SURFACE_WITH_KNOTS('',3,1,(
    (#11050,#11051)
    ,(#11052,#11053)
    ,(#11054,#11055)
    ,(#11056,#11057
    )),.UNSPECIFIED.,.F.,.F.,.F.,(4,4),(2,2),(10.,11.),(0.,1.),
  .PIECEWISE_BEZIER_KNOTS.);
#11050 = CARTESIAN_POINT('',(-1.158174917792,0.952900675946,0.9300001));
#11051 = CARTESIAN_POINT('',(-1.158174917792,0.952900675946,0.9200001));
#11052 = CARTESIAN_POINT('',(-1.121356090731,0.952900675946,0.9300001));
#11053 = CARTESIAN_POINT('',(-1.121356090731,0.952900675946,0.9200001));
#11054 = CARTESIAN_POINT('',(-1.091231595863,0.983025170814,0.9300001));
#11055 = CARTESIAN_POINT('',(-1.091231595863,0.983025170814,0.9200001));
#11056 = CARTESIAN_POINT('',(-1.091231595863,1.019843997875,0.9300001));
#11057 = CARTESIAN_POINT('',(-1.091231595863,1.019843997875,0.9200001));
#11058 = ADVANCED_FACE('',(#11059),#11069,.F.);
#11059 = FACE_BOUND('',#11060,.T.);
#11060 = EDGE_LOOP('',(#11061,#11062,#11067,#11068));
#11061 = ORIENTED_EDGE('',*,*,#1410,.T.);
#11062 = ORIENTED_EDGE('',*,*,#11063,.F.);
#11063 = EDGE_CURVE('',#10633,#1404,#11064,.T.);
#11064 = B_SPLINE_CURVE_WITH_KNOTS('',1,(#11065,#11066),.UNSPECIFIED.,
  .F.,.F.,(2,2),(-0.,1.E-02),.PIECEWISE_BEZIER_KNOTS.);
#11065 = CARTESIAN_POINT('',(-1.091231595863,1.026538330068,0.9300001));
#11066 = CARTESIAN_POINT('',(-1.091231595863,1.026538330068,0.9200001));
#11067 = ORIENTED_EDGE('',*,*,#10632,.F.);
#11068 = ORIENTED_EDGE('',*,*,#11044,.T.);
#11069 = B_SPLINE_SURFACE_WITH_KNOTS('',1,1,(
    (#11070,#11071)
    ,(#11072,#11073
  )),.UNSPECIFIED.,.F.,.F.,.F.,(2,2),(2,2),(-1.E-02,0.),(0.,
    6.694332193334E-03),.PIECEWISE_BEZIER_KNOTS.);
#11070 = CARTESIAN_POINT('',(-1.091231595863,1.019843997875,0.9200001));
#11071 = CARTESIAN_POINT('',(-1.091231595863,1.026538330068,0.9200001));
#11072 = CARTESIAN_POINT('',(-1.091231595863,1.019843997875,0.9300001));
#11073 = CARTESIAN_POINT('',(-1.091231595863,1.026538330068,0.9300001));
#11074 = ADVANCED_FACE('',(#11075),#11085,.F.);
#11075 = FACE_BOUND('',#11076,.T.);
#11076 = EDGE_LOOP('',(#11077,#11078,#11083,#11084));
#11077 = ORIENTED_EDGE('',*,*,#1403,.T.);
#11078 = ORIENTED_EDGE('',*,*,#11079,.F.);
#11079 = EDGE_CURVE('',#10642,#1397,#11080,.T.);
#11080 = B_SPLINE_CURVE_WITH_KNOTS('',1,(#11081,#11082),.UNSPECIFIED.,
  .F.,.F.,(2,2),(-0.,1.E-02),.PIECEWISE_BEZIER_KNOTS.);
#11081 = CARTESIAN_POINT('',(-0.997510945162,1.076076385742,0.9300001));
#11082 = CARTESIAN_POINT('',(-0.997510945162,1.076076385742,0.9200001));
#11083 = ORIENTED_EDGE('',*,*,#10641,.F.);
#11084 = ORIENTED_EDGE('',*,*,#11063,.T.);
#11085 = B_SPLINE_SURFACE_WITH_KNOTS('',1,1,(
    (#11086,#11087)
    ,(#11088,#11089
    )),.UNSPECIFIED.,.F.,.F.,.F.,(2,2),(2,2),(-0.106007449397,0.),(
    -1.E-02,0.),.PIECEWISE_BEZIER_KNOTS.);
#11086 = CARTESIAN_POINT('',(-0.997510945162,1.076076385742,0.9200001));
#11087 = CARTESIAN_POINT('',(-0.997510945162,1.076076385742,0.9300001));
#11088 = CARTESIAN_POINT('',(-1.091231595863,1.026538330068,0.9200001));
#11089 = CARTESIAN_POINT('',(-1.091231595863,1.026538330068,0.9300001));
#11090 = ADVANCED_FACE('',(#11091),#11101,.F.);
#11091 = FACE_BOUND('',#11092,.T.);
#11092 = EDGE_LOOP('',(#11093,#11094,#11099,#11100));
#11093 = ORIENTED_EDGE('',*,*,#1396,.T.);
#11094 = ORIENTED_EDGE('',*,*,#11095,.F.);
#11095 = EDGE_CURVE('',#10649,#1390,#11096,.T.);
#11096 = B_SPLINE_CURVE_WITH_KNOTS('',1,(#11097,#11098),.UNSPECIFIED.,
  .F.,.F.,(2,2),(-0.,1.E-02),.PIECEWISE_BEZIER_KNOTS.);
#11097 = CARTESIAN_POINT('',(-1.018263364746,1.111556354025,0.9300001));
#11098 = CARTESIAN_POINT('',(-1.018263364746,1.111556354025,0.9200001));
#11099 = ORIENTED_EDGE('',*,*,#10648,.F.);
#11100 = ORIENTED_EDGE('',*,*,#11079,.T.);
#11101 = B_SPLINE_SURFACE_WITH_KNOTS('',1,1,(
    (#11102,#11103)
    ,(#11104,#11105
    )),.UNSPECIFIED.,.F.,.F.,.F.,(2,2),(2,2),(-4.110341917585E-02,0.),(
    -1.E-02,0.),.PIECEWISE_BEZIER_KNOTS.);
#11102 = CARTESIAN_POINT('',(-1.018263364746,1.111556354025,0.9200001));
#11103 = CARTESIAN_POINT('',(-1.018263364746,1.111556354025,0.9300001));
#11104 = CARTESIAN_POINT('',(-0.997510945162,1.076076385742,0.9200001));
#11105 = CARTESIAN_POINT('',(-0.997510945162,1.076076385742,0.9300001));
#11106 = ADVANCED_FACE('',(#11107),#11117,.F.);
#11107 = FACE_BOUND('',#11108,.T.);
#11108 = EDGE_LOOP('',(#11109,#11110,#11115,#11116));
#11109 = ORIENTED_EDGE('',*,*,#1389,.T.);
#11110 = ORIENTED_EDGE('',*,*,#11111,.F.);
#11111 = EDGE_CURVE('',#10656,#1381,#11112,.T.);
#11112 = B_SPLINE_CURVE_WITH_KNOTS('',1,(#11113,#11114),.UNSPECIFIED.,
  .F.,.F.,(2,2),(-0.,1.E-02),.PIECEWISE_BEZIER_KNOTS.);
#11113 = CARTESIAN_POINT('',(-1.107967413577,1.064696028675,0.9300001));
#11114 = CARTESIAN_POINT('',(-1.107967413577,1.064696028675,0.9200001));
#11115 = ORIENTED_EDGE('',*,*,#10655,.F.);
#11116 = ORIENTED_EDGE('',*,*,#11095,.T.);
#11117 = B_SPLINE_SURFACE_WITH_KNOTS('',1,1,(
    (#11118,#11119)
    ,(#11120,#11121
    )),.UNSPECIFIED.,.F.,.F.,.F.,(2,2),(2,2),(-0.101206257063,0.),(
    -1.E-02,0.),.PIECEWISE_BEZIER_KNOTS.);
#11118 = CARTESIAN_POINT('',(-1.107967413577,1.064696028675,0.9200001));
#11119 = CARTESIAN_POINT('',(-1.107967413577,1.064696028675,0.9300001));
#11120 = CARTESIAN_POINT('',(-1.018263364746,1.111556354025,0.9200001));
#11121 = CARTESIAN_POINT('',(-1.018263364746,1.111556354025,0.9300001));
#11122 = ADVANCED_FACE('',(#11123),#11133,.F.);
#11123 = FACE_BOUND('',#11124,.F.);
#11124 = EDGE_LOOP('',(#11125,#11126,#11127,#11132));
#11125 = ORIENTED_EDGE('',*,*,#11111,.F.);
#11126 = ORIENTED_EDGE('',*,*,#10662,.T.);
#11127 = ORIENTED_EDGE('',*,*,#11128,.T.);
#11128 = EDGE_CURVE('',#10663,#1372,#11129,.T.);
#11129 = B_SPLINE_CURVE_WITH_KNOTS('',1,(#11130,#11131),.UNSPECIFIED.,
  .F.,.F.,(2,2),(-0.,1.E-02),.PIECEWISE_BEZIER_KNOTS.);
#11130 = CARTESIAN_POINT('',(-1.158174905024,1.087456755577,0.9300001));
#11131 = CARTESIAN_POINT('',(-1.158174905024,1.087456755577,0.9200001));
#11132 = ORIENTED_EDGE('',*,*,#1380,.F.);
#11133 = B_SPLINE_SURFACE_WITH_KNOTS('',3,1,(
    (#11134,#11135)
    ,(#11136,#11137)
    ,(#11138,#11139)
    ,(#11140,#11141
    )),.UNSPECIFIED.,.F.,.F.,.F.,(4,4),(2,2),(15.,16.),(0.,1.),
  .PIECEWISE_BEZIER_KNOTS.);
#11134 = CARTESIAN_POINT('',(-1.107967413577,1.064696028675,0.9300001));
#11135 = CARTESIAN_POINT('',(-1.107967413577,1.064696028675,0.9200001));
#11136 = CARTESIAN_POINT('',(-1.120017206417,1.078754128834,0.9300001));
#11137 = CARTESIAN_POINT('',(-1.120017206417,1.078754128834,0.9200001));
#11138 = CARTESIAN_POINT('',(-1.138091908445,1.087456755577,0.9300001));
#11139 = CARTESIAN_POINT('',(-1.138091908445,1.087456755577,0.9200001));
#11140 = CARTESIAN_POINT('',(-1.158174905024,1.087456755577,0.9300001));
#11141 = CARTESIAN_POINT('',(-1.158174905024,1.087456755577,0.9200001));
#11142 = ADVANCED_FACE('',(#11143),#11153,.F.);
#11143 = FACE_BOUND('',#11144,.F.);
#11144 = EDGE_LOOP('',(#11145,#11146,#11147,#11152));
#11145 = ORIENTED_EDGE('',*,*,#11128,.F.);
#11146 = ORIENTED_EDGE('',*,*,#10671,.T.);
#11147 = ORIENTED_EDGE('',*,*,#11148,.T.);
#11148 = EDGE_CURVE('',#10672,#1363,#11149,.T.);
#11149 = B_SPLINE_CURVE_WITH_KNOTS('',1,(#11150,#11151),.UNSPECIFIED.,
  .F.,.F.,(2,2),(-0.,1.E-02),.PIECEWISE_BEZIER_KNOTS.);
#11150 = CARTESIAN_POINT('',(-1.221101625083,1.043274160551,0.9300001));
#11151 = CARTESIAN_POINT('',(-1.221101625083,1.043274160551,0.9200001));
#11152 = ORIENTED_EDGE('',*,*,#1371,.F.);
#11153 = B_SPLINE_SURFACE_WITH_KNOTS('',3,1,(
    (#11154,#11155)
    ,(#11156,#11157)
    ,(#11158,#11159)
    ,(#11160,#11161
    )),.UNSPECIFIED.,.F.,.F.,.F.,(4,4),(2,2),(16.,17.),(0.,1.),
  .PIECEWISE_BEZIER_KNOTS.);
#11154 = CARTESIAN_POINT('',(-1.158174905024,1.087456755577,0.9300001));
#11155 = CARTESIAN_POINT('',(-1.158174905024,1.087456755577,0.9200001));
#11156 = CARTESIAN_POINT('',(-1.186960541114,1.087456755577,0.9300001));
#11157 = CARTESIAN_POINT('',(-1.186960541114,1.087456755577,0.9200001));
#11158 = CARTESIAN_POINT('',(-1.211729562567,1.068712630545,0.9300001));
#11159 = CARTESIAN_POINT('',(-1.211729562567,1.068712630545,0.9200001));
#11160 = CARTESIAN_POINT('',(-1.221101625083,1.043274160551,0.9300001));
#11161 = CARTESIAN_POINT('',(-1.221101625083,1.043274160551,0.9200001));
#11162 = ADVANCED_FACE('',(#11163),#11173,.F.);
#11163 = FACE_BOUND('',#11164,.F.);
#11164 = EDGE_LOOP('',(#11165,#11166,#11167,#11172));
#11165 = ORIENTED_EDGE('',*,*,#11148,.F.);
#11166 = ORIENTED_EDGE('',*,*,#10680,.T.);
#11167 = ORIENTED_EDGE('',*,*,#11168,.T.);
#11168 = EDGE_CURVE('',#10681,#1354,#11169,.T.);
#11169 = B_SPLINE_CURVE_WITH_KNOTS('',1,(#11170,#11171),.UNSPECIFIED.,
  .F.,.F.,(2,2),(-0.,1.E-02),.PIECEWISE_BEZIER_KNOTS.);
#11170 = CARTESIAN_POINT('',(-1.261267618241,1.104862021833,0.9300001));
#11171 = CARTESIAN_POINT('',(-1.261267618241,1.104862021833,0.9200001));
#11172 = ORIENTED_EDGE('',*,*,#1362,.F.);
#11173 = B_SPLINE_SURFACE_WITH_KNOTS('',3,1,(
    (#11174,#11175)
    ,(#11176,#11177)
    ,(#11178,#11179)
    ,(#11180,#11181
    )),.UNSPECIFIED.,.F.,.F.,.F.,(4,4),(2,2),(17.,18.),(0.,1.),
  .PIECEWISE_BEZIER_KNOTS.);
#11174 = CARTESIAN_POINT('',(-1.221101625083,1.043274160551,0.9300001));
#11175 = CARTESIAN_POINT('',(-1.221101625083,1.043274160551,0.9200001));
#11176 = CARTESIAN_POINT('',(-1.244531787758,1.053985094613,0.9300001));
#11177 = CARTESIAN_POINT('',(-1.244531787758,1.053985094613,0.9200001));
#11178 = CARTESIAN_POINT('',(-1.261267618241,1.077415257288,0.9300001));
#11179 = CARTESIAN_POINT('',(-1.261267618241,1.077415257288,0.9200001));
#11180 = CARTESIAN_POINT('',(-1.261267618241,1.104862021833,0.9300001));
#11181 = CARTESIAN_POINT('',(-1.261267618241,1.104862021833,0.9200001));
#11182 = ADVANCED_FACE('',(#11183),#11193,.F.);
#11183 = FACE_BOUND('',#11184,.F.);
#11184 = EDGE_LOOP('',(#11185,#11186,#11187,#11192));
#11185 = ORIENTED_EDGE('',*,*,#11168,.F.);
#11186 = ORIENTED_EDGE('',*,*,#10689,.T.);
#11187 = ORIENTED_EDGE('',*,*,#11188,.T.);
#11188 = EDGE_CURVE('',#10690,#1345,#11189,.T.);
#11189 = B_SPLINE_CURVE_WITH_KNOTS('',1,(#11190,#11191),.UNSPECIFIED.,
  .F.,.F.,(2,2),(-0.,1.E-02),.PIECEWISE_BEZIER_KNOTS.);
#11190 = CARTESIAN_POINT('',(-1.194324296312,1.171805343761,0.9300001));
#11191 = CARTESIAN_POINT('',(-1.194324296312,1.171805343761,0.9200001));
#11192 = ORIENTED_EDGE('',*,*,#1353,.F.);
#11193 = B_SPLINE_SURFACE_WITH_KNOTS('',3,1,(
    (#11194,#11195)
    ,(#11196,#11197)
    ,(#11198,#11199)
    ,(#11200,#11201
    )),.UNSPECIFIED.,.F.,.F.,.F.,(4,4),(2,2),(18.,19.),(0.,1.),
  .PIECEWISE_BEZIER_KNOTS.);
#11194 = CARTESIAN_POINT('',(-1.261267618241,1.104862021833,0.9300001));
#11195 = CARTESIAN_POINT('',(-1.261267618241,1.104862021833,0.9200001));
#11196 = CARTESIAN_POINT('',(-1.261267618241,1.141680848894,0.9300001));
#11197 = CARTESIAN_POINT('',(-1.261267618241,1.141680848894,0.9200001));
#11198 = CARTESIAN_POINT('',(-1.231143123373,1.171805343761,0.9300001));
#11199 = CARTESIAN_POINT('',(-1.231143123373,1.171805343761,0.9200001));
#11200 = CARTESIAN_POINT('',(-1.194324296312,1.171805343761,0.9300001));
#11201 = CARTESIAN_POINT('',(-1.194324296312,1.171805343761,0.9200001));
#11202 = ADVANCED_FACE('',(#11203),#11213,.F.);
#11203 = FACE_BOUND('',#11204,.F.);
#11204 = EDGE_LOOP('',(#11205,#11206,#11207,#11212));
#11205 = ORIENTED_EDGE('',*,*,#11188,.F.);
#11206 = ORIENTED_EDGE('',*,*,#10698,.T.);
#11207 = ORIENTED_EDGE('',*,*,#11208,.T.);
#11208 = EDGE_CURVE('',#10699,#1336,#11209,.T.);
#11209 = B_SPLINE_CURVE_WITH_KNOTS('',1,(#11210,#11211),.UNSPECIFIED.,
  .F.,.F.,(2,2),(-0.,1.E-02),.PIECEWISE_BEZIER_KNOTS.);
#11210 = CARTESIAN_POINT('',(-1.158844340797,1.161763845472,0.9300001));
#11211 = CARTESIAN_POINT('',(-1.158844340797,1.161763845472,0.9200001));
#11212 = ORIENTED_EDGE('',*,*,#1344,.F.);
#11213 = B_SPLINE_SURFACE_WITH_KNOTS('',3,1,(
    (#11214,#11215)
    ,(#11216,#11217)
    ,(#11218,#11219)
    ,(#11220,#11221
    )),.UNSPECIFIED.,.F.,.F.,.F.,(4,4),(2,2),(19.,20.),(0.,1.),
  .PIECEWISE_BEZIER_KNOTS.);
#11214 = CARTESIAN_POINT('',(-1.194324296312,1.171805343761,0.9300001));
#11215 = CARTESIAN_POINT('',(-1.194324296312,1.171805343761,0.9200001));
#11216 = CARTESIAN_POINT('',(-1.181605067699,1.171805343761,0.9300001));
#11217 = CARTESIAN_POINT('',(-1.181605067699,1.171805343761,0.9200001));
#11218 = CARTESIAN_POINT('',(-1.168885839086,1.167788741892,0.9300001));
#11219 = CARTESIAN_POINT('',(-1.168885839086,1.167788741892,0.9200001));
#11220 = CARTESIAN_POINT('',(-1.158844340797,1.161763845472,0.9300001));
#11221 = CARTESIAN_POINT('',(-1.158844340797,1.161763845472,0.9200001));
#11222 = ADVANCED_FACE('',(#11223),#11233,.F.);
#11223 = FACE_BOUND('',#11224,.F.);
#11224 = EDGE_LOOP('',(#11225,#11226,#11227,#11232));
#11225 = ORIENTED_EDGE('',*,*,#11208,.F.);
#11226 = ORIENTED_EDGE('',*,*,#10707,.T.);
#11227 = ORIENTED_EDGE('',*,*,#11228,.T.);
#11228 = EDGE_CURVE('',#10708,#1327,#11229,.T.);
#11229 = B_SPLINE_CURVE_WITH_KNOTS('',1,(#11230,#11231),.UNSPECIFIED.,
  .F.,.F.,(2,2),(-0.,1.E-02),.PIECEWISE_BEZIER_KNOTS.);
#11230 = CARTESIAN_POINT('',(-1.069140304734,1.226029398772,0.9300001));
#11231 = CARTESIAN_POINT('',(-1.069140304734,1.226029398772,0.9200001));
#11232 = ORIENTED_EDGE('',*,*,#1335,.F.);
#11233 = B_SPLINE_SURFACE_WITH_KNOTS('',3,1,(
    (#11234,#11235)
    ,(#11236,#11237)
    ,(#11238,#11239)
    ,(#11240,#11241
    )),.UNSPECIFIED.,.F.,.F.,.F.,(4,4),(2,2),(20.,21.),(0.,1.),
  .PIECEWISE_BEZIER_KNOTS.);
#11234 = CARTESIAN_POINT('',(-1.158844340797,1.161763845472,0.9300001));
#11235 = CARTESIAN_POINT('',(-1.158844340797,1.161763845472,0.9200001));
#11236 = CARTESIAN_POINT('',(-1.146125124952,1.199252070001,0.9300001));
#11237 = CARTESIAN_POINT('',(-1.146125124952,1.199252070001,0.9200001));
#11238 = CARTESIAN_POINT('',(-1.111314592442,1.226029398772,0.9300001));
#11239 = CARTESIAN_POINT('',(-1.111314592442,1.226029398772,0.9200001));
#11240 = CARTESIAN_POINT('',(-1.069140304734,1.226029398772,0.9300001));
#11241 = CARTESIAN_POINT('',(-1.069140304734,1.226029398772,0.9200001));
#11242 = ADVANCED_FACE('',(#11243),#11253,.F.);
#11243 = FACE_BOUND('',#11244,.F.);
#11244 = EDGE_LOOP('',(#11245,#11246,#11247,#11252));
#11245 = ORIENTED_EDGE('',*,*,#11228,.F.);
#11246 = ORIENTED_EDGE('',*,*,#10716,.T.);
#11247 = ORIENTED_EDGE('',*,*,#11248,.T.);
#11248 = EDGE_CURVE('',#10717,#1318,#11249,.T.);
#11249 = B_SPLINE_CURVE_WITH_KNOTS('',1,(#11250,#11251),.UNSPECIFIED.,
  .F.,.F.,(2,2),(-0.,1.E-02),.PIECEWISE_BEZIER_KNOTS.);
#11250 = CARTESIAN_POINT('',(-0.975419654033,1.142350246361,0.9300001));
#11251 = CARTESIAN_POINT('',(-0.975419654033,1.142350246361,0.9200001));
#11252 = ORIENTED_EDGE('',*,*,#1326,.F.);
#11253 = B_SPLINE_SURFACE_WITH_KNOTS('',3,1,(
    (#11254,#11255)
    ,(#11256,#11257)
    ,(#11258,#11259)
    ,(#11260,#11261
    )),.UNSPECIFIED.,.F.,.F.,.F.,(4,4),(2,2),(21.,22.),(0.,1.),
  .PIECEWISE_BEZIER_KNOTS.);
#11254 = CARTESIAN_POINT('',(-1.069140304734,1.226029398772,0.9300001));
#11255 = CARTESIAN_POINT('',(-1.069140304734,1.226029398772,0.9200001));
#11256 = CARTESIAN_POINT('',(-1.020941107837,1.226029398772,0.9300001));
#11257 = CARTESIAN_POINT('',(-1.020941107837,1.226029398772,0.9200001));
#11258 = CARTESIAN_POINT('',(-0.98077511468,1.189210571711,0.9300001));
#11259 = CARTESIAN_POINT('',(-0.98077511468,1.189210571711,0.9200001));
#11260 = CARTESIAN_POINT('',(-0.975419654033,1.142350246361,0.9300001));
#11261 = CARTESIAN_POINT('',(-0.975419654033,1.142350246361,0.9200001));
#11262 = ADVANCED_FACE('',(#11263),#11273,.F.);
#11263 = FACE_BOUND('',#11264,.T.);
#11264 = EDGE_LOOP('',(#11265,#11266,#11271,#11272));
#11265 = ORIENTED_EDGE('',*,*,#1317,.T.);
#11266 = ORIENTED_EDGE('',*,*,#11267,.F.);
#11267 = EDGE_CURVE('',#10726,#1309,#11268,.T.);
#11268 = B_SPLINE_CURVE_WITH_KNOTS('',1,(#11269,#11270),.UNSPECIFIED.,
  .F.,.F.,(2,2),(-0.,1.E-02),.PIECEWISE_BEZIER_KNOTS.);
#11269 = CARTESIAN_POINT('',(-0.970064193386,1.142350246361,0.9300001));
#11270 = CARTESIAN_POINT('',(-0.970064193386,1.142350246361,0.9200001));
#11271 = ORIENTED_EDGE('',*,*,#10725,.F.);
#11272 = ORIENTED_EDGE('',*,*,#11248,.T.);
#11273 = B_SPLINE_SURFACE_WITH_KNOTS('',1,1,(
    (#11274,#11275)
    ,(#11276,#11277
  )),.UNSPECIFIED.,.F.,.F.,.F.,(2,2),(2,2),(-1.E-02,0.),(0.,
    5.355460647041E-03),.PIECEWISE_BEZIER_KNOTS.);
#11274 = CARTESIAN_POINT('',(-0.975419654033,1.142350246361,0.9200001));
#11275 = CARTESIAN_POINT('',(-0.970064193386,1.142350246361,0.9200001));
#11276 = CARTESIAN_POINT('',(-0.975419654033,1.142350246361,0.9300001));
#11277 = CARTESIAN_POINT('',(-0.970064193386,1.142350246361,0.9300001));
#11278 = ADVANCED_FACE('',(#11279),#11289,.F.);
#11279 = FACE_BOUND('',#11280,.F.);
#11280 = EDGE_LOOP('',(#11281,#11282,#11283,#11288));
#11281 = ORIENTED_EDGE('',*,*,#11267,.F.);
#11282 = ORIENTED_EDGE('',*,*,#10734,.T.);
#11283 = ORIENTED_EDGE('',*,*,#11284,.T.);
#11284 = EDGE_CURVE('',#10735,#1300,#11285,.T.);
#11285 = B_SPLINE_CURVE_WITH_KNOTS('',1,(#11286,#11287),.UNSPECIFIED.,
  .F.,.F.,(2,2),(-0.,1.E-02),.PIECEWISE_BEZIER_KNOTS.);
#11286 = CARTESIAN_POINT('',(-0.917848407389,1.090134460364,0.9300001));
#11287 = CARTESIAN_POINT('',(-0.917848407389,1.090134460364,0.9200001));
#11288 = ORIENTED_EDGE('',*,*,#1308,.F.);
#11289 = B_SPLINE_SURFACE_WITH_KNOTS('',3,1,(
    (#11290,#11291)
    ,(#11292,#11293)
    ,(#11294,#11295)
    ,(#11296,#11297
    )),.UNSPECIFIED.,.F.,.F.,.F.,(4,4),(2,2),(23.,24.),(0.,1.),
  .PIECEWISE_BEZIER_KNOTS.);
#11290 = CARTESIAN_POINT('',(-0.970064193386,1.142350246361,0.9300001));
#11291 = CARTESIAN_POINT('',(-0.970064193386,1.142350246361,0.9200001));
#11292 = CARTESIAN_POINT('',(-0.941278570064,1.142350246361,0.9300001));
#11293 = CARTESIAN_POINT('',(-0.941278570064,1.142350246361,0.9200001));
#11294 = CARTESIAN_POINT('',(-0.917848407389,1.118920083686,0.9300001));
#11295 = CARTESIAN_POINT('',(-0.917848407389,1.118920083686,0.9200001));
#11296 = CARTESIAN_POINT('',(-0.917848407389,1.090134460364,0.9300001));
#11297 = CARTESIAN_POINT('',(-0.917848407389,1.090134460364,0.9200001));
#11298 = ADVANCED_FACE('',(#11299),#11309,.F.);
#11299 = FACE_BOUND('',#11300,.F.);
#11300 = EDGE_LOOP('',(#11301,#11302,#11303,#11308));
#11301 = ORIENTED_EDGE('',*,*,#11284,.F.);
#11302 = ORIENTED_EDGE('',*,*,#10743,.T.);
#11303 = ORIENTED_EDGE('',*,*,#11304,.T.);
#11304 = EDGE_CURVE('',#10744,#1293,#11305,.T.);
#11305 = B_SPLINE_CURVE_WITH_KNOTS('',1,(#11306,#11307),.UNSPECIFIED.,
  .F.,.F.,(2,2),(-0.,1.E-02),.PIECEWISE_BEZIER_KNOTS.);
#11306 = CARTESIAN_POINT('',(-0.966047604285,1.037918674367,0.9300001));
#11307 = CARTESIAN_POINT('',(-0.966047604285,1.037918674367,0.9200001));
#11308 = ORIENTED_EDGE('',*,*,#1299,.F.);
#11309 = B_SPLINE_SURFACE_WITH_KNOTS('',3,1,(
    (#11310,#11311)
    ,(#11312,#11313)
    ,(#11314,#11315)
    ,(#11316,#11317
    )),.UNSPECIFIED.,.F.,.F.,.F.,(4,4),(2,2),(24.,25.),(0.,1.),
  .PIECEWISE_BEZIER_KNOTS.);
#11310 = CARTESIAN_POINT('',(-0.917848407389,1.090134460364,0.9300001));
#11311 = CARTESIAN_POINT('',(-0.917848407389,1.090134460364,0.9200001));
#11312 = CARTESIAN_POINT('',(-0.917848407389,1.062687695819,0.9300001));
#11313 = CARTESIAN_POINT('',(-0.917848407389,1.062687695819,0.9200001));
#11314 = CARTESIAN_POINT('',(-0.938600826973,1.039926968918,0.9300001));
#11315 = CARTESIAN_POINT('',(-0.938600826973,1.039926968918,0.9200001));
#11316 = CARTESIAN_POINT('',(-0.966047604285,1.037918674367,0.9300001));
#11317 = CARTESIAN_POINT('',(-0.966047604285,1.037918674367,0.9200001));
#11318 = ADVANCED_FACE('',(#11319),#11329,.F.);
#11319 = FACE_BOUND('',#11320,.T.);
#11320 = EDGE_LOOP('',(#11321,#11322,#11327,#11328));
#11321 = ORIENTED_EDGE('',*,*,#1292,.T.);
#11322 = ORIENTED_EDGE('',*,*,#11323,.F.);
#11323 = EDGE_CURVE('',#10753,#1284,#11324,.T.);
#11324 = B_SPLINE_CURVE_WITH_KNOTS('',1,(#11325,#11326),.UNSPECIFIED.,
  .F.,.F.,(2,2),(-0.,1.E-02),.PIECEWISE_BEZIER_KNOTS.);
#11325 = CARTESIAN_POINT('',(-0.996172099153,1.037918674367,0.9300001));
#11326 = CARTESIAN_POINT('',(-0.996172099153,1.037918674367,0.9200001));
#11327 = ORIENTED_EDGE('',*,*,#10752,.F.);
#11328 = ORIENTED_EDGE('',*,*,#11304,.T.);
#11329 = B_SPLINE_SURFACE_WITH_KNOTS('',1,1,(
    (#11330,#11331)
    ,(#11332,#11333
  )),.UNSPECIFIED.,.F.,.F.,.F.,(2,2),(2,2),(-0.,1.E-02),(
    -3.012449486808E-02,-1.110223024625E-16),.PIECEWISE_BEZIER_KNOTS.);
#11330 = CARTESIAN_POINT('',(-0.996172099153,1.037918674367,0.9300001));
#11331 = CARTESIAN_POINT('',(-0.966047604285,1.037918674367,0.9300001));
#11332 = CARTESIAN_POINT('',(-0.996172099153,1.037918674367,0.9200001));
#11333 = CARTESIAN_POINT('',(-0.966047604285,1.037918674367,0.9200001));
#11334 = ADVANCED_FACE('',(#11335),#11345,.F.);
#11335 = FACE_BOUND('',#11336,.F.);
#11336 = EDGE_LOOP('',(#11337,#11338,#11339,#11344));
#11337 = ORIENTED_EDGE('',*,*,#11323,.F.);
#11338 = ORIENTED_EDGE('',*,*,#10759,.T.);
#11339 = ORIENTED_EDGE('',*,*,#11340,.T.);
#11340 = EDGE_CURVE('',#10760,#1275,#11341,.T.);
#11341 = B_SPLINE_CURVE_WITH_KNOTS('',1,(#11342,#11343),.UNSPECIFIED.,
  .F.,.F.,(2,2),(-0.,1.E-02),.PIECEWISE_BEZIER_KNOTS.);
#11342 = CARTESIAN_POINT('',(-1.000188688254,1.038588097371,0.9300001));
#11343 = CARTESIAN_POINT('',(-1.000188688254,1.038588097371,0.9200001));
#11344 = ORIENTED_EDGE('',*,*,#1283,.F.);
#11345 = B_SPLINE_SURFACE_WITH_KNOTS('',3,1,(
    (#11346,#11347)
    ,(#11348,#11349)
    ,(#11350,#11351)
    ,(#11352,#11353
    )),.UNSPECIFIED.,.F.,.F.,.F.,(4,4),(2,2),(26.,27.),(0.,1.),
  .PIECEWISE_BEZIER_KNOTS.);
#11346 = CARTESIAN_POINT('',(-0.996172099153,1.037918674367,0.9300001));
#11347 = CARTESIAN_POINT('',(-0.996172099153,1.037918674367,0.9200001));
#11348 = CARTESIAN_POINT('',(-0.997510970699,1.037918674367,0.9300001));
#11349 = CARTESIAN_POINT('',(-0.997510970699,1.037918674367,0.9200001));
#11350 = CARTESIAN_POINT('',(-0.998849842245,1.038588097371,0.9300001));
#11351 = CARTESIAN_POINT('',(-0.998849842245,1.038588097371,0.9200001));
#11352 = CARTESIAN_POINT('',(-1.000188688254,1.038588097371,0.9300001));
#11353 = CARTESIAN_POINT('',(-1.000188688254,1.038588097371,0.9200001));
#11354 = ADVANCED_FACE('',(#11355),#11365,.F.);
#11355 = FACE_BOUND('',#11356,.F.);
#11356 = EDGE_LOOP('',(#11357,#11358,#11359,#11364));
#11357 = ORIENTED_EDGE('',*,*,#11340,.F.);
#11358 = ORIENTED_EDGE('',*,*,#10768,.T.);
#11359 = ORIENTED_EDGE('',*,*,#11360,.T.);
#11360 = EDGE_CURVE('',#10769,#1266,#11361,.T.);
#11361 = B_SPLINE_CURVE_WITH_KNOTS('',1,(#11362,#11363),.UNSPECIFIED.,
  .F.,.F.,(2,2),(-0.,1.E-02),.PIECEWISE_BEZIER_KNOTS.);
#11362 = CARTESIAN_POINT('',(-1.020941107837,1.017835677788,0.9300001));
#11363 = CARTESIAN_POINT('',(-1.020941107837,1.017835677788,0.9200001));
#11364 = ORIENTED_EDGE('',*,*,#1274,.F.);
#11365 = B_SPLINE_SURFACE_WITH_KNOTS('',3,1,(
    (#11366,#11367)
    ,(#11368,#11369)
    ,(#11370,#11371)
    ,(#11372,#11373
    )),.UNSPECIFIED.,.F.,.F.,.F.,(4,4),(2,2),(27.,28.),(0.,1.),
  .PIECEWISE_BEZIER_KNOTS.);
#11366 = CARTESIAN_POINT('',(-1.000188688254,1.038588097371,0.9300001));
#11367 = CARTESIAN_POINT('',(-1.000188688254,1.038588097371,0.9200001));
#11368 = CARTESIAN_POINT('',(-1.01156905809,1.038588097371,0.9300001));
#11369 = CARTESIAN_POINT('',(-1.01156905809,1.038588097371,0.9200001));
#11370 = CARTESIAN_POINT('',(-1.020941107837,1.029216022087,0.9300001));
#11371 = CARTESIAN_POINT('',(-1.020941107837,1.029216022087,0.9200001));
#11372 = CARTESIAN_POINT('',(-1.020941107837,1.017835677788,0.9300001));
#11373 = CARTESIAN_POINT('',(-1.020941107837,1.017835677788,0.9200001));
#11374 = ADVANCED_FACE('',(#11375),#11385,.F.);
#11375 = FACE_BOUND('',#11376,.F.);
#11376 = EDGE_LOOP('',(#11377,#11378,#11379,#11384));
#11377 = ORIENTED_EDGE('',*,*,#11360,.F.);
#11378 = ORIENTED_EDGE('',*,*,#10777,.T.);
#11379 = ORIENTED_EDGE('',*,*,#11380,.T.);
#11380 = EDGE_CURVE('',#10778,#1259,#11381,.T.);
#11381 = B_SPLINE_CURVE_WITH_KNOTS('',1,(#11382,#11383),.UNSPECIFIED.,
  .F.,.F.,(2,2),(-0.,1.E-02),.PIECEWISE_BEZIER_KNOTS.);
#11382 = CARTESIAN_POINT('',(-1.001527534263,0.997083258204,0.9300001));
#11383 = CARTESIAN_POINT('',(-1.001527534263,0.997083258204,0.9200001));
#11384 = ORIENTED_EDGE('',*,*,#1265,.F.);
#11385 = B_SPLINE_SURFACE_WITH_KNOTS('',3,1,(
    (#11386,#11387)
    ,(#11388,#11389)
    ,(#11390,#11391)
    ,(#11392,#11393
    )),.UNSPECIFIED.,.F.,.F.,.F.,(4,4),(2,2),(28.,29.),(0.,1.),
  .PIECEWISE_BEZIER_KNOTS.);
#11386 = CARTESIAN_POINT('',(-1.020941107837,1.017835677788,0.9300001));
#11387 = CARTESIAN_POINT('',(-1.020941107837,1.017835677788,0.9200001));
#11388 = CARTESIAN_POINT('',(-1.020941107837,1.007124756494,0.9300001));
#11389 = CARTESIAN_POINT('',(-1.020941107837,1.007124756494,0.9200001));
#11390 = CARTESIAN_POINT('',(-1.012238481094,0.997752681209,0.9300001));
#11391 = CARTESIAN_POINT('',(-1.012238481094,0.997752681209,0.9200001));
#11392 = CARTESIAN_POINT('',(-1.001527534263,0.997083258204,0.9300001));
#11393 = CARTESIAN_POINT('',(-1.001527534263,0.997083258204,0.9200001));
#11394 = ADVANCED_FACE('',(#11395),#11405,.F.);
#11395 = FACE_BOUND('',#11396,.T.);
#11396 = EDGE_LOOP('',(#11397,#11398,#11403,#11404));
#11397 = ORIENTED_EDGE('',*,*,#1258,.T.);
#11398 = ORIENTED_EDGE('',*,*,#11399,.F.);
#11399 = EDGE_CURVE('',#10787,#1250,#11400,.T.);
#11400 = B_SPLINE_CURVE_WITH_KNOTS('',1,(#11401,#11402),.UNSPECIFIED.,
  .F.,.F.,(2,2),(-0.,1.E-02),.PIECEWISE_BEZIER_KNOTS.);
#11401 = CARTESIAN_POINT('',(-0.962030989647,0.997083258204,0.9300001));
#11402 = CARTESIAN_POINT('',(-0.962030989647,0.997083258204,0.9200001));
#11403 = ORIENTED_EDGE('',*,*,#10786,.F.);
#11404 = ORIENTED_EDGE('',*,*,#11380,.T.);
#11405 = B_SPLINE_SURFACE_WITH_KNOTS('',1,1,(
    (#11406,#11407)
    ,(#11408,#11409
  )),.UNSPECIFIED.,.F.,.F.,.F.,(2,2),(2,2),(-1.E-02,0.),(
    -3.748825006549E-02,2.008294550693E-03),.PIECEWISE_BEZIER_KNOTS.);
#11406 = CARTESIAN_POINT('',(-1.001527534263,0.997083258204,0.9200001));
#11407 = CARTESIAN_POINT('',(-0.962030989647,0.997083258204,0.9200001));
#11408 = CARTESIAN_POINT('',(-1.001527534263,0.997083258204,0.9300001));
#11409 = CARTESIAN_POINT('',(-0.962030989647,0.997083258204,0.9300001));
#11410 = ADVANCED_FACE('',(#11411),#11421,.F.);
#11411 = FACE_BOUND('',#11412,.F.);
#11412 = EDGE_LOOP('',(#11413,#11414,#11415,#11420));
#11413 = ORIENTED_EDGE('',*,*,#11399,.F.);
#11414 = ORIENTED_EDGE('',*,*,#10793,.T.);
#11415 = ORIENTED_EDGE('',*,*,#11416,.T.);
#11416 = EDGE_CURVE('',#10794,#1241,#11417,.T.);
#11417 = B_SPLINE_CURVE_WITH_KNOTS('',1,(#11418,#11419),.UNSPECIFIED.,
  .F.,.F.,(2,2),(-0.,1.E-02),.PIECEWISE_BEZIER_KNOTS.);
#11418 = CARTESIAN_POINT('',(-0.901112576907,1.027207753073,0.9300001));
#11419 = CARTESIAN_POINT('',(-0.901112576907,1.027207753073,0.9200001));
#11420 = ORIENTED_EDGE('',*,*,#1249,.F.);
#11421 = B_SPLINE_SURFACE_WITH_KNOTS('',3,1,(
    (#11422,#11423)
    ,(#11424,#11425)
    ,(#11426,#11427)
    ,(#11428,#11429
    )),.UNSPECIFIED.,.F.,.F.,.F.,(4,4),(2,2),(33.,34.),(0.,1.),
  .PIECEWISE_BEZIER_KNOTS.);
#11422 = CARTESIAN_POINT('',(-0.962030989647,0.997083258204,0.9300001));
#11423 = CARTESIAN_POINT('',(-0.962030989647,0.997083258204,0.9200001));
#11424 = CARTESIAN_POINT('',(-0.938600826973,0.999091552755,0.9300001));
#11425 = CARTESIAN_POINT('',(-0.938600826973,0.999091552755,0.9200001));
#11426 = CARTESIAN_POINT('',(-0.917178958848,1.009802499586,0.9300001));
#11427 = CARTESIAN_POINT('',(-0.917178958848,1.009802499586,0.9200001));
#11428 = CARTESIAN_POINT('',(-0.901112576907,1.027207753073,0.9300001));
#11429 = CARTESIAN_POINT('',(-0.901112576907,1.027207753073,0.9200001));
#11430 = ADVANCED_FACE('',(#11431),#11437,.F.);
#11431 = FACE_BOUND('',#11432,.F.);
#11432 = EDGE_LOOP('',(#11433,#11434,#11435,#11436));
#11433 = ORIENTED_EDGE('',*,*,#11416,.F.);
#11434 = ORIENTED_EDGE('',*,*,#10802,.T.);
#11435 = ORIENTED_EDGE('',*,*,#10498,.T.);
#11436 = ORIENTED_EDGE('',*,*,#1240,.F.);
#11437 = B_SPLINE_SURFACE_WITH_KNOTS('',3,1,(
    (#11438,#11439)
    ,(#11440,#11441)
    ,(#11442,#11443)
    ,(#11444,#11445
    )),.UNSPECIFIED.,.F.,.F.,.F.,(4,4),(2,2),(34.,35.),(0.,1.),
  .PIECEWISE_BEZIER_KNOTS.);
#11438 = CARTESIAN_POINT('',(-0.901112576907,1.027207753073,0.9300001));
#11439 = CARTESIAN_POINT('',(-0.901112576907,1.027207753073,0.9200001));
#11440 = CARTESIAN_POINT('',(-0.885046169429,1.04461300656,0.9300001));
#11441 = CARTESIAN_POINT('',(-0.885046169429,1.04461300656,0.9200001));
#11442 = CARTESIAN_POINT('',(-0.876343542686,1.06737374623,0.9300001));
#11443 = CARTESIAN_POINT('',(-0.876343542686,1.06737374623,0.9200001));
#11444 = CARTESIAN_POINT('',(-0.876343542686,1.090803908905,0.9300001));
#11445 = CARTESIAN_POINT('',(-0.876343542686,1.090803908905,0.9200001));
#11446 = ADVANCED_FACE('',(#11447),#11474,.T.);
#11447 = FACE_BOUND('',#11448,.T.);
#11448 = EDGE_LOOP('',(#11449,#11463,#11468,#11469));
#11449 = ORIENTED_EDGE('',*,*,#11450,.F.);
#11450 = EDGE_CURVE('',#11451,#11453,#11455,.T.);
#11451 = VERTEX_POINT('',#11452);
#11452 = CARTESIAN_POINT('',(-1.158844353565,0.99306661803,0.9200001));
#11453 = VERTEX_POINT('',#11454);
#11454 = CARTESIAN_POINT('',(-1.158844353565,1.045282429564,0.9200001));
#11455 = B_SPLINE_CURVE_WITH_KNOTS('',3,(#11456,#11457,#11458,#11459,
    #11460,#11461,#11462),.UNSPECIFIED.,.F.,.F.,(4,3,4),(0.,1.,2.),
  .PIECEWISE_BEZIER_KNOTS.);
#11456 = CARTESIAN_POINT('',(-1.158844353565,0.99306661803,0.9200001));
#11457 = CARTESIAN_POINT('',(-1.144116830402,0.99306661803,0.9200001));
#11458 = CARTESIAN_POINT('',(-1.132736460567,1.005116436407,0.9200001));
#11459 = CARTESIAN_POINT('',(-1.132736460567,1.019174523797,0.9200001));
#11460 = CARTESIAN_POINT('',(-1.132736460567,1.033902059729,0.9200001));
#11461 = CARTESIAN_POINT('',(-1.144786253406,1.045282429564,0.9200001));
#11462 = CARTESIAN_POINT('',(-1.158844353565,1.045282429564,0.9200001));
#11463 = ORIENTED_EDGE('',*,*,#11464,.F.);
#11464 = EDGE_CURVE('',#10812,#11451,#11465,.T.);
#11465 = B_SPLINE_CURVE_WITH_KNOTS('',1,(#11466,#11467),.UNSPECIFIED.,
  .F.,.F.,(2,2),(-0.,1.E-02),.PIECEWISE_BEZIER_KNOTS.);
#11466 = CARTESIAN_POINT('',(-1.158844353565,0.99306661803,0.9300001));
#11467 = CARTESIAN_POINT('',(-1.158844353565,0.99306661803,0.9200001));
#11468 = ORIENTED_EDGE('',*,*,#10811,.T.);
#11469 = ORIENTED_EDGE('',*,*,#11470,.T.);
#11470 = EDGE_CURVE('',#10814,#11453,#11471,.T.);
#11471 = B_SPLINE_CURVE_WITH_KNOTS('',1,(#11472,#11473),.UNSPECIFIED.,
  .F.,.F.,(2,2),(-0.,1.E-02),.PIECEWISE_BEZIER_KNOTS.);
#11472 = CARTESIAN_POINT('',(-1.158844353565,1.045282429564,0.9300001));
#11473 = CARTESIAN_POINT('',(-1.158844353565,1.045282429564,0.9200001));
#11474 = B_SPLINE_SURFACE_WITH_KNOTS('',3,1,(
    (#11475,#11476)
    ,(#11477,#11478)
    ,(#11479,#11480)
    ,(#11481,#11482)
    ,(#11483,#11484)
    ,(#11485,#11486)
    ,(#11487,#11488
  )),.UNSPECIFIED.,.F.,.F.,.F.,(4,3,4),(2,2),(0.,1.,2.),(0.,1.),
  .PIECEWISE_BEZIER_KNOTS.);
#11475 = CARTESIAN_POINT('',(-1.158844353565,0.99306661803,0.9300001));
#11476 = CARTESIAN_POINT('',(-1.158844353565,0.99306661803,0.9200001));
#11477 = CARTESIAN_POINT('',(-1.144116830402,0.99306661803,0.9300001));
#11478 = CARTESIAN_POINT('',(-1.144116830402,0.99306661803,0.9200001));
#11479 = CARTESIAN_POINT('',(-1.132736460567,1.005116436407,0.9300001));
#11480 = CARTESIAN_POINT('',(-1.132736460567,1.005116436407,0.9200001));
#11481 = CARTESIAN_POINT('',(-1.132736460567,1.019174523797,0.9300001));
#11482 = CARTESIAN_POINT('',(-1.132736460567,1.019174523797,0.9200001));
#11483 = CARTESIAN_POINT('',(-1.132736460567,1.033902059729,0.9300001));
#11484 = CARTESIAN_POINT('',(-1.132736460567,1.033902059729,0.9200001));
#11485 = CARTESIAN_POINT('',(-1.144786253406,1.045282429564,0.9300001));
#11486 = CARTESIAN_POINT('',(-1.144786253406,1.045282429564,0.9200001));
#11487 = CARTESIAN_POINT('',(-1.158844353565,1.045282429564,0.9300001));
#11488 = CARTESIAN_POINT('',(-1.158844353565,1.045282429564,0.9200001));
#11489 = ADVANCED_FACE('',(#11490),#11504,.T.);
#11490 = FACE_BOUND('',#11491,.T.);
#11491 = EDGE_LOOP('',(#11492,#11501,#11502,#11503));
#11492 = ORIENTED_EDGE('',*,*,#11493,.F.);
#11493 = EDGE_CURVE('',#11453,#11451,#11494,.T.);
#11494 = B_SPLINE_CURVE_WITH_KNOTS('',3,(#11495,#11496,#11497,#11498,
    #11499,#11500),.UNSPECIFIED.,.F.,.F.,(4,2,4),(2.,3.,4.),
  .UNSPECIFIED.);
#11495 = CARTESIAN_POINT('',(-1.158844353565,1.045282429564,0.9200001));
#11496 = CARTESIAN_POINT('',(-1.172902453724,1.045282429564,0.9200001));
#11497 = CARTESIAN_POINT('',(-1.184952246564,1.033902059729,0.9200001));
#11498 = CARTESIAN_POINT('',(-1.184952246564,1.004446987865,0.9200001));
#11499 = CARTESIAN_POINT('',(-1.172902453724,0.99306661803,0.9200001));
#11500 = CARTESIAN_POINT('',(-1.158844353565,0.99306661803,0.9200001));
#11501 = ORIENTED_EDGE('',*,*,#11470,.F.);
#11502 = ORIENTED_EDGE('',*,*,#10825,.T.);
#11503 = ORIENTED_EDGE('',*,*,#11464,.T.);
#11504 = B_SPLINE_SURFACE_WITH_KNOTS('',3,1,(
    (#11505,#11506)
    ,(#11507,#11508)
    ,(#11509,#11510)
    ,(#11511,#11512)
    ,(#11513,#11514)
    ,(#11515,#11516
  )),.UNSPECIFIED.,.F.,.F.,.F.,(4,2,4),(2,2),(2.,3.,4.),(0.,1.),
  .UNSPECIFIED.);
#11505 = CARTESIAN_POINT('',(-1.158844353565,1.045282429564,0.9300001));
#11506 = CARTESIAN_POINT('',(-1.158844353565,1.045282429564,0.9200001));
#11507 = CARTESIAN_POINT('',(-1.172902453724,1.045282429564,0.9300001));
#11508 = CARTESIAN_POINT('',(-1.172902453724,1.045282429564,0.9200001));
#11509 = CARTESIAN_POINT('',(-1.184952246564,1.033902059729,0.9300001));
#11510 = CARTESIAN_POINT('',(-1.184952246564,1.033902059729,0.9200001));
#11511 = CARTESIAN_POINT('',(-1.184952246564,1.004446987865,0.9300001));
#11512 = CARTESIAN_POINT('',(-1.184952246564,1.004446987865,0.9200001));
#11513 = CARTESIAN_POINT('',(-1.172902453724,0.99306661803,0.9300001));
#11514 = CARTESIAN_POINT('',(-1.172902453724,0.99306661803,0.9200001));
#11515 = CARTESIAN_POINT('',(-1.158844353565,0.99306661803,0.9300001));
#11516 = CARTESIAN_POINT('',(-1.158844353565,0.99306661803,0.9200001));
#11517 = ADVANCED_FACE('',(#11518),#11522,.T.);
#11518 = FACE_BOUND('',#11519,.T.);
#11519 = EDGE_LOOP('',(#11520,#11521));
#11520 = ORIENTED_EDGE('',*,*,#11450,.T.);
#11521 = ORIENTED_EDGE('',*,*,#11493,.T.);
#11522 = B_SPLINE_SURFACE_WITH_KNOTS('',1,1,(
    (#11523,#11524)
    ,(#11525,#11526
    )),.UNSPECIFIED.,.F.,.F.,.F.,(2,2),(2,2),(-1.184952246564,
    -1.132736460567),(0.99306661803,1.045282429564),
  .PIECEWISE_BEZIER_KNOTS.);
#11523 = CARTESIAN_POINT('',(-1.184952246564,0.99306661803,0.9200001));
#11524 = CARTESIAN_POINT('',(-1.184952246564,1.045282429564,0.9200001));
#11525 = CARTESIAN_POINT('',(-1.132736460567,0.99306661803,0.9200001));
#11526 = CARTESIAN_POINT('',(-1.132736460567,1.045282429564,0.9200001));
#11527 = ( GEOMETRIC_REPRESENTATION_CONTEXT(3) 
GLOBAL_UNCERTAINTY_ASSIGNED_CONTEXT((#11531)) 
GLOBAL_UNIT_ASSIGNED_CONTEXT((#11528,#11529,#11530)) 
REPRESENTATION_CONTEXT('Context #1',
  '3D Context with UNIT and UNCERTAINTY') );
#11528 = ( LENGTH_UNIT() NAMED_UNIT(*) SI_UNIT(.MILLI.,.METRE.) );
#11529 = ( NAMED_UNIT(*) PLANE_ANGLE_UNIT() SI_UNIT($,.RADIAN.) );
#11530 = ( NAMED_UNIT(*) SI_UNIT($,.STERADIAN.) SOLID_ANGLE_UNIT() );
#11531 = UNCERTAINTY_MEASURE_WITH_UNIT(LENGTH_MEASURE(1.E-07),#11528,
  'distance_accuracy_value','confusion accuracy');
#11532 = PRODUCT_RELATED_PRODUCT_CATEGORY('part',$,(#7));
#11533 = MECHANICAL_DESIGN_GEOMETRIC_PRESENTATION_REPRESENTATION('',(
    #11534,#11544,#11552,#11560,#11567,#11574,#11581,#11588,#11595,
    #11602,#11609,#11616,#11623,#11630,#11637,#11644,#11651,#11658,
    #11665,#11672,#11679,#11686,#11693,#11700,#11707,#11714,#11721,
    #11728,#11735,#11742,#11749,#11756,#11763,#11770,#11777,#11784,
    #11791,#11798,#11805,#11812,#11819,#11826,#11833,#11840,#11847,
    #11854,#11861,#11868,#11875,#11882,#11889,#11896,#11903,#11910,
    #11917,#11924,#11931,#11938,#11945,#11952,#11959,#11966,#11973,
    #11980,#11987,#11994,#12001,#12008,#12015,#12022,#12029,#12036,
    #12043,#12050,#12057,#12064,#12071,#12078,#12085,#12092,#12099,
    #12106,#12113,#12120,#12127,#12134,#12141,#12148,#12155,#12162,
    #12169,#12176,#12183,#12190,#12197,#12204,#12211,#12218,#12225,
    #12232,#12239,#12246,#12253,#12260,#12267,#12274,#12281,#12288,
    #12295,#12302,#12309,#12316,#12323,#12330,#12337,#12344,#12351,
    #12358,#12365,#12372,#12379,#12386,#12393,#12400,#12407,#12414,
    #12421,#12428,#12435,#12442,#12449,#12456,#12463,#12470,#12477,
    #12484,#12491,#12498,#12505,#12512,#12519,#12526,#12533,#12540,
    #12547,#12554,#12561,#12568,#12575,#12582,#12589,#12596,#12603,
    #12611,#12618,#12625,#12632,#12639,#12646,#12653,#12660,#12667,
    #12674,#12681,#12688,#12695,#12702,#12709,#12716,#12723,#12730,
    #12737,#12744,#12751,#12758,#12765,#12772,#12779,#12786,#12793,
    #12800,#12807,#12814,#12821,#12828,#12835,#12842,#12849,#12856,
    #12863,#12870,#12877,#12884,#12891,#12898,#12905,#12912,#12919,
    #12926,#12933,#12940,#12947,#12954,#12961,#12968,#12975,#12982,
    #12989,#12996,#13003,#13010,#13017,#13024,#13031,#13038,#13045,
    #13052,#13059,#13066,#13073,#13080,#13087,#13094,#13101,#13108,
    #13115,#13122,#13129,#13136,#13143,#13150,#13157,#13164,#13171,
    #13178,#13185,#13192,#13199,#13206,#13213,#13220,#13227,#13234,
    #13241,#13248,#13255,#13262,#13269,#13276,#13283,#13290,#13297,
    #13304,#13311,#13318,#13325,#13332,#13339,#13346,#13353,#13360,
    #13367,#13374,#13381,#13388,#13395,#13402,#13409,#13416,#13423,
    #13430,#13437,#13444,#13451,#13458,#13465,#13472,#13479,#13486,
    #13493,#13500,#13507,#13514,#13521,#13528,#13535,#13542,#13549,
    #13556,#13563,#13570,#13577,#13584,#13591,#13598,#13605,#13612,
    #13619,#13626,#13633,#13640,#13647,#13654,#13661,#13668,#13675,
    #13682,#13689,#13696,#13703,#13710,#13717,#13724,#13731,#13738,
    #13745,#13752,#13759,#13766,#13773,#13780,#13787,#13794,#13801,
    #13808,#13815,#13822,#13829,#13836,#13843,#13850,#13857,#13864,
    #13871,#13878,#13885,#13892,#13899,#13906,#13913,#13920,#13927,
    #13934,#13941,#13948,#13955,#13962,#13969,#13976,#13983,#13990,
    #13997,#14004,#14011,#14018,#14025,#14032,#14039,#14046,#14053,
    #14060,#14067,#14074,#14081,#14088,#14095,#14102,#14109,#14116,
    #14123,#14130,#14137,#14144,#14151,#14158,#14165),#11527);
#11534 = STYLED_ITEM('color',(#11535),#15);
#11535 = PRESENTATION_STYLE_ASSIGNMENT((#11536,#11542));
#11536 = SURFACE_STYLE_USAGE(.BOTH.,#11537);
#11537 = SURFACE_SIDE_STYLE('',(#11538));
#11538 = SURFACE_STYLE_FILL_AREA(#11539);
#11539 = FILL_AREA_STYLE('',(#11540));
#11540 = FILL_AREA_STYLE_COLOUR('',#11541);
#11541 = COLOUR_RGB('',1.,0.501960785193,0.);
#11542 = CURVE_STYLE('',#11543,POSITIVE_LENGTH_MEASURE(0.1),#11541);
#11543 = DRAUGHTING_PRE_DEFINED_CURVE_FONT('continuous');
#11544 = OVER_RIDING_STYLED_ITEM('overriding color',(#11545),#17,#11534
  );
#11545 = PRESENTATION_STYLE_ASSIGNMENT((#11546));
#11546 = SURFACE_STYLE_USAGE(.BOTH.,#11547);
#11547 = SURFACE_SIDE_STYLE('',(#11548));
#11548 = SURFACE_STYLE_FILL_AREA(#11549);
#11549 = FILL_AREA_STYLE('',(#11550));
#11550 = FILL_AREA_STYLE_COLOUR('',#11551);
#11551 = COLOUR_RGB('',0.752941164258,0.752941164258,0.752941164258);
#11552 = OVER_RIDING_STYLED_ITEM('overriding color',(#11553),#89,#11534
  );
#11553 = PRESENTATION_STYLE_ASSIGNMENT((#11554));
#11554 = SURFACE_STYLE_USAGE(.BOTH.,#11555);
#11555 = SURFACE_SIDE_STYLE('',(#11556));
#11556 = SURFACE_STYLE_FILL_AREA(#11557);
#11557 = FILL_AREA_STYLE('',(#11558));
#11558 = FILL_AREA_STYLE_COLOUR('',#11559);
#11559 = COLOUR_RGB('',0.250980388104,0.250980388104,0.250980388104);
#11560 = OVER_RIDING_STYLED_ITEM('overriding color',(#11561),#1511,
  #11534);
#11561 = PRESENTATION_STYLE_ASSIGNMENT((#11562));
#11562 = SURFACE_STYLE_USAGE(.BOTH.,#11563);
#11563 = SURFACE_SIDE_STYLE('',(#11564));
#11564 = SURFACE_STYLE_FILL_AREA(#11565);
#11565 = FILL_AREA_STYLE('',(#11566));
#11566 = FILL_AREA_STYLE_COLOUR('',#11559);
#11567 = OVER_RIDING_STYLED_ITEM('overriding color',(#11568),#1711,
  #11534);
#11568 = PRESENTATION_STYLE_ASSIGNMENT((#11569));
#11569 = SURFACE_STYLE_USAGE(.BOTH.,#11570);
#11570 = SURFACE_SIDE_STYLE('',(#11571));
#11571 = SURFACE_STYLE_FILL_AREA(#11572);
#11572 = FILL_AREA_STYLE('',(#11573));
#11573 = FILL_AREA_STYLE_COLOUR('',#11559);
#11574 = OVER_RIDING_STYLED_ITEM('overriding color',(#11575),#2192,
  #11534);
#11575 = PRESENTATION_STYLE_ASSIGNMENT((#11576));
#11576 = SURFACE_STYLE_USAGE(.BOTH.,#11577);
#11577 = SURFACE_SIDE_STYLE('',(#11578));
#11578 = SURFACE_STYLE_FILL_AREA(#11579);
#11579 = FILL_AREA_STYLE('',(#11580));
#11580 = FILL_AREA_STYLE_COLOUR('',#11559);
#11581 = OVER_RIDING_STYLED_ITEM('overriding color',(#11582),#2348,
  #11534);
#11582 = PRESENTATION_STYLE_ASSIGNMENT((#11583));
#11583 = SURFACE_STYLE_USAGE(.BOTH.,#11584);
#11584 = SURFACE_SIDE_STYLE('',(#11585));
#11585 = SURFACE_STYLE_FILL_AREA(#11586);
#11586 = FILL_AREA_STYLE('',(#11587));
#11587 = FILL_AREA_STYLE_COLOUR('',#11559);
#11588 = OVER_RIDING_STYLED_ITEM('overriding color',(#11589),#2504,
  #11534);
#11589 = PRESENTATION_STYLE_ASSIGNMENT((#11590));
#11590 = SURFACE_STYLE_USAGE(.BOTH.,#11591);
#11591 = SURFACE_SIDE_STYLE('',(#11592));
#11592 = SURFACE_STYLE_FILL_AREA(#11593);
#11593 = FILL_AREA_STYLE('',(#11594));
#11594 = FILL_AREA_STYLE_COLOUR('',#11559);
#11595 = OVER_RIDING_STYLED_ITEM('overriding color',(#11596),#2656,
  #11534);
#11596 = PRESENTATION_STYLE_ASSIGNMENT((#11597));
#11597 = SURFACE_STYLE_USAGE(.BOTH.,#11598);
#11598 = SURFACE_SIDE_STYLE('',(#11599));
#11599 = SURFACE_STYLE_FILL_AREA(#11600);
#11600 = FILL_AREA_STYLE('',(#11601));
#11601 = FILL_AREA_STYLE_COLOUR('',#11551);
#11602 = OVER_RIDING_STYLED_ITEM('overriding color',(#11603),#2699,
  #11534);
#11603 = PRESENTATION_STYLE_ASSIGNMENT((#11604));
#11604 = SURFACE_STYLE_USAGE(.BOTH.,#11605);
#11605 = SURFACE_SIDE_STYLE('',(#11606));
#11606 = SURFACE_STYLE_FILL_AREA(#11607);
#11607 = FILL_AREA_STYLE('',(#11608));
#11608 = FILL_AREA_STYLE_COLOUR('',#11551);
#11609 = OVER_RIDING_STYLED_ITEM('overriding color',(#11610),#2709,
  #11534);
#11610 = PRESENTATION_STYLE_ASSIGNMENT((#11611));
#11611 = SURFACE_STYLE_USAGE(.BOTH.,#11612);
#11612 = SURFACE_SIDE_STYLE('',(#11613));
#11613 = SURFACE_STYLE_FILL_AREA(#11614);
#11614 = FILL_AREA_STYLE('',(#11615));
#11615 = FILL_AREA_STYLE_COLOUR('',#11551);
#11616 = OVER_RIDING_STYLED_ITEM('overriding color',(#11617),#2737,
  #11534);
#11617 = PRESENTATION_STYLE_ASSIGNMENT((#11618));
#11618 = SURFACE_STYLE_USAGE(.BOTH.,#11619);
#11619 = SURFACE_SIDE_STYLE('',(#11620));
#11620 = SURFACE_STYLE_FILL_AREA(#11621);
#11621 = FILL_AREA_STYLE('',(#11622));
#11622 = FILL_AREA_STYLE_COLOUR('',#11551);
#11623 = OVER_RIDING_STYLED_ITEM('overriding color',(#11624),#2767,
  #11534);
#11624 = PRESENTATION_STYLE_ASSIGNMENT((#11625));
#11625 = SURFACE_STYLE_USAGE(.BOTH.,#11626);
#11626 = SURFACE_SIDE_STYLE('',(#11627));
#11627 = SURFACE_STYLE_FILL_AREA(#11628);
#11628 = FILL_AREA_STYLE('',(#11629));
#11629 = FILL_AREA_STYLE_COLOUR('',#11551);
#11630 = OVER_RIDING_STYLED_ITEM('overriding color',(#11631),#2789,
  #11534);
#11631 = PRESENTATION_STYLE_ASSIGNMENT((#11632));
#11632 = SURFACE_STYLE_USAGE(.BOTH.,#11633);
#11633 = SURFACE_SIDE_STYLE('',(#11634));
#11634 = SURFACE_STYLE_FILL_AREA(#11635);
#11635 = FILL_AREA_STYLE('',(#11636));
#11636 = FILL_AREA_STYLE_COLOUR('',#11551);
#11637 = OVER_RIDING_STYLED_ITEM('overriding color',(#11638),#2813,
  #11534);
#11638 = PRESENTATION_STYLE_ASSIGNMENT((#11639));
#11639 = SURFACE_STYLE_USAGE(.BOTH.,#11640);
#11640 = SURFACE_SIDE_STYLE('',(#11641));
#11641 = SURFACE_STYLE_FILL_AREA(#11642);
#11642 = FILL_AREA_STYLE('',(#11643));
#11643 = FILL_AREA_STYLE_COLOUR('',#11551);
#11644 = OVER_RIDING_STYLED_ITEM('overriding color',(#11645),#2829,
  #11534);
#11645 = PRESENTATION_STYLE_ASSIGNMENT((#11646));
#11646 = SURFACE_STYLE_USAGE(.BOTH.,#11647);
#11647 = SURFACE_SIDE_STYLE('',(#11648));
#11648 = SURFACE_STYLE_FILL_AREA(#11649);
#11649 = FILL_AREA_STYLE('',(#11650));
#11650 = FILL_AREA_STYLE_COLOUR('',#11551);
#11651 = OVER_RIDING_STYLED_ITEM('overriding color',(#11652),#2841,
  #11534);
#11652 = PRESENTATION_STYLE_ASSIGNMENT((#11653));
#11653 = SURFACE_STYLE_USAGE(.BOTH.,#11654);
#11654 = SURFACE_SIDE_STYLE('',(#11655));
#11655 = SURFACE_STYLE_FILL_AREA(#11656);
#11656 = FILL_AREA_STYLE('',(#11657));
#11657 = FILL_AREA_STYLE_COLOUR('',#11551);
#11658 = OVER_RIDING_STYLED_ITEM('overriding color',(#11659),#2869,
  #11534);
#11659 = PRESENTATION_STYLE_ASSIGNMENT((#11660));
#11660 = SURFACE_STYLE_USAGE(.BOTH.,#11661);
#11661 = SURFACE_SIDE_STYLE('',(#11662));
#11662 = SURFACE_STYLE_FILL_AREA(#11663);
#11663 = FILL_AREA_STYLE('',(#11664));
#11664 = FILL_AREA_STYLE_COLOUR('',#11551);
#11665 = OVER_RIDING_STYLED_ITEM('overriding color',(#11666),#2899,
  #11534);
#11666 = PRESENTATION_STYLE_ASSIGNMENT((#11667));
#11667 = SURFACE_STYLE_USAGE(.BOTH.,#11668);
#11668 = SURFACE_SIDE_STYLE('',(#11669));
#11669 = SURFACE_STYLE_FILL_AREA(#11670);
#11670 = FILL_AREA_STYLE('',(#11671));
#11671 = FILL_AREA_STYLE_COLOUR('',#11551);
#11672 = OVER_RIDING_STYLED_ITEM('overriding color',(#11673),#2921,
  #11534);
#11673 = PRESENTATION_STYLE_ASSIGNMENT((#11674));
#11674 = SURFACE_STYLE_USAGE(.BOTH.,#11675);
#11675 = SURFACE_SIDE_STYLE('',(#11676));
#11676 = SURFACE_STYLE_FILL_AREA(#11677);
#11677 = FILL_AREA_STYLE('',(#11678));
#11678 = FILL_AREA_STYLE_COLOUR('',#11551);
#11679 = OVER_RIDING_STYLED_ITEM('overriding color',(#11680),#2945,
  #11534);
#11680 = PRESENTATION_STYLE_ASSIGNMENT((#11681));
#11681 = SURFACE_STYLE_USAGE(.BOTH.,#11682);
#11682 = SURFACE_SIDE_STYLE('',(#11683));
#11683 = SURFACE_STYLE_FILL_AREA(#11684);
#11684 = FILL_AREA_STYLE('',(#11685));
#11685 = FILL_AREA_STYLE_COLOUR('',#11551);
#11686 = OVER_RIDING_STYLED_ITEM('overriding color',(#11687),#2961,
  #11534);
#11687 = PRESENTATION_STYLE_ASSIGNMENT((#11688));
#11688 = SURFACE_STYLE_USAGE(.BOTH.,#11689);
#11689 = SURFACE_SIDE_STYLE('',(#11690));
#11690 = SURFACE_STYLE_FILL_AREA(#11691);
#11691 = FILL_AREA_STYLE('',(#11692));
#11692 = FILL_AREA_STYLE_COLOUR('',#11551);
#11693 = OVER_RIDING_STYLED_ITEM('overriding color',(#11694),#2973,
  #11534);
#11694 = PRESENTATION_STYLE_ASSIGNMENT((#11695));
#11695 = SURFACE_STYLE_USAGE(.BOTH.,#11696);
#11696 = SURFACE_SIDE_STYLE('',(#11697));
#11697 = SURFACE_STYLE_FILL_AREA(#11698);
#11698 = FILL_AREA_STYLE('',(#11699));
#11699 = FILL_AREA_STYLE_COLOUR('',#11551);
#11700 = OVER_RIDING_STYLED_ITEM('overriding color',(#11701),#3001,
  #11534);
#11701 = PRESENTATION_STYLE_ASSIGNMENT((#11702));
#11702 = SURFACE_STYLE_USAGE(.BOTH.,#11703);
#11703 = SURFACE_SIDE_STYLE('',(#11704));
#11704 = SURFACE_STYLE_FILL_AREA(#11705);
#11705 = FILL_AREA_STYLE('',(#11706));
#11706 = FILL_AREA_STYLE_COLOUR('',#11551);
#11707 = OVER_RIDING_STYLED_ITEM('overriding color',(#11708),#3031,
  #11534);
#11708 = PRESENTATION_STYLE_ASSIGNMENT((#11709));
#11709 = SURFACE_STYLE_USAGE(.BOTH.,#11710);
#11710 = SURFACE_SIDE_STYLE('',(#11711));
#11711 = SURFACE_STYLE_FILL_AREA(#11712);
#11712 = FILL_AREA_STYLE('',(#11713));
#11713 = FILL_AREA_STYLE_COLOUR('',#11551);
#11714 = OVER_RIDING_STYLED_ITEM('overriding color',(#11715),#3053,
  #11534);
#11715 = PRESENTATION_STYLE_ASSIGNMENT((#11716));
#11716 = SURFACE_STYLE_USAGE(.BOTH.,#11717);
#11717 = SURFACE_SIDE_STYLE('',(#11718));
#11718 = SURFACE_STYLE_FILL_AREA(#11719);
#11719 = FILL_AREA_STYLE('',(#11720));
#11720 = FILL_AREA_STYLE_COLOUR('',#11551);
#11721 = OVER_RIDING_STYLED_ITEM('overriding color',(#11722),#3077,
  #11534);
#11722 = PRESENTATION_STYLE_ASSIGNMENT((#11723));
#11723 = SURFACE_STYLE_USAGE(.BOTH.,#11724);
#11724 = SURFACE_SIDE_STYLE('',(#11725));
#11725 = SURFACE_STYLE_FILL_AREA(#11726);
#11726 = FILL_AREA_STYLE('',(#11727));
#11727 = FILL_AREA_STYLE_COLOUR('',#11551);
#11728 = OVER_RIDING_STYLED_ITEM('overriding color',(#11729),#3093,
  #11534);
#11729 = PRESENTATION_STYLE_ASSIGNMENT((#11730));
#11730 = SURFACE_STYLE_USAGE(.BOTH.,#11731);
#11731 = SURFACE_SIDE_STYLE('',(#11732));
#11732 = SURFACE_STYLE_FILL_AREA(#11733);
#11733 = FILL_AREA_STYLE('',(#11734));
#11734 = FILL_AREA_STYLE_COLOUR('',#11551);
#11735 = OVER_RIDING_STYLED_ITEM('overriding color',(#11736),#3105,
  #11534);
#11736 = PRESENTATION_STYLE_ASSIGNMENT((#11737));
#11737 = SURFACE_STYLE_USAGE(.BOTH.,#11738);
#11738 = SURFACE_SIDE_STYLE('',(#11739));
#11739 = SURFACE_STYLE_FILL_AREA(#11740);
#11740 = FILL_AREA_STYLE('',(#11741));
#11741 = FILL_AREA_STYLE_COLOUR('',#11551);
#11742 = OVER_RIDING_STYLED_ITEM('overriding color',(#11743),#3133,
  #11534);
#11743 = PRESENTATION_STYLE_ASSIGNMENT((#11744));
#11744 = SURFACE_STYLE_USAGE(.BOTH.,#11745);
#11745 = SURFACE_SIDE_STYLE('',(#11746));
#11746 = SURFACE_STYLE_FILL_AREA(#11747);
#11747 = FILL_AREA_STYLE('',(#11748));
#11748 = FILL_AREA_STYLE_COLOUR('',#11551);
#11749 = OVER_RIDING_STYLED_ITEM('overriding color',(#11750),#3163,
  #11534);
#11750 = PRESENTATION_STYLE_ASSIGNMENT((#11751));
#11751 = SURFACE_STYLE_USAGE(.BOTH.,#11752);
#11752 = SURFACE_SIDE_STYLE('',(#11753));
#11753 = SURFACE_STYLE_FILL_AREA(#11754);
#11754 = FILL_AREA_STYLE('',(#11755));
#11755 = FILL_AREA_STYLE_COLOUR('',#11551);
#11756 = OVER_RIDING_STYLED_ITEM('overriding color',(#11757),#3185,
  #11534);
#11757 = PRESENTATION_STYLE_ASSIGNMENT((#11758));
#11758 = SURFACE_STYLE_USAGE(.BOTH.,#11759);
#11759 = SURFACE_SIDE_STYLE('',(#11760));
#11760 = SURFACE_STYLE_FILL_AREA(#11761);
#11761 = FILL_AREA_STYLE('',(#11762));
#11762 = FILL_AREA_STYLE_COLOUR('',#11551);
#11763 = OVER_RIDING_STYLED_ITEM('overriding color',(#11764),#3209,
  #11534);
#11764 = PRESENTATION_STYLE_ASSIGNMENT((#11765));
#11765 = SURFACE_STYLE_USAGE(.BOTH.,#11766);
#11766 = SURFACE_SIDE_STYLE('',(#11767));
#11767 = SURFACE_STYLE_FILL_AREA(#11768);
#11768 = FILL_AREA_STYLE('',(#11769));
#11769 = FILL_AREA_STYLE_COLOUR('',#11551);
#11770 = OVER_RIDING_STYLED_ITEM('overriding color',(#11771),#3225,
  #11534);
#11771 = PRESENTATION_STYLE_ASSIGNMENT((#11772));
#11772 = SURFACE_STYLE_USAGE(.BOTH.,#11773);
#11773 = SURFACE_SIDE_STYLE('',(#11774));
#11774 = SURFACE_STYLE_FILL_AREA(#11775);
#11775 = FILL_AREA_STYLE('',(#11776));
#11776 = FILL_AREA_STYLE_COLOUR('',#11551);
#11777 = OVER_RIDING_STYLED_ITEM('overriding color',(#11778),#3237,
  #11534);
#11778 = PRESENTATION_STYLE_ASSIGNMENT((#11779));
#11779 = SURFACE_STYLE_USAGE(.BOTH.,#11780);
#11780 = SURFACE_SIDE_STYLE('',(#11781));
#11781 = SURFACE_STYLE_FILL_AREA(#11782);
#11782 = FILL_AREA_STYLE('',(#11783));
#11783 = FILL_AREA_STYLE_COLOUR('',#11551);
#11784 = OVER_RIDING_STYLED_ITEM('overriding color',(#11785),#3265,
  #11534);
#11785 = PRESENTATION_STYLE_ASSIGNMENT((#11786));
#11786 = SURFACE_STYLE_USAGE(.BOTH.,#11787);
#11787 = SURFACE_SIDE_STYLE('',(#11788));
#11788 = SURFACE_STYLE_FILL_AREA(#11789);
#11789 = FILL_AREA_STYLE('',(#11790));
#11790 = FILL_AREA_STYLE_COLOUR('',#11551);
#11791 = OVER_RIDING_STYLED_ITEM('overriding color',(#11792),#3287,
  #11534);
#11792 = PRESENTATION_STYLE_ASSIGNMENT((#11793));
#11793 = SURFACE_STYLE_USAGE(.BOTH.,#11794);
#11794 = SURFACE_SIDE_STYLE('',(#11795));
#11795 = SURFACE_STYLE_FILL_AREA(#11796);
#11796 = FILL_AREA_STYLE('',(#11797));
#11797 = FILL_AREA_STYLE_COLOUR('',#11551);
#11798 = OVER_RIDING_STYLED_ITEM('overriding color',(#11799),#3309,
  #11534);
#11799 = PRESENTATION_STYLE_ASSIGNMENT((#11800));
#11800 = SURFACE_STYLE_USAGE(.BOTH.,#11801);
#11801 = SURFACE_SIDE_STYLE('',(#11802));
#11802 = SURFACE_STYLE_FILL_AREA(#11803);
#11803 = FILL_AREA_STYLE('',(#11804));
#11804 = FILL_AREA_STYLE_COLOUR('',#11551);
#11805 = OVER_RIDING_STYLED_ITEM('overriding color',(#11806),#3325,
  #11534);
#11806 = PRESENTATION_STYLE_ASSIGNMENT((#11807));
#11807 = SURFACE_STYLE_USAGE(.BOTH.,#11808);
#11808 = SURFACE_SIDE_STYLE('',(#11809));
#11809 = SURFACE_STYLE_FILL_AREA(#11810);
#11810 = FILL_AREA_STYLE('',(#11811));
#11811 = FILL_AREA_STYLE_COLOUR('',#11551);
#11812 = OVER_RIDING_STYLED_ITEM('overriding color',(#11813),#3337,
  #11534);
#11813 = PRESENTATION_STYLE_ASSIGNMENT((#11814));
#11814 = SURFACE_STYLE_USAGE(.BOTH.,#11815);
#11815 = SURFACE_SIDE_STYLE('',(#11816));
#11816 = SURFACE_STYLE_FILL_AREA(#11817);
#11817 = FILL_AREA_STYLE('',(#11818));
#11818 = FILL_AREA_STYLE_COLOUR('',#11551);
#11819 = OVER_RIDING_STYLED_ITEM('overriding color',(#11820),#3365,
  #11534);
#11820 = PRESENTATION_STYLE_ASSIGNMENT((#11821));
#11821 = SURFACE_STYLE_USAGE(.BOTH.,#11822);
#11822 = SURFACE_SIDE_STYLE('',(#11823));
#11823 = SURFACE_STYLE_FILL_AREA(#11824);
#11824 = FILL_AREA_STYLE('',(#11825));
#11825 = FILL_AREA_STYLE_COLOUR('',#11551);
#11826 = OVER_RIDING_STYLED_ITEM('overriding color',(#11827),#3387,
  #11534);
#11827 = PRESENTATION_STYLE_ASSIGNMENT((#11828));
#11828 = SURFACE_STYLE_USAGE(.BOTH.,#11829);
#11829 = SURFACE_SIDE_STYLE('',(#11830));
#11830 = SURFACE_STYLE_FILL_AREA(#11831);
#11831 = FILL_AREA_STYLE('',(#11832));
#11832 = FILL_AREA_STYLE_COLOUR('',#11551);
#11833 = OVER_RIDING_STYLED_ITEM('overriding color',(#11834),#3409,
  #11534);
#11834 = PRESENTATION_STYLE_ASSIGNMENT((#11835));
#11835 = SURFACE_STYLE_USAGE(.BOTH.,#11836);
#11836 = SURFACE_SIDE_STYLE('',(#11837));
#11837 = SURFACE_STYLE_FILL_AREA(#11838);
#11838 = FILL_AREA_STYLE('',(#11839));
#11839 = FILL_AREA_STYLE_COLOUR('',#11551);
#11840 = OVER_RIDING_STYLED_ITEM('overriding color',(#11841),#3425,
  #11534);
#11841 = PRESENTATION_STYLE_ASSIGNMENT((#11842));
#11842 = SURFACE_STYLE_USAGE(.BOTH.,#11843);
#11843 = SURFACE_SIDE_STYLE('',(#11844));
#11844 = SURFACE_STYLE_FILL_AREA(#11845);
#11845 = FILL_AREA_STYLE('',(#11846));
#11846 = FILL_AREA_STYLE_COLOUR('',#11551);
#11847 = OVER_RIDING_STYLED_ITEM('overriding color',(#11848),#3437,
  #11534);
#11848 = PRESENTATION_STYLE_ASSIGNMENT((#11849));
#11849 = SURFACE_STYLE_USAGE(.BOTH.,#11850);
#11850 = SURFACE_SIDE_STYLE('',(#11851));
#11851 = SURFACE_STYLE_FILL_AREA(#11852);
#11852 = FILL_AREA_STYLE('',(#11853));
#11853 = FILL_AREA_STYLE_COLOUR('',#11551);
#11854 = OVER_RIDING_STYLED_ITEM('overriding color',(#11855),#3465,
  #11534);
#11855 = PRESENTATION_STYLE_ASSIGNMENT((#11856));
#11856 = SURFACE_STYLE_USAGE(.BOTH.,#11857);
#11857 = SURFACE_SIDE_STYLE('',(#11858));
#11858 = SURFACE_STYLE_FILL_AREA(#11859);
#11859 = FILL_AREA_STYLE('',(#11860));
#11860 = FILL_AREA_STYLE_COLOUR('',#11551);
#11861 = OVER_RIDING_STYLED_ITEM('overriding color',(#11862),#3495,
  #11534);
#11862 = PRESENTATION_STYLE_ASSIGNMENT((#11863));
#11863 = SURFACE_STYLE_USAGE(.BOTH.,#11864);
#11864 = SURFACE_SIDE_STYLE('',(#11865));
#11865 = SURFACE_STYLE_FILL_AREA(#11866);
#11866 = FILL_AREA_STYLE('',(#11867));
#11867 = FILL_AREA_STYLE_COLOUR('',#11551);
#11868 = OVER_RIDING_STYLED_ITEM('overriding color',(#11869),#3517,
  #11534);
#11869 = PRESENTATION_STYLE_ASSIGNMENT((#11870));
#11870 = SURFACE_STYLE_USAGE(.BOTH.,#11871);
#11871 = SURFACE_SIDE_STYLE('',(#11872));
#11872 = SURFACE_STYLE_FILL_AREA(#11873);
#11873 = FILL_AREA_STYLE('',(#11874));
#11874 = FILL_AREA_STYLE_COLOUR('',#11551);
#11875 = OVER_RIDING_STYLED_ITEM('overriding color',(#11876),#3541,
  #11534);
#11876 = PRESENTATION_STYLE_ASSIGNMENT((#11877));
#11877 = SURFACE_STYLE_USAGE(.BOTH.,#11878);
#11878 = SURFACE_SIDE_STYLE('',(#11879));
#11879 = SURFACE_STYLE_FILL_AREA(#11880);
#11880 = FILL_AREA_STYLE('',(#11881));
#11881 = FILL_AREA_STYLE_COLOUR('',#11551);
#11882 = OVER_RIDING_STYLED_ITEM('overriding color',(#11883),#3557,
  #11534);
#11883 = PRESENTATION_STYLE_ASSIGNMENT((#11884));
#11884 = SURFACE_STYLE_USAGE(.BOTH.,#11885);
#11885 = SURFACE_SIDE_STYLE('',(#11886));
#11886 = SURFACE_STYLE_FILL_AREA(#11887);
#11887 = FILL_AREA_STYLE('',(#11888));
#11888 = FILL_AREA_STYLE_COLOUR('',#11551);
#11889 = OVER_RIDING_STYLED_ITEM('overriding color',(#11890),#3569,
  #11534);
#11890 = PRESENTATION_STYLE_ASSIGNMENT((#11891));
#11891 = SURFACE_STYLE_USAGE(.BOTH.,#11892);
#11892 = SURFACE_SIDE_STYLE('',(#11893));
#11893 = SURFACE_STYLE_FILL_AREA(#11894);
#11894 = FILL_AREA_STYLE('',(#11895));
#11895 = FILL_AREA_STYLE_COLOUR('',#11551);
#11896 = OVER_RIDING_STYLED_ITEM('overriding color',(#11897),#3597,
  #11534);
#11897 = PRESENTATION_STYLE_ASSIGNMENT((#11898));
#11898 = SURFACE_STYLE_USAGE(.BOTH.,#11899);
#11899 = SURFACE_SIDE_STYLE('',(#11900));
#11900 = SURFACE_STYLE_FILL_AREA(#11901);
#11901 = FILL_AREA_STYLE('',(#11902));
#11902 = FILL_AREA_STYLE_COLOUR('',#11551);
#11903 = OVER_RIDING_STYLED_ITEM('overriding color',(#11904),#3627,
  #11534);
#11904 = PRESENTATION_STYLE_ASSIGNMENT((#11905));
#11905 = SURFACE_STYLE_USAGE(.BOTH.,#11906);
#11906 = SURFACE_SIDE_STYLE('',(#11907));
#11907 = SURFACE_STYLE_FILL_AREA(#11908);
#11908 = FILL_AREA_STYLE('',(#11909));
#11909 = FILL_AREA_STYLE_COLOUR('',#11551);
#11910 = OVER_RIDING_STYLED_ITEM('overriding color',(#11911),#3649,
  #11534);
#11911 = PRESENTATION_STYLE_ASSIGNMENT((#11912));
#11912 = SURFACE_STYLE_USAGE(.BOTH.,#11913);
#11913 = SURFACE_SIDE_STYLE('',(#11914));
#11914 = SURFACE_STYLE_FILL_AREA(#11915);
#11915 = FILL_AREA_STYLE('',(#11916));
#11916 = FILL_AREA_STYLE_COLOUR('',#11551);
#11917 = OVER_RIDING_STYLED_ITEM('overriding color',(#11918),#3673,
  #11534);
#11918 = PRESENTATION_STYLE_ASSIGNMENT((#11919));
#11919 = SURFACE_STYLE_USAGE(.BOTH.,#11920);
#11920 = SURFACE_SIDE_STYLE('',(#11921));
#11921 = SURFACE_STYLE_FILL_AREA(#11922);
#11922 = FILL_AREA_STYLE('',(#11923));
#11923 = FILL_AREA_STYLE_COLOUR('',#11551);
#11924 = OVER_RIDING_STYLED_ITEM('overriding color',(#11925),#3689,
  #11534);
#11925 = PRESENTATION_STYLE_ASSIGNMENT((#11926));
#11926 = SURFACE_STYLE_USAGE(.BOTH.,#11927);
#11927 = SURFACE_SIDE_STYLE('',(#11928));
#11928 = SURFACE_STYLE_FILL_AREA(#11929);
#11929 = FILL_AREA_STYLE('',(#11930));
#11930 = FILL_AREA_STYLE_COLOUR('',#11551);
#11931 = OVER_RIDING_STYLED_ITEM('overriding color',(#11932),#3701,
  #11534);
#11932 = PRESENTATION_STYLE_ASSIGNMENT((#11933));
#11933 = SURFACE_STYLE_USAGE(.BOTH.,#11934);
#11934 = SURFACE_SIDE_STYLE('',(#11935));
#11935 = SURFACE_STYLE_FILL_AREA(#11936);
#11936 = FILL_AREA_STYLE('',(#11937));
#11937 = FILL_AREA_STYLE_COLOUR('',#11551);
#11938 = OVER_RIDING_STYLED_ITEM('overriding color',(#11939),#3729,
  #11534);
#11939 = PRESENTATION_STYLE_ASSIGNMENT((#11940));
#11940 = SURFACE_STYLE_USAGE(.BOTH.,#11941);
#11941 = SURFACE_SIDE_STYLE('',(#11942));
#11942 = SURFACE_STYLE_FILL_AREA(#11943);
#11943 = FILL_AREA_STYLE('',(#11944));
#11944 = FILL_AREA_STYLE_COLOUR('',#11551);
#11945 = OVER_RIDING_STYLED_ITEM('overriding color',(#11946),#3759,
  #11534);
#11946 = PRESENTATION_STYLE_ASSIGNMENT((#11947));
#11947 = SURFACE_STYLE_USAGE(.BOTH.,#11948);
#11948 = SURFACE_SIDE_STYLE('',(#11949));
#11949 = SURFACE_STYLE_FILL_AREA(#11950);
#11950 = FILL_AREA_STYLE('',(#11951));
#11951 = FILL_AREA_STYLE_COLOUR('',#11551);
#11952 = OVER_RIDING_STYLED_ITEM('overriding color',(#11953),#3781,
  #11534);
#11953 = PRESENTATION_STYLE_ASSIGNMENT((#11954));
#11954 = SURFACE_STYLE_USAGE(.BOTH.,#11955);
#11955 = SURFACE_SIDE_STYLE('',(#11956));
#11956 = SURFACE_STYLE_FILL_AREA(#11957);
#11957 = FILL_AREA_STYLE('',(#11958));
#11958 = FILL_AREA_STYLE_COLOUR('',#11551);
#11959 = OVER_RIDING_STYLED_ITEM('overriding color',(#11960),#3805,
  #11534);
#11960 = PRESENTATION_STYLE_ASSIGNMENT((#11961));
#11961 = SURFACE_STYLE_USAGE(.BOTH.,#11962);
#11962 = SURFACE_SIDE_STYLE('',(#11963));
#11963 = SURFACE_STYLE_FILL_AREA(#11964);
#11964 = FILL_AREA_STYLE('',(#11965));
#11965 = FILL_AREA_STYLE_COLOUR('',#11551);
#11966 = OVER_RIDING_STYLED_ITEM('overriding color',(#11967),#3821,
  #11534);
#11967 = PRESENTATION_STYLE_ASSIGNMENT((#11968));
#11968 = SURFACE_STYLE_USAGE(.BOTH.,#11969);
#11969 = SURFACE_SIDE_STYLE('',(#11970));
#11970 = SURFACE_STYLE_FILL_AREA(#11971);
#11971 = FILL_AREA_STYLE('',(#11972));
#11972 = FILL_AREA_STYLE_COLOUR('',#11551);
#11973 = OVER_RIDING_STYLED_ITEM('overriding color',(#11974),#3833,
  #11534);
#11974 = PRESENTATION_STYLE_ASSIGNMENT((#11975));
#11975 = SURFACE_STYLE_USAGE(.BOTH.,#11976);
#11976 = SURFACE_SIDE_STYLE('',(#11977));
#11977 = SURFACE_STYLE_FILL_AREA(#11978);
#11978 = FILL_AREA_STYLE('',(#11979));
#11979 = FILL_AREA_STYLE_COLOUR('',#11551);
#11980 = OVER_RIDING_STYLED_ITEM('overriding color',(#11981),#3861,
  #11534);
#11981 = PRESENTATION_STYLE_ASSIGNMENT((#11982));
#11982 = SURFACE_STYLE_USAGE(.BOTH.,#11983);
#11983 = SURFACE_SIDE_STYLE('',(#11984));
#11984 = SURFACE_STYLE_FILL_AREA(#11985);
#11985 = FILL_AREA_STYLE('',(#11986));
#11986 = FILL_AREA_STYLE_COLOUR('',#11551);
#11987 = OVER_RIDING_STYLED_ITEM('overriding color',(#11988),#3891,
  #11534);
#11988 = PRESENTATION_STYLE_ASSIGNMENT((#11989));
#11989 = SURFACE_STYLE_USAGE(.BOTH.,#11990);
#11990 = SURFACE_SIDE_STYLE('',(#11991));
#11991 = SURFACE_STYLE_FILL_AREA(#11992);
#11992 = FILL_AREA_STYLE('',(#11993));
#11993 = FILL_AREA_STYLE_COLOUR('',#11551);
#11994 = OVER_RIDING_STYLED_ITEM('overriding color',(#11995),#3913,
  #11534);
#11995 = PRESENTATION_STYLE_ASSIGNMENT((#11996));
#11996 = SURFACE_STYLE_USAGE(.BOTH.,#11997);
#11997 = SURFACE_SIDE_STYLE('',(#11998));
#11998 = SURFACE_STYLE_FILL_AREA(#11999);
#11999 = FILL_AREA_STYLE('',(#12000));
#12000 = FILL_AREA_STYLE_COLOUR('',#11551);
#12001 = OVER_RIDING_STYLED_ITEM('overriding color',(#12002),#3937,
  #11534);
#12002 = PRESENTATION_STYLE_ASSIGNMENT((#12003));
#12003 = SURFACE_STYLE_USAGE(.BOTH.,#12004);
#12004 = SURFACE_SIDE_STYLE('',(#12005));
#12005 = SURFACE_STYLE_FILL_AREA(#12006);
#12006 = FILL_AREA_STYLE('',(#12007));
#12007 = FILL_AREA_STYLE_COLOUR('',#11551);
#12008 = OVER_RIDING_STYLED_ITEM('overriding color',(#12009),#3953,
  #11534);
#12009 = PRESENTATION_STYLE_ASSIGNMENT((#12010));
#12010 = SURFACE_STYLE_USAGE(.BOTH.,#12011);
#12011 = SURFACE_SIDE_STYLE('',(#12012));
#12012 = SURFACE_STYLE_FILL_AREA(#12013);
#12013 = FILL_AREA_STYLE('',(#12014));
#12014 = FILL_AREA_STYLE_COLOUR('',#11551);
#12015 = OVER_RIDING_STYLED_ITEM('overriding color',(#12016),#3965,
  #11534);
#12016 = PRESENTATION_STYLE_ASSIGNMENT((#12017));
#12017 = SURFACE_STYLE_USAGE(.BOTH.,#12018);
#12018 = SURFACE_SIDE_STYLE('',(#12019));
#12019 = SURFACE_STYLE_FILL_AREA(#12020);
#12020 = FILL_AREA_STYLE('',(#12021));
#12021 = FILL_AREA_STYLE_COLOUR('',#11551);
#12022 = OVER_RIDING_STYLED_ITEM('overriding color',(#12023),#3993,
  #11534);
#12023 = PRESENTATION_STYLE_ASSIGNMENT((#12024));
#12024 = SURFACE_STYLE_USAGE(.BOTH.,#12025);
#12025 = SURFACE_SIDE_STYLE('',(#12026));
#12026 = SURFACE_STYLE_FILL_AREA(#12027);
#12027 = FILL_AREA_STYLE('',(#12028));
#12028 = FILL_AREA_STYLE_COLOUR('',#11551);
#12029 = OVER_RIDING_STYLED_ITEM('overriding color',(#12030),#4023,
  #11534);
#12030 = PRESENTATION_STYLE_ASSIGNMENT((#12031));
#12031 = SURFACE_STYLE_USAGE(.BOTH.,#12032);
#12032 = SURFACE_SIDE_STYLE('',(#12033));
#12033 = SURFACE_STYLE_FILL_AREA(#12034);
#12034 = FILL_AREA_STYLE('',(#12035));
#12035 = FILL_AREA_STYLE_COLOUR('',#11551);
#12036 = OVER_RIDING_STYLED_ITEM('overriding color',(#12037),#4045,
  #11534);
#12037 = PRESENTATION_STYLE_ASSIGNMENT((#12038));
#12038 = SURFACE_STYLE_USAGE(.BOTH.,#12039);
#12039 = SURFACE_SIDE_STYLE('',(#12040));
#12040 = SURFACE_STYLE_FILL_AREA(#12041);
#12041 = FILL_AREA_STYLE('',(#12042));
#12042 = FILL_AREA_STYLE_COLOUR('',#11551);
#12043 = OVER_RIDING_STYLED_ITEM('overriding color',(#12044),#4069,
  #11534);
#12044 = PRESENTATION_STYLE_ASSIGNMENT((#12045));
#12045 = SURFACE_STYLE_USAGE(.BOTH.,#12046);
#12046 = SURFACE_SIDE_STYLE('',(#12047));
#12047 = SURFACE_STYLE_FILL_AREA(#12048);
#12048 = FILL_AREA_STYLE('',(#12049));
#12049 = FILL_AREA_STYLE_COLOUR('',#11551);
#12050 = OVER_RIDING_STYLED_ITEM('overriding color',(#12051),#4085,
  #11534);
#12051 = PRESENTATION_STYLE_ASSIGNMENT((#12052));
#12052 = SURFACE_STYLE_USAGE(.BOTH.,#12053);
#12053 = SURFACE_SIDE_STYLE('',(#12054));
#12054 = SURFACE_STYLE_FILL_AREA(#12055);
#12055 = FILL_AREA_STYLE('',(#12056));
#12056 = FILL_AREA_STYLE_COLOUR('',#11551);
#12057 = OVER_RIDING_STYLED_ITEM('overriding color',(#12058),#4097,
  #11534);
#12058 = PRESENTATION_STYLE_ASSIGNMENT((#12059));
#12059 = SURFACE_STYLE_USAGE(.BOTH.,#12060);
#12060 = SURFACE_SIDE_STYLE('',(#12061));
#12061 = SURFACE_STYLE_FILL_AREA(#12062);
#12062 = FILL_AREA_STYLE('',(#12063));
#12063 = FILL_AREA_STYLE_COLOUR('',#11551);
#12064 = OVER_RIDING_STYLED_ITEM('overriding color',(#12065),#4125,
  #11534);
#12065 = PRESENTATION_STYLE_ASSIGNMENT((#12066));
#12066 = SURFACE_STYLE_USAGE(.BOTH.,#12067);
#12067 = SURFACE_SIDE_STYLE('',(#12068));
#12068 = SURFACE_STYLE_FILL_AREA(#12069);
#12069 = FILL_AREA_STYLE('',(#12070));
#12070 = FILL_AREA_STYLE_COLOUR('',#11551);
#12071 = OVER_RIDING_STYLED_ITEM('overriding color',(#12072),#4155,
  #11534);
#12072 = PRESENTATION_STYLE_ASSIGNMENT((#12073));
#12073 = SURFACE_STYLE_USAGE(.BOTH.,#12074);
#12074 = SURFACE_SIDE_STYLE('',(#12075));
#12075 = SURFACE_STYLE_FILL_AREA(#12076);
#12076 = FILL_AREA_STYLE('',(#12077));
#12077 = FILL_AREA_STYLE_COLOUR('',#11551);
#12078 = OVER_RIDING_STYLED_ITEM('overriding color',(#12079),#4177,
  #11534);
#12079 = PRESENTATION_STYLE_ASSIGNMENT((#12080));
#12080 = SURFACE_STYLE_USAGE(.BOTH.,#12081);
#12081 = SURFACE_SIDE_STYLE('',(#12082));
#12082 = SURFACE_STYLE_FILL_AREA(#12083);
#12083 = FILL_AREA_STYLE('',(#12084));
#12084 = FILL_AREA_STYLE_COLOUR('',#11551);
#12085 = OVER_RIDING_STYLED_ITEM('overriding color',(#12086),#4201,
  #11534);
#12086 = PRESENTATION_STYLE_ASSIGNMENT((#12087));
#12087 = SURFACE_STYLE_USAGE(.BOTH.,#12088);
#12088 = SURFACE_SIDE_STYLE('',(#12089));
#12089 = SURFACE_STYLE_FILL_AREA(#12090);
#12090 = FILL_AREA_STYLE('',(#12091));
#12091 = FILL_AREA_STYLE_COLOUR('',#11551);
#12092 = OVER_RIDING_STYLED_ITEM('overriding color',(#12093),#4217,
  #11534);
#12093 = PRESENTATION_STYLE_ASSIGNMENT((#12094));
#12094 = SURFACE_STYLE_USAGE(.BOTH.,#12095);
#12095 = SURFACE_SIDE_STYLE('',(#12096));
#12096 = SURFACE_STYLE_FILL_AREA(#12097);
#12097 = FILL_AREA_STYLE('',(#12098));
#12098 = FILL_AREA_STYLE_COLOUR('',#11551);
#12099 = OVER_RIDING_STYLED_ITEM('overriding color',(#12100),#4229,
  #11534);
#12100 = PRESENTATION_STYLE_ASSIGNMENT((#12101));
#12101 = SURFACE_STYLE_USAGE(.BOTH.,#12102);
#12102 = SURFACE_SIDE_STYLE('',(#12103));
#12103 = SURFACE_STYLE_FILL_AREA(#12104);
#12104 = FILL_AREA_STYLE('',(#12105));
#12105 = FILL_AREA_STYLE_COLOUR('',#11551);
#12106 = OVER_RIDING_STYLED_ITEM('overriding color',(#12107),#4257,
  #11534);
#12107 = PRESENTATION_STYLE_ASSIGNMENT((#12108));
#12108 = SURFACE_STYLE_USAGE(.BOTH.,#12109);
#12109 = SURFACE_SIDE_STYLE('',(#12110));
#12110 = SURFACE_STYLE_FILL_AREA(#12111);
#12111 = FILL_AREA_STYLE('',(#12112));
#12112 = FILL_AREA_STYLE_COLOUR('',#11551);
#12113 = OVER_RIDING_STYLED_ITEM('overriding color',(#12114),#4287,
  #11534);
#12114 = PRESENTATION_STYLE_ASSIGNMENT((#12115));
#12115 = SURFACE_STYLE_USAGE(.BOTH.,#12116);
#12116 = SURFACE_SIDE_STYLE('',(#12117));
#12117 = SURFACE_STYLE_FILL_AREA(#12118);
#12118 = FILL_AREA_STYLE('',(#12119));
#12119 = FILL_AREA_STYLE_COLOUR('',#11551);
#12120 = OVER_RIDING_STYLED_ITEM('overriding color',(#12121),#4309,
  #11534);
#12121 = PRESENTATION_STYLE_ASSIGNMENT((#12122));
#12122 = SURFACE_STYLE_USAGE(.BOTH.,#12123);
#12123 = SURFACE_SIDE_STYLE('',(#12124));
#12124 = SURFACE_STYLE_FILL_AREA(#12125);
#12125 = FILL_AREA_STYLE('',(#12126));
#12126 = FILL_AREA_STYLE_COLOUR('',#11551);
#12127 = OVER_RIDING_STYLED_ITEM('overriding color',(#12128),#4333,
  #11534);
#12128 = PRESENTATION_STYLE_ASSIGNMENT((#12129));
#12129 = SURFACE_STYLE_USAGE(.BOTH.,#12130);
#12130 = SURFACE_SIDE_STYLE('',(#12131));
#12131 = SURFACE_STYLE_FILL_AREA(#12132);
#12132 = FILL_AREA_STYLE('',(#12133));
#12133 = FILL_AREA_STYLE_COLOUR('',#11551);
#12134 = OVER_RIDING_STYLED_ITEM('overriding color',(#12135),#4349,
  #11534);
#12135 = PRESENTATION_STYLE_ASSIGNMENT((#12136));
#12136 = SURFACE_STYLE_USAGE(.BOTH.,#12137);
#12137 = SURFACE_SIDE_STYLE('',(#12138));
#12138 = SURFACE_STYLE_FILL_AREA(#12139);
#12139 = FILL_AREA_STYLE('',(#12140));
#12140 = FILL_AREA_STYLE_COLOUR('',#11551);
#12141 = OVER_RIDING_STYLED_ITEM('overriding color',(#12142),#4361,
  #11534);
#12142 = PRESENTATION_STYLE_ASSIGNMENT((#12143));
#12143 = SURFACE_STYLE_USAGE(.BOTH.,#12144);
#12144 = SURFACE_SIDE_STYLE('',(#12145));
#12145 = SURFACE_STYLE_FILL_AREA(#12146);
#12146 = FILL_AREA_STYLE('',(#12147));
#12147 = FILL_AREA_STYLE_COLOUR('',#11551);
#12148 = OVER_RIDING_STYLED_ITEM('overriding color',(#12149),#4389,
  #11534);
#12149 = PRESENTATION_STYLE_ASSIGNMENT((#12150));
#12150 = SURFACE_STYLE_USAGE(.BOTH.,#12151);
#12151 = SURFACE_SIDE_STYLE('',(#12152));
#12152 = SURFACE_STYLE_FILL_AREA(#12153);
#12153 = FILL_AREA_STYLE('',(#12154));
#12154 = FILL_AREA_STYLE_COLOUR('',#11551);
#12155 = OVER_RIDING_STYLED_ITEM('overriding color',(#12156),#4419,
  #11534);
#12156 = PRESENTATION_STYLE_ASSIGNMENT((#12157));
#12157 = SURFACE_STYLE_USAGE(.BOTH.,#12158);
#12158 = SURFACE_SIDE_STYLE('',(#12159));
#12159 = SURFACE_STYLE_FILL_AREA(#12160);
#12160 = FILL_AREA_STYLE('',(#12161));
#12161 = FILL_AREA_STYLE_COLOUR('',#11551);
#12162 = OVER_RIDING_STYLED_ITEM('overriding color',(#12163),#4441,
  #11534);
#12163 = PRESENTATION_STYLE_ASSIGNMENT((#12164));
#12164 = SURFACE_STYLE_USAGE(.BOTH.,#12165);
#12165 = SURFACE_SIDE_STYLE('',(#12166));
#12166 = SURFACE_STYLE_FILL_AREA(#12167);
#12167 = FILL_AREA_STYLE('',(#12168));
#12168 = FILL_AREA_STYLE_COLOUR('',#11551);
#12169 = OVER_RIDING_STYLED_ITEM('overriding color',(#12170),#4465,
  #11534);
#12170 = PRESENTATION_STYLE_ASSIGNMENT((#12171));
#12171 = SURFACE_STYLE_USAGE(.BOTH.,#12172);
#12172 = SURFACE_SIDE_STYLE('',(#12173));
#12173 = SURFACE_STYLE_FILL_AREA(#12174);
#12174 = FILL_AREA_STYLE('',(#12175));
#12175 = FILL_AREA_STYLE_COLOUR('',#11551);
#12176 = OVER_RIDING_STYLED_ITEM('overriding color',(#12177),#4481,
  #11534);
#12177 = PRESENTATION_STYLE_ASSIGNMENT((#12178));
#12178 = SURFACE_STYLE_USAGE(.BOTH.,#12179);
#12179 = SURFACE_SIDE_STYLE('',(#12180));
#12180 = SURFACE_STYLE_FILL_AREA(#12181);
#12181 = FILL_AREA_STYLE('',(#12182));
#12182 = FILL_AREA_STYLE_COLOUR('',#11551);
#12183 = OVER_RIDING_STYLED_ITEM('overriding color',(#12184),#4493,
  #11534);
#12184 = PRESENTATION_STYLE_ASSIGNMENT((#12185));
#12185 = SURFACE_STYLE_USAGE(.BOTH.,#12186);
#12186 = SURFACE_SIDE_STYLE('',(#12187));
#12187 = SURFACE_STYLE_FILL_AREA(#12188);
#12188 = FILL_AREA_STYLE('',(#12189));
#12189 = FILL_AREA_STYLE_COLOUR('',#11551);
#12190 = OVER_RIDING_STYLED_ITEM('overriding color',(#12191),#4521,
  #11534);
#12191 = PRESENTATION_STYLE_ASSIGNMENT((#12192));
#12192 = SURFACE_STYLE_USAGE(.BOTH.,#12193);
#12193 = SURFACE_SIDE_STYLE('',(#12194));
#12194 = SURFACE_STYLE_FILL_AREA(#12195);
#12195 = FILL_AREA_STYLE('',(#12196));
#12196 = FILL_AREA_STYLE_COLOUR('',#11551);
#12197 = OVER_RIDING_STYLED_ITEM('overriding color',(#12198),#4551,
  #11534);
#12198 = PRESENTATION_STYLE_ASSIGNMENT((#12199));
#12199 = SURFACE_STYLE_USAGE(.BOTH.,#12200);
#12200 = SURFACE_SIDE_STYLE('',(#12201));
#12201 = SURFACE_STYLE_FILL_AREA(#12202);
#12202 = FILL_AREA_STYLE('',(#12203));
#12203 = FILL_AREA_STYLE_COLOUR('',#11551);
#12204 = OVER_RIDING_STYLED_ITEM('overriding color',(#12205),#4573,
  #11534);
#12205 = PRESENTATION_STYLE_ASSIGNMENT((#12206));
#12206 = SURFACE_STYLE_USAGE(.BOTH.,#12207);
#12207 = SURFACE_SIDE_STYLE('',(#12208));
#12208 = SURFACE_STYLE_FILL_AREA(#12209);
#12209 = FILL_AREA_STYLE('',(#12210));
#12210 = FILL_AREA_STYLE_COLOUR('',#11551);
#12211 = OVER_RIDING_STYLED_ITEM('overriding color',(#12212),#4597,
  #11534);
#12212 = PRESENTATION_STYLE_ASSIGNMENT((#12213));
#12213 = SURFACE_STYLE_USAGE(.BOTH.,#12214);
#12214 = SURFACE_SIDE_STYLE('',(#12215));
#12215 = SURFACE_STYLE_FILL_AREA(#12216);
#12216 = FILL_AREA_STYLE('',(#12217));
#12217 = FILL_AREA_STYLE_COLOUR('',#11551);
#12218 = OVER_RIDING_STYLED_ITEM('overriding color',(#12219),#4613,
  #11534);
#12219 = PRESENTATION_STYLE_ASSIGNMENT((#12220));
#12220 = SURFACE_STYLE_USAGE(.BOTH.,#12221);
#12221 = SURFACE_SIDE_STYLE('',(#12222));
#12222 = SURFACE_STYLE_FILL_AREA(#12223);
#12223 = FILL_AREA_STYLE('',(#12224));
#12224 = FILL_AREA_STYLE_COLOUR('',#11551);
#12225 = OVER_RIDING_STYLED_ITEM('overriding color',(#12226),#4625,
  #11534);
#12226 = PRESENTATION_STYLE_ASSIGNMENT((#12227));
#12227 = SURFACE_STYLE_USAGE(.BOTH.,#12228);
#12228 = SURFACE_SIDE_STYLE('',(#12229));
#12229 = SURFACE_STYLE_FILL_AREA(#12230);
#12230 = FILL_AREA_STYLE('',(#12231));
#12231 = FILL_AREA_STYLE_COLOUR('',#11551);
#12232 = OVER_RIDING_STYLED_ITEM('overriding color',(#12233),#4653,
  #11534);
#12233 = PRESENTATION_STYLE_ASSIGNMENT((#12234));
#12234 = SURFACE_STYLE_USAGE(.BOTH.,#12235);
#12235 = SURFACE_SIDE_STYLE('',(#12236));
#12236 = SURFACE_STYLE_FILL_AREA(#12237);
#12237 = FILL_AREA_STYLE('',(#12238));
#12238 = FILL_AREA_STYLE_COLOUR('',#11551);
#12239 = OVER_RIDING_STYLED_ITEM('overriding color',(#12240),#4683,
  #11534);
#12240 = PRESENTATION_STYLE_ASSIGNMENT((#12241));
#12241 = SURFACE_STYLE_USAGE(.BOTH.,#12242);
#12242 = SURFACE_SIDE_STYLE('',(#12243));
#12243 = SURFACE_STYLE_FILL_AREA(#12244);
#12244 = FILL_AREA_STYLE('',(#12245));
#12245 = FILL_AREA_STYLE_COLOUR('',#11551);
#12246 = OVER_RIDING_STYLED_ITEM('overriding color',(#12247),#4705,
  #11534);
#12247 = PRESENTATION_STYLE_ASSIGNMENT((#12248));
#12248 = SURFACE_STYLE_USAGE(.BOTH.,#12249);
#12249 = SURFACE_SIDE_STYLE('',(#12250));
#12250 = SURFACE_STYLE_FILL_AREA(#12251);
#12251 = FILL_AREA_STYLE('',(#12252));
#12252 = FILL_AREA_STYLE_COLOUR('',#11551);
#12253 = OVER_RIDING_STYLED_ITEM('overriding color',(#12254),#4729,
  #11534);
#12254 = PRESENTATION_STYLE_ASSIGNMENT((#12255));
#12255 = SURFACE_STYLE_USAGE(.BOTH.,#12256);
#12256 = SURFACE_SIDE_STYLE('',(#12257));
#12257 = SURFACE_STYLE_FILL_AREA(#12258);
#12258 = FILL_AREA_STYLE('',(#12259));
#12259 = FILL_AREA_STYLE_COLOUR('',#11551);
#12260 = OVER_RIDING_STYLED_ITEM('overriding color',(#12261),#4745,
  #11534);
#12261 = PRESENTATION_STYLE_ASSIGNMENT((#12262));
#12262 = SURFACE_STYLE_USAGE(.BOTH.,#12263);
#12263 = SURFACE_SIDE_STYLE('',(#12264));
#12264 = SURFACE_STYLE_FILL_AREA(#12265);
#12265 = FILL_AREA_STYLE('',(#12266));
#12266 = FILL_AREA_STYLE_COLOUR('',#11551);
#12267 = OVER_RIDING_STYLED_ITEM('overriding color',(#12268),#4757,
  #11534);
#12268 = PRESENTATION_STYLE_ASSIGNMENT((#12269));
#12269 = SURFACE_STYLE_USAGE(.BOTH.,#12270);
#12270 = SURFACE_SIDE_STYLE('',(#12271));
#12271 = SURFACE_STYLE_FILL_AREA(#12272);
#12272 = FILL_AREA_STYLE('',(#12273));
#12273 = FILL_AREA_STYLE_COLOUR('',#11551);
#12274 = OVER_RIDING_STYLED_ITEM('overriding color',(#12275),#4785,
  #11534);
#12275 = PRESENTATION_STYLE_ASSIGNMENT((#12276));
#12276 = SURFACE_STYLE_USAGE(.BOTH.,#12277);
#12277 = SURFACE_SIDE_STYLE('',(#12278));
#12278 = SURFACE_STYLE_FILL_AREA(#12279);
#12279 = FILL_AREA_STYLE('',(#12280));
#12280 = FILL_AREA_STYLE_COLOUR('',#11551);
#12281 = OVER_RIDING_STYLED_ITEM('overriding color',(#12282),#4815,
  #11534);
#12282 = PRESENTATION_STYLE_ASSIGNMENT((#12283));
#12283 = SURFACE_STYLE_USAGE(.BOTH.,#12284);
#12284 = SURFACE_SIDE_STYLE('',(#12285));
#12285 = SURFACE_STYLE_FILL_AREA(#12286);
#12286 = FILL_AREA_STYLE('',(#12287));
#12287 = FILL_AREA_STYLE_COLOUR('',#11551);
#12288 = OVER_RIDING_STYLED_ITEM('overriding color',(#12289),#4837,
  #11534);
#12289 = PRESENTATION_STYLE_ASSIGNMENT((#12290));
#12290 = SURFACE_STYLE_USAGE(.BOTH.,#12291);
#12291 = SURFACE_SIDE_STYLE('',(#12292));
#12292 = SURFACE_STYLE_FILL_AREA(#12293);
#12293 = FILL_AREA_STYLE('',(#12294));
#12294 = FILL_AREA_STYLE_COLOUR('',#11551);
#12295 = OVER_RIDING_STYLED_ITEM('overriding color',(#12296),#4861,
  #11534);
#12296 = PRESENTATION_STYLE_ASSIGNMENT((#12297));
#12297 = SURFACE_STYLE_USAGE(.BOTH.,#12298);
#12298 = SURFACE_SIDE_STYLE('',(#12299));
#12299 = SURFACE_STYLE_FILL_AREA(#12300);
#12300 = FILL_AREA_STYLE('',(#12301));
#12301 = FILL_AREA_STYLE_COLOUR('',#11551);
#12302 = OVER_RIDING_STYLED_ITEM('overriding color',(#12303),#4877,
  #11534);
#12303 = PRESENTATION_STYLE_ASSIGNMENT((#12304));
#12304 = SURFACE_STYLE_USAGE(.BOTH.,#12305);
#12305 = SURFACE_SIDE_STYLE('',(#12306));
#12306 = SURFACE_STYLE_FILL_AREA(#12307);
#12307 = FILL_AREA_STYLE('',(#12308));
#12308 = FILL_AREA_STYLE_COLOUR('',#11551);
#12309 = OVER_RIDING_STYLED_ITEM('overriding color',(#12310),#4889,
  #11534);
#12310 = PRESENTATION_STYLE_ASSIGNMENT((#12311));
#12311 = SURFACE_STYLE_USAGE(.BOTH.,#12312);
#12312 = SURFACE_SIDE_STYLE('',(#12313));
#12313 = SURFACE_STYLE_FILL_AREA(#12314);
#12314 = FILL_AREA_STYLE('',(#12315));
#12315 = FILL_AREA_STYLE_COLOUR('',#11551);
#12316 = OVER_RIDING_STYLED_ITEM('overriding color',(#12317),#4917,
  #11534);
#12317 = PRESENTATION_STYLE_ASSIGNMENT((#12318));
#12318 = SURFACE_STYLE_USAGE(.BOTH.,#12319);
#12319 = SURFACE_SIDE_STYLE('',(#12320));
#12320 = SURFACE_STYLE_FILL_AREA(#12321);
#12321 = FILL_AREA_STYLE('',(#12322));
#12322 = FILL_AREA_STYLE_COLOUR('',#11551);
#12323 = OVER_RIDING_STYLED_ITEM('overriding color',(#12324),#4947,
  #11534);
#12324 = PRESENTATION_STYLE_ASSIGNMENT((#12325));
#12325 = SURFACE_STYLE_USAGE(.BOTH.,#12326);
#12326 = SURFACE_SIDE_STYLE('',(#12327));
#12327 = SURFACE_STYLE_FILL_AREA(#12328);
#12328 = FILL_AREA_STYLE('',(#12329));
#12329 = FILL_AREA_STYLE_COLOUR('',#11551);
#12330 = OVER_RIDING_STYLED_ITEM('overriding color',(#12331),#4969,
  #11534);
#12331 = PRESENTATION_STYLE_ASSIGNMENT((#12332));
#12332 = SURFACE_STYLE_USAGE(.BOTH.,#12333);
#12333 = SURFACE_SIDE_STYLE('',(#12334));
#12334 = SURFACE_STYLE_FILL_AREA(#12335);
#12335 = FILL_AREA_STYLE('',(#12336));
#12336 = FILL_AREA_STYLE_COLOUR('',#11551);
#12337 = OVER_RIDING_STYLED_ITEM('overriding color',(#12338),#4993,
  #11534);
#12338 = PRESENTATION_STYLE_ASSIGNMENT((#12339));
#12339 = SURFACE_STYLE_USAGE(.BOTH.,#12340);
#12340 = SURFACE_SIDE_STYLE('',(#12341));
#12341 = SURFACE_STYLE_FILL_AREA(#12342);
#12342 = FILL_AREA_STYLE('',(#12343));
#12343 = FILL_AREA_STYLE_COLOUR('',#11551);
#12344 = OVER_RIDING_STYLED_ITEM('overriding color',(#12345),#5009,
  #11534);
#12345 = PRESENTATION_STYLE_ASSIGNMENT((#12346));
#12346 = SURFACE_STYLE_USAGE(.BOTH.,#12347);
#12347 = SURFACE_SIDE_STYLE('',(#12348));
#12348 = SURFACE_STYLE_FILL_AREA(#12349);
#12349 = FILL_AREA_STYLE('',(#12350));
#12350 = FILL_AREA_STYLE_COLOUR('',#11551);
#12351 = OVER_RIDING_STYLED_ITEM('overriding color',(#12352),#5021,
  #11534);
#12352 = PRESENTATION_STYLE_ASSIGNMENT((#12353));
#12353 = SURFACE_STYLE_USAGE(.BOTH.,#12354);
#12354 = SURFACE_SIDE_STYLE('',(#12355));
#12355 = SURFACE_STYLE_FILL_AREA(#12356);
#12356 = FILL_AREA_STYLE('',(#12357));
#12357 = FILL_AREA_STYLE_COLOUR('',#11551);
#12358 = OVER_RIDING_STYLED_ITEM('overriding color',(#12359),#5049,
  #11534);
#12359 = PRESENTATION_STYLE_ASSIGNMENT((#12360));
#12360 = SURFACE_STYLE_USAGE(.BOTH.,#12361);
#12361 = SURFACE_SIDE_STYLE('',(#12362));
#12362 = SURFACE_STYLE_FILL_AREA(#12363);
#12363 = FILL_AREA_STYLE('',(#12364));
#12364 = FILL_AREA_STYLE_COLOUR('',#11551);
#12365 = OVER_RIDING_STYLED_ITEM('overriding color',(#12366),#5071,
  #11534);
#12366 = PRESENTATION_STYLE_ASSIGNMENT((#12367));
#12367 = SURFACE_STYLE_USAGE(.BOTH.,#12368);
#12368 = SURFACE_SIDE_STYLE('',(#12369));
#12369 = SURFACE_STYLE_FILL_AREA(#12370);
#12370 = FILL_AREA_STYLE('',(#12371));
#12371 = FILL_AREA_STYLE_COLOUR('',#11551);
#12372 = OVER_RIDING_STYLED_ITEM('overriding color',(#12373),#5093,
  #11534);
#12373 = PRESENTATION_STYLE_ASSIGNMENT((#12374));
#12374 = SURFACE_STYLE_USAGE(.BOTH.,#12375);
#12375 = SURFACE_SIDE_STYLE('',(#12376));
#12376 = SURFACE_STYLE_FILL_AREA(#12377);
#12377 = FILL_AREA_STYLE('',(#12378));
#12378 = FILL_AREA_STYLE_COLOUR('',#11551);
#12379 = OVER_RIDING_STYLED_ITEM('overriding color',(#12380),#5109,
  #11534);
#12380 = PRESENTATION_STYLE_ASSIGNMENT((#12381));
#12381 = SURFACE_STYLE_USAGE(.BOTH.,#12382);
#12382 = SURFACE_SIDE_STYLE('',(#12383));
#12383 = SURFACE_STYLE_FILL_AREA(#12384);
#12384 = FILL_AREA_STYLE('',(#12385));
#12385 = FILL_AREA_STYLE_COLOUR('',#11551);
#12386 = OVER_RIDING_STYLED_ITEM('overriding color',(#12387),#5121,
  #11534);
#12387 = PRESENTATION_STYLE_ASSIGNMENT((#12388));
#12388 = SURFACE_STYLE_USAGE(.BOTH.,#12389);
#12389 = SURFACE_SIDE_STYLE('',(#12390));
#12390 = SURFACE_STYLE_FILL_AREA(#12391);
#12391 = FILL_AREA_STYLE('',(#12392));
#12392 = FILL_AREA_STYLE_COLOUR('',#11551);
#12393 = OVER_RIDING_STYLED_ITEM('overriding color',(#12394),#5149,
  #11534);
#12394 = PRESENTATION_STYLE_ASSIGNMENT((#12395));
#12395 = SURFACE_STYLE_USAGE(.BOTH.,#12396);
#12396 = SURFACE_SIDE_STYLE('',(#12397));
#12397 = SURFACE_STYLE_FILL_AREA(#12398);
#12398 = FILL_AREA_STYLE('',(#12399));
#12399 = FILL_AREA_STYLE_COLOUR('',#11551);
#12400 = OVER_RIDING_STYLED_ITEM('overriding color',(#12401),#5171,
  #11534);
#12401 = PRESENTATION_STYLE_ASSIGNMENT((#12402));
#12402 = SURFACE_STYLE_USAGE(.BOTH.,#12403);
#12403 = SURFACE_SIDE_STYLE('',(#12404));
#12404 = SURFACE_STYLE_FILL_AREA(#12405);
#12405 = FILL_AREA_STYLE('',(#12406));
#12406 = FILL_AREA_STYLE_COLOUR('',#11551);
#12407 = OVER_RIDING_STYLED_ITEM('overriding color',(#12408),#5193,
  #11534);
#12408 = PRESENTATION_STYLE_ASSIGNMENT((#12409));
#12409 = SURFACE_STYLE_USAGE(.BOTH.,#12410);
#12410 = SURFACE_SIDE_STYLE('',(#12411));
#12411 = SURFACE_STYLE_FILL_AREA(#12412);
#12412 = FILL_AREA_STYLE('',(#12413));
#12413 = FILL_AREA_STYLE_COLOUR('',#11551);
#12414 = OVER_RIDING_STYLED_ITEM('overriding color',(#12415),#5209,
  #11534);
#12415 = PRESENTATION_STYLE_ASSIGNMENT((#12416));
#12416 = SURFACE_STYLE_USAGE(.BOTH.,#12417);
#12417 = SURFACE_SIDE_STYLE('',(#12418));
#12418 = SURFACE_STYLE_FILL_AREA(#12419);
#12419 = FILL_AREA_STYLE('',(#12420));
#12420 = FILL_AREA_STYLE_COLOUR('',#11551);
#12421 = OVER_RIDING_STYLED_ITEM('overriding color',(#12422),#5221,
  #11534);
#12422 = PRESENTATION_STYLE_ASSIGNMENT((#12423));
#12423 = SURFACE_STYLE_USAGE(.BOTH.,#12424);
#12424 = SURFACE_SIDE_STYLE('',(#12425));
#12425 = SURFACE_STYLE_FILL_AREA(#12426);
#12426 = FILL_AREA_STYLE('',(#12427));
#12427 = FILL_AREA_STYLE_COLOUR('',#11551);
#12428 = OVER_RIDING_STYLED_ITEM('overriding color',(#12429),#5249,
  #11534);
#12429 = PRESENTATION_STYLE_ASSIGNMENT((#12430));
#12430 = SURFACE_STYLE_USAGE(.BOTH.,#12431);
#12431 = SURFACE_SIDE_STYLE('',(#12432));
#12432 = SURFACE_STYLE_FILL_AREA(#12433);
#12433 = FILL_AREA_STYLE('',(#12434));
#12434 = FILL_AREA_STYLE_COLOUR('',#11551);
#12435 = OVER_RIDING_STYLED_ITEM('overriding color',(#12436),#5271,
  #11534);
#12436 = PRESENTATION_STYLE_ASSIGNMENT((#12437));
#12437 = SURFACE_STYLE_USAGE(.BOTH.,#12438);
#12438 = SURFACE_SIDE_STYLE('',(#12439));
#12439 = SURFACE_STYLE_FILL_AREA(#12440);
#12440 = FILL_AREA_STYLE('',(#12441));
#12441 = FILL_AREA_STYLE_COLOUR('',#11551);
#12442 = OVER_RIDING_STYLED_ITEM('overriding color',(#12443),#5293,
  #11534);
#12443 = PRESENTATION_STYLE_ASSIGNMENT((#12444));
#12444 = SURFACE_STYLE_USAGE(.BOTH.,#12445);
#12445 = SURFACE_SIDE_STYLE('',(#12446));
#12446 = SURFACE_STYLE_FILL_AREA(#12447);
#12447 = FILL_AREA_STYLE('',(#12448));
#12448 = FILL_AREA_STYLE_COLOUR('',#11551);
#12449 = OVER_RIDING_STYLED_ITEM('overriding color',(#12450),#5309,
  #11534);
#12450 = PRESENTATION_STYLE_ASSIGNMENT((#12451));
#12451 = SURFACE_STYLE_USAGE(.BOTH.,#12452);
#12452 = SURFACE_SIDE_STYLE('',(#12453));
#12453 = SURFACE_STYLE_FILL_AREA(#12454);
#12454 = FILL_AREA_STYLE('',(#12455));
#12455 = FILL_AREA_STYLE_COLOUR('',#11551);
#12456 = OVER_RIDING_STYLED_ITEM('overriding color',(#12457),#5321,
  #11534);
#12457 = PRESENTATION_STYLE_ASSIGNMENT((#12458));
#12458 = SURFACE_STYLE_USAGE(.BOTH.,#12459);
#12459 = SURFACE_SIDE_STYLE('',(#12460));
#12460 = SURFACE_STYLE_FILL_AREA(#12461);
#12461 = FILL_AREA_STYLE('',(#12462));
#12462 = FILL_AREA_STYLE_COLOUR('',#11551);
#12463 = OVER_RIDING_STYLED_ITEM('overriding color',(#12464),#5349,
  #11534);
#12464 = PRESENTATION_STYLE_ASSIGNMENT((#12465));
#12465 = SURFACE_STYLE_USAGE(.BOTH.,#12466);
#12466 = SURFACE_SIDE_STYLE('',(#12467));
#12467 = SURFACE_STYLE_FILL_AREA(#12468);
#12468 = FILL_AREA_STYLE('',(#12469));
#12469 = FILL_AREA_STYLE_COLOUR('',#11551);
#12470 = OVER_RIDING_STYLED_ITEM('overriding color',(#12471),#5371,
  #11534);
#12471 = PRESENTATION_STYLE_ASSIGNMENT((#12472));
#12472 = SURFACE_STYLE_USAGE(.BOTH.,#12473);
#12473 = SURFACE_SIDE_STYLE('',(#12474));
#12474 = SURFACE_STYLE_FILL_AREA(#12475);
#12475 = FILL_AREA_STYLE('',(#12476));
#12476 = FILL_AREA_STYLE_COLOUR('',#11551);
#12477 = OVER_RIDING_STYLED_ITEM('overriding color',(#12478),#5393,
  #11534);
#12478 = PRESENTATION_STYLE_ASSIGNMENT((#12479));
#12479 = SURFACE_STYLE_USAGE(.BOTH.,#12480);
#12480 = SURFACE_SIDE_STYLE('',(#12481));
#12481 = SURFACE_STYLE_FILL_AREA(#12482);
#12482 = FILL_AREA_STYLE('',(#12483));
#12483 = FILL_AREA_STYLE_COLOUR('',#11551);
#12484 = OVER_RIDING_STYLED_ITEM('overriding color',(#12485),#5409,
  #11534);
#12485 = PRESENTATION_STYLE_ASSIGNMENT((#12486));
#12486 = SURFACE_STYLE_USAGE(.BOTH.,#12487);
#12487 = SURFACE_SIDE_STYLE('',(#12488));
#12488 = SURFACE_STYLE_FILL_AREA(#12489);
#12489 = FILL_AREA_STYLE('',(#12490));
#12490 = FILL_AREA_STYLE_COLOUR('',#11551);
#12491 = OVER_RIDING_STYLED_ITEM('overriding color',(#12492),#5421,
  #11534);
#12492 = PRESENTATION_STYLE_ASSIGNMENT((#12493));
#12493 = SURFACE_STYLE_USAGE(.BOTH.,#12494);
#12494 = SURFACE_SIDE_STYLE('',(#12495));
#12495 = SURFACE_STYLE_FILL_AREA(#12496);
#12496 = FILL_AREA_STYLE('',(#12497));
#12497 = FILL_AREA_STYLE_COLOUR('',#11551);
#12498 = OVER_RIDING_STYLED_ITEM('overriding color',(#12499),#5449,
  #11534);
#12499 = PRESENTATION_STYLE_ASSIGNMENT((#12500));
#12500 = SURFACE_STYLE_USAGE(.BOTH.,#12501);
#12501 = SURFACE_SIDE_STYLE('',(#12502));
#12502 = SURFACE_STYLE_FILL_AREA(#12503);
#12503 = FILL_AREA_STYLE('',(#12504));
#12504 = FILL_AREA_STYLE_COLOUR('',#11551);
#12505 = OVER_RIDING_STYLED_ITEM('overriding color',(#12506),#5471,
  #11534);
#12506 = PRESENTATION_STYLE_ASSIGNMENT((#12507));
#12507 = SURFACE_STYLE_USAGE(.BOTH.,#12508);
#12508 = SURFACE_SIDE_STYLE('',(#12509));
#12509 = SURFACE_STYLE_FILL_AREA(#12510);
#12510 = FILL_AREA_STYLE('',(#12511));
#12511 = FILL_AREA_STYLE_COLOUR('',#11551);
#12512 = OVER_RIDING_STYLED_ITEM('overriding color',(#12513),#5493,
  #11534);
#12513 = PRESENTATION_STYLE_ASSIGNMENT((#12514));
#12514 = SURFACE_STYLE_USAGE(.BOTH.,#12515);
#12515 = SURFACE_SIDE_STYLE('',(#12516));
#12516 = SURFACE_STYLE_FILL_AREA(#12517);
#12517 = FILL_AREA_STYLE('',(#12518));
#12518 = FILL_AREA_STYLE_COLOUR('',#11551);
#12519 = OVER_RIDING_STYLED_ITEM('overriding color',(#12520),#5509,
  #11534);
#12520 = PRESENTATION_STYLE_ASSIGNMENT((#12521));
#12521 = SURFACE_STYLE_USAGE(.BOTH.,#12522);
#12522 = SURFACE_SIDE_STYLE('',(#12523));
#12523 = SURFACE_STYLE_FILL_AREA(#12524);
#12524 = FILL_AREA_STYLE('',(#12525));
#12525 = FILL_AREA_STYLE_COLOUR('',#11551);
#12526 = OVER_RIDING_STYLED_ITEM('overriding color',(#12527),#5521,
  #11534);
#12527 = PRESENTATION_STYLE_ASSIGNMENT((#12528));
#12528 = SURFACE_STYLE_USAGE(.BOTH.,#12529);
#12529 = SURFACE_SIDE_STYLE('',(#12530));
#12530 = SURFACE_STYLE_FILL_AREA(#12531);
#12531 = FILL_AREA_STYLE('',(#12532));
#12532 = FILL_AREA_STYLE_COLOUR('',#11551);
#12533 = OVER_RIDING_STYLED_ITEM('overriding color',(#12534),#5549,
  #11534);
#12534 = PRESENTATION_STYLE_ASSIGNMENT((#12535));
#12535 = SURFACE_STYLE_USAGE(.BOTH.,#12536);
#12536 = SURFACE_SIDE_STYLE('',(#12537));
#12537 = SURFACE_STYLE_FILL_AREA(#12538);
#12538 = FILL_AREA_STYLE('',(#12539));
#12539 = FILL_AREA_STYLE_COLOUR('',#11551);
#12540 = OVER_RIDING_STYLED_ITEM('overriding color',(#12541),#5571,
  #11534);
#12541 = PRESENTATION_STYLE_ASSIGNMENT((#12542));
#12542 = SURFACE_STYLE_USAGE(.BOTH.,#12543);
#12543 = SURFACE_SIDE_STYLE('',(#12544));
#12544 = SURFACE_STYLE_FILL_AREA(#12545);
#12545 = FILL_AREA_STYLE('',(#12546));
#12546 = FILL_AREA_STYLE_COLOUR('',#11551);
#12547 = OVER_RIDING_STYLED_ITEM('overriding color',(#12548),#5593,
  #11534);
#12548 = PRESENTATION_STYLE_ASSIGNMENT((#12549));
#12549 = SURFACE_STYLE_USAGE(.BOTH.,#12550);
#12550 = SURFACE_SIDE_STYLE('',(#12551));
#12551 = SURFACE_STYLE_FILL_AREA(#12552);
#12552 = FILL_AREA_STYLE('',(#12553));
#12553 = FILL_AREA_STYLE_COLOUR('',#11551);
#12554 = OVER_RIDING_STYLED_ITEM('overriding color',(#12555),#5609,
  #11534);
#12555 = PRESENTATION_STYLE_ASSIGNMENT((#12556));
#12556 = SURFACE_STYLE_USAGE(.BOTH.,#12557);
#12557 = SURFACE_SIDE_STYLE('',(#12558));
#12558 = SURFACE_STYLE_FILL_AREA(#12559);
#12559 = FILL_AREA_STYLE('',(#12560));
#12560 = FILL_AREA_STYLE_COLOUR('',#11551);
#12561 = OVER_RIDING_STYLED_ITEM('overriding color',(#12562),#5621,
  #11534);
#12562 = PRESENTATION_STYLE_ASSIGNMENT((#12563));
#12563 = SURFACE_STYLE_USAGE(.BOTH.,#12564);
#12564 = SURFACE_SIDE_STYLE('',(#12565));
#12565 = SURFACE_STYLE_FILL_AREA(#12566);
#12566 = FILL_AREA_STYLE('',(#12567));
#12567 = FILL_AREA_STYLE_COLOUR('',#11551);
#12568 = OVER_RIDING_STYLED_ITEM('overriding color',(#12569),#5649,
  #11534);
#12569 = PRESENTATION_STYLE_ASSIGNMENT((#12570));
#12570 = SURFACE_STYLE_USAGE(.BOTH.,#12571);
#12571 = SURFACE_SIDE_STYLE('',(#12572));
#12572 = SURFACE_STYLE_FILL_AREA(#12573);
#12573 = FILL_AREA_STYLE('',(#12574));
#12574 = FILL_AREA_STYLE_COLOUR('',#11551);
#12575 = OVER_RIDING_STYLED_ITEM('overriding color',(#12576),#5671,
  #11534);
#12576 = PRESENTATION_STYLE_ASSIGNMENT((#12577));
#12577 = SURFACE_STYLE_USAGE(.BOTH.,#12578);
#12578 = SURFACE_SIDE_STYLE('',(#12579));
#12579 = SURFACE_STYLE_FILL_AREA(#12580);
#12580 = FILL_AREA_STYLE('',(#12581));
#12581 = FILL_AREA_STYLE_COLOUR('',#11551);
#12582 = OVER_RIDING_STYLED_ITEM('overriding color',(#12583),#5693,
  #11534);
#12583 = PRESENTATION_STYLE_ASSIGNMENT((#12584));
#12584 = SURFACE_STYLE_USAGE(.BOTH.,#12585);
#12585 = SURFACE_SIDE_STYLE('',(#12586));
#12586 = SURFACE_STYLE_FILL_AREA(#12587);
#12587 = FILL_AREA_STYLE('',(#12588));
#12588 = FILL_AREA_STYLE_COLOUR('',#11551);
#12589 = OVER_RIDING_STYLED_ITEM('overriding color',(#12590),#5715,
  #11534);
#12590 = PRESENTATION_STYLE_ASSIGNMENT((#12591));
#12591 = SURFACE_STYLE_USAGE(.BOTH.,#12592);
#12592 = SURFACE_SIDE_STYLE('',(#12593));
#12593 = SURFACE_STYLE_FILL_AREA(#12594);
#12594 = FILL_AREA_STYLE('',(#12595));
#12595 = FILL_AREA_STYLE_COLOUR('',#11551);
#12596 = OVER_RIDING_STYLED_ITEM('overriding color',(#12597),#5731,
  #11534);
#12597 = PRESENTATION_STYLE_ASSIGNMENT((#12598));
#12598 = SURFACE_STYLE_USAGE(.BOTH.,#12599);
#12599 = SURFACE_SIDE_STYLE('',(#12600));
#12600 = SURFACE_STYLE_FILL_AREA(#12601);
#12601 = FILL_AREA_STYLE('',(#12602));
#12602 = FILL_AREA_STYLE_COLOUR('',#11551);
#12603 = OVER_RIDING_STYLED_ITEM('overriding color',(#12604),#5744,
  #11534);
#12604 = PRESENTATION_STYLE_ASSIGNMENT((#12605));
#12605 = SURFACE_STYLE_USAGE(.BOTH.,#12606);
#12606 = SURFACE_SIDE_STYLE('',(#12607));
#12607 = SURFACE_STYLE_FILL_AREA(#12608);
#12608 = FILL_AREA_STYLE('',(#12609));
#12609 = FILL_AREA_STYLE_COLOUR('',#12610);
#12610 = DRAUGHTING_PRE_DEFINED_COLOUR('white');
#12611 = OVER_RIDING_STYLED_ITEM('overriding color',(#12612),#5772,
  #11534);
#12612 = PRESENTATION_STYLE_ASSIGNMENT((#12613));
#12613 = SURFACE_STYLE_USAGE(.BOTH.,#12614);
#12614 = SURFACE_SIDE_STYLE('',(#12615));
#12615 = SURFACE_STYLE_FILL_AREA(#12616);
#12616 = FILL_AREA_STYLE('',(#12617));
#12617 = FILL_AREA_STYLE_COLOUR('',#12610);
#12618 = OVER_RIDING_STYLED_ITEM('overriding color',(#12619),#5794,
  #11534);
#12619 = PRESENTATION_STYLE_ASSIGNMENT((#12620));
#12620 = SURFACE_STYLE_USAGE(.BOTH.,#12621);
#12621 = SURFACE_SIDE_STYLE('',(#12622));
#12622 = SURFACE_STYLE_FILL_AREA(#12623);
#12623 = FILL_AREA_STYLE('',(#12624));
#12624 = FILL_AREA_STYLE_COLOUR('',#12610);
#12625 = OVER_RIDING_STYLED_ITEM('overriding color',(#12626),#5816,
  #11534);
#12626 = PRESENTATION_STYLE_ASSIGNMENT((#12627));
#12627 = SURFACE_STYLE_USAGE(.BOTH.,#12628);
#12628 = SURFACE_SIDE_STYLE('',(#12629));
#12629 = SURFACE_STYLE_FILL_AREA(#12630);
#12630 = FILL_AREA_STYLE('',(#12631));
#12631 = FILL_AREA_STYLE_COLOUR('',#12610);
#12632 = OVER_RIDING_STYLED_ITEM('overriding color',(#12633),#5838,
  #11534);
#12633 = PRESENTATION_STYLE_ASSIGNMENT((#12634));
#12634 = SURFACE_STYLE_USAGE(.BOTH.,#12635);
#12635 = SURFACE_SIDE_STYLE('',(#12636));
#12636 = SURFACE_STYLE_FILL_AREA(#12637);
#12637 = FILL_AREA_STYLE('',(#12638));
#12638 = FILL_AREA_STYLE_COLOUR('',#12610);
#12639 = OVER_RIDING_STYLED_ITEM('overriding color',(#12640),#5860,
  #11534);
#12640 = PRESENTATION_STYLE_ASSIGNMENT((#12641));
#12641 = SURFACE_STYLE_USAGE(.BOTH.,#12642);
#12642 = SURFACE_SIDE_STYLE('',(#12643));
#12643 = SURFACE_STYLE_FILL_AREA(#12644);
#12644 = FILL_AREA_STYLE('',(#12645));
#12645 = FILL_AREA_STYLE_COLOUR('',#12610);
#12646 = OVER_RIDING_STYLED_ITEM('overriding color',(#12647),#5876,
  #11534);
#12647 = PRESENTATION_STYLE_ASSIGNMENT((#12648));
#12648 = SURFACE_STYLE_USAGE(.BOTH.,#12649);
#12649 = SURFACE_SIDE_STYLE('',(#12650));
#12650 = SURFACE_STYLE_FILL_AREA(#12651);
#12651 = FILL_AREA_STYLE('',(#12652));
#12652 = FILL_AREA_STYLE_COLOUR('',#12610);
#12653 = OVER_RIDING_STYLED_ITEM('overriding color',(#12654),#5890,
  #11534);
#12654 = PRESENTATION_STYLE_ASSIGNMENT((#12655));
#12655 = SURFACE_STYLE_USAGE(.BOTH.,#12656);
#12656 = SURFACE_SIDE_STYLE('',(#12657));
#12657 = SURFACE_STYLE_FILL_AREA(#12658);
#12658 = FILL_AREA_STYLE('',(#12659));
#12659 = FILL_AREA_STYLE_COLOUR('',#12610);
#12660 = OVER_RIDING_STYLED_ITEM('overriding color',(#12661),#5924,
  #11534);
#12661 = PRESENTATION_STYLE_ASSIGNMENT((#12662));
#12662 = SURFACE_STYLE_USAGE(.BOTH.,#12663);
#12663 = SURFACE_SIDE_STYLE('',(#12664));
#12664 = SURFACE_STYLE_FILL_AREA(#12665);
#12665 = FILL_AREA_STYLE('',(#12666));
#12666 = FILL_AREA_STYLE_COLOUR('',#12610);
#12667 = OVER_RIDING_STYLED_ITEM('overriding color',(#12668),#5946,
  #11534);
#12668 = PRESENTATION_STYLE_ASSIGNMENT((#12669));
#12669 = SURFACE_STYLE_USAGE(.BOTH.,#12670);
#12670 = SURFACE_SIDE_STYLE('',(#12671));
#12671 = SURFACE_STYLE_FILL_AREA(#12672);
#12672 = FILL_AREA_STYLE('',(#12673));
#12673 = FILL_AREA_STYLE_COLOUR('',#12610);
#12674 = OVER_RIDING_STYLED_ITEM('overriding color',(#12675),#5974,
  #11534);
#12675 = PRESENTATION_STYLE_ASSIGNMENT((#12676));
#12676 = SURFACE_STYLE_USAGE(.BOTH.,#12677);
#12677 = SURFACE_SIDE_STYLE('',(#12678));
#12678 = SURFACE_STYLE_FILL_AREA(#12679);
#12679 = FILL_AREA_STYLE('',(#12680));
#12680 = FILL_AREA_STYLE_COLOUR('',#12610);
#12681 = OVER_RIDING_STYLED_ITEM('overriding color',(#12682),#6002,
  #11534);
#12682 = PRESENTATION_STYLE_ASSIGNMENT((#12683));
#12683 = SURFACE_STYLE_USAGE(.BOTH.,#12684);
#12684 = SURFACE_SIDE_STYLE('',(#12685));
#12685 = SURFACE_STYLE_FILL_AREA(#12686);
#12686 = FILL_AREA_STYLE('',(#12687));
#12687 = FILL_AREA_STYLE_COLOUR('',#12610);
#12688 = OVER_RIDING_STYLED_ITEM('overriding color',(#12689),#6030,
  #11534);
#12689 = PRESENTATION_STYLE_ASSIGNMENT((#12690));
#12690 = SURFACE_STYLE_USAGE(.BOTH.,#12691);
#12691 = SURFACE_SIDE_STYLE('',(#12692));
#12692 = SURFACE_STYLE_FILL_AREA(#12693);
#12693 = FILL_AREA_STYLE('',(#12694));
#12694 = FILL_AREA_STYLE_COLOUR('',#12610);
#12695 = OVER_RIDING_STYLED_ITEM('overriding color',(#12696),#6058,
  #11534);
#12696 = PRESENTATION_STYLE_ASSIGNMENT((#12697));
#12697 = SURFACE_STYLE_USAGE(.BOTH.,#12698);
#12698 = SURFACE_SIDE_STYLE('',(#12699));
#12699 = SURFACE_STYLE_FILL_AREA(#12700);
#12700 = FILL_AREA_STYLE('',(#12701));
#12701 = FILL_AREA_STYLE_COLOUR('',#12610);
#12702 = OVER_RIDING_STYLED_ITEM('overriding color',(#12703),#6086,
  #11534);
#12703 = PRESENTATION_STYLE_ASSIGNMENT((#12704));
#12704 = SURFACE_STYLE_USAGE(.BOTH.,#12705);
#12705 = SURFACE_SIDE_STYLE('',(#12706));
#12706 = SURFACE_STYLE_FILL_AREA(#12707);
#12707 = FILL_AREA_STYLE('',(#12708));
#12708 = FILL_AREA_STYLE_COLOUR('',#12610);
#12709 = OVER_RIDING_STYLED_ITEM('overriding color',(#12710),#6114,
  #11534);
#12710 = PRESENTATION_STYLE_ASSIGNMENT((#12711));
#12711 = SURFACE_STYLE_USAGE(.BOTH.,#12712);
#12712 = SURFACE_SIDE_STYLE('',(#12713));
#12713 = SURFACE_STYLE_FILL_AREA(#12714);
#12714 = FILL_AREA_STYLE('',(#12715));
#12715 = FILL_AREA_STYLE_COLOUR('',#12610);
#12716 = OVER_RIDING_STYLED_ITEM('overriding color',(#12717),#6136,
  #11534);
#12717 = PRESENTATION_STYLE_ASSIGNMENT((#12718));
#12718 = SURFACE_STYLE_USAGE(.BOTH.,#12719);
#12719 = SURFACE_SIDE_STYLE('',(#12720));
#12720 = SURFACE_STYLE_FILL_AREA(#12721);
#12721 = FILL_AREA_STYLE('',(#12722));
#12722 = FILL_AREA_STYLE_COLOUR('',#12610);
#12723 = OVER_RIDING_STYLED_ITEM('overriding color',(#12724),#6164,
  #11534);
#12724 = PRESENTATION_STYLE_ASSIGNMENT((#12725));
#12725 = SURFACE_STYLE_USAGE(.BOTH.,#12726);
#12726 = SURFACE_SIDE_STYLE('',(#12727));
#12727 = SURFACE_STYLE_FILL_AREA(#12728);
#12728 = FILL_AREA_STYLE('',(#12729));
#12729 = FILL_AREA_STYLE_COLOUR('',#12610);
#12730 = OVER_RIDING_STYLED_ITEM('overriding color',(#12731),#6192,
  #11534);
#12731 = PRESENTATION_STYLE_ASSIGNMENT((#12732));
#12732 = SURFACE_STYLE_USAGE(.BOTH.,#12733);
#12733 = SURFACE_SIDE_STYLE('',(#12734));
#12734 = SURFACE_STYLE_FILL_AREA(#12735);
#12735 = FILL_AREA_STYLE('',(#12736));
#12736 = FILL_AREA_STYLE_COLOUR('',#12610);
#12737 = OVER_RIDING_STYLED_ITEM('overriding color',(#12738),#6220,
  #11534);
#12738 = PRESENTATION_STYLE_ASSIGNMENT((#12739));
#12739 = SURFACE_STYLE_USAGE(.BOTH.,#12740);
#12740 = SURFACE_SIDE_STYLE('',(#12741));
#12741 = SURFACE_STYLE_FILL_AREA(#12742);
#12742 = FILL_AREA_STYLE('',(#12743));
#12743 = FILL_AREA_STYLE_COLOUR('',#12610);
#12744 = OVER_RIDING_STYLED_ITEM('overriding color',(#12745),#6248,
  #11534);
#12745 = PRESENTATION_STYLE_ASSIGNMENT((#12746));
#12746 = SURFACE_STYLE_USAGE(.BOTH.,#12747);
#12747 = SURFACE_SIDE_STYLE('',(#12748));
#12748 = SURFACE_STYLE_FILL_AREA(#12749);
#12749 = FILL_AREA_STYLE('',(#12750));
#12750 = FILL_AREA_STYLE_COLOUR('',#12610);
#12751 = OVER_RIDING_STYLED_ITEM('overriding color',(#12752),#6270,
  #11534);
#12752 = PRESENTATION_STYLE_ASSIGNMENT((#12753));
#12753 = SURFACE_STYLE_USAGE(.BOTH.,#12754);
#12754 = SURFACE_SIDE_STYLE('',(#12755));
#12755 = SURFACE_STYLE_FILL_AREA(#12756);
#12756 = FILL_AREA_STYLE('',(#12757));
#12757 = FILL_AREA_STYLE_COLOUR('',#12610);
#12758 = OVER_RIDING_STYLED_ITEM('overriding color',(#12759),#6292,
  #11534);
#12759 = PRESENTATION_STYLE_ASSIGNMENT((#12760));
#12760 = SURFACE_STYLE_USAGE(.BOTH.,#12761);
#12761 = SURFACE_SIDE_STYLE('',(#12762));
#12762 = SURFACE_STYLE_FILL_AREA(#12763);
#12763 = FILL_AREA_STYLE('',(#12764));
#12764 = FILL_AREA_STYLE_COLOUR('',#12610);
#12765 = OVER_RIDING_STYLED_ITEM('overriding color',(#12766),#6320,
  #11534);
#12766 = PRESENTATION_STYLE_ASSIGNMENT((#12767));
#12767 = SURFACE_STYLE_USAGE(.BOTH.,#12768);
#12768 = SURFACE_SIDE_STYLE('',(#12769));
#12769 = SURFACE_STYLE_FILL_AREA(#12770);
#12770 = FILL_AREA_STYLE('',(#12771));
#12771 = FILL_AREA_STYLE_COLOUR('',#12610);
#12772 = OVER_RIDING_STYLED_ITEM('overriding color',(#12773),#6342,
  #11534);
#12773 = PRESENTATION_STYLE_ASSIGNMENT((#12774));
#12774 = SURFACE_STYLE_USAGE(.BOTH.,#12775);
#12775 = SURFACE_SIDE_STYLE('',(#12776));
#12776 = SURFACE_STYLE_FILL_AREA(#12777);
#12777 = FILL_AREA_STYLE('',(#12778));
#12778 = FILL_AREA_STYLE_COLOUR('',#12610);
#12779 = OVER_RIDING_STYLED_ITEM('overriding color',(#12780),#6364,
  #11534);
#12780 = PRESENTATION_STYLE_ASSIGNMENT((#12781));
#12781 = SURFACE_STYLE_USAGE(.BOTH.,#12782);
#12782 = SURFACE_SIDE_STYLE('',(#12783));
#12783 = SURFACE_STYLE_FILL_AREA(#12784);
#12784 = FILL_AREA_STYLE('',(#12785));
#12785 = FILL_AREA_STYLE_COLOUR('',#12610);
#12786 = OVER_RIDING_STYLED_ITEM('overriding color',(#12787),#6386,
  #11534);
#12787 = PRESENTATION_STYLE_ASSIGNMENT((#12788));
#12788 = SURFACE_STYLE_USAGE(.BOTH.,#12789);
#12789 = SURFACE_SIDE_STYLE('',(#12790));
#12790 = SURFACE_STYLE_FILL_AREA(#12791);
#12791 = FILL_AREA_STYLE('',(#12792));
#12792 = FILL_AREA_STYLE_COLOUR('',#12610);
#12793 = OVER_RIDING_STYLED_ITEM('overriding color',(#12794),#6408,
  #11534);
#12794 = PRESENTATION_STYLE_ASSIGNMENT((#12795));
#12795 = SURFACE_STYLE_USAGE(.BOTH.,#12796);
#12796 = SURFACE_SIDE_STYLE('',(#12797));
#12797 = SURFACE_STYLE_FILL_AREA(#12798);
#12798 = FILL_AREA_STYLE('',(#12799));
#12799 = FILL_AREA_STYLE_COLOUR('',#12610);
#12800 = OVER_RIDING_STYLED_ITEM('overriding color',(#12801),#6430,
  #11534);
#12801 = PRESENTATION_STYLE_ASSIGNMENT((#12802));
#12802 = SURFACE_STYLE_USAGE(.BOTH.,#12803);
#12803 = SURFACE_SIDE_STYLE('',(#12804));
#12804 = SURFACE_STYLE_FILL_AREA(#12805);
#12805 = FILL_AREA_STYLE('',(#12806));
#12806 = FILL_AREA_STYLE_COLOUR('',#12610);
#12807 = OVER_RIDING_STYLED_ITEM('overriding color',(#12808),#6452,
  #11534);
#12808 = PRESENTATION_STYLE_ASSIGNMENT((#12809));
#12809 = SURFACE_STYLE_USAGE(.BOTH.,#12810);
#12810 = SURFACE_SIDE_STYLE('',(#12811));
#12811 = SURFACE_STYLE_FILL_AREA(#12812);
#12812 = FILL_AREA_STYLE('',(#12813));
#12813 = FILL_AREA_STYLE_COLOUR('',#12610);
#12814 = OVER_RIDING_STYLED_ITEM('overriding color',(#12815),#6474,
  #11534);
#12815 = PRESENTATION_STYLE_ASSIGNMENT((#12816));
#12816 = SURFACE_STYLE_USAGE(.BOTH.,#12817);
#12817 = SURFACE_SIDE_STYLE('',(#12818));
#12818 = SURFACE_STYLE_FILL_AREA(#12819);
#12819 = FILL_AREA_STYLE('',(#12820));
#12820 = FILL_AREA_STYLE_COLOUR('',#12610);
#12821 = OVER_RIDING_STYLED_ITEM('overriding color',(#12822),#6496,
  #11534);
#12822 = PRESENTATION_STYLE_ASSIGNMENT((#12823));
#12823 = SURFACE_STYLE_USAGE(.BOTH.,#12824);
#12824 = SURFACE_SIDE_STYLE('',(#12825));
#12825 = SURFACE_STYLE_FILL_AREA(#12826);
#12826 = FILL_AREA_STYLE('',(#12827));
#12827 = FILL_AREA_STYLE_COLOUR('',#12610);
#12828 = OVER_RIDING_STYLED_ITEM('overriding color',(#12829),#6518,
  #11534);
#12829 = PRESENTATION_STYLE_ASSIGNMENT((#12830));
#12830 = SURFACE_STYLE_USAGE(.BOTH.,#12831);
#12831 = SURFACE_SIDE_STYLE('',(#12832));
#12832 = SURFACE_STYLE_FILL_AREA(#12833);
#12833 = FILL_AREA_STYLE('',(#12834));
#12834 = FILL_AREA_STYLE_COLOUR('',#12610);
#12835 = OVER_RIDING_STYLED_ITEM('overriding color',(#12836),#6540,
  #11534);
#12836 = PRESENTATION_STYLE_ASSIGNMENT((#12837));
#12837 = SURFACE_STYLE_USAGE(.BOTH.,#12838);
#12838 = SURFACE_SIDE_STYLE('',(#12839));
#12839 = SURFACE_STYLE_FILL_AREA(#12840);
#12840 = FILL_AREA_STYLE('',(#12841));
#12841 = FILL_AREA_STYLE_COLOUR('',#12610);
#12842 = OVER_RIDING_STYLED_ITEM('overriding color',(#12843),#6556,
  #11534);
#12843 = PRESENTATION_STYLE_ASSIGNMENT((#12844));
#12844 = SURFACE_STYLE_USAGE(.BOTH.,#12845);
#12845 = SURFACE_SIDE_STYLE('',(#12846));
#12846 = SURFACE_STYLE_FILL_AREA(#12847);
#12847 = FILL_AREA_STYLE('',(#12848));
#12848 = FILL_AREA_STYLE_COLOUR('',#12610);
#12849 = OVER_RIDING_STYLED_ITEM('overriding color',(#12850),#6576,
  #11534);
#12850 = PRESENTATION_STYLE_ASSIGNMENT((#12851));
#12851 = SURFACE_STYLE_USAGE(.BOTH.,#12852);
#12852 = SURFACE_SIDE_STYLE('',(#12853));
#12853 = SURFACE_STYLE_FILL_AREA(#12854);
#12854 = FILL_AREA_STYLE('',(#12855));
#12855 = FILL_AREA_STYLE_COLOUR('',#12610);
#12856 = OVER_RIDING_STYLED_ITEM('overriding color',(#12857),#6604,
  #11534);
#12857 = PRESENTATION_STYLE_ASSIGNMENT((#12858));
#12858 = SURFACE_STYLE_USAGE(.BOTH.,#12859);
#12859 = SURFACE_SIDE_STYLE('',(#12860));
#12860 = SURFACE_STYLE_FILL_AREA(#12861);
#12861 = FILL_AREA_STYLE('',(#12862));
#12862 = FILL_AREA_STYLE_COLOUR('',#12610);
#12863 = OVER_RIDING_STYLED_ITEM('overriding color',(#12864),#6720,
  #11534);
#12864 = PRESENTATION_STYLE_ASSIGNMENT((#12865));
#12865 = SURFACE_STYLE_USAGE(.BOTH.,#12866);
#12866 = SURFACE_SIDE_STYLE('',(#12867));
#12867 = SURFACE_STYLE_FILL_AREA(#12868);
#12868 = FILL_AREA_STYLE('',(#12869));
#12869 = FILL_AREA_STYLE_COLOUR('',#12610);
#12870 = OVER_RIDING_STYLED_ITEM('overriding color',(#12871),#6740,
  #11534);
#12871 = PRESENTATION_STYLE_ASSIGNMENT((#12872));
#12872 = SURFACE_STYLE_USAGE(.BOTH.,#12873);
#12873 = SURFACE_SIDE_STYLE('',(#12874));
#12874 = SURFACE_STYLE_FILL_AREA(#12875);
#12875 = FILL_AREA_STYLE('',(#12876));
#12876 = FILL_AREA_STYLE_COLOUR('',#12610);
#12877 = OVER_RIDING_STYLED_ITEM('overriding color',(#12878),#6760,
  #11534);
#12878 = PRESENTATION_STYLE_ASSIGNMENT((#12879));
#12879 = SURFACE_STYLE_USAGE(.BOTH.,#12880);
#12880 = SURFACE_SIDE_STYLE('',(#12881));
#12881 = SURFACE_STYLE_FILL_AREA(#12882);
#12882 = FILL_AREA_STYLE('',(#12883));
#12883 = FILL_AREA_STYLE_COLOUR('',#12610);
#12884 = OVER_RIDING_STYLED_ITEM('overriding color',(#12885),#6780,
  #11534);
#12885 = PRESENTATION_STYLE_ASSIGNMENT((#12886));
#12886 = SURFACE_STYLE_USAGE(.BOTH.,#12887);
#12887 = SURFACE_SIDE_STYLE('',(#12888));
#12888 = SURFACE_STYLE_FILL_AREA(#12889);
#12889 = FILL_AREA_STYLE('',(#12890));
#12890 = FILL_AREA_STYLE_COLOUR('',#12610);
#12891 = OVER_RIDING_STYLED_ITEM('overriding color',(#12892),#6800,
  #11534);
#12892 = PRESENTATION_STYLE_ASSIGNMENT((#12893));
#12893 = SURFACE_STYLE_USAGE(.BOTH.,#12894);
#12894 = SURFACE_SIDE_STYLE('',(#12895));
#12895 = SURFACE_STYLE_FILL_AREA(#12896);
#12896 = FILL_AREA_STYLE('',(#12897));
#12897 = FILL_AREA_STYLE_COLOUR('',#12610);
#12898 = OVER_RIDING_STYLED_ITEM('overriding color',(#12899),#6816,
  #11534);
#12899 = PRESENTATION_STYLE_ASSIGNMENT((#12900));
#12900 = SURFACE_STYLE_USAGE(.BOTH.,#12901);
#12901 = SURFACE_SIDE_STYLE('',(#12902));
#12902 = SURFACE_STYLE_FILL_AREA(#12903);
#12903 = FILL_AREA_STYLE('',(#12904));
#12904 = FILL_AREA_STYLE_COLOUR('',#12610);
#12905 = OVER_RIDING_STYLED_ITEM('overriding color',(#12906),#6828,
  #11534);
#12906 = PRESENTATION_STYLE_ASSIGNMENT((#12907));
#12907 = SURFACE_STYLE_USAGE(.BOTH.,#12908);
#12908 = SURFACE_SIDE_STYLE('',(#12909));
#12909 = SURFACE_STYLE_FILL_AREA(#12910);
#12910 = FILL_AREA_STYLE('',(#12911));
#12911 = FILL_AREA_STYLE_COLOUR('',#12610);
#12912 = OVER_RIDING_STYLED_ITEM('overriding color',(#12913),#6856,
  #11534);
#12913 = PRESENTATION_STYLE_ASSIGNMENT((#12914));
#12914 = SURFACE_STYLE_USAGE(.BOTH.,#12915);
#12915 = SURFACE_SIDE_STYLE('',(#12916));
#12916 = SURFACE_STYLE_FILL_AREA(#12917);
#12917 = FILL_AREA_STYLE('',(#12918));
#12918 = FILL_AREA_STYLE_COLOUR('',#12610);
#12919 = OVER_RIDING_STYLED_ITEM('overriding color',(#12920),#6878,
  #11534);
#12920 = PRESENTATION_STYLE_ASSIGNMENT((#12921));
#12921 = SURFACE_STYLE_USAGE(.BOTH.,#12922);
#12922 = SURFACE_SIDE_STYLE('',(#12923));
#12923 = SURFACE_STYLE_FILL_AREA(#12924);
#12924 = FILL_AREA_STYLE('',(#12925));
#12925 = FILL_AREA_STYLE_COLOUR('',#12610);
#12926 = OVER_RIDING_STYLED_ITEM('overriding color',(#12927),#6900,
  #11534);
#12927 = PRESENTATION_STYLE_ASSIGNMENT((#12928));
#12928 = SURFACE_STYLE_USAGE(.BOTH.,#12929);
#12929 = SURFACE_SIDE_STYLE('',(#12930));
#12930 = SURFACE_STYLE_FILL_AREA(#12931);
#12931 = FILL_AREA_STYLE('',(#12932));
#12932 = FILL_AREA_STYLE_COLOUR('',#12610);
#12933 = OVER_RIDING_STYLED_ITEM('overriding color',(#12934),#6928,
  #11534);
#12934 = PRESENTATION_STYLE_ASSIGNMENT((#12935));
#12935 = SURFACE_STYLE_USAGE(.BOTH.,#12936);
#12936 = SURFACE_SIDE_STYLE('',(#12937));
#12937 = SURFACE_STYLE_FILL_AREA(#12938);
#12938 = FILL_AREA_STYLE('',(#12939));
#12939 = FILL_AREA_STYLE_COLOUR('',#12610);
#12940 = OVER_RIDING_STYLED_ITEM('overriding color',(#12941),#6956,
  #11534);
#12941 = PRESENTATION_STYLE_ASSIGNMENT((#12942));
#12942 = SURFACE_STYLE_USAGE(.BOTH.,#12943);
#12943 = SURFACE_SIDE_STYLE('',(#12944));
#12944 = SURFACE_STYLE_FILL_AREA(#12945);
#12945 = FILL_AREA_STYLE('',(#12946));
#12946 = FILL_AREA_STYLE_COLOUR('',#12610);
#12947 = OVER_RIDING_STYLED_ITEM('overriding color',(#12948),#6984,
  #11534);
#12948 = PRESENTATION_STYLE_ASSIGNMENT((#12949));
#12949 = SURFACE_STYLE_USAGE(.BOTH.,#12950);
#12950 = SURFACE_SIDE_STYLE('',(#12951));
#12951 = SURFACE_STYLE_FILL_AREA(#12952);
#12952 = FILL_AREA_STYLE('',(#12953));
#12953 = FILL_AREA_STYLE_COLOUR('',#12610);
#12954 = OVER_RIDING_STYLED_ITEM('overriding color',(#12955),#7006,
  #11534);
#12955 = PRESENTATION_STYLE_ASSIGNMENT((#12956));
#12956 = SURFACE_STYLE_USAGE(.BOTH.,#12957);
#12957 = SURFACE_SIDE_STYLE('',(#12958));
#12958 = SURFACE_STYLE_FILL_AREA(#12959);
#12959 = FILL_AREA_STYLE('',(#12960));
#12960 = FILL_AREA_STYLE_COLOUR('',#11559);
#12961 = OVER_RIDING_STYLED_ITEM('overriding color',(#12962),#7021,
  #11534);
#12962 = PRESENTATION_STYLE_ASSIGNMENT((#12963));
#12963 = SURFACE_STYLE_USAGE(.BOTH.,#12964);
#12964 = SURFACE_SIDE_STYLE('',(#12965));
#12965 = SURFACE_STYLE_FILL_AREA(#12966);
#12966 = FILL_AREA_STYLE('',(#12967));
#12967 = FILL_AREA_STYLE_COLOUR('',#12610);
#12968 = OVER_RIDING_STYLED_ITEM('overriding color',(#12969),#7049,
  #11534);
#12969 = PRESENTATION_STYLE_ASSIGNMENT((#12970));
#12970 = SURFACE_STYLE_USAGE(.BOTH.,#12971);
#12971 = SURFACE_SIDE_STYLE('',(#12972));
#12972 = SURFACE_STYLE_FILL_AREA(#12973);
#12973 = FILL_AREA_STYLE('',(#12974));
#12974 = FILL_AREA_STYLE_COLOUR('',#12610);
#12975 = OVER_RIDING_STYLED_ITEM('overriding color',(#12976),#7153,
  #11534);
#12976 = PRESENTATION_STYLE_ASSIGNMENT((#12977));
#12977 = SURFACE_STYLE_USAGE(.BOTH.,#12978);
#12978 = SURFACE_SIDE_STYLE('',(#12979));
#12979 = SURFACE_STYLE_FILL_AREA(#12980);
#12980 = FILL_AREA_STYLE('',(#12981));
#12981 = FILL_AREA_STYLE_COLOUR('',#12610);
#12982 = OVER_RIDING_STYLED_ITEM('overriding color',(#12983),#7169,
  #11534);
#12983 = PRESENTATION_STYLE_ASSIGNMENT((#12984));
#12984 = SURFACE_STYLE_USAGE(.BOTH.,#12985);
#12985 = SURFACE_SIDE_STYLE('',(#12986));
#12986 = SURFACE_STYLE_FILL_AREA(#12987);
#12987 = FILL_AREA_STYLE('',(#12988));
#12988 = FILL_AREA_STYLE_COLOUR('',#12610);
#12989 = OVER_RIDING_STYLED_ITEM('overriding color',(#12990),#7185,
  #11534);
#12990 = PRESENTATION_STYLE_ASSIGNMENT((#12991));
#12991 = SURFACE_STYLE_USAGE(.BOTH.,#12992);
#12992 = SURFACE_SIDE_STYLE('',(#12993));
#12993 = SURFACE_STYLE_FILL_AREA(#12994);
#12994 = FILL_AREA_STYLE('',(#12995));
#12995 = FILL_AREA_STYLE_COLOUR('',#12610);
#12996 = OVER_RIDING_STYLED_ITEM('overriding color',(#12997),#7201,
  #11534);
#12997 = PRESENTATION_STYLE_ASSIGNMENT((#12998));
#12998 = SURFACE_STYLE_USAGE(.BOTH.,#12999);
#12999 = SURFACE_SIDE_STYLE('',(#13000));
#13000 = SURFACE_STYLE_FILL_AREA(#13001);
#13001 = FILL_AREA_STYLE('',(#13002));
#13002 = FILL_AREA_STYLE_COLOUR('',#12610);
#13003 = OVER_RIDING_STYLED_ITEM('overriding color',(#13004),#7217,
  #11534);
#13004 = PRESENTATION_STYLE_ASSIGNMENT((#13005));
#13005 = SURFACE_STYLE_USAGE(.BOTH.,#13006);
#13006 = SURFACE_SIDE_STYLE('',(#13007));
#13007 = SURFACE_STYLE_FILL_AREA(#13008);
#13008 = FILL_AREA_STYLE('',(#13009));
#13009 = FILL_AREA_STYLE_COLOUR('',#12610);
#13010 = OVER_RIDING_STYLED_ITEM('overriding color',(#13011),#7233,
  #11534);
#13011 = PRESENTATION_STYLE_ASSIGNMENT((#13012));
#13012 = SURFACE_STYLE_USAGE(.BOTH.,#13013);
#13013 = SURFACE_SIDE_STYLE('',(#13014));
#13014 = SURFACE_STYLE_FILL_AREA(#13015);
#13015 = FILL_AREA_STYLE('',(#13016));
#13016 = FILL_AREA_STYLE_COLOUR('',#12610);
#13017 = OVER_RIDING_STYLED_ITEM('overriding color',(#13018),#7249,
  #11534);
#13018 = PRESENTATION_STYLE_ASSIGNMENT((#13019));
#13019 = SURFACE_STYLE_USAGE(.BOTH.,#13020);
#13020 = SURFACE_SIDE_STYLE('',(#13021));
#13021 = SURFACE_STYLE_FILL_AREA(#13022);
#13022 = FILL_AREA_STYLE('',(#13023));
#13023 = FILL_AREA_STYLE_COLOUR('',#12610);
#13024 = OVER_RIDING_STYLED_ITEM('overriding color',(#13025),#7261,
  #11534);
#13025 = PRESENTATION_STYLE_ASSIGNMENT((#13026));
#13026 = SURFACE_STYLE_USAGE(.BOTH.,#13027);
#13027 = SURFACE_SIDE_STYLE('',(#13028));
#13028 = SURFACE_STYLE_FILL_AREA(#13029);
#13029 = FILL_AREA_STYLE('',(#13030));
#13030 = FILL_AREA_STYLE_COLOUR('',#12610);
#13031 = OVER_RIDING_STYLED_ITEM('overriding color',(#13032),#7289,
  #11534);
#13032 = PRESENTATION_STYLE_ASSIGNMENT((#13033));
#13033 = SURFACE_STYLE_USAGE(.BOTH.,#13034);
#13034 = SURFACE_SIDE_STYLE('',(#13035));
#13035 = SURFACE_STYLE_FILL_AREA(#13036);
#13036 = FILL_AREA_STYLE('',(#13037));
#13037 = FILL_AREA_STYLE_COLOUR('',#12610);
#13038 = OVER_RIDING_STYLED_ITEM('overriding color',(#13039),#7311,
  #11534);
#13039 = PRESENTATION_STYLE_ASSIGNMENT((#13040));
#13040 = SURFACE_STYLE_USAGE(.BOTH.,#13041);
#13041 = SURFACE_SIDE_STYLE('',(#13042));
#13042 = SURFACE_STYLE_FILL_AREA(#13043);
#13043 = FILL_AREA_STYLE('',(#13044));
#13044 = FILL_AREA_STYLE_COLOUR('',#12610);
#13045 = OVER_RIDING_STYLED_ITEM('overriding color',(#13046),#7339,
  #11534);
#13046 = PRESENTATION_STYLE_ASSIGNMENT((#13047));
#13047 = SURFACE_STYLE_USAGE(.BOTH.,#13048);
#13048 = SURFACE_SIDE_STYLE('',(#13049));
#13049 = SURFACE_STYLE_FILL_AREA(#13050);
#13050 = FILL_AREA_STYLE('',(#13051));
#13051 = FILL_AREA_STYLE_COLOUR('',#12610);
#13052 = OVER_RIDING_STYLED_ITEM('overriding color',(#13053),#7361,
  #11534);
#13053 = PRESENTATION_STYLE_ASSIGNMENT((#13054));
#13054 = SURFACE_STYLE_USAGE(.BOTH.,#13055);
#13055 = SURFACE_SIDE_STYLE('',(#13056));
#13056 = SURFACE_STYLE_FILL_AREA(#13057);
#13057 = FILL_AREA_STYLE('',(#13058));
#13058 = FILL_AREA_STYLE_COLOUR('',#12610);
#13059 = OVER_RIDING_STYLED_ITEM('overriding color',(#13060),#7389,
  #11534);
#13060 = PRESENTATION_STYLE_ASSIGNMENT((#13061));
#13061 = SURFACE_STYLE_USAGE(.BOTH.,#13062);
#13062 = SURFACE_SIDE_STYLE('',(#13063));
#13063 = SURFACE_STYLE_FILL_AREA(#13064);
#13064 = FILL_AREA_STYLE('',(#13065));
#13065 = FILL_AREA_STYLE_COLOUR('',#12610);
#13066 = OVER_RIDING_STYLED_ITEM('overriding color',(#13067),#7405,
  #11534);
#13067 = PRESENTATION_STYLE_ASSIGNMENT((#13068));
#13068 = SURFACE_STYLE_USAGE(.BOTH.,#13069);
#13069 = SURFACE_SIDE_STYLE('',(#13070));
#13070 = SURFACE_STYLE_FILL_AREA(#13071);
#13071 = FILL_AREA_STYLE('',(#13072));
#13072 = FILL_AREA_STYLE_COLOUR('',#11559);
#13073 = OVER_RIDING_STYLED_ITEM('overriding color',(#13074),#7419,
  #11534);
#13074 = PRESENTATION_STYLE_ASSIGNMENT((#13075));
#13075 = SURFACE_STYLE_USAGE(.BOTH.,#13076);
#13076 = SURFACE_SIDE_STYLE('',(#13077));
#13077 = SURFACE_STYLE_FILL_AREA(#13078);
#13078 = FILL_AREA_STYLE('',(#13079));
#13079 = FILL_AREA_STYLE_COLOUR('',#12610);
#13080 = OVER_RIDING_STYLED_ITEM('overriding color',(#13081),#7447,
  #11534);
#13081 = PRESENTATION_STYLE_ASSIGNMENT((#13082));
#13082 = SURFACE_STYLE_USAGE(.BOTH.,#13083);
#13083 = SURFACE_SIDE_STYLE('',(#13084));
#13084 = SURFACE_STYLE_FILL_AREA(#13085);
#13085 = FILL_AREA_STYLE('',(#13086));
#13086 = FILL_AREA_STYLE_COLOUR('',#12610);
#13087 = OVER_RIDING_STYLED_ITEM('overriding color',(#13088),#7469,
  #11534);
#13088 = PRESENTATION_STYLE_ASSIGNMENT((#13089));
#13089 = SURFACE_STYLE_USAGE(.BOTH.,#13090);
#13090 = SURFACE_SIDE_STYLE('',(#13091));
#13091 = SURFACE_STYLE_FILL_AREA(#13092);
#13092 = FILL_AREA_STYLE('',(#13093));
#13093 = FILL_AREA_STYLE_COLOUR('',#12610);
#13094 = OVER_RIDING_STYLED_ITEM('overriding color',(#13095),#7491,
  #11534);
#13095 = PRESENTATION_STYLE_ASSIGNMENT((#13096));
#13096 = SURFACE_STYLE_USAGE(.BOTH.,#13097);
#13097 = SURFACE_SIDE_STYLE('',(#13098));
#13098 = SURFACE_STYLE_FILL_AREA(#13099);
#13099 = FILL_AREA_STYLE('',(#13100));
#13100 = FILL_AREA_STYLE_COLOUR('',#12610);
#13101 = OVER_RIDING_STYLED_ITEM('overriding color',(#13102),#7513,
  #11534);
#13102 = PRESENTATION_STYLE_ASSIGNMENT((#13103));
#13103 = SURFACE_STYLE_USAGE(.BOTH.,#13104);
#13104 = SURFACE_SIDE_STYLE('',(#13105));
#13105 = SURFACE_STYLE_FILL_AREA(#13106);
#13106 = FILL_AREA_STYLE('',(#13107));
#13107 = FILL_AREA_STYLE_COLOUR('',#12610);
#13108 = OVER_RIDING_STYLED_ITEM('overriding color',(#13109),#7535,
  #11534);
#13109 = PRESENTATION_STYLE_ASSIGNMENT((#13110));
#13110 = SURFACE_STYLE_USAGE(.BOTH.,#13111);
#13111 = SURFACE_SIDE_STYLE('',(#13112));
#13112 = SURFACE_STYLE_FILL_AREA(#13113);
#13113 = FILL_AREA_STYLE('',(#13114));
#13114 = FILL_AREA_STYLE_COLOUR('',#12610);
#13115 = OVER_RIDING_STYLED_ITEM('overriding color',(#13116),#7557,
  #11534);
#13116 = PRESENTATION_STYLE_ASSIGNMENT((#13117));
#13117 = SURFACE_STYLE_USAGE(.BOTH.,#13118);
#13118 = SURFACE_SIDE_STYLE('',(#13119));
#13119 = SURFACE_STYLE_FILL_AREA(#13120);
#13120 = FILL_AREA_STYLE('',(#13121));
#13121 = FILL_AREA_STYLE_COLOUR('',#12610);
#13122 = OVER_RIDING_STYLED_ITEM('overriding color',(#13123),#7579,
  #11534);
#13123 = PRESENTATION_STYLE_ASSIGNMENT((#13124));
#13124 = SURFACE_STYLE_USAGE(.BOTH.,#13125);
#13125 = SURFACE_SIDE_STYLE('',(#13126));
#13126 = SURFACE_STYLE_FILL_AREA(#13127);
#13127 = FILL_AREA_STYLE('',(#13128));
#13128 = FILL_AREA_STYLE_COLOUR('',#12610);
#13129 = OVER_RIDING_STYLED_ITEM('overriding color',(#13130),#7601,
  #11534);
#13130 = PRESENTATION_STYLE_ASSIGNMENT((#13131));
#13131 = SURFACE_STYLE_USAGE(.BOTH.,#13132);
#13132 = SURFACE_SIDE_STYLE('',(#13133));
#13133 = SURFACE_STYLE_FILL_AREA(#13134);
#13134 = FILL_AREA_STYLE('',(#13135));
#13135 = FILL_AREA_STYLE_COLOUR('',#12610);
#13136 = OVER_RIDING_STYLED_ITEM('overriding color',(#13137),#7623,
  #11534);
#13137 = PRESENTATION_STYLE_ASSIGNMENT((#13138));
#13138 = SURFACE_STYLE_USAGE(.BOTH.,#13139);
#13139 = SURFACE_SIDE_STYLE('',(#13140));
#13140 = SURFACE_STYLE_FILL_AREA(#13141);
#13141 = FILL_AREA_STYLE('',(#13142));
#13142 = FILL_AREA_STYLE_COLOUR('',#12610);
#13143 = OVER_RIDING_STYLED_ITEM('overriding color',(#13144),#7645,
  #11534);
#13144 = PRESENTATION_STYLE_ASSIGNMENT((#13145));
#13145 = SURFACE_STYLE_USAGE(.BOTH.,#13146);
#13146 = SURFACE_SIDE_STYLE('',(#13147));
#13147 = SURFACE_STYLE_FILL_AREA(#13148);
#13148 = FILL_AREA_STYLE('',(#13149));
#13149 = FILL_AREA_STYLE_COLOUR('',#12610);
#13150 = OVER_RIDING_STYLED_ITEM('overriding color',(#13151),#7667,
  #11534);
#13151 = PRESENTATION_STYLE_ASSIGNMENT((#13152));
#13152 = SURFACE_STYLE_USAGE(.BOTH.,#13153);
#13153 = SURFACE_SIDE_STYLE('',(#13154));
#13154 = SURFACE_STYLE_FILL_AREA(#13155);
#13155 = FILL_AREA_STYLE('',(#13156));
#13156 = FILL_AREA_STYLE_COLOUR('',#12610);
#13157 = OVER_RIDING_STYLED_ITEM('overriding color',(#13158),#7683,
  #11534);
#13158 = PRESENTATION_STYLE_ASSIGNMENT((#13159));
#13159 = SURFACE_STYLE_USAGE(.BOTH.,#13160);
#13160 = SURFACE_SIDE_STYLE('',(#13161));
#13161 = SURFACE_STYLE_FILL_AREA(#13162);
#13162 = FILL_AREA_STYLE('',(#13163));
#13163 = FILL_AREA_STYLE_COLOUR('',#12610);
#13164 = OVER_RIDING_STYLED_ITEM('overriding color',(#13165),#7703,
  #11534);
#13165 = PRESENTATION_STYLE_ASSIGNMENT((#13166));
#13166 = SURFACE_STYLE_USAGE(.BOTH.,#13167);
#13167 = SURFACE_SIDE_STYLE('',(#13168));
#13168 = SURFACE_STYLE_FILL_AREA(#13169);
#13169 = FILL_AREA_STYLE('',(#13170));
#13170 = FILL_AREA_STYLE_COLOUR('',#12610);
#13171 = OVER_RIDING_STYLED_ITEM('overriding color',(#13172),#7737,
  #11534);
#13172 = PRESENTATION_STYLE_ASSIGNMENT((#13173));
#13173 = SURFACE_STYLE_USAGE(.BOTH.,#13174);
#13174 = SURFACE_SIDE_STYLE('',(#13175));
#13175 = SURFACE_STYLE_FILL_AREA(#13176);
#13176 = FILL_AREA_STYLE('',(#13177));
#13177 = FILL_AREA_STYLE_COLOUR('',#12610);
#13178 = OVER_RIDING_STYLED_ITEM('overriding color',(#13179),#7919,
  #11534);
#13179 = PRESENTATION_STYLE_ASSIGNMENT((#13180));
#13180 = SURFACE_STYLE_USAGE(.BOTH.,#13181);
#13181 = SURFACE_SIDE_STYLE('',(#13182));
#13182 = SURFACE_STYLE_FILL_AREA(#13183);
#13183 = FILL_AREA_STYLE('',(#13184));
#13184 = FILL_AREA_STYLE_COLOUR('',#12610);
#13185 = OVER_RIDING_STYLED_ITEM('overriding color',(#13186),#7935,
  #11534);
#13186 = PRESENTATION_STYLE_ASSIGNMENT((#13187));
#13187 = SURFACE_STYLE_USAGE(.BOTH.,#13188);
#13188 = SURFACE_SIDE_STYLE('',(#13189));
#13189 = SURFACE_STYLE_FILL_AREA(#13190);
#13190 = FILL_AREA_STYLE('',(#13191));
#13191 = FILL_AREA_STYLE_COLOUR('',#12610);
#13192 = OVER_RIDING_STYLED_ITEM('overriding color',(#13193),#7955,
  #11534);
#13193 = PRESENTATION_STYLE_ASSIGNMENT((#13194));
#13194 = SURFACE_STYLE_USAGE(.BOTH.,#13195);
#13195 = SURFACE_SIDE_STYLE('',(#13196));
#13196 = SURFACE_STYLE_FILL_AREA(#13197);
#13197 = FILL_AREA_STYLE('',(#13198));
#13198 = FILL_AREA_STYLE_COLOUR('',#12610);
#13199 = OVER_RIDING_STYLED_ITEM('overriding color',(#13200),#7975,
  #11534);
#13200 = PRESENTATION_STYLE_ASSIGNMENT((#13201));
#13201 = SURFACE_STYLE_USAGE(.BOTH.,#13202);
#13202 = SURFACE_SIDE_STYLE('',(#13203));
#13203 = SURFACE_STYLE_FILL_AREA(#13204);
#13204 = FILL_AREA_STYLE('',(#13205));
#13205 = FILL_AREA_STYLE_COLOUR('',#12610);
#13206 = OVER_RIDING_STYLED_ITEM('overriding color',(#13207),#7991,
  #11534);
#13207 = PRESENTATION_STYLE_ASSIGNMENT((#13208));
#13208 = SURFACE_STYLE_USAGE(.BOTH.,#13209);
#13209 = SURFACE_SIDE_STYLE('',(#13210));
#13210 = SURFACE_STYLE_FILL_AREA(#13211);
#13211 = FILL_AREA_STYLE('',(#13212));
#13212 = FILL_AREA_STYLE_COLOUR('',#12610);
#13213 = OVER_RIDING_STYLED_ITEM('overriding color',(#13214),#8011,
  #11534);
#13214 = PRESENTATION_STYLE_ASSIGNMENT((#13215));
#13215 = SURFACE_STYLE_USAGE(.BOTH.,#13216);
#13216 = SURFACE_SIDE_STYLE('',(#13217));
#13217 = SURFACE_STYLE_FILL_AREA(#13218);
#13218 = FILL_AREA_STYLE('',(#13219));
#13219 = FILL_AREA_STYLE_COLOUR('',#12610);
#13220 = OVER_RIDING_STYLED_ITEM('overriding color',(#13221),#8031,
  #11534);
#13221 = PRESENTATION_STYLE_ASSIGNMENT((#13222));
#13222 = SURFACE_STYLE_USAGE(.BOTH.,#13223);
#13223 = SURFACE_SIDE_STYLE('',(#13224));
#13224 = SURFACE_STYLE_FILL_AREA(#13225);
#13225 = FILL_AREA_STYLE('',(#13226));
#13226 = FILL_AREA_STYLE_COLOUR('',#12610);
#13227 = OVER_RIDING_STYLED_ITEM('overriding color',(#13228),#8051,
  #11534);
#13228 = PRESENTATION_STYLE_ASSIGNMENT((#13229));
#13229 = SURFACE_STYLE_USAGE(.BOTH.,#13230);
#13230 = SURFACE_SIDE_STYLE('',(#13231));
#13231 = SURFACE_STYLE_FILL_AREA(#13232);
#13232 = FILL_AREA_STYLE('',(#13233));
#13233 = FILL_AREA_STYLE_COLOUR('',#12610);
#13234 = OVER_RIDING_STYLED_ITEM('overriding color',(#13235),#8071,
  #11534);
#13235 = PRESENTATION_STYLE_ASSIGNMENT((#13236));
#13236 = SURFACE_STYLE_USAGE(.BOTH.,#13237);
#13237 = SURFACE_SIDE_STYLE('',(#13238));
#13238 = SURFACE_STYLE_FILL_AREA(#13239);
#13239 = FILL_AREA_STYLE('',(#13240));
#13240 = FILL_AREA_STYLE_COLOUR('',#12610);
#13241 = OVER_RIDING_STYLED_ITEM('overriding color',(#13242),#8087,
  #11534);
#13242 = PRESENTATION_STYLE_ASSIGNMENT((#13243));
#13243 = SURFACE_STYLE_USAGE(.BOTH.,#13244);
#13244 = SURFACE_SIDE_STYLE('',(#13245));
#13245 = SURFACE_STYLE_FILL_AREA(#13246);
#13246 = FILL_AREA_STYLE('',(#13247));
#13247 = FILL_AREA_STYLE_COLOUR('',#12610);
#13248 = OVER_RIDING_STYLED_ITEM('overriding color',(#13249),#8103,
  #11534);
#13249 = PRESENTATION_STYLE_ASSIGNMENT((#13250));
#13250 = SURFACE_STYLE_USAGE(.BOTH.,#13251);
#13251 = SURFACE_SIDE_STYLE('',(#13252));
#13252 = SURFACE_STYLE_FILL_AREA(#13253);
#13253 = FILL_AREA_STYLE('',(#13254));
#13254 = FILL_AREA_STYLE_COLOUR('',#12610);
#13255 = OVER_RIDING_STYLED_ITEM('overriding color',(#13256),#8119,
  #11534);
#13256 = PRESENTATION_STYLE_ASSIGNMENT((#13257));
#13257 = SURFACE_STYLE_USAGE(.BOTH.,#13258);
#13258 = SURFACE_SIDE_STYLE('',(#13259));
#13259 = SURFACE_STYLE_FILL_AREA(#13260);
#13260 = FILL_AREA_STYLE('',(#13261));
#13261 = FILL_AREA_STYLE_COLOUR('',#12610);
#13262 = OVER_RIDING_STYLED_ITEM('overriding color',(#13263),#8135,
  #11534);
#13263 = PRESENTATION_STYLE_ASSIGNMENT((#13264));
#13264 = SURFACE_STYLE_USAGE(.BOTH.,#13265);
#13265 = SURFACE_SIDE_STYLE('',(#13266));
#13266 = SURFACE_STYLE_FILL_AREA(#13267);
#13267 = FILL_AREA_STYLE('',(#13268));
#13268 = FILL_AREA_STYLE_COLOUR('',#12610);
#13269 = OVER_RIDING_STYLED_ITEM('overriding color',(#13270),#8151,
  #11534);
#13270 = PRESENTATION_STYLE_ASSIGNMENT((#13271));
#13271 = SURFACE_STYLE_USAGE(.BOTH.,#13272);
#13272 = SURFACE_SIDE_STYLE('',(#13273));
#13273 = SURFACE_STYLE_FILL_AREA(#13274);
#13274 = FILL_AREA_STYLE('',(#13275));
#13275 = FILL_AREA_STYLE_COLOUR('',#12610);
#13276 = OVER_RIDING_STYLED_ITEM('overriding color',(#13277),#8185,
  #11534);
#13277 = PRESENTATION_STYLE_ASSIGNMENT((#13278));
#13278 = SURFACE_STYLE_USAGE(.BOTH.,#13279);
#13279 = SURFACE_SIDE_STYLE('',(#13280));
#13280 = SURFACE_STYLE_FILL_AREA(#13281);
#13281 = FILL_AREA_STYLE('',(#13282));
#13282 = FILL_AREA_STYLE_COLOUR('',#12610);
#13283 = OVER_RIDING_STYLED_ITEM('overriding color',(#13284),#8213,
  #11534);
#13284 = PRESENTATION_STYLE_ASSIGNMENT((#13285));
#13285 = SURFACE_STYLE_USAGE(.BOTH.,#13286);
#13286 = SURFACE_SIDE_STYLE('',(#13287));
#13287 = SURFACE_STYLE_FILL_AREA(#13288);
#13288 = FILL_AREA_STYLE('',(#13289));
#13289 = FILL_AREA_STYLE_COLOUR('',#12610);
#13290 = OVER_RIDING_STYLED_ITEM('overriding color',(#13291),#8241,
  #11534);
#13291 = PRESENTATION_STYLE_ASSIGNMENT((#13292));
#13292 = SURFACE_STYLE_USAGE(.BOTH.,#13293);
#13293 = SURFACE_SIDE_STYLE('',(#13294));
#13294 = SURFACE_STYLE_FILL_AREA(#13295);
#13295 = FILL_AREA_STYLE('',(#13296));
#13296 = FILL_AREA_STYLE_COLOUR('',#12610);
#13297 = OVER_RIDING_STYLED_ITEM('overriding color',(#13298),#8269,
  #11534);
#13298 = PRESENTATION_STYLE_ASSIGNMENT((#13299));
#13299 = SURFACE_STYLE_USAGE(.BOTH.,#13300);
#13300 = SURFACE_SIDE_STYLE('',(#13301));
#13301 = SURFACE_STYLE_FILL_AREA(#13302);
#13302 = FILL_AREA_STYLE('',(#13303));
#13303 = FILL_AREA_STYLE_COLOUR('',#12610);
#13304 = OVER_RIDING_STYLED_ITEM('overriding color',(#13305),#8297,
  #11534);
#13305 = PRESENTATION_STYLE_ASSIGNMENT((#13306));
#13306 = SURFACE_STYLE_USAGE(.BOTH.,#13307);
#13307 = SURFACE_SIDE_STYLE('',(#13308));
#13308 = SURFACE_STYLE_FILL_AREA(#13309);
#13309 = FILL_AREA_STYLE('',(#13310));
#13310 = FILL_AREA_STYLE_COLOUR('',#12610);
#13311 = OVER_RIDING_STYLED_ITEM('overriding color',(#13312),#8325,
  #11534);
#13312 = PRESENTATION_STYLE_ASSIGNMENT((#13313));
#13313 = SURFACE_STYLE_USAGE(.BOTH.,#13314);
#13314 = SURFACE_SIDE_STYLE('',(#13315));
#13315 = SURFACE_STYLE_FILL_AREA(#13316);
#13316 = FILL_AREA_STYLE('',(#13317));
#13317 = FILL_AREA_STYLE_COLOUR('',#12610);
#13318 = OVER_RIDING_STYLED_ITEM('overriding color',(#13319),#8347,
  #11534);
#13319 = PRESENTATION_STYLE_ASSIGNMENT((#13320));
#13320 = SURFACE_STYLE_USAGE(.BOTH.,#13321);
#13321 = SURFACE_SIDE_STYLE('',(#13322));
#13322 = SURFACE_STYLE_FILL_AREA(#13323);
#13323 = FILL_AREA_STYLE('',(#13324));
#13324 = FILL_AREA_STYLE_COLOUR('',#12610);
#13325 = OVER_RIDING_STYLED_ITEM('overriding color',(#13326),#8363,
  #11534);
#13326 = PRESENTATION_STYLE_ASSIGNMENT((#13327));
#13327 = SURFACE_STYLE_USAGE(.BOTH.,#13328);
#13328 = SURFACE_SIDE_STYLE('',(#13329));
#13329 = SURFACE_STYLE_FILL_AREA(#13330);
#13330 = FILL_AREA_STYLE('',(#13331));
#13331 = FILL_AREA_STYLE_COLOUR('',#11559);
#13332 = OVER_RIDING_STYLED_ITEM('overriding color',(#13333),#8379,
  #11534);
#13333 = PRESENTATION_STYLE_ASSIGNMENT((#13334));
#13334 = SURFACE_STYLE_USAGE(.BOTH.,#13335);
#13335 = SURFACE_SIDE_STYLE('',(#13336));
#13336 = SURFACE_STYLE_FILL_AREA(#13337);
#13337 = FILL_AREA_STYLE('',(#13338));
#13338 = FILL_AREA_STYLE_COLOUR('',#12610);
#13339 = OVER_RIDING_STYLED_ITEM('overriding color',(#13340),#8413,
  #11534);
#13340 = PRESENTATION_STYLE_ASSIGNMENT((#13341));
#13341 = SURFACE_STYLE_USAGE(.BOTH.,#13342);
#13342 = SURFACE_SIDE_STYLE('',(#13343));
#13343 = SURFACE_STYLE_FILL_AREA(#13344);
#13344 = FILL_AREA_STYLE('',(#13345));
#13345 = FILL_AREA_STYLE_COLOUR('',#12610);
#13346 = OVER_RIDING_STYLED_ITEM('overriding color',(#13347),#8435,
  #11534);
#13347 = PRESENTATION_STYLE_ASSIGNMENT((#13348));
#13348 = SURFACE_STYLE_USAGE(.BOTH.,#13349);
#13349 = SURFACE_SIDE_STYLE('',(#13350));
#13350 = SURFACE_STYLE_FILL_AREA(#13351);
#13351 = FILL_AREA_STYLE('',(#13352));
#13352 = FILL_AREA_STYLE_COLOUR('',#12610);
#13353 = OVER_RIDING_STYLED_ITEM('overriding color',(#13354),#8463,
  #11534);
#13354 = PRESENTATION_STYLE_ASSIGNMENT((#13355));
#13355 = SURFACE_STYLE_USAGE(.BOTH.,#13356);
#13356 = SURFACE_SIDE_STYLE('',(#13357));
#13357 = SURFACE_STYLE_FILL_AREA(#13358);
#13358 = FILL_AREA_STYLE('',(#13359));
#13359 = FILL_AREA_STYLE_COLOUR('',#12610);
#13360 = OVER_RIDING_STYLED_ITEM('overriding color',(#13361),#8491,
  #11534);
#13361 = PRESENTATION_STYLE_ASSIGNMENT((#13362));
#13362 = SURFACE_STYLE_USAGE(.BOTH.,#13363);
#13363 = SURFACE_SIDE_STYLE('',(#13364));
#13364 = SURFACE_STYLE_FILL_AREA(#13365);
#13365 = FILL_AREA_STYLE('',(#13366));
#13366 = FILL_AREA_STYLE_COLOUR('',#12610);
#13367 = OVER_RIDING_STYLED_ITEM('overriding color',(#13368),#8519,
  #11534);
#13368 = PRESENTATION_STYLE_ASSIGNMENT((#13369));
#13369 = SURFACE_STYLE_USAGE(.BOTH.,#13370);
#13370 = SURFACE_SIDE_STYLE('',(#13371));
#13371 = SURFACE_STYLE_FILL_AREA(#13372);
#13372 = FILL_AREA_STYLE('',(#13373));
#13373 = FILL_AREA_STYLE_COLOUR('',#12610);
#13374 = OVER_RIDING_STYLED_ITEM('overriding color',(#13375),#8547,
  #11534);
#13375 = PRESENTATION_STYLE_ASSIGNMENT((#13376));
#13376 = SURFACE_STYLE_USAGE(.BOTH.,#13377);
#13377 = SURFACE_SIDE_STYLE('',(#13378));
#13378 = SURFACE_STYLE_FILL_AREA(#13379);
#13379 = FILL_AREA_STYLE('',(#13380));
#13380 = FILL_AREA_STYLE_COLOUR('',#12610);
#13381 = OVER_RIDING_STYLED_ITEM('overriding color',(#13382),#8575,
  #11534);
#13382 = PRESENTATION_STYLE_ASSIGNMENT((#13383));
#13383 = SURFACE_STYLE_USAGE(.BOTH.,#13384);
#13384 = SURFACE_SIDE_STYLE('',(#13385));
#13385 = SURFACE_STYLE_FILL_AREA(#13386);
#13386 = FILL_AREA_STYLE('',(#13387));
#13387 = FILL_AREA_STYLE_COLOUR('',#12610);
#13388 = OVER_RIDING_STYLED_ITEM('overriding color',(#13389),#8603,
  #11534);
#13389 = PRESENTATION_STYLE_ASSIGNMENT((#13390));
#13390 = SURFACE_STYLE_USAGE(.BOTH.,#13391);
#13391 = SURFACE_SIDE_STYLE('',(#13392));
#13392 = SURFACE_STYLE_FILL_AREA(#13393);
#13393 = FILL_AREA_STYLE('',(#13394));
#13394 = FILL_AREA_STYLE_COLOUR('',#12610);
#13395 = OVER_RIDING_STYLED_ITEM('overriding color',(#13396),#8631,
  #11534);
#13396 = PRESENTATION_STYLE_ASSIGNMENT((#13397));
#13397 = SURFACE_STYLE_USAGE(.BOTH.,#13398);
#13398 = SURFACE_SIDE_STYLE('',(#13399));
#13399 = SURFACE_STYLE_FILL_AREA(#13400);
#13400 = FILL_AREA_STYLE('',(#13401));
#13401 = FILL_AREA_STYLE_COLOUR('',#12610);
#13402 = OVER_RIDING_STYLED_ITEM('overriding color',(#13403),#8659,
  #11534);
#13403 = PRESENTATION_STYLE_ASSIGNMENT((#13404));
#13404 = SURFACE_STYLE_USAGE(.BOTH.,#13405);
#13405 = SURFACE_SIDE_STYLE('',(#13406));
#13406 = SURFACE_STYLE_FILL_AREA(#13407);
#13407 = FILL_AREA_STYLE('',(#13408));
#13408 = FILL_AREA_STYLE_COLOUR('',#12610);
#13409 = OVER_RIDING_STYLED_ITEM('overriding color',(#13410),#8687,
  #11534);
#13410 = PRESENTATION_STYLE_ASSIGNMENT((#13411));
#13411 = SURFACE_STYLE_USAGE(.BOTH.,#13412);
#13412 = SURFACE_SIDE_STYLE('',(#13413));
#13413 = SURFACE_STYLE_FILL_AREA(#13414);
#13414 = FILL_AREA_STYLE('',(#13415));
#13415 = FILL_AREA_STYLE_COLOUR('',#12610);
#13416 = OVER_RIDING_STYLED_ITEM('overriding color',(#13417),#8715,
  #11534);
#13417 = PRESENTATION_STYLE_ASSIGNMENT((#13418));
#13418 = SURFACE_STYLE_USAGE(.BOTH.,#13419);
#13419 = SURFACE_SIDE_STYLE('',(#13420));
#13420 = SURFACE_STYLE_FILL_AREA(#13421);
#13421 = FILL_AREA_STYLE('',(#13422));
#13422 = FILL_AREA_STYLE_COLOUR('',#12610);
#13423 = OVER_RIDING_STYLED_ITEM('overriding color',(#13424),#8737,
  #11534);
#13424 = PRESENTATION_STYLE_ASSIGNMENT((#13425));
#13425 = SURFACE_STYLE_USAGE(.BOTH.,#13426);
#13426 = SURFACE_SIDE_STYLE('',(#13427));
#13427 = SURFACE_STYLE_FILL_AREA(#13428);
#13428 = FILL_AREA_STYLE('',(#13429));
#13429 = FILL_AREA_STYLE_COLOUR('',#12610);
#13430 = OVER_RIDING_STYLED_ITEM('overriding color',(#13431),#8765,
  #11534);
#13431 = PRESENTATION_STYLE_ASSIGNMENT((#13432));
#13432 = SURFACE_STYLE_USAGE(.BOTH.,#13433);
#13433 = SURFACE_SIDE_STYLE('',(#13434));
#13434 = SURFACE_STYLE_FILL_AREA(#13435);
#13435 = FILL_AREA_STYLE('',(#13436));
#13436 = FILL_AREA_STYLE_COLOUR('',#12610);
#13437 = OVER_RIDING_STYLED_ITEM('overriding color',(#13438),#8793,
  #11534);
#13438 = PRESENTATION_STYLE_ASSIGNMENT((#13439));
#13439 = SURFACE_STYLE_USAGE(.BOTH.,#13440);
#13440 = SURFACE_SIDE_STYLE('',(#13441));
#13441 = SURFACE_STYLE_FILL_AREA(#13442);
#13442 = FILL_AREA_STYLE('',(#13443));
#13443 = FILL_AREA_STYLE_COLOUR('',#12610);
#13444 = OVER_RIDING_STYLED_ITEM('overriding color',(#13445),#8821,
  #11534);
#13445 = PRESENTATION_STYLE_ASSIGNMENT((#13446));
#13446 = SURFACE_STYLE_USAGE(.BOTH.,#13447);
#13447 = SURFACE_SIDE_STYLE('',(#13448));
#13448 = SURFACE_STYLE_FILL_AREA(#13449);
#13449 = FILL_AREA_STYLE('',(#13450));
#13450 = FILL_AREA_STYLE_COLOUR('',#12610);
#13451 = OVER_RIDING_STYLED_ITEM('overriding color',(#13452),#8849,
  #11534);
#13452 = PRESENTATION_STYLE_ASSIGNMENT((#13453));
#13453 = SURFACE_STYLE_USAGE(.BOTH.,#13454);
#13454 = SURFACE_SIDE_STYLE('',(#13455));
#13455 = SURFACE_STYLE_FILL_AREA(#13456);
#13456 = FILL_AREA_STYLE('',(#13457));
#13457 = FILL_AREA_STYLE_COLOUR('',#12610);
#13458 = OVER_RIDING_STYLED_ITEM('overriding color',(#13459),#8877,
  #11534);
#13459 = PRESENTATION_STYLE_ASSIGNMENT((#13460));
#13460 = SURFACE_STYLE_USAGE(.BOTH.,#13461);
#13461 = SURFACE_SIDE_STYLE('',(#13462));
#13462 = SURFACE_STYLE_FILL_AREA(#13463);
#13463 = FILL_AREA_STYLE('',(#13464));
#13464 = FILL_AREA_STYLE_COLOUR('',#12610);
#13465 = OVER_RIDING_STYLED_ITEM('overriding color',(#13466),#8905,
  #11534);
#13466 = PRESENTATION_STYLE_ASSIGNMENT((#13467));
#13467 = SURFACE_STYLE_USAGE(.BOTH.,#13468);
#13468 = SURFACE_SIDE_STYLE('',(#13469));
#13469 = SURFACE_STYLE_FILL_AREA(#13470);
#13470 = FILL_AREA_STYLE('',(#13471));
#13471 = FILL_AREA_STYLE_COLOUR('',#12610);
#13472 = OVER_RIDING_STYLED_ITEM('overriding color',(#13473),#8933,
  #11534);
#13473 = PRESENTATION_STYLE_ASSIGNMENT((#13474));
#13474 = SURFACE_STYLE_USAGE(.BOTH.,#13475);
#13475 = SURFACE_SIDE_STYLE('',(#13476));
#13476 = SURFACE_STYLE_FILL_AREA(#13477);
#13477 = FILL_AREA_STYLE('',(#13478));
#13478 = FILL_AREA_STYLE_COLOUR('',#12610);
#13479 = OVER_RIDING_STYLED_ITEM('overriding color',(#13480),#8955,
  #11534);
#13480 = PRESENTATION_STYLE_ASSIGNMENT((#13481));
#13481 = SURFACE_STYLE_USAGE(.BOTH.,#13482);
#13482 = SURFACE_SIDE_STYLE('',(#13483));
#13483 = SURFACE_STYLE_FILL_AREA(#13484);
#13484 = FILL_AREA_STYLE('',(#13485));
#13485 = FILL_AREA_STYLE_COLOUR('',#12610);
#13486 = OVER_RIDING_STYLED_ITEM('overriding color',(#13487),#8984,
  #11534);
#13487 = PRESENTATION_STYLE_ASSIGNMENT((#13488));
#13488 = SURFACE_STYLE_USAGE(.BOTH.,#13489);
#13489 = SURFACE_SIDE_STYLE('',(#13490));
#13490 = SURFACE_STYLE_FILL_AREA(#13491);
#13491 = FILL_AREA_STYLE('',(#13492));
#13492 = FILL_AREA_STYLE_COLOUR('',#12610);
#13493 = OVER_RIDING_STYLED_ITEM('overriding color',(#13494),#9012,
  #11534);
#13494 = PRESENTATION_STYLE_ASSIGNMENT((#13495));
#13495 = SURFACE_STYLE_USAGE(.BOTH.,#13496);
#13496 = SURFACE_SIDE_STYLE('',(#13497));
#13497 = SURFACE_STYLE_FILL_AREA(#13498);
#13498 = FILL_AREA_STYLE('',(#13499));
#13499 = FILL_AREA_STYLE_COLOUR('',#12610);
#13500 = OVER_RIDING_STYLED_ITEM('overriding color',(#13501),#9034,
  #11534);
#13501 = PRESENTATION_STYLE_ASSIGNMENT((#13502));
#13502 = SURFACE_STYLE_USAGE(.BOTH.,#13503);
#13503 = SURFACE_SIDE_STYLE('',(#13504));
#13504 = SURFACE_STYLE_FILL_AREA(#13505);
#13505 = FILL_AREA_STYLE('',(#13506));
#13506 = FILL_AREA_STYLE_COLOUR('',#12610);
#13507 = OVER_RIDING_STYLED_ITEM('overriding color',(#13508),#9062,
  #11534);
#13508 = PRESENTATION_STYLE_ASSIGNMENT((#13509));
#13509 = SURFACE_STYLE_USAGE(.BOTH.,#13510);
#13510 = SURFACE_SIDE_STYLE('',(#13511));
#13511 = SURFACE_STYLE_FILL_AREA(#13512);
#13512 = FILL_AREA_STYLE('',(#13513));
#13513 = FILL_AREA_STYLE_COLOUR('',#12610);
#13514 = OVER_RIDING_STYLED_ITEM('overriding color',(#13515),#9084,
  #11534);
#13515 = PRESENTATION_STYLE_ASSIGNMENT((#13516));
#13516 = SURFACE_STYLE_USAGE(.BOTH.,#13517);
#13517 = SURFACE_SIDE_STYLE('',(#13518));
#13518 = SURFACE_STYLE_FILL_AREA(#13519);
#13519 = FILL_AREA_STYLE('',(#13520));
#13520 = FILL_AREA_STYLE_COLOUR('',#12610);
#13521 = OVER_RIDING_STYLED_ITEM('overriding color',(#13522),#9106,
  #11534);
#13522 = PRESENTATION_STYLE_ASSIGNMENT((#13523));
#13523 = SURFACE_STYLE_USAGE(.BOTH.,#13524);
#13524 = SURFACE_SIDE_STYLE('',(#13525));
#13525 = SURFACE_STYLE_FILL_AREA(#13526);
#13526 = FILL_AREA_STYLE('',(#13527));
#13527 = FILL_AREA_STYLE_COLOUR('',#12610);
#13528 = OVER_RIDING_STYLED_ITEM('overriding color',(#13529),#9128,
  #11534);
#13529 = PRESENTATION_STYLE_ASSIGNMENT((#13530));
#13530 = SURFACE_STYLE_USAGE(.BOTH.,#13531);
#13531 = SURFACE_SIDE_STYLE('',(#13532));
#13532 = SURFACE_STYLE_FILL_AREA(#13533);
#13533 = FILL_AREA_STYLE('',(#13534));
#13534 = FILL_AREA_STYLE_COLOUR('',#12610);
#13535 = OVER_RIDING_STYLED_ITEM('overriding color',(#13536),#9150,
  #11534);
#13536 = PRESENTATION_STYLE_ASSIGNMENT((#13537));
#13537 = SURFACE_STYLE_USAGE(.BOTH.,#13538);
#13538 = SURFACE_SIDE_STYLE('',(#13539));
#13539 = SURFACE_STYLE_FILL_AREA(#13540);
#13540 = FILL_AREA_STYLE('',(#13541));
#13541 = FILL_AREA_STYLE_COLOUR('',#12610);
#13542 = OVER_RIDING_STYLED_ITEM('overriding color',(#13543),#9172,
  #11534);
#13543 = PRESENTATION_STYLE_ASSIGNMENT((#13544));
#13544 = SURFACE_STYLE_USAGE(.BOTH.,#13545);
#13545 = SURFACE_SIDE_STYLE('',(#13546));
#13546 = SURFACE_STYLE_FILL_AREA(#13547);
#13547 = FILL_AREA_STYLE('',(#13548));
#13548 = FILL_AREA_STYLE_COLOUR('',#12610);
#13549 = OVER_RIDING_STYLED_ITEM('overriding color',(#13550),#9194,
  #11534);
#13550 = PRESENTATION_STYLE_ASSIGNMENT((#13551));
#13551 = SURFACE_STYLE_USAGE(.BOTH.,#13552);
#13552 = SURFACE_SIDE_STYLE('',(#13553));
#13553 = SURFACE_STYLE_FILL_AREA(#13554);
#13554 = FILL_AREA_STYLE('',(#13555));
#13555 = FILL_AREA_STYLE_COLOUR('',#12610);
#13556 = OVER_RIDING_STYLED_ITEM('overriding color',(#13557),#9222,
  #11534);
#13557 = PRESENTATION_STYLE_ASSIGNMENT((#13558));
#13558 = SURFACE_STYLE_USAGE(.BOTH.,#13559);
#13559 = SURFACE_SIDE_STYLE('',(#13560));
#13560 = SURFACE_STYLE_FILL_AREA(#13561);
#13561 = FILL_AREA_STYLE('',(#13562));
#13562 = FILL_AREA_STYLE_COLOUR('',#12610);
#13563 = OVER_RIDING_STYLED_ITEM('overriding color',(#13564),#9250,
  #11534);
#13564 = PRESENTATION_STYLE_ASSIGNMENT((#13565));
#13565 = SURFACE_STYLE_USAGE(.BOTH.,#13566);
#13566 = SURFACE_SIDE_STYLE('',(#13567));
#13567 = SURFACE_STYLE_FILL_AREA(#13568);
#13568 = FILL_AREA_STYLE('',(#13569));
#13569 = FILL_AREA_STYLE_COLOUR('',#12610);
#13570 = OVER_RIDING_STYLED_ITEM('overriding color',(#13571),#9272,
  #11534);
#13571 = PRESENTATION_STYLE_ASSIGNMENT((#13572));
#13572 = SURFACE_STYLE_USAGE(.BOTH.,#13573);
#13573 = SURFACE_SIDE_STYLE('',(#13574));
#13574 = SURFACE_STYLE_FILL_AREA(#13575);
#13575 = FILL_AREA_STYLE('',(#13576));
#13576 = FILL_AREA_STYLE_COLOUR('',#12610);
#13577 = OVER_RIDING_STYLED_ITEM('overriding color',(#13578),#9300,
  #11534);
#13578 = PRESENTATION_STYLE_ASSIGNMENT((#13579));
#13579 = SURFACE_STYLE_USAGE(.BOTH.,#13580);
#13580 = SURFACE_SIDE_STYLE('',(#13581));
#13581 = SURFACE_STYLE_FILL_AREA(#13582);
#13582 = FILL_AREA_STYLE('',(#13583));
#13583 = FILL_AREA_STYLE_COLOUR('',#12610);
#13584 = OVER_RIDING_STYLED_ITEM('overriding color',(#13585),#9328,
  #11534);
#13585 = PRESENTATION_STYLE_ASSIGNMENT((#13586));
#13586 = SURFACE_STYLE_USAGE(.BOTH.,#13587);
#13587 = SURFACE_SIDE_STYLE('',(#13588));
#13588 = SURFACE_STYLE_FILL_AREA(#13589);
#13589 = FILL_AREA_STYLE('',(#13590));
#13590 = FILL_AREA_STYLE_COLOUR('',#12610);
#13591 = OVER_RIDING_STYLED_ITEM('overriding color',(#13592),#9344,
  #11534);
#13592 = PRESENTATION_STYLE_ASSIGNMENT((#13593));
#13593 = SURFACE_STYLE_USAGE(.BOTH.,#13594);
#13594 = SURFACE_SIDE_STYLE('',(#13595));
#13595 = SURFACE_STYLE_FILL_AREA(#13596);
#13596 = FILL_AREA_STYLE('',(#13597));
#13597 = FILL_AREA_STYLE_COLOUR('',#12610);
#13598 = OVER_RIDING_STYLED_ITEM('overriding color',(#13599),#9367,
  #11534);
#13599 = PRESENTATION_STYLE_ASSIGNMENT((#13600));
#13600 = SURFACE_STYLE_USAGE(.BOTH.,#13601);
#13601 = SURFACE_SIDE_STYLE('',(#13602));
#13602 = SURFACE_STYLE_FILL_AREA(#13603);
#13603 = FILL_AREA_STYLE('',(#13604));
#13604 = FILL_AREA_STYLE_COLOUR('',#12610);
#13605 = OVER_RIDING_STYLED_ITEM('overriding color',(#13606),#9395,
  #11534);
#13606 = PRESENTATION_STYLE_ASSIGNMENT((#13607));
#13607 = SURFACE_STYLE_USAGE(.BOTH.,#13608);
#13608 = SURFACE_SIDE_STYLE('',(#13609));
#13609 = SURFACE_STYLE_FILL_AREA(#13610);
#13610 = FILL_AREA_STYLE('',(#13611));
#13611 = FILL_AREA_STYLE_COLOUR('',#12610);
#13612 = OVER_RIDING_STYLED_ITEM('overriding color',(#13613),#9417,
  #11534);
#13613 = PRESENTATION_STYLE_ASSIGNMENT((#13614));
#13614 = SURFACE_STYLE_USAGE(.BOTH.,#13615);
#13615 = SURFACE_SIDE_STYLE('',(#13616));
#13616 = SURFACE_STYLE_FILL_AREA(#13617);
#13617 = FILL_AREA_STYLE('',(#13618));
#13618 = FILL_AREA_STYLE_COLOUR('',#12610);
#13619 = OVER_RIDING_STYLED_ITEM('overriding color',(#13620),#9439,
  #11534);
#13620 = PRESENTATION_STYLE_ASSIGNMENT((#13621));
#13621 = SURFACE_STYLE_USAGE(.BOTH.,#13622);
#13622 = SURFACE_SIDE_STYLE('',(#13623));
#13623 = SURFACE_STYLE_FILL_AREA(#13624);
#13624 = FILL_AREA_STYLE('',(#13625));
#13625 = FILL_AREA_STYLE_COLOUR('',#12610);
#13626 = OVER_RIDING_STYLED_ITEM('overriding color',(#13627),#9461,
  #11534);
#13627 = PRESENTATION_STYLE_ASSIGNMENT((#13628));
#13628 = SURFACE_STYLE_USAGE(.BOTH.,#13629);
#13629 = SURFACE_SIDE_STYLE('',(#13630));
#13630 = SURFACE_STYLE_FILL_AREA(#13631);
#13631 = FILL_AREA_STYLE('',(#13632));
#13632 = FILL_AREA_STYLE_COLOUR('',#12610);
#13633 = OVER_RIDING_STYLED_ITEM('overriding color',(#13634),#9483,
  #11534);
#13634 = PRESENTATION_STYLE_ASSIGNMENT((#13635));
#13635 = SURFACE_STYLE_USAGE(.BOTH.,#13636);
#13636 = SURFACE_SIDE_STYLE('',(#13637));
#13637 = SURFACE_STYLE_FILL_AREA(#13638);
#13638 = FILL_AREA_STYLE('',(#13639));
#13639 = FILL_AREA_STYLE_COLOUR('',#12610);
#13640 = OVER_RIDING_STYLED_ITEM('overriding color',(#13641),#9505,
  #11534);
#13641 = PRESENTATION_STYLE_ASSIGNMENT((#13642));
#13642 = SURFACE_STYLE_USAGE(.BOTH.,#13643);
#13643 = SURFACE_SIDE_STYLE('',(#13644));
#13644 = SURFACE_STYLE_FILL_AREA(#13645);
#13645 = FILL_AREA_STYLE('',(#13646));
#13646 = FILL_AREA_STYLE_COLOUR('',#12610);
#13647 = OVER_RIDING_STYLED_ITEM('overriding color',(#13648),#9527,
  #11534);
#13648 = PRESENTATION_STYLE_ASSIGNMENT((#13649));
#13649 = SURFACE_STYLE_USAGE(.BOTH.,#13650);
#13650 = SURFACE_SIDE_STYLE('',(#13651));
#13651 = SURFACE_STYLE_FILL_AREA(#13652);
#13652 = FILL_AREA_STYLE('',(#13653));
#13653 = FILL_AREA_STYLE_COLOUR('',#12610);
#13654 = OVER_RIDING_STYLED_ITEM('overriding color',(#13655),#9549,
  #11534);
#13655 = PRESENTATION_STYLE_ASSIGNMENT((#13656));
#13656 = SURFACE_STYLE_USAGE(.BOTH.,#13657);
#13657 = SURFACE_SIDE_STYLE('',(#13658));
#13658 = SURFACE_STYLE_FILL_AREA(#13659);
#13659 = FILL_AREA_STYLE('',(#13660));
#13660 = FILL_AREA_STYLE_COLOUR('',#12610);
#13661 = OVER_RIDING_STYLED_ITEM('overriding color',(#13662),#9571,
  #11534);
#13662 = PRESENTATION_STYLE_ASSIGNMENT((#13663));
#13663 = SURFACE_STYLE_USAGE(.BOTH.,#13664);
#13664 = SURFACE_SIDE_STYLE('',(#13665));
#13665 = SURFACE_STYLE_FILL_AREA(#13666);
#13666 = FILL_AREA_STYLE('',(#13667));
#13667 = FILL_AREA_STYLE_COLOUR('',#12610);
#13668 = OVER_RIDING_STYLED_ITEM('overriding color',(#13669),#9593,
  #11534);
#13669 = PRESENTATION_STYLE_ASSIGNMENT((#13670));
#13670 = SURFACE_STYLE_USAGE(.BOTH.,#13671);
#13671 = SURFACE_SIDE_STYLE('',(#13672));
#13672 = SURFACE_STYLE_FILL_AREA(#13673);
#13673 = FILL_AREA_STYLE('',(#13674));
#13674 = FILL_AREA_STYLE_COLOUR('',#12610);
#13675 = OVER_RIDING_STYLED_ITEM('overriding color',(#13676),#9615,
  #11534);
#13676 = PRESENTATION_STYLE_ASSIGNMENT((#13677));
#13677 = SURFACE_STYLE_USAGE(.BOTH.,#13678);
#13678 = SURFACE_SIDE_STYLE('',(#13679));
#13679 = SURFACE_STYLE_FILL_AREA(#13680);
#13680 = FILL_AREA_STYLE('',(#13681));
#13681 = FILL_AREA_STYLE_COLOUR('',#12610);
#13682 = OVER_RIDING_STYLED_ITEM('overriding color',(#13683),#9631,
  #11534);
#13683 = PRESENTATION_STYLE_ASSIGNMENT((#13684));
#13684 = SURFACE_STYLE_USAGE(.BOTH.,#13685);
#13685 = SURFACE_SIDE_STYLE('',(#13686));
#13686 = SURFACE_STYLE_FILL_AREA(#13687);
#13687 = FILL_AREA_STYLE('',(#13688));
#13688 = FILL_AREA_STYLE_COLOUR('',#12610);
#13689 = OVER_RIDING_STYLED_ITEM('overriding color',(#13690),#9651,
  #11534);
#13690 = PRESENTATION_STYLE_ASSIGNMENT((#13691));
#13691 = SURFACE_STYLE_USAGE(.BOTH.,#13692);
#13692 = SURFACE_SIDE_STYLE('',(#13693));
#13693 = SURFACE_STYLE_FILL_AREA(#13694);
#13694 = FILL_AREA_STYLE('',(#13695));
#13695 = FILL_AREA_STYLE_COLOUR('',#12610);
#13696 = OVER_RIDING_STYLED_ITEM('overriding color',(#13697),#9679,
  #11534);
#13697 = PRESENTATION_STYLE_ASSIGNMENT((#13698));
#13698 = SURFACE_STYLE_USAGE(.BOTH.,#13699);
#13699 = SURFACE_SIDE_STYLE('',(#13700));
#13700 = SURFACE_STYLE_FILL_AREA(#13701);
#13701 = FILL_AREA_STYLE('',(#13702));
#13702 = FILL_AREA_STYLE_COLOUR('',#12610);
#13703 = OVER_RIDING_STYLED_ITEM('overriding color',(#13704),#9795,
  #11534);
#13704 = PRESENTATION_STYLE_ASSIGNMENT((#13705));
#13705 = SURFACE_STYLE_USAGE(.BOTH.,#13706);
#13706 = SURFACE_SIDE_STYLE('',(#13707));
#13707 = SURFACE_STYLE_FILL_AREA(#13708);
#13708 = FILL_AREA_STYLE('',(#13709));
#13709 = FILL_AREA_STYLE_COLOUR('',#12610);
#13710 = OVER_RIDING_STYLED_ITEM('overriding color',(#13711),#9815,
  #11534);
#13711 = PRESENTATION_STYLE_ASSIGNMENT((#13712));
#13712 = SURFACE_STYLE_USAGE(.BOTH.,#13713);
#13713 = SURFACE_SIDE_STYLE('',(#13714));
#13714 = SURFACE_STYLE_FILL_AREA(#13715);
#13715 = FILL_AREA_STYLE('',(#13716));
#13716 = FILL_AREA_STYLE_COLOUR('',#12610);
#13717 = OVER_RIDING_STYLED_ITEM('overriding color',(#13718),#9835,
  #11534);
#13718 = PRESENTATION_STYLE_ASSIGNMENT((#13719));
#13719 = SURFACE_STYLE_USAGE(.BOTH.,#13720);
#13720 = SURFACE_SIDE_STYLE('',(#13721));
#13721 = SURFACE_STYLE_FILL_AREA(#13722);
#13722 = FILL_AREA_STYLE('',(#13723));
#13723 = FILL_AREA_STYLE_COLOUR('',#12610);
#13724 = OVER_RIDING_STYLED_ITEM('overriding color',(#13725),#9855,
  #11534);
#13725 = PRESENTATION_STYLE_ASSIGNMENT((#13726));
#13726 = SURFACE_STYLE_USAGE(.BOTH.,#13727);
#13727 = SURFACE_SIDE_STYLE('',(#13728));
#13728 = SURFACE_STYLE_FILL_AREA(#13729);
#13729 = FILL_AREA_STYLE('',(#13730));
#13730 = FILL_AREA_STYLE_COLOUR('',#12610);
#13731 = OVER_RIDING_STYLED_ITEM('overriding color',(#13732),#9875,
  #11534);
#13732 = PRESENTATION_STYLE_ASSIGNMENT((#13733));
#13733 = SURFACE_STYLE_USAGE(.BOTH.,#13734);
#13734 = SURFACE_SIDE_STYLE('',(#13735));
#13735 = SURFACE_STYLE_FILL_AREA(#13736);
#13736 = FILL_AREA_STYLE('',(#13737));
#13737 = FILL_AREA_STYLE_COLOUR('',#12610);
#13738 = OVER_RIDING_STYLED_ITEM('overriding color',(#13739),#9891,
  #11534);
#13739 = PRESENTATION_STYLE_ASSIGNMENT((#13740));
#13740 = SURFACE_STYLE_USAGE(.BOTH.,#13741);
#13741 = SURFACE_SIDE_STYLE('',(#13742));
#13742 = SURFACE_STYLE_FILL_AREA(#13743);
#13743 = FILL_AREA_STYLE('',(#13744));
#13744 = FILL_AREA_STYLE_COLOUR('',#12610);
#13745 = OVER_RIDING_STYLED_ITEM('overriding color',(#13746),#9903,
  #11534);
#13746 = PRESENTATION_STYLE_ASSIGNMENT((#13747));
#13747 = SURFACE_STYLE_USAGE(.BOTH.,#13748);
#13748 = SURFACE_SIDE_STYLE('',(#13749));
#13749 = SURFACE_STYLE_FILL_AREA(#13750);
#13750 = FILL_AREA_STYLE('',(#13751));
#13751 = FILL_AREA_STYLE_COLOUR('',#12610);
#13752 = OVER_RIDING_STYLED_ITEM('overriding color',(#13753),#9931,
  #11534);
#13753 = PRESENTATION_STYLE_ASSIGNMENT((#13754));
#13754 = SURFACE_STYLE_USAGE(.BOTH.,#13755);
#13755 = SURFACE_SIDE_STYLE('',(#13756));
#13756 = SURFACE_STYLE_FILL_AREA(#13757);
#13757 = FILL_AREA_STYLE('',(#13758));
#13758 = FILL_AREA_STYLE_COLOUR('',#12610);
#13759 = OVER_RIDING_STYLED_ITEM('overriding color',(#13760),#9953,
  #11534);
#13760 = PRESENTATION_STYLE_ASSIGNMENT((#13761));
#13761 = SURFACE_STYLE_USAGE(.BOTH.,#13762);
#13762 = SURFACE_SIDE_STYLE('',(#13763));
#13763 = SURFACE_STYLE_FILL_AREA(#13764);
#13764 = FILL_AREA_STYLE('',(#13765));
#13765 = FILL_AREA_STYLE_COLOUR('',#12610);
#13766 = OVER_RIDING_STYLED_ITEM('overriding color',(#13767),#9975,
  #11534);
#13767 = PRESENTATION_STYLE_ASSIGNMENT((#13768));
#13768 = SURFACE_STYLE_USAGE(.BOTH.,#13769);
#13769 = SURFACE_SIDE_STYLE('',(#13770));
#13770 = SURFACE_STYLE_FILL_AREA(#13771);
#13771 = FILL_AREA_STYLE('',(#13772));
#13772 = FILL_AREA_STYLE_COLOUR('',#12610);
#13773 = OVER_RIDING_STYLED_ITEM('overriding color',(#13774),#10003,
  #11534);
#13774 = PRESENTATION_STYLE_ASSIGNMENT((#13775));
#13775 = SURFACE_STYLE_USAGE(.BOTH.,#13776);
#13776 = SURFACE_SIDE_STYLE('',(#13777));
#13777 = SURFACE_STYLE_FILL_AREA(#13778);
#13778 = FILL_AREA_STYLE('',(#13779));
#13779 = FILL_AREA_STYLE_COLOUR('',#12610);
#13780 = OVER_RIDING_STYLED_ITEM('overriding color',(#13781),#10031,
  #11534);
#13781 = PRESENTATION_STYLE_ASSIGNMENT((#13782));
#13782 = SURFACE_STYLE_USAGE(.BOTH.,#13783);
#13783 = SURFACE_SIDE_STYLE('',(#13784));
#13784 = SURFACE_STYLE_FILL_AREA(#13785);
#13785 = FILL_AREA_STYLE('',(#13786));
#13786 = FILL_AREA_STYLE_COLOUR('',#12610);
#13787 = OVER_RIDING_STYLED_ITEM('overriding color',(#13788),#10059,
  #11534);
#13788 = PRESENTATION_STYLE_ASSIGNMENT((#13789));
#13789 = SURFACE_STYLE_USAGE(.BOTH.,#13790);
#13790 = SURFACE_SIDE_STYLE('',(#13791));
#13791 = SURFACE_STYLE_FILL_AREA(#13792);
#13792 = FILL_AREA_STYLE('',(#13793));
#13793 = FILL_AREA_STYLE_COLOUR('',#12610);
#13794 = OVER_RIDING_STYLED_ITEM('overriding color',(#13795),#10081,
  #11534);
#13795 = PRESENTATION_STYLE_ASSIGNMENT((#13796));
#13796 = SURFACE_STYLE_USAGE(.BOTH.,#13797);
#13797 = SURFACE_SIDE_STYLE('',(#13798));
#13798 = SURFACE_STYLE_FILL_AREA(#13799);
#13799 = FILL_AREA_STYLE('',(#13800));
#13800 = FILL_AREA_STYLE_COLOUR('',#11559);
#13801 = OVER_RIDING_STYLED_ITEM('overriding color',(#13802),#10096,
  #11534);
#13802 = PRESENTATION_STYLE_ASSIGNMENT((#13803));
#13803 = SURFACE_STYLE_USAGE(.BOTH.,#13804);
#13804 = SURFACE_SIDE_STYLE('',(#13805));
#13805 = SURFACE_STYLE_FILL_AREA(#13806);
#13806 = FILL_AREA_STYLE('',(#13807));
#13807 = FILL_AREA_STYLE_COLOUR('',#12610);
#13808 = OVER_RIDING_STYLED_ITEM('overriding color',(#13809),#10124,
  #11534);
#13809 = PRESENTATION_STYLE_ASSIGNMENT((#13810));
#13810 = SURFACE_STYLE_USAGE(.BOTH.,#13811);
#13811 = SURFACE_SIDE_STYLE('',(#13812));
#13812 = SURFACE_STYLE_FILL_AREA(#13813);
#13813 = FILL_AREA_STYLE('',(#13814));
#13814 = FILL_AREA_STYLE_COLOUR('',#12610);
#13815 = OVER_RIDING_STYLED_ITEM('overriding color',(#13816),#10228,
  #11534);
#13816 = PRESENTATION_STYLE_ASSIGNMENT((#13817));
#13817 = SURFACE_STYLE_USAGE(.BOTH.,#13818);
#13818 = SURFACE_SIDE_STYLE('',(#13819));
#13819 = SURFACE_STYLE_FILL_AREA(#13820);
#13820 = FILL_AREA_STYLE('',(#13821));
#13821 = FILL_AREA_STYLE_COLOUR('',#12610);
#13822 = OVER_RIDING_STYLED_ITEM('overriding color',(#13823),#10244,
  #11534);
#13823 = PRESENTATION_STYLE_ASSIGNMENT((#13824));
#13824 = SURFACE_STYLE_USAGE(.BOTH.,#13825);
#13825 = SURFACE_SIDE_STYLE('',(#13826));
#13826 = SURFACE_STYLE_FILL_AREA(#13827);
#13827 = FILL_AREA_STYLE('',(#13828));
#13828 = FILL_AREA_STYLE_COLOUR('',#12610);
#13829 = OVER_RIDING_STYLED_ITEM('overriding color',(#13830),#10260,
  #11534);
#13830 = PRESENTATION_STYLE_ASSIGNMENT((#13831));
#13831 = SURFACE_STYLE_USAGE(.BOTH.,#13832);
#13832 = SURFACE_SIDE_STYLE('',(#13833));
#13833 = SURFACE_STYLE_FILL_AREA(#13834);
#13834 = FILL_AREA_STYLE('',(#13835));
#13835 = FILL_AREA_STYLE_COLOUR('',#12610);
#13836 = OVER_RIDING_STYLED_ITEM('overriding color',(#13837),#10276,
  #11534);
#13837 = PRESENTATION_STYLE_ASSIGNMENT((#13838));
#13838 = SURFACE_STYLE_USAGE(.BOTH.,#13839);
#13839 = SURFACE_SIDE_STYLE('',(#13840));
#13840 = SURFACE_STYLE_FILL_AREA(#13841);
#13841 = FILL_AREA_STYLE('',(#13842));
#13842 = FILL_AREA_STYLE_COLOUR('',#12610);
#13843 = OVER_RIDING_STYLED_ITEM('overriding color',(#13844),#10292,
  #11534);
#13844 = PRESENTATION_STYLE_ASSIGNMENT((#13845));
#13845 = SURFACE_STYLE_USAGE(.BOTH.,#13846);
#13846 = SURFACE_SIDE_STYLE('',(#13847));
#13847 = SURFACE_STYLE_FILL_AREA(#13848);
#13848 = FILL_AREA_STYLE('',(#13849));
#13849 = FILL_AREA_STYLE_COLOUR('',#12610);
#13850 = OVER_RIDING_STYLED_ITEM('overriding color',(#13851),#10308,
  #11534);
#13851 = PRESENTATION_STYLE_ASSIGNMENT((#13852));
#13852 = SURFACE_STYLE_USAGE(.BOTH.,#13853);
#13853 = SURFACE_SIDE_STYLE('',(#13854));
#13854 = SURFACE_STYLE_FILL_AREA(#13855);
#13855 = FILL_AREA_STYLE('',(#13856));
#13856 = FILL_AREA_STYLE_COLOUR('',#12610);
#13857 = OVER_RIDING_STYLED_ITEM('overriding color',(#13858),#10324,
  #11534);
#13858 = PRESENTATION_STYLE_ASSIGNMENT((#13859));
#13859 = SURFACE_STYLE_USAGE(.BOTH.,#13860);
#13860 = SURFACE_SIDE_STYLE('',(#13861));
#13861 = SURFACE_STYLE_FILL_AREA(#13862);
#13862 = FILL_AREA_STYLE('',(#13863));
#13863 = FILL_AREA_STYLE_COLOUR('',#12610);
#13864 = OVER_RIDING_STYLED_ITEM('overriding color',(#13865),#10336,
  #11534);
#13865 = PRESENTATION_STYLE_ASSIGNMENT((#13866));
#13866 = SURFACE_STYLE_USAGE(.BOTH.,#13867);
#13867 = SURFACE_SIDE_STYLE('',(#13868));
#13868 = SURFACE_STYLE_FILL_AREA(#13869);
#13869 = FILL_AREA_STYLE('',(#13870));
#13870 = FILL_AREA_STYLE_COLOUR('',#12610);
#13871 = OVER_RIDING_STYLED_ITEM('overriding color',(#13872),#10364,
  #11534);
#13872 = PRESENTATION_STYLE_ASSIGNMENT((#13873));
#13873 = SURFACE_STYLE_USAGE(.BOTH.,#13874);
#13874 = SURFACE_SIDE_STYLE('',(#13875));
#13875 = SURFACE_STYLE_FILL_AREA(#13876);
#13876 = FILL_AREA_STYLE('',(#13877));
#13877 = FILL_AREA_STYLE_COLOUR('',#12610);
#13878 = OVER_RIDING_STYLED_ITEM('overriding color',(#13879),#10386,
  #11534);
#13879 = PRESENTATION_STYLE_ASSIGNMENT((#13880));
#13880 = SURFACE_STYLE_USAGE(.BOTH.,#13881);
#13881 = SURFACE_SIDE_STYLE('',(#13882));
#13882 = SURFACE_STYLE_FILL_AREA(#13883);
#13883 = FILL_AREA_STYLE('',(#13884));
#13884 = FILL_AREA_STYLE_COLOUR('',#12610);
#13885 = OVER_RIDING_STYLED_ITEM('overriding color',(#13886),#10414,
  #11534);
#13886 = PRESENTATION_STYLE_ASSIGNMENT((#13887));
#13887 = SURFACE_STYLE_USAGE(.BOTH.,#13888);
#13888 = SURFACE_SIDE_STYLE('',(#13889));
#13889 = SURFACE_STYLE_FILL_AREA(#13890);
#13890 = FILL_AREA_STYLE('',(#13891));
#13891 = FILL_AREA_STYLE_COLOUR('',#12610);
#13892 = OVER_RIDING_STYLED_ITEM('overriding color',(#13893),#10436,
  #11534);
#13893 = PRESENTATION_STYLE_ASSIGNMENT((#13894));
#13894 = SURFACE_STYLE_USAGE(.BOTH.,#13895);
#13895 = SURFACE_SIDE_STYLE('',(#13896));
#13896 = SURFACE_STYLE_FILL_AREA(#13897);
#13897 = FILL_AREA_STYLE('',(#13898));
#13898 = FILL_AREA_STYLE_COLOUR('',#12610);
#13899 = OVER_RIDING_STYLED_ITEM('overriding color',(#13900),#10464,
  #11534);
#13900 = PRESENTATION_STYLE_ASSIGNMENT((#13901));
#13901 = SURFACE_STYLE_USAGE(.BOTH.,#13902);
#13902 = SURFACE_SIDE_STYLE('',(#13903));
#13903 = SURFACE_STYLE_FILL_AREA(#13904);
#13904 = FILL_AREA_STYLE('',(#13905));
#13905 = FILL_AREA_STYLE_COLOUR('',#12610);
#13906 = OVER_RIDING_STYLED_ITEM('overriding color',(#13907),#10480,
  #11534);
#13907 = PRESENTATION_STYLE_ASSIGNMENT((#13908));
#13908 = SURFACE_STYLE_USAGE(.BOTH.,#13909);
#13909 = SURFACE_SIDE_STYLE('',(#13910));
#13910 = SURFACE_STYLE_FILL_AREA(#13911);
#13911 = FILL_AREA_STYLE('',(#13912));
#13912 = FILL_AREA_STYLE_COLOUR('',#11559);
#13913 = OVER_RIDING_STYLED_ITEM('overriding color',(#13914),#10494,
  #11534);
#13914 = PRESENTATION_STYLE_ASSIGNMENT((#13915));
#13915 = SURFACE_STYLE_USAGE(.BOTH.,#13916);
#13916 = SURFACE_SIDE_STYLE('',(#13917));
#13917 = SURFACE_STYLE_FILL_AREA(#13918);
#13918 = FILL_AREA_STYLE('',(#13919));
#13919 = FILL_AREA_STYLE_COLOUR('',#12610);
#13920 = OVER_RIDING_STYLED_ITEM('overriding color',(#13921),#10528,
  #11534);
#13921 = PRESENTATION_STYLE_ASSIGNMENT((#13922));
#13922 = SURFACE_STYLE_USAGE(.BOTH.,#13923);
#13923 = SURFACE_SIDE_STYLE('',(#13924));
#13924 = SURFACE_STYLE_FILL_AREA(#13925);
#13925 = FILL_AREA_STYLE('',(#13926));
#13926 = FILL_AREA_STYLE_COLOUR('',#12610);
#13927 = OVER_RIDING_STYLED_ITEM('overriding color',(#13928),#10838,
  #11534);
#13928 = PRESENTATION_STYLE_ASSIGNMENT((#13929));
#13929 = SURFACE_STYLE_USAGE(.BOTH.,#13930);
#13930 = SURFACE_SIDE_STYLE('',(#13931));
#13931 = SURFACE_STYLE_FILL_AREA(#13932);
#13932 = FILL_AREA_STYLE('',(#13933));
#13933 = FILL_AREA_STYLE_COLOUR('',#12610);
#13934 = OVER_RIDING_STYLED_ITEM('overriding color',(#13935),#10858,
  #11534);
#13935 = PRESENTATION_STYLE_ASSIGNMENT((#13936));
#13936 = SURFACE_STYLE_USAGE(.BOTH.,#13937);
#13937 = SURFACE_SIDE_STYLE('',(#13938));
#13938 = SURFACE_STYLE_FILL_AREA(#13939);
#13939 = FILL_AREA_STYLE('',(#13940));
#13940 = FILL_AREA_STYLE_COLOUR('',#12610);
#13941 = OVER_RIDING_STYLED_ITEM('overriding color',(#13942),#10878,
  #11534);
#13942 = PRESENTATION_STYLE_ASSIGNMENT((#13943));
#13943 = SURFACE_STYLE_USAGE(.BOTH.,#13944);
#13944 = SURFACE_SIDE_STYLE('',(#13945));
#13945 = SURFACE_STYLE_FILL_AREA(#13946);
#13946 = FILL_AREA_STYLE('',(#13947));
#13947 = FILL_AREA_STYLE_COLOUR('',#12610);
#13948 = OVER_RIDING_STYLED_ITEM('overriding color',(#13949),#10898,
  #11534);
#13949 = PRESENTATION_STYLE_ASSIGNMENT((#13950));
#13950 = SURFACE_STYLE_USAGE(.BOTH.,#13951);
#13951 = SURFACE_SIDE_STYLE('',(#13952));
#13952 = SURFACE_STYLE_FILL_AREA(#13953);
#13953 = FILL_AREA_STYLE('',(#13954));
#13954 = FILL_AREA_STYLE_COLOUR('',#12610);
#13955 = OVER_RIDING_STYLED_ITEM('overriding color',(#13956),#10918,
  #11534);
#13956 = PRESENTATION_STYLE_ASSIGNMENT((#13957));
#13957 = SURFACE_STYLE_USAGE(.BOTH.,#13958);
#13958 = SURFACE_SIDE_STYLE('',(#13959));
#13959 = SURFACE_STYLE_FILL_AREA(#13960);
#13960 = FILL_AREA_STYLE('',(#13961));
#13961 = FILL_AREA_STYLE_COLOUR('',#12610);
#13962 = OVER_RIDING_STYLED_ITEM('overriding color',(#13963),#10938,
  #11534);
#13963 = PRESENTATION_STYLE_ASSIGNMENT((#13964));
#13964 = SURFACE_STYLE_USAGE(.BOTH.,#13965);
#13965 = SURFACE_SIDE_STYLE('',(#13966));
#13966 = SURFACE_STYLE_FILL_AREA(#13967);
#13967 = FILL_AREA_STYLE('',(#13968));
#13968 = FILL_AREA_STYLE_COLOUR('',#12610);
#13969 = OVER_RIDING_STYLED_ITEM('overriding color',(#13970),#10958,
  #11534);
#13970 = PRESENTATION_STYLE_ASSIGNMENT((#13971));
#13971 = SURFACE_STYLE_USAGE(.BOTH.,#13972);
#13972 = SURFACE_SIDE_STYLE('',(#13973));
#13973 = SURFACE_STYLE_FILL_AREA(#13974);
#13974 = FILL_AREA_STYLE('',(#13975));
#13975 = FILL_AREA_STYLE_COLOUR('',#12610);
#13976 = OVER_RIDING_STYLED_ITEM('overriding color',(#13977),#10978,
  #11534);
#13977 = PRESENTATION_STYLE_ASSIGNMENT((#13978));
#13978 = SURFACE_STYLE_USAGE(.BOTH.,#13979);
#13979 = SURFACE_SIDE_STYLE('',(#13980));
#13980 = SURFACE_STYLE_FILL_AREA(#13981);
#13981 = FILL_AREA_STYLE('',(#13982));
#13982 = FILL_AREA_STYLE_COLOUR('',#12610);
#13983 = OVER_RIDING_STYLED_ITEM('overriding color',(#13984),#10998,
  #11534);
#13984 = PRESENTATION_STYLE_ASSIGNMENT((#13985));
#13985 = SURFACE_STYLE_USAGE(.BOTH.,#13986);
#13986 = SURFACE_SIDE_STYLE('',(#13987));
#13987 = SURFACE_STYLE_FILL_AREA(#13988);
#13988 = FILL_AREA_STYLE('',(#13989));
#13989 = FILL_AREA_STYLE_COLOUR('',#12610);
#13990 = OVER_RIDING_STYLED_ITEM('overriding color',(#13991),#11018,
  #11534);
#13991 = PRESENTATION_STYLE_ASSIGNMENT((#13992));
#13992 = SURFACE_STYLE_USAGE(.BOTH.,#13993);
#13993 = SURFACE_SIDE_STYLE('',(#13994));
#13994 = SURFACE_STYLE_FILL_AREA(#13995);
#13995 = FILL_AREA_STYLE('',(#13996));
#13996 = FILL_AREA_STYLE_COLOUR('',#12610);
#13997 = OVER_RIDING_STYLED_ITEM('overriding color',(#13998),#11038,
  #11534);
#13998 = PRESENTATION_STYLE_ASSIGNMENT((#13999));
#13999 = SURFACE_STYLE_USAGE(.BOTH.,#14000);
#14000 = SURFACE_SIDE_STYLE('',(#14001));
#14001 = SURFACE_STYLE_FILL_AREA(#14002);
#14002 = FILL_AREA_STYLE('',(#14003));
#14003 = FILL_AREA_STYLE_COLOUR('',#12610);
#14004 = OVER_RIDING_STYLED_ITEM('overriding color',(#14005),#11058,
  #11534);
#14005 = PRESENTATION_STYLE_ASSIGNMENT((#14006));
#14006 = SURFACE_STYLE_USAGE(.BOTH.,#14007);
#14007 = SURFACE_SIDE_STYLE('',(#14008));
#14008 = SURFACE_STYLE_FILL_AREA(#14009);
#14009 = FILL_AREA_STYLE('',(#14010));
#14010 = FILL_AREA_STYLE_COLOUR('',#12610);
#14011 = OVER_RIDING_STYLED_ITEM('overriding color',(#14012),#11074,
  #11534);
#14012 = PRESENTATION_STYLE_ASSIGNMENT((#14013));
#14013 = SURFACE_STYLE_USAGE(.BOTH.,#14014);
#14014 = SURFACE_SIDE_STYLE('',(#14015));
#14015 = SURFACE_STYLE_FILL_AREA(#14016);
#14016 = FILL_AREA_STYLE('',(#14017));
#14017 = FILL_AREA_STYLE_COLOUR('',#12610);
#14018 = OVER_RIDING_STYLED_ITEM('overriding color',(#14019),#11090,
  #11534);
#14019 = PRESENTATION_STYLE_ASSIGNMENT((#14020));
#14020 = SURFACE_STYLE_USAGE(.BOTH.,#14021);
#14021 = SURFACE_SIDE_STYLE('',(#14022));
#14022 = SURFACE_STYLE_FILL_AREA(#14023);
#14023 = FILL_AREA_STYLE('',(#14024));
#14024 = FILL_AREA_STYLE_COLOUR('',#12610);
#14025 = OVER_RIDING_STYLED_ITEM('overriding color',(#14026),#11106,
  #11534);
#14026 = PRESENTATION_STYLE_ASSIGNMENT((#14027));
#14027 = SURFACE_STYLE_USAGE(.BOTH.,#14028);
#14028 = SURFACE_SIDE_STYLE('',(#14029));
#14029 = SURFACE_STYLE_FILL_AREA(#14030);
#14030 = FILL_AREA_STYLE('',(#14031));
#14031 = FILL_AREA_STYLE_COLOUR('',#12610);
#14032 = OVER_RIDING_STYLED_ITEM('overriding color',(#14033),#11122,
  #11534);
#14033 = PRESENTATION_STYLE_ASSIGNMENT((#14034));
#14034 = SURFACE_STYLE_USAGE(.BOTH.,#14035);
#14035 = SURFACE_SIDE_STYLE('',(#14036));
#14036 = SURFACE_STYLE_FILL_AREA(#14037);
#14037 = FILL_AREA_STYLE('',(#14038));
#14038 = FILL_AREA_STYLE_COLOUR('',#12610);
#14039 = OVER_RIDING_STYLED_ITEM('overriding color',(#14040),#11142,
  #11534);
#14040 = PRESENTATION_STYLE_ASSIGNMENT((#14041));
#14041 = SURFACE_STYLE_USAGE(.BOTH.,#14042);
#14042 = SURFACE_SIDE_STYLE('',(#14043));
#14043 = SURFACE_STYLE_FILL_AREA(#14044);
#14044 = FILL_AREA_STYLE('',(#14045));
#14045 = FILL_AREA_STYLE_COLOUR('',#12610);
#14046 = OVER_RIDING_STYLED_ITEM('overriding color',(#14047),#11162,
  #11534);
#14047 = PRESENTATION_STYLE_ASSIGNMENT((#14048));
#14048 = SURFACE_STYLE_USAGE(.BOTH.,#14049);
#14049 = SURFACE_SIDE_STYLE('',(#14050));
#14050 = SURFACE_STYLE_FILL_AREA(#14051);
#14051 = FILL_AREA_STYLE('',(#14052));
#14052 = FILL_AREA_STYLE_COLOUR('',#12610);
#14053 = OVER_RIDING_STYLED_ITEM('overriding color',(#14054),#11182,
  #11534);
#14054 = PRESENTATION_STYLE_ASSIGNMENT((#14055));
#14055 = SURFACE_STYLE_USAGE(.BOTH.,#14056);
#14056 = SURFACE_SIDE_STYLE('',(#14057));
#14057 = SURFACE_STYLE_FILL_AREA(#14058);
#14058 = FILL_AREA_STYLE('',(#14059));
#14059 = FILL_AREA_STYLE_COLOUR('',#12610);
#14060 = OVER_RIDING_STYLED_ITEM('overriding color',(#14061),#11202,
  #11534);
#14061 = PRESENTATION_STYLE_ASSIGNMENT((#14062));
#14062 = SURFACE_STYLE_USAGE(.BOTH.,#14063);
#14063 = SURFACE_SIDE_STYLE('',(#14064));
#14064 = SURFACE_STYLE_FILL_AREA(#14065);
#14065 = FILL_AREA_STYLE('',(#14066));
#14066 = FILL_AREA_STYLE_COLOUR('',#12610);
#14067 = OVER_RIDING_STYLED_ITEM('overriding color',(#14068),#11222,
  #11534);
#14068 = PRESENTATION_STYLE_ASSIGNMENT((#14069));
#14069 = SURFACE_STYLE_USAGE(.BOTH.,#14070);
#14070 = SURFACE_SIDE_STYLE('',(#14071));
#14071 = SURFACE_STYLE_FILL_AREA(#14072);
#14072 = FILL_AREA_STYLE('',(#14073));
#14073 = FILL_AREA_STYLE_COLOUR('',#12610);
#14074 = OVER_RIDING_STYLED_ITEM('overriding color',(#14075),#11242,
  #11534);
#14075 = PRESENTATION_STYLE_ASSIGNMENT((#14076));
#14076 = SURFACE_STYLE_USAGE(.BOTH.,#14077);
#14077 = SURFACE_SIDE_STYLE('',(#14078));
#14078 = SURFACE_STYLE_FILL_AREA(#14079);
#14079 = FILL_AREA_STYLE('',(#14080));
#14080 = FILL_AREA_STYLE_COLOUR('',#12610);
#14081 = OVER_RIDING_STYLED_ITEM('overriding color',(#14082),#11262,
  #11534);
#14082 = PRESENTATION_STYLE_ASSIGNMENT((#14083));
#14083 = SURFACE_STYLE_USAGE(.BOTH.,#14084);
#14084 = SURFACE_SIDE_STYLE('',(#14085));
#14085 = SURFACE_STYLE_FILL_AREA(#14086);
#14086 = FILL_AREA_STYLE('',(#14087));
#14087 = FILL_AREA_STYLE_COLOUR('',#12610);
#14088 = OVER_RIDING_STYLED_ITEM('overriding color',(#14089),#11278,
  #11534);
#14089 = PRESENTATION_STYLE_ASSIGNMENT((#14090));
#14090 = SURFACE_STYLE_USAGE(.BOTH.,#14091);
#14091 = SURFACE_SIDE_STYLE('',(#14092));
#14092 = SURFACE_STYLE_FILL_AREA(#14093);
#14093 = FILL_AREA_STYLE('',(#14094));
#14094 = FILL_AREA_STYLE_COLOUR('',#12610);
#14095 = OVER_RIDING_STYLED_ITEM('overriding color',(#14096),#11298,
  #11534);
#14096 = PRESENTATION_STYLE_ASSIGNMENT((#14097));
#14097 = SURFACE_STYLE_USAGE(.BOTH.,#14098);
#14098 = SURFACE_SIDE_STYLE('',(#14099));
#14099 = SURFACE_STYLE_FILL_AREA(#14100);
#14100 = FILL_AREA_STYLE('',(#14101));
#14101 = FILL_AREA_STYLE_COLOUR('',#12610);
#14102 = OVER_RIDING_STYLED_ITEM('overriding color',(#14103),#11318,
  #11534);
#14103 = PRESENTATION_STYLE_ASSIGNMENT((#14104));
#14104 = SURFACE_STYLE_USAGE(.BOTH.,#14105);
#14105 = SURFACE_SIDE_STYLE('',(#14106));
#14106 = SURFACE_STYLE_FILL_AREA(#14107);
#14107 = FILL_AREA_STYLE('',(#14108));
#14108 = FILL_AREA_STYLE_COLOUR('',#12610);
#14109 = OVER_RIDING_STYLED_ITEM('overriding color',(#14110),#11334,
  #11534);
#14110 = PRESENTATION_STYLE_ASSIGNMENT((#14111));
#14111 = SURFACE_STYLE_USAGE(.BOTH.,#14112);
#14112 = SURFACE_SIDE_STYLE('',(#14113));
#14113 = SURFACE_STYLE_FILL_AREA(#14114);
#14114 = FILL_AREA_STYLE('',(#14115));
#14115 = FILL_AREA_STYLE_COLOUR('',#12610);
#14116 = OVER_RIDING_STYLED_ITEM('overriding color',(#14117),#11354,
  #11534);
#14117 = PRESENTATION_STYLE_ASSIGNMENT((#14118));
#14118 = SURFACE_STYLE_USAGE(.BOTH.,#14119);
#14119 = SURFACE_SIDE_STYLE('',(#14120));
#14120 = SURFACE_STYLE_FILL_AREA(#14121);
#14121 = FILL_AREA_STYLE('',(#14122));
#14122 = FILL_AREA_STYLE_COLOUR('',#12610);
#14123 = OVER_RIDING_STYLED_ITEM('overriding color',(#14124),#11374,
  #11534);
#14124 = PRESENTATION_STYLE_ASSIGNMENT((#14125));
#14125 = SURFACE_STYLE_USAGE(.BOTH.,#14126);
#14126 = SURFACE_SIDE_STYLE('',(#14127));
#14127 = SURFACE_STYLE_FILL_AREA(#14128);
#14128 = FILL_AREA_STYLE('',(#14129));
#14129 = FILL_AREA_STYLE_COLOUR('',#12610);
#14130 = OVER_RIDING_STYLED_ITEM('overriding color',(#14131),#11394,
  #11534);
#14131 = PRESENTATION_STYLE_ASSIGNMENT((#14132));
#14132 = SURFACE_STYLE_USAGE(.BOTH.,#14133);
#14133 = SURFACE_SIDE_STYLE('',(#14134));
#14134 = SURFACE_STYLE_FILL_AREA(#14135);
#14135 = FILL_AREA_STYLE('',(#14136));
#14136 = FILL_AREA_STYLE_COLOUR('',#12610);
#14137 = OVER_RIDING_STYLED_ITEM('overriding color',(#14138),#11410,
  #11534);
#14138 = PRESENTATION_STYLE_ASSIGNMENT((#14139));
#14139 = SURFACE_STYLE_USAGE(.BOTH.,#14140);
#14140 = SURFACE_SIDE_STYLE('',(#14141));
#14141 = SURFACE_STYLE_FILL_AREA(#14142);
#14142 = FILL_AREA_STYLE('',(#14143));
#14143 = FILL_AREA_STYLE_COLOUR('',#12610);
#14144 = OVER_RIDING_STYLED_ITEM('overriding color',(#14145),#11430,
  #11534);
#14145 = PRESENTATION_STYLE_ASSIGNMENT((#14146));
#14146 = SURFACE_STYLE_USAGE(.BOTH.,#14147);
#14147 = SURFACE_SIDE_STYLE('',(#14148));
#14148 = SURFACE_STYLE_FILL_AREA(#14149);
#14149 = FILL_AREA_STYLE('',(#14150));
#14150 = FILL_AREA_STYLE_COLOUR('',#12610);
#14151 = OVER_RIDING_STYLED_ITEM('overriding color',(#14152),#11446,
  #11534);
#14152 = PRESENTATION_STYLE_ASSIGNMENT((#14153));
#14153 = SURFACE_STYLE_USAGE(.BOTH.,#14154);
#14154 = SURFACE_SIDE_STYLE('',(#14155));
#14155 = SURFACE_STYLE_FILL_AREA(#14156);
#14156 = FILL_AREA_STYLE('',(#14157));
#14157 = FILL_AREA_STYLE_COLOUR('',#12610);
#14158 = OVER_RIDING_STYLED_ITEM('overriding color',(#14159),#11489,
  #11534);
#14159 = PRESENTATION_STYLE_ASSIGNMENT((#14160));
#14160 = SURFACE_STYLE_USAGE(.BOTH.,#14161);
#14161 = SURFACE_SIDE_STYLE('',(#14162));
#14162 = SURFACE_STYLE_FILL_AREA(#14163);
#14163 = FILL_AREA_STYLE('',(#14164));
#14164 = FILL_AREA_STYLE_COLOUR('',#12610);
#14165 = OVER_RIDING_STYLED_ITEM('overriding color',(#14166),#11517,
  #11534);
#14166 = PRESENTATION_STYLE_ASSIGNMENT((#14167));
#14167 = SURFACE_STYLE_USAGE(.BOTH.,#14168);
#14168 = SURFACE_SIDE_STYLE('',(#14169));
#14169 = SURFACE_STYLE_FILL_AREA(#14170);
#14170 = FILL_AREA_STYLE('',(#14171));
#14171 = FILL_AREA_STYLE_COLOUR('',#11559);
ENDSEC;
END-ISO-10303-21;
